model_id,source_node,source_type,target_node,target_type,condition
doc-10.1,sents,Activity,The MPON,Actor,
doc-10.1,sents,Activity,the dismissal,Activity Data,
doc-10.1,sents,Activity,the MPOO,Actor,
doc-10.1,sents,Activity,reviews,Activity,
doc-10.1,reviews,Activity,The MPOO,Actor,
doc-10.1,reviews,Activity,the dismissal,Activity Data,
doc-10.1,reviews,Activity,or,XOR Gateway,
doc-10.1,opposes,Activity,The MPOO,Actor,
doc-10.1,opposes,Activity,the dismissal,Activity Data,
doc-10.1,or,XOR Gateway,opposes,Activity,conditional
doc-10.1,or,XOR Gateway,confirmes,Activity,conditional
doc-10.1,confirmes,Activity,the MPOO,Actor,
doc-10.1,confirmes,Activity,the dismissal,Activity Data,
doc-10.12,tells,Activity,The EC,Actor,
doc-10.12,tells,Activity,the INQ,Actor,
doc-10.12,tells,Activity,about the change of his master data,Activity Data,
doc-10.12,tells,Activity,notifies,Activity,
doc-10.12,notifies,Activity,The INQ,Actor,
doc-10.12,notifies,Activity,the IP,Actor,
doc-10.12,notifies,Activity,the change,Activity Data,
doc-10.12,notifies,Activity,checks,Activity,
doc-10.12,checks,Activity,The IP,Actor,
doc-10.12,checks,Activity,whether the master data can be changed at the desired time,Further Specification,
doc-10.12,checks,Activity,or,XOR Gateway,
doc-10.12,confirmes,Activity,The IP,Actor,
doc-10.12,confirmes,Activity,the changes of the INQ,Activity Data,
doc-10.12,or,XOR Gateway,confirmes,Activity,conditional
doc-10.12,or,XOR Gateway,rejectes,Activity,conditional
doc-10.12,rejectes,Activity,the IP,Actor,
doc-10.12,rejectes,Activity,the changes of the INQ,Activity Data,
doc-1.2,brings in,Activity,A customer,Actor,
doc-1.2,brings in,Activity,checks,Activity,
doc-1.2,checks,Activity,the CRS,Actor,
doc-1.2,checks,Activity,the defect,Activity Data,
doc-1.2,checks,Activity,hands out,Activity,
doc-1.2,hands out,Activity,the CRS,Actor,
doc-1.2,hands out,Activity,a repair cost calculation,Activity Data,
doc-1.2,hands out,Activity,If,XOR Gateway,
doc-1.2,If,XOR Gateway,the customer decides that the costs are acceptable,Condition Specification,conditional
doc-1.2,If,XOR Gateway,otherwise,XOR Gateway,
doc-1.2,the customer decides that the costs are acceptable,Condition Specification,whereas,AND Gateway,
doc-1.2,otherwise,XOR Gateway,takes,Activity,conditional
doc-1.2,takes,Activity,she,Actor,
doc-1.2,takes,Activity,her computer,Activity Data,
doc-1.2,takes,Activity,home unrepaired,Further Specification,
doc-1.2,check,Activity,the CRS,Actor,
doc-1.2,check,Activity,repair,Activity,
doc-1.2,check,Activity,the hardware,Activity Data,
doc-1.2,repair,Activity,the CRS,Actor,
doc-1.2,repair,Activity,the hardware,Activity Data,
doc-1.2,repair,Activity,tested,Activity,
doc-1.2,whereas,AND Gateway,check,Activity,conditional
doc-1.2,whereas,AND Gateway,checks,Activity,conditional
doc-1.2,checks,Activity,the CRS,Actor,
doc-1.2,checks,Activity,configures,Activity,
doc-1.2,checks,Activity,the software,Activity Data,
doc-1.2,configures,Activity,the CRS,Actor,
doc-1.2,configures,Activity,the software,Activity Data,
doc-1.2,configures,Activity,tested,Activity,
doc-1.2,tested,Activity,the CRS,Actor,
doc-1.2,tested,Activity,the proper system functionality,Activity Data,
doc-1.2,tested,Activity,If,XOR Gateway,
doc-1.2,If,XOR Gateway,an error is detected,Condition Specification,conditional
doc-1.2,If,XOR Gateway,otherwise,XOR Gateway,
doc-1.2,an error is detected,Condition Specification,executed,Activity,
doc-1.2,executed,Activity,the CRS,Actor,
doc-1.2,executed,Activity,another arbitrary repair activity,Activity Data,
doc-10.2,reports,Activity,The MPON,Actor,
doc-10.2,reports,Activity,the meter operation,Activity Data,
doc-10.2,reports,Activity,the GO,Actor,
doc-10.2,reports,Activity,examines,Activity,
doc-10.2,examines,Activity,The GO,Actor,
doc-10.2,examines,Activity,the application,Activity Data,
doc-10.2,examines,Activity,the MPON,Actor,
doc-10.2,examines,Activity,or,XOR Gateway,
doc-10.2,rejects,Activity,The GO,Actor,
doc-10.2,rejects,Activity,the application of the MPON,Activity Data,
doc-10.2,or,XOR Gateway,rejects,Activity,conditional
doc-10.2,or,XOR Gateway,confirmes,Activity,conditional
doc-10.2,confirmes,Activity,the GO,Actor,
doc-10.2,confirmes,Activity,the application of the MPON,Activity Data,
doc-10.2,confirmes,Activity,informs,Activity,
doc-10.2,informs,Activity,The GO,Actor,
doc-10.2,informs,Activity,the MPOO,Actor,
doc-10.2,informs,Activity,about the registration confirmation of the MPON,Activity Data,
doc-10.2,informs,Activity,informs,Activity,
doc-10.2,informs,Activity,The GO,Actor,
doc-10.2,informs,Activity,the MSPO,Actor,
doc-10.2,informs,Activity,about the registration confirmation of the MPON,Activity Data,
doc-10.2,informs,Activity,perform,Activity,
doc-10.2,perform,Activity,The MPON,Actor,
doc-10.2,perform,Activity,the MPOO,Actor,
doc-10.2,perform,Activity,the equipment acquisition and / or equipment changes,Activity Data,
doc-10.2,perform,Activity,or,XOR Gateway,
doc-10.2,informs,Activity,The MPON,Actor,
doc-10.2,informs,Activity,the GO,Actor,
doc-10.2,informs,Activity,about the failure of the entire process,Activity Data,
doc-10.2,or,XOR Gateway,informs,Activity,conditional
doc-10.2,or,XOR Gateway,informs,Activity,conditional
doc-10.2,informs,Activity,the MPON,Actor,
doc-10.2,informs,Activity,the GO,Actor,
doc-10.2,informs,Activity,about the successful completion of the entire process,Activity Data,
doc-10.2,informs,Activity,if,XOR Gateway,
doc-10.2,informs,Activity,The GO,Actor,
doc-10.2,informs,Activity,the MPON,Actor,
doc-10.2,informs,Activity,about the failure of the overall transaction by deadline,Activity Data,
doc-10.2,if,XOR Gateway,after a maximum time limit no message of the MPON is present at the GO,Condition Specification,conditional
doc-10.2,if,XOR Gateway,If,XOR Gateway,
doc-10.2,after a maximum time limit no message of the MPON is present at the GO,Condition Specification,informs,Activity,
doc-10.2,If,XOR Gateway,the MPON informs the GO about the failure of the entire process,Condition Specification,conditional
doc-10.2,If,XOR Gateway,If,XOR Gateway,
doc-10.2,the MPON informs the GO about the failure of the entire process,Condition Specification,confirms,Activity,
doc-10.2,confirms,Activity,the GO,Actor,
doc-10.2,confirms,Activity,the failure of the assignment,Activity Data,
doc-10.2,confirms,Activity,the MPON,Actor,
doc-10.2,confirms,Activity,informs,Activity,
doc-10.2,If,XOR Gateway,the MPON informs the GO about the successful completion of the overall process,Condition Specification,conditional
doc-10.2,the MPON informs the GO about the successful completion of the overall process,Condition Specification,assigns,Activity,
doc-10.2,assigns,Activity,the GO,Actor,
doc-10.2,assigns,Activity,the MPON,Activity Data,
doc-10.2,assigns,Activity,confirms,Activity,
doc-10.2,confirms,Activity,The GO,Actor,
doc-10.2,confirms,Activity,the assignment,Activity Data,
doc-10.2,confirms,Activity,the MPON,Actor,
doc-10.2,confirms,Activity,informs,Activity,
doc-10.2,informs,Activity,The GO,Actor,
doc-10.2,informs,Activity,the MPOO,Actor,
doc-10.2,informs,Activity,about the failure of the assignment of the MPON,Activity Data,
doc-10.2,informs,Activity,informs,Activity,
doc-10.2,informs,Activity,the GO,Actor,
doc-10.2,informs,Activity,the MPOO,Actor,
doc-10.2,informs,Activity,about the assignment of the MPON,Activity Data,
doc-10.2,informs,Activity,informs,Activity,
doc-10.2,informs,Activity,The GO,Actor,
doc-10.2,informs,Activity,the MSPO,Actor,
doc-10.2,informs,Activity,about the failure of the assignment of the MPON,Activity Data,
doc-10.2,informs,Activity,the GO,Actor,
doc-10.2,informs,Activity,the MSPO,Actor,
doc-10.2,informs,Activity,about the assignment of the MPON,Activity Data,
doc-10.2,informs,Activity,informs,Activity,
doc-10.2,informs,Activity,The GO,Actor,
doc-10.2,informs,Activity,the SP,Actor,
doc-10.2,informs,Activity,about the assignment of the MPON,Activity Data,
doc-1.4,makes,Activity,a company,Actor,
doc-1.4,makes,Activity,the decision to go public,Activity Data,
doc-1.4,makes,Activity,select,Activity,
doc-1.4,select,Activity,the underwriters,Activity Data,
doc-1.4,select,Activity,prepare,Activity,
doc-1.4,prepare,Activity,They,Actor,
doc-1.4,prepare,Activity,a registration statement for the approval of the Securities and Exchange Commission ( SEC ),Activity Data,
doc-1.4,prepare,Activity,check,Activity,
doc-1.4,check,Activity,they,Actor,
doc-1.4,check,Activity,that the issue complies with the so-called blue-sky laws of each state that regulate sales of securities within the state,Further Specification,
doc-1.4,check,Activity,While,AND Gateway,
doc-1.4,While,AND Gateway,awaiting,Activity,conditional
doc-1.4,While,AND Gateway,firm up,Activity,conditional
doc-1.4,awaiting,Activity,approval,Activity Data,
doc-1.4,awaiting,Activity,receive,Activity,
doc-1.4,firm up,Activity,underwriters,Actor,
doc-1.4,firm up,Activity,the issue price,Activity Data,
doc-1.4,firm up,Activity,arrange,Activity,
doc-1.4,arrange,Activity,They,Actor,
doc-1.4,arrange,Activity,a road show,Activity Data,
doc-1.4,arrange,Activity,to talk to potential investors,Further Specification,
doc-1.4,arrange,Activity,receive,Activity,
doc-1.4,receive,Activity,they,Actor,
doc-1.4,receive,Activity,clearance,Activity Data,
doc-1.4,receive,Activity,fix,Activity,
doc-1.4,fix,Activity,underwriters,Actor,
doc-1.4,fix,Activity,the issue price,Activity Data,
doc-1.4,fix,Activity,enter,Activity,
doc-1.4,enter,Activity,they,Actor,
doc-1.4,enter,Activity,into a firm commitment to buy the stock,Activity Data,
doc-1.4,enter,Activity,offer,Activity,
doc-1.4,offer,Activity,they,Actor,
doc-1.4,offer,Activity,it,Activity Data,
doc-1.4,offer,Activity,the public,Actor,
doc-1.4,select,Activity,a company,Actor,
doc-3.8,submits,Activity,a customer,Actor,
doc-3.8,submits,Activity,a claim,Activity Data,
doc-3.8,submits,Activity,by sending in relevant documentation,Further Specification,
doc-3.8,submits,Activity,checks,Activity,
doc-3.8,checks,Activity,The Notification department,Actor,
doc-3.8,checks,Activity,the documents,Activity Data,
doc-3.8,checks,Activity,upon completeness,Further Specification,
doc-3.8,checks,Activity,registers,Activity,
doc-3.8,registers,Activity,The Notification department,Actor,
doc-3.8,registers,Activity,the claim,Activity Data,
doc-3.8,registers,Activity,picks up,Activity,
doc-3.8,picks up,Activity,the Handling department,Actor,
doc-3.8,picks up,Activity,the claim,Activity Data,
doc-3.8,picks up,Activity,checks,Activity,
doc-3.8,checks,Activity,the Handling department,Actor,
doc-3.8,checks,Activity,the insurance,Activity Data,
doc-3.8,checks,Activity,performed,Activity,
doc-3.8,performed,Activity,an assessment,Activity Data,
doc-3.8,performed,Activity,If,XOR Gateway,
doc-3.8,If,XOR Gateway,the assessment is positive,Condition Specification,conditional
doc-3.8,If,XOR Gateway,Otherwise,XOR Gateway,
doc-3.8,the assessment is positive,Condition Specification,phoned,Activity,
doc-3.8,phoned,Activity,a garage,Actor,
doc-3.8,phoned,Activity,to authorise the repairs,Further Specification,
doc-3.8,phoned,Activity,scheduled,Activity,
doc-3.8,scheduled,Activity,the payment,Activity Data,
doc-3.8,scheduled,Activity,sent,Activity,
doc-3.8,Otherwise,XOR Gateway,rejected,Activity,conditional
doc-3.8,rejected,Activity,the claim,Activity Data,
doc-3.8,rejected,Activity,sent,Activity,
doc-3.8,sent,Activity,a letter,Activity Data,
doc-3.8,sent,Activity,the customer,Actor,
doc-10.4,notifies,Activity,The MPON,Actor,
doc-10.4,notifies,Activity,the MPOO,Actor,
doc-10.4,notifies,Activity,about equipment change intentions,Activity Data,
doc-10.4,notifies,Activity,or,XOR Gateway,
doc-10.4,announces,Activity,The MPOO,Actor,
doc-10.4,announces,Activity,self dismounting,Activity Data,
doc-10.4,announces,Activity,the MPON,Actor,
doc-10.4,announces,Activity,perform,Activity,
doc-10.4,or,XOR Gateway,announces,Activity,conditional
doc-10.4,or,XOR Gateway,notify,Activity,conditional
doc-10.4,notify,Activity,the MPOO,Actor,
doc-10.4,notify,Activity,the MPON,Actor,
doc-10.4,notify,Activity,about no self-dismounting of the MPOO,Activity Data,
doc-10.4,notify,Activity,perform,Activity,
doc-10.4,perform,Activity,The MPON or the MPOO,Actor,
doc-10.4,perform,Activity,the final reading,Activity Data,
doc-10.4,perform,Activity,dismount,Activity,
doc-10.4,dismount,Activity,The MPON or the MPOO,Actor,
doc-10.4,dismount,Activity,the old equipment,Activity Data,
doc-10.4,dismount,Activity,mounts,Activity,
doc-10.4,mounts,Activity,The MPON,Actor,
doc-10.4,mounts,Activity,the new device,Activity Data,
doc-10.4,mounts,Activity,reads,Activity,
doc-10.4,reads,Activity,The MPON,Actor,
doc-10.4,reads,Activity,the meter count,Activity Data,
doc-10.4,reads,Activity,sents,Activity,
doc-10.4,sents,Activity,The MPON,Actor,
doc-10.4,sents,Activity,the values of the final reading,Activity Data,
doc-10.4,sents,Activity,the GO,Actor,
doc-10.4,sents,Activity,tells,Activity,
doc-10.4,tells,Activity,The MPON,Actor,
doc-10.4,tells,Activity,the GO,Actor,
doc-10.4,tells,Activity,"about the device changes , the master data and the meter count at installation",Activity Data,
doc-10.4,tells,Activity,notify,Activity,
doc-10.4,notify,Activity,The GO,Actor,
doc-10.4,notify,Activity,the MSP,Actor,
doc-10.4,notify,Activity,"about the device changes , the master data , the meter count at dismounting , and the meter count at installation",Activity Data,
doc-10.7,registers,Activity,The MSPN,Actor,
doc-10.7,registers,Activity,the measurement,Activity Data,
doc-10.7,registers,Activity,the GO,Actor,
doc-10.7,registers,Activity,examines,Activity,
doc-10.7,examines,Activity,The GO,Actor,
doc-10.7,examines,Activity,the application of the MSPN,Activity Data,
doc-10.7,examines,Activity,or,XOR Gateway,
doc-10.7,rejects,Activity,The GO,Actor,
doc-10.7,rejects,Activity,the application of the MSPN,Activity Data,
doc-10.7,or,XOR Gateway,rejects,Activity,conditional
doc-10.7,or,XOR Gateway,confirmes,Activity,conditional
doc-10.7,confirmes,Activity,the GO,Actor,
doc-10.7,confirmes,Activity,the application of the MSPN,Activity Data,
doc-10.7,confirmes,Activity,assigns,Activity,
doc-10.7,assigns,Activity,The GO,Actor,
doc-10.7,assigns,Activity,the MSPN,Activity Data,
doc-10.7,assigns,Activity,informs,Activity,
doc-10.7,informs,Activity,The GO,Actor,
doc-10.7,informs,Activity,the MSPO,Actor,
doc-10.7,informs,Activity,about the assignment of MSPN,Activity Data,
doc-10.7,informs,Activity,informs,Activity,
doc-10.7,informs,Activity,The GO,Actor,
doc-10.7,informs,Activity,the MPO,Actor,
doc-10.7,informs,Activity,about the assignment of the MSPN,Activity Data,
doc-10.7,informs,Activity,informs,Activity,
doc-10.7,informs,Activity,The GO,Actor,
doc-10.7,informs,Activity,the SP,Actor,
doc-10.7,informs,Activity,about the assignment of MSPN,Activity Data,
doc-9.1,backed up,Activity,the database,Activity Data,
doc-9.1,backed up,Activity,checked,Activity,
doc-9.1,checked,Activity,it,Activity Data,
doc-9.1,checked,Activity,to see whether the Account Defaulter table has new records,Further Specification,
doc-9.1,checked,Activity,If,XOR Gateway,
doc-9.1,If,XOR Gateway,no new records are found,Condition Specification,conditional
doc-9.1,If,XOR Gateway,If,XOR Gateway,
doc-9.1,no new records are found,Condition Specification,check,Activity,
doc-9.1,check,Activity,the CRM system,Activity Data,
doc-9.1,check,Activity,to see whether new returns have been filed,Further Specification,
doc-9.1,check,Activity,if,XOR Gateway,
doc-9.1,If,XOR Gateway,new returns exist,Condition Specification,conditional
doc-9.1,If,XOR Gateway,If,XOR Gateway,
doc-9.1,new returns exist,Condition Specification,register,Activity,
doc-9.1,register,Activity,all defaulting accounts and customers,Activity Data,
doc-9.1,register,Activity,if,XOR Gateway,
doc-9.1,If,XOR Gateway,the defaulting client codes have not been previously advised,Condition Specification,conditional
doc-9.1,the defaulting client codes have not been previously advised,Condition Specification,produce,Activity,
doc-9.1,produce,Activity,another table of defaulting accounts,Activity Data,
doc-9.1,produce,Activity,send,Activity,
doc-9.1,send,Activity,another table of defaulting accounts,Activity Data,
doc-9.1,send,Activity,account management,Actor,
doc-9.1,send,Activity,if,XOR Gateway,
doc-9.1,completed by 2 : 30 pm,Condition Specification,check,Activity,
doc-9.1,if,XOR Gateway,completed by 2 : 30 pm,Condition Specification,conditional
doc-9.1,if,XOR Gateway,it is not,Condition Specification,conditional
doc-9.1,it is not,Condition Specification,sent,Activity,
doc-9.1,sent,Activity,an alert,Activity Data,
doc-9.1,sent,Activity,the supervisor,Actor,
doc-9.1,sent,Activity,check,Activity,
doc-9.1,check,Activity,the CRM system,Activity Data,
doc-9.1,check,Activity,to see whether new returns have been filed,Further Specification,
doc-9.1,check,Activity,If,XOR Gateway,
doc-9.1,If,XOR Gateway,new returns have been filed,Condition Specification,conditional
doc-9.1,If,XOR Gateway,otherwise,XOR Gateway,conditional
doc-9.1,new returns have been filed,Condition Specification,reconcile with,Activity,
doc-9.1,reconcile with,Activity,the existing account defaulters table,Activity Data,
doc-9.1,reconcile with,Activity,otherwise,XOR Gateway,
doc-9.1,otherwise,XOR Gateway,completed by 4 : 0 pm,Condition Specification,conditional
doc-9.1,otherwise,XOR Gateway,sent,Activity,conditional
doc-9.1,sent,Activity,a supervisor,Actor,
doc-9.1,sent,Activity,a message,Activity Data,
doc-10.13,transmits,Activity,The INQ,Actor,
doc-10.13,transmits,Activity,the transaction data request,Activity Data,
doc-10.13,transmits,Activity,the IP,Actor,
doc-10.13,transmits,Activity,checks,Activity,
doc-10.13,checks,Activity,The IP,Actor,
doc-10.13,checks,Activity,the request of the INQ,Activity Data,
doc-10.13,checks,Activity,answers,Activity,
doc-10.13,answers,Activity,The IP,Actor,
doc-10.13,answers,Activity,the question of the INQ,Activity Data,
doc-10.13,answers,Activity,depending on the outcome of the examination,Further Specification,
doc-8.1,demand,Activity,a functional department,Actor,
doc-8.1,demand,Activity,to fill a post,Activity Data,
doc-8.1,demand,Activity,advertised,Activity,
doc-8.1,advertised,Activity,The post,Activity Data,
doc-8.1,advertised,Activity,apply,Activity,
doc-8.1,apply,Activity,to fill a post,Activity Data,
doc-8.1,apply,Activity,applicants,Actor,
doc-8.1,apply,Activity,checked,Activity,
doc-8.1,checked,Activity,the applications,Activity Data,
doc-8.1,checked,Activity,filled,Activity,
doc-8.1,filled,Activity,the post,Activity Data,
doc-2.1,perceives,Activity,the customer,Actor,
doc-2.1,perceives,Activity,her subscribed service,Activity Data,
doc-2.1,perceives,Activity,has degraded,Further Specification,
doc-2.1,perceives,Activity,sent,Activity,
doc-2.1,sent,Activity,A list with all the problem parameters,Activity Data,
doc-2.1,sent,Activity,the Customer Service department of TELECO,Actor,
doc-2.1,sent,Activity,enters,Activity,
doc-2.1,enters,Activity,an employee,Actor,
doc-2.1,enters,Activity,a problem report,Activity Data,
doc-2.1,enters,Activity,compared,Activity,
doc-2.1,compared,Activity,the problem report,Activity Data,
doc-2.1,compared,Activity,to the customer SLA,Further Specification,
doc-2.1,compared,Activity,identify,Activity,
doc-2.1,identify,Activity,the extent and the details of the service degradation,Activity Data,
doc-2.1,identify,Activity,determined,Activity,
doc-2.1,determined,Activity,the necessary counter measures,Activity Data,
doc-2.1,determined,Activity,determines,Activity,
doc-2.1,determines,Activity,An electronic service,Actor,
doc-2.1,determines,Activity,the significance of the customer,Activity Data,
doc-2.1,determines,Activity,In case,XOR Gateway,
doc-2.1,In case,XOR Gateway,the customer is premium,Condition Specification,conditional
doc-2.1,In case,XOR Gateway,In case,XOR Gateway,
doc-2.1,the customer is premium,Condition Specification,fix,Activity,
doc-2.1,fix,Activity,problem,Activity Data,
doc-2.1,In case,XOR Gateway,the customer is of certain significance,Condition Specification,conditional
doc-2.1,In case,XOR Gateway,otherwise,XOR Gateway,
doc-2.1,the customer is of certain significance,Condition Specification,determines,Activity,
doc-2.1,otherwise,XOR Gateway,created,Activity,conditional
doc-2.1,created,Activity,a detailed problem report,Activity Data,
doc-2.1,created,Activity,sent,Activity,
doc-2.1,sent,Activity,The detailed problem report,Activity Data,
doc-2.1,sent,Activity,Service Management,Actor,
doc-2.1,sent,Activity,deals,Activity,
doc-2.1,deals,Activity,Service Management,Actor,
doc-2.1,deals,Activity,with violations of quality in services,Activity Data,
doc-2.1,deals,Activity,investigates,Activity,
doc-2.1,investigates,Activity,Service management,Actor,
doc-2.1,investigates,Activity,the problem,Activity Data,
doc-2.1,investigates,Activity,In case,XOR Gateway,
doc-2.1,In case,XOR Gateway,Service Management assesses the problem to be not analyzable by themselves,Condition Specification,conditional
doc-2.1,In case,XOR Gateway,If,XOR Gateway,
doc-2.1,Service Management assesses the problem to be not analyzable by themselves,Condition Specification,sent out,Activity,
doc-2.1,sent out,Activity,Service management,Actor,
doc-2.1,sent out,Activity,the detailed problem report,Activity Data,
doc-2.1,sent out,Activity,Resource Provisioning,Actor,
doc-2.1,sent out,Activity,receives,Activity,
doc-2.1,If,XOR Gateway,Service Management is sure they can analyze it,Condition Specification,conditional
doc-2.1,Service Management is sure they can analyze it,Condition Specification,perform,Activity,
doc-2.1,perform,Activity,they,Actor,
doc-2.1,perform,Activity,the analysis,Activity Data,
doc-2.1,perform,Activity,create,Activity,
doc-2.1,create,Activity,they,Actor,
doc-2.1,create,Activity,a trouble report,Activity Data,
doc-2.1,create,Activity,receives,Activity,
doc-2.1,receives,Activity,Resource Provisioning,Actor,
doc-2.1,receives,Activity,the detailed problem report,Activity Data,
doc-2.1,receives,Activity,checked,Activity,
doc-2.1,checked,Activity,Resource Provisioning,Actor,
doc-2.1,checked,Activity,it,Activity Data,
doc-2.1,checked,Activity,If,XOR Gateway,
doc-2.1,If,XOR Gateway,no problems are detected,Condition Specification,conditional
doc-2.1,If,XOR Gateway,If,XOR Gateway,
doc-2.1,no problems are detected,Condition Specification,created,Activity,
doc-2.1,created,Activity,Resource Provisioning,Actor,
doc-2.1,created,Activity,a notification,Activity Data,
doc-2.1,created,Activity,included,Activity,
doc-2.1,If,XOR Gateway,a problem is detected,Condition Specification,conditional
doc-2.1,a problem is detected,Condition Specification,analyzed,Activity,
doc-2.1,analyzed,Activity,this,Activity Data,
doc-2.1,analyzed,Activity,Resource Provisioning,Actor,
doc-2.1,analyzed,Activity,created,Activity,
doc-2.1,created,Activity,Resource Provisioning,Actor,
doc-2.1,created,Activity,a trouble report,Activity Data,
doc-2.1,created,Activity,included,Activity,
doc-2.1,included,Activity,Resource Provisioning,Actor,
doc-2.1,included,Activity,trouble report,Activity Data,
doc-2.1,included,Activity,the normal execution notification,Activity Data,
doc-2.1,included,Activity,sent back,Activity,
doc-2.1,sent back,Activity,Resource Provisioning,Actor,
doc-2.1,sent back,Activity,a status report,Activity Data,
doc-2.1,sent back,Activity,Service Management,Actor,
doc-2.1,sent back,Activity,prepares,Activity,
doc-2.1,prepares,Activity,Service Management,Actor,
doc-2.1,prepares,Activity,the final status report,Activity Data,
doc-2.1,prepares,Activity,For the case,XOR Gateway,
doc-2.1,For the case,XOR Gateway,no problem was detected at all,Condition Specification,conditional
doc-2.1,For the case,XOR Gateway,For the case,XOR Gateway,
doc-2.1,no problem was detected at all,Condition Specification,sent back,Activity,
doc-2.1,sent back,Activity,Service Management,Actor,
doc-2.1,sent back,Activity,the actual service performance,Activity Data,
doc-2.1,sent back,Activity,the Customer Service,Actor,
doc-2.1,sent back,Activity,receives,Activity,
doc-2.1,For the case,XOR Gateway,minor corrective actions are required,Condition Specification,conditional
doc-2.1,For the case,XOR Gateway,For the case,XOR Gateway,
doc-2.1,minor corrective actions are required,Condition Specification,undertake,Activity,
doc-2.1,undertake,Activity,Service Management,Actor,
doc-2.1,undertake,Activity,corrective actions,Activity Data,
doc-2.1,undertake,Activity,created,Activity,
doc-2.1,created,Activity,Service Management,Actor,
doc-2.1,created,Activity,the problem resolution report,Activity Data,
doc-2.1,created,Activity,sent out,Activity,
doc-2.1,sent out,Activity,Service Management,Actor,
doc-2.1,sent out,Activity,the problem resolution report,Activity Data,
doc-2.1,sent out,Activity,Customer Service,Actor,
doc-2.1,sent out,Activity,receives,Activity,
doc-2.1,For the case,XOR Gateway,automatic resource restoration from Resource Provisioning is required,Condition Specification,conditional
doc-2.1,automatic resource restoration from Resource Provisioning is required,Condition Specification,create,Activity,
doc-2.1,create,Activity,Service Management,Actor,
doc-2.1,create,Activity,a request,Activity Data,
doc-2.1,create,Activity,sent,Activity,
doc-2.1,sent,Activity,Service Management,Actor,
doc-2.1,sent,Activity,This message,Activity Data,
doc-2.1,sent,Activity,Resource Provisioning,Actor,
doc-2.1,sent,Activity,received,Activity,
doc-2.1,received,Activity,the restoration request,Activity Data,
doc-2.1,received,Activity,tracked,Activity,
doc-2.1,tracked,Activity,Resource Provisioning,Actor,
doc-2.1,tracked,Activity,all possible errors,Activity Data,
doc-2.1,tracked,Activity,undertaken,Activity,
doc-2.1,undertaken,Activity,corrective actions,Activity Data,
doc-2.1,undertaken,Activity,Resource Provisioning,Actor,
doc-2.1,undertaken,Activity,created,Activity,
doc-2.1,created,Activity,Resource Provisioning,Actor,
doc-2.1,created,Activity,a trouble-shooting report,Activity Data,
doc-2.1,created,Activity,sent out,Activity,
doc-2.1,sent out,Activity,Resource Provisioning,Actor,
doc-2.1,sent out,Activity,This report,Activity Data,
doc-2.1,sent out,Activity,Service Management,Actor,
doc-2.1,sent out,Activity,received,Activity,
doc-2.1,received,Activity,The trouble-shooting report,Activity Data,
doc-2.1,received,Activity,Service Management,Actor,
doc-2.1,received,Activity,creation,Activity,
doc-2.1,creation,Activity,the problem resolution report,Activity Data,
doc-2.1,creation,Activity,receives,Activity,
doc-2.1,receives,Activity,Customer Service,Actor,
doc-2.1,receives,Activity,the actual service performance,Activity Data,
doc-2.1,receives,Activity,the problem resolution report,Activity Data,
doc-2.1,receives,Activity,two concurrent activities are triggered,AND Gateway,
doc-2.1,two concurrent activities are triggered,AND Gateway,created,Activity,conditional
doc-2.1,two concurrent activities are triggered,AND Gateway,reported,Activity,conditional
doc-2.1,created,Activity,Customer Service,Actor,
doc-2.1,created,Activity,a report,Activity Data,
doc-2.1,created,Activity,sent out,Activity,
doc-2.1,reported,Activity,Customer Service,Actor,
doc-2.1,reported,Activity,an SLA violation rebate,Activity Data,
doc-2.1,reported,Activity,Billing & Collections,Actor,
doc-2.1,reported,Activity,adjust,Activity,
doc-2.1,adjust,Activity,who,Actor,
doc-2.1,adjust,Activity,the billing,Activity Data,
doc-2.1,adjust,Activity,sent out,Activity,
doc-2.1,sent out,Activity,The report,Activity Data,
doc-2.1,sent out,Activity,her,Actor,
doc-2.1,sent out,Activity,receives,Activity,
doc-2.1,receives,Activity,the customer,Actor,
doc-2.1,receives,Activity,the report,Activity Data,
doc-2.1,receives,Activity,Customer Service,Actor,
doc-6.2,places,Activity,Assembler AG,Actor,
doc-6.2,places,Activity,an order,Activity Data,
doc-6.2,places,Activity,the supplier,Actor,
doc-6.2,places,Activity,in order to request more product parts,Further Specification,
doc-6.2,places,Activity,sends,Activity,
doc-6.2,sends,Activity,Assembler AG,Actor,
doc-6.2,sends,Activity,the order,Activity Data,
doc-6.2,sends,Activity,the supplier,Actor,
doc-6.2,sends,Activity,processes,Activity,
doc-6.2,processes,Activity,The supplier,Actor,
doc-6.2,processes,Activity,the order,Activity Data,
doc-6.2,processes,Activity,sends,Activity,
doc-6.2,sends,Activity,The supplier,Actor,
doc-6.2,sends,Activity,an invoice,Activity Data,
doc-6.2,sends,Activity,Assembler AG,Actor,
doc-6.2,sends,Activity,receives,Activity,
doc-6.2,receives,Activity,Assembler AG,Actor,
doc-6.2,receives,Activity,the invoice,Activity Data,
doc-3.6,received,Activity,a claim,Activity Data,
doc-3.6,received,Activity,checked,Activity,
doc-3.6,checked,Activity,it,Activity Data,
doc-3.6,checked,Activity,If,XOR Gateway,
doc-3.6,If,XOR Gateway,not,Condition Specification,conditional
doc-3.6,If,XOR Gateway,Otherwise,XOR Gateway,
doc-3.6,not,Condition Specification,informed,Activity,
doc-3.6,informed,Activity,the claimant,Actor,
doc-3.6,informed,Activity,the claim must be rejected,Activity Data,
doc-3.6,Otherwise,XOR Gateway,evaluated,Activity,conditional
doc-3.6,evaluated,Activity,the severity of the claim,Activity Data,
doc-3.6,evaluated,Activity,sent,Activity,
doc-3.6,sent,Activity,relevant forms,Activity Data,
doc-3.6,sent,Activity,the claimant,Actor,
doc-3.6,sent,Activity,returned,Activity,
doc-3.6,returned,Activity,the forms,Activity Data,
doc-3.6,returned,Activity,checked,Activity,
doc-3.6,checked,Activity,they,Activity Data,
doc-3.6,checked,Activity,for completeness,Further Specification,
doc-3.6,checked,Activity,If,XOR Gateway,
doc-3.6,If,XOR Gateway,the forms provide all relevant details,Condition Specification,conditional
doc-3.6,If,XOR Gateway,Otherwise,XOR Gateway,
doc-3.6,the forms provide all relevant details,Condition Specification,registered,Activity,
doc-3.6,registered,Activity,the claim,Activity Data,
doc-3.6,registered,Activity,in the Claims Management system,Further Specification,
doc-3.6,Otherwise,XOR Gateway,informed,Activity,conditional
doc-3.6,informed,Activity,returned,Activity,
doc-3.6,informed,Activity,the claimant,Actor,
doc-3.6,informed,Activity,to update the forms,Further Specification,
doc-9.4,finalized,Activity,the dates,Activity Data,
doc-9.4,finalized,Activity,the Coordination Unit,Actor,
doc-9.4,finalized,Activity,updates,Activity,
doc-9.4,updates,Activity,the Support Officer,Actor,
doc-9.4,updates,Activity,all group calendars,Activity Data,
doc-9.4,updates,Activity,creates,Activity,
doc-9.4,creates,Activity,the Support Officer,Actor,
doc-9.4,creates,Activity,meeting folders for each meeting,Activity Data,
doc-9.4,creates,Activity,ensures,Activity,
doc-9.4,ensures,Activity,the Support Officer,Actor,
doc-9.4,ensures,Activity,all appropriate documents are uploaded to system,Activity Data,
doc-9.4,ensures,Activity,advised,Activity,
doc-9.4,advised,Activity,Committee Members,Actor,
doc-9.4,advised,Activity,to read all related documents,Activity Data,
doc-9.4,advised,Activity,hold,Activity,
doc-9.4,hold,Activity,The Committee Members,Actor,
doc-9.4,hold,Activity,their meeting,Activity Data,
doc-9.4,hold,Activity,produces,Activity,
doc-9.4,produces,Activity,the Support Office,Actor,
doc-9.4,produces,Activity,minutes,Activity Data,
doc-9.4,produces,Activity,conduct,Activity,
doc-9.4,conduct,Activity,the Coordination Unit,Actor,
doc-9.4,conduct,Activity,a QA check on the minutes,Activity Data,
doc-9.4,conduct,Activity,sent,Activity,
doc-9.4,sent,Activity,the Coordination Unit,Actor,
doc-9.4,sent,Activity,which,Activity Data,
doc-9.4,sent,Activity,all Committee Members,Actor,
doc-9.4,sent,Activity,updates,Activity,
doc-9.4,updates,Activity,The Support Officer,Actor,
doc-9.4,updates,Activity,all departmental records,Activity Data,
doc-9.3,drafts,Activity,the Coordination Unit at the Town Planning Authority,Actor,
doc-9.3,drafts,Activity,a schedule of meetings,Activity Data,
doc-9.3,drafts,Activity,adds,Activity,
doc-9.3,adds,Activity,the Coordination Unit at the Town Planning Authority,Actor,
doc-9.3,adds,Activity,draft dates,Activity Data,
doc-9.3,adds,Activity,checks,Activity,
doc-9.3,checks,Activity,The Support Officer,Actor,
doc-9.3,checks,Activity,the dates,Activity Data,
doc-9.3,checks,Activity,suggests,Activity,
doc-9.3,suggests,Activity,The Support Officer,Actor,
doc-9.3,suggests,Activity,modifications,Activity Data,
doc-9.3,suggests,Activity,rechecks,Activity,
doc-9.3,rechecks,Activity,The Coordination Unit,Actor,
doc-9.3,rechecks,Activity,all dates,Activity Data,
doc-9.3,rechecks,Activity,looks for,Activity,
doc-9.3,looks for,Activity,The Coordination Unit,Actor,
doc-9.3,looks for,Activity,potential conflicts,Activity Data,
doc-9.3,looks for,Activity,sent,Activity,
doc-9.3,sent,Activity,The final schedule of meeting dates,Activity Data,
doc-9.3,sent,Activity,all the independent Committee Members,Actor,
doc-9.3,sent,Activity,by email,Further Specification,
doc-9.3,sent,Activity,check,Activity,
doc-9.3,check,Activity,who,Actor,
doc-9.3,check,Activity,their diaries,Activity Data,
doc-9.3,check,Activity,advise,Activity,
doc-9.3,advise,Activity,who,Actor,
doc-9.3,advise,Activity,the Coordination Unit,Actor,
doc-9.3,advise,Activity,of any conflicts,Activity Data,
doc-7.1,checks,Activity,the Manager,Actor,
doc-7.1,checks,Activity,the open leads,Activity Data,
doc-7.1,checks,Activity,selects,Activity,
doc-7.1,selects,Activity,he,Actor,
doc-7.1,selects,Activity,the top five ones,Activity Data,
doc-7.1,selects,Activity,tells,Activity,
doc-7.1,tells,Activity,He,Actor,
doc-7.1,tells,Activity,Sales Assistant,Actor,
doc-7.1,tells,Activity,to call the contact person of the leads,Activity Data,
doc-7.1,tells,Activity,calls,Activity,
doc-7.1,calls,Activity,The Sales Assistant,Actor,
doc-7.1,calls,Activity,each customer,Activity Data,
doc-7.1,calls,Activity,If,XOR Gateway,
doc-7.1,If,XOR Gateway,someone is interested,Condition Specification,conditional
doc-7.1,If,XOR Gateway,Otherwise,XOR Gateway,
doc-7.1,someone is interested,Condition Specification,sends,Activity,
doc-7.1,sends,Activity,he,Actor,
doc-7.1,sends,Activity,a note,Activity Data,
doc-7.1,sends,Activity,the Manager,Actor,
doc-7.1,sends,Activity,processes,Activity,
doc-7.1,processes,Activity,The Manager,Actor,
doc-7.1,processes,Activity,the lead,Activity Data,
doc-7.1,Otherwise,XOR Gateway,calls,Activity,conditional
doc-7.1,calls,Activity,he,Actor,
doc-7.1,calls,Activity,the next customer,Activity Data,
doc-8.2,reported,Activity,a vacancy,Activity Data,
doc-8.2,reported,Activity,me,Actor,
doc-8.2,reported,Activity,create,Activity,
doc-8.2,create,Activity,I,Actor,
doc-8.2,create,Activity,a job description from the information,Activity Data,
doc-8.2,create,Activity,Sometimes,XOR Gateway,
doc-8.2,Sometimes,XOR Gateway,there is still confusion in the message,Condition Specification,conditional
doc-8.2,Sometimes,XOR Gateway,submitting,Activity,conditional
doc-8.2,there is still confusion in the message,Condition Specification,ask,Activity,
doc-8.2,ask,Activity,I,Actor,
doc-8.2,ask,Activity,the Department,Actor,
doc-8.2,ask,Activity,submitting,Activity,
doc-8.2,submitting,Activity,I,Actor,
doc-8.2,submitting,Activity,the job description,Activity Data,
doc-8.2,submitting,Activity,waiting,Activity,
doc-8.2,waiting,Activity,I,Actor,
doc-8.2,waiting,Activity,the approval,Activity Data,
doc-8.2,waiting,Activity,it can also happen that,XOR Gateway,
doc-8.2,it can also happen that,XOR Gateway,the department does not approve it,Condition Specification,conditional
doc-8.2,it can also happen that,XOR Gateway,If,XOR Gateway,conditional
doc-8.2,the department does not approve it,Condition Specification,requests,Activity,
doc-8.2,requests,Activity,the Department,Actor,
doc-8.2,requests,Activity,a correction,Activity Data,
doc-8.2,requests,Activity,correct,Activity,
doc-8.2,correct,Activity,I,Actor,
doc-8.2,correct,Activity,the description,Activity Data,
doc-8.2,correct,Activity,submit,Activity,
doc-8.2,submit,Activity,I,Actor,
doc-8.2,submit,Activity,it,Activity Data,
doc-8.2,submit,Activity,If,XOR Gateway,
doc-8.2,If,XOR Gateway,the description is finally approved,Condition Specification,conditional
doc-8.2,the description is finally approved,Condition Specification,post,Activity,
doc-8.2,post,Activity,I,Actor,
doc-8.2,post,Activity,the job,Activity Data,
doc-10.14,If,XOR Gateway,sends,Activity,conditional
doc-10.14,If,XOR Gateway,If,XOR Gateway,
doc-10.14,sends,Activity,the MPOO,Actor,
doc-10.14,sends,Activity,the bill for the temporary continuation of the metering point operations,Activity Data,
doc-10.14,sends,Activity,the GO,Actor,
doc-10.14,sends,Activity,examines,Activity,
doc-10.14,examines,Activity,the GO,Actor,
doc-10.14,examines,Activity,the bill,Activity Data,
doc-10.14,examines,Activity,or,XOR Gateway,
doc-10.14,If,XOR Gateway,sends,Activity,conditional
doc-10.14,If,XOR Gateway,If,XOR Gateway,
doc-10.14,sends,Activity,the MSPO,Actor,
doc-10.14,sends,Activity,the bill for the temporary continuation of the measurement,Activity Data,
doc-10.14,sends,Activity,the GO,Actor,
doc-10.14,sends,Activity,examines,Activity,
doc-10.14,examines,Activity,the GO,Actor,
doc-10.14,examines,Activity,the bill,Activity Data,
doc-10.14,examines,Activity,or,XOR Gateway,
doc-10.14,If,XOR Gateway,sends,Activity,conditional
doc-10.14,If,XOR Gateway,If,XOR Gateway,
doc-10.14,sends,Activity,the MSPO,Actor,
doc-10.14,sends,Activity,the bill for additional readings,Activity Data,
doc-10.14,sends,Activity,the GO,Actor,
doc-10.14,sends,Activity,examines,Activity,
doc-10.14,examines,Activity,the GO,Actor,
doc-10.14,examines,Activity,the bill,Activity Data,
doc-10.14,examines,Activity,or,XOR Gateway,
doc-10.14,If,XOR Gateway,sends,Activity,conditional
doc-10.14,sends,Activity,the MPOO,Actor,
doc-10.14,sends,Activity,the bill for the equipment acquisition,Activity Data,
doc-10.14,sends,Activity,the MPON or the GO,Actor,
doc-10.14,sends,Activity,examines,Activity,
doc-10.14,examines,Activity,the MPON or the GO,Actor,
doc-10.14,examines,Activity,the bill,Activity Data,
doc-10.14,examines,Activity,or,XOR Gateway,
doc-10.14,confirms,Activity,The GO or the MPON,Actor,
doc-10.14,confirms,Activity,the invoice with payment advice,Activity Data,
doc-10.14,confirms,Activity,the MPOO or the MSPO,Actor,
doc-10.14,or,XOR Gateway,confirms,Activity,conditional
doc-10.14,or,XOR Gateway,rejects,Activity,conditional
doc-10.14,rejects,Activity,the GO or the MPON,Actor,
doc-10.14,rejects,Activity,the invoice of the MPOO or the MSPO,Activity Data,
doc-8.3,detected,Activity,I,Actor,
doc-8.3,detected,Activity,a number of personnel requirements,Activity Data,
doc-8.3,detected,Activity,report,Activity,
doc-8.3,report,Activity,I,Actor,
doc-8.3,report,Activity,the vacancy,Activity Data,
doc-8.3,report,Activity,the Personnel Department,Actor,
doc-8.3,report,Activity,get,Activity,
doc-8.3,get,Activity,I,Actor,
doc-8.3,get,Activity,the job description for review,Activity Data,
doc-8.3,get,Activity,Under certain circumstances,XOR Gateway,
doc-8.3,advertized,Activity,it,Activity Data,
doc-8.3,Under certain circumstances,XOR Gateway,ask,Activity,conditional
doc-8.3,Under certain circumstances,XOR Gateway,otherwise,XOR Gateway,
doc-8.3,ask,Activity,get,Activity,
doc-8.3,ask,Activity,I,Actor,
doc-8.3,ask,Activity,corrections,Activity Data,
doc-8.3,otherwise,XOR Gateway,approve,Activity,conditional
doc-8.3,approve,Activity,advertized,Activity,
doc-8.3,approve,Activity,I,Actor,
doc-8.3,approve,Activity,the job description,Activity Data,
doc-6.3,get,Activity,a new order,Activity Data,
doc-6.3,get,Activity,the sales department,Actor,
doc-6.3,get,Activity,determines,Activity,
doc-6.3,determines,Activity,one of my masters,Actor,
doc-6.3,determines,Activity,the necessary parts and quantities as well as the delivery date,Activity Data,
doc-6.3,determines,Activity,entered,Activity,
doc-6.3,entered,Activity,it,Activity Data,
doc-6.3,entered,Activity,creates,Activity,
doc-6.3,creates,Activity,it,Actor,
doc-6.3,creates,Activity,a list of parts,Activity Data,
doc-6.3,creates,Activity,transferred,Activity,
doc-6.3,transferred,Activity,the data,Activity Data,
doc-6.3,transferred,Activity,manually,Further Specification,
doc-6.3,transferred,Activity,or,XOR Gateway,
doc-6.3,any parts are missing,Condition Specification,procured,Activity,
doc-6.3,procured,Activity,we,Actor,
doc-6.3,procured,Activity,receive,Activity,
doc-6.3,or,XOR Gateway,any parts are missing,Condition Specification,conditional
doc-6.3,or,XOR Gateway,receive,Activity,conditional
doc-6.3,receive,Activity,we,Actor,
doc-6.3,receive,Activity,a notice,Activity Data,
doc-6.3,receive,Activity,the system,Actor,
doc-6.3,receive,Activity,takes care,Activity,
doc-6.3,takes care,Activity,an employee,Actor,
doc-6.3,takes care,Activity,the implementation,Activity Data,
doc-6.3,takes care,Activity,checked,Activity,
doc-6.3,checked,Activity,the order,Activity Data,
doc-6.3,checked,Activity,for its quality,Further Specification,
doc-10.6,sents,Activity,The MSPN,Actor,
doc-10.6,sents,Activity,a dismissal,Activity Data,
doc-10.6,sents,Activity,the MSPO,Actor,
doc-10.6,sents,Activity,reviews,Activity,
doc-10.6,reviews,Activity,The MSPO,Actor,
doc-10.6,reviews,Activity,the dismissal,Activity Data,
doc-10.6,reviews,Activity,or,XOR Gateway,
doc-10.6,rejects,Activity,The MSPO,Actor,
doc-10.6,rejects,Activity,the dismissal of the MSPN,Activity Data,
doc-10.6,or,XOR Gateway,rejects,Activity,conditional
doc-10.6,or,XOR Gateway,confirms,Activity,conditional
doc-10.6,confirms,Activity,The MSPO,Actor,
doc-10.6,confirms,Activity,the dismissal of the MSPN,Activity Data,
doc-10.9,request,Activity,The SP / PU / GO,Actor,
doc-10.9,request,Activity,changes,Activity Data,
doc-10.9,request,Activity,the MPO,Actor,
doc-10.9,request,Activity,reviews,Activity,
doc-10.9,or,XOR Gateway,request,Activity,conditional
doc-10.9,or,XOR Gateway,causes,Activity,conditional
doc-10.9,causes,Activity,the MPO,Actor,
doc-10.9,causes,Activity,a change,Activity Data,
doc-10.9,causes,Activity,reviews,Activity,
doc-10.9,reviews,Activity,The MPO,Actor,
doc-10.9,reviews,Activity,the change request,Activity Data,
doc-10.9,reviews,Activity,or,XOR Gateway,
doc-10.9,rejects,Activity,The MPO,Actor,
doc-10.9,rejects,Activity,the change of the measuring point by the SP / PU / GO,Activity Data,
doc-10.9,or,XOR Gateway,rejects,Activity,conditional
doc-10.9,or,XOR Gateway,confirmes,Activity,conditional
doc-10.9,confirmes,Activity,the MPO,Actor,
doc-10.9,confirmes,Activity,the request of the SP / PU / GO,Activity Data,
doc-10.9,confirmes,Activity,performs,Activity,
doc-10.9,performs,Activity,The MPO,Actor,
doc-10.9,performs,Activity,the measuring point change,Activity Data,
doc-10.9,performs,Activity,or,XOR Gateway,
doc-10.9,reports,Activity,The MPO,Actor,
doc-10.9,reports,Activity,the implementation,Activity Data,
doc-10.9,reports,Activity,the SP / PU / GO,Actor,
doc-10.9,or,XOR Gateway,reports,Activity,conditional
doc-10.9,or,XOR Gateway,notifies,Activity,conditional
doc-10.9,notifies,Activity,The MPO,Actor,
doc-10.9,notifies,Activity,the SP / PU / GO,Actor,
doc-10.9,notifies,Activity,about the failure of the changes,Activity Data,
doc-1.3,calls,Activity,a guest,Actor,
doc-1.3,calls,Activity,room service,Actor,
doc-1.3,calls,Activity,takes down,Activity,
doc-1.3,takes down,Activity,the room-service manager,Actor,
doc-1.3,takes down,Activity,the order,Activity Data,
doc-1.3,takes down,Activity,submits,Activity,
doc-1.3,submits,Activity,She,Actor,
doc-1.3,submits,Activity,an order ticket,Activity Data,
doc-1.3,submits,Activity,the kitchen,Actor,
doc-1.3,submits,Activity,to begin preparing the food,Further Specification,
doc-1.3,submits,Activity,gives,Activity,
doc-1.3,gives,Activity,She,Actor,
doc-1.3,gives,Activity,an order,Activity Data,
doc-1.3,gives,Activity,the sommelier,Actor,
doc-1.3,gives,Activity,to fetch wine from the cellar and to prepare any other alcoholic beverages,Further Specification,
doc-1.3,gives,Activity,assigns,Activity,
doc-1.3,assigns,Activity,she,Actor,
doc-1.3,assigns,Activity,the order,Activity Data,
doc-1.3,assigns,Activity,the waiter,Actor,
doc-1.3,assigns,Activity,While,AND Gateway,
doc-1.3,While,AND Gateway,doing,Activity,conditional
doc-1.3,While,AND Gateway,readies,Activity,conditional
doc-1.3,doing,Activity,the kitchen,Actor,
doc-1.3,doing,Activity,the sommelier,Actor,
doc-1.3,doing,Activity,their tasks,Activity Data,
doc-1.3,doing,Activity,delivers,Activity,
doc-1.3,readies,Activity,the waiter,Actor,
doc-1.3,readies,Activity,a cart,Activity Data,
doc-1.3,readies,Activity,delivers,Activity,
doc-1.3,delivers,Activity,the waiter,Actor,
doc-1.3,delivers,Activity,it,Activity Data,
doc-1.3,delivers,Activity,the guest ’ s room,Actor,
doc-1.3,delivers,Activity,returning,Activity,
doc-1.3,returning,Activity,to the room-service station,Further Specification,
doc-1.3,returning,Activity,the waiter,Actor,
doc-1.3,returning,Activity,the guest ’ s account,Activity Data,
doc-1.3,returning,Activity,if,XOR Gateway,
doc-1.3,debits,Activity,the waiter,Actor,
doc-1.3,debits,Activity,the guest ’ s account,Activity Data,
doc-1.3,wait,Activity,The waiter,Actor,
doc-1.3,wait,Activity,to do the billing,Activity Data,
doc-1.3,if,XOR Gateway,debits,Activity,conditional
doc-1.3,if,XOR Gateway,he has another order to prepare or deliver,Condition Specification,conditional
doc-1.3,he has another order to prepare or deliver,Condition Specification,wait,Activity,
doc-2.2,transmits,Activity,the customer,Actor,
doc-2.2,transmits,Activity,his data,Activity Data,
doc-2.2,transmits,Activity,the customer service department,Actor,
doc-2.2,transmits,Activity,received,Activity,
doc-2.2,received,Activity,The customer data,Activity Data,
doc-2.2,received,Activity,customer service,Actor,
doc-2.2,received,Activity,entered,Activity,
doc-2.2,entered,Activity,customer service,Actor,
doc-2.2,entered,Activity,a customer data object,Activity Data,
doc-2.2,entered,Activity,into the CRM system,Further Specification,
doc-2.2,entered,Activity,compared,Activity,
doc-2.2,compared,Activity,it,Activity Data,
doc-2.2,compared,Activity,the internal customer data base,Activity Data,
doc-2.2,compared,Activity,checked,Activity,
doc-2.2,checked,Activity,it,Activity Data,
doc-2.2,checked,Activity,for completeness and plausibility,Further Specification,
doc-2.2,checked,Activity,In case of,XOR Gateway,
doc-2.2,In case of,XOR Gateway,any errors,Condition Specification,conditional
doc-2.2,In case of,XOR Gateway,In case,XOR Gateway,conditional
doc-2.2,any errors,Condition Specification,corrected,Activity,
doc-2.2,corrected,Activity,these,Activity Data,
doc-2.2,corrected,Activity,In case,XOR Gateway,
doc-2.2,In case,XOR Gateway,the customer does not exist in the customer data base,Condition Specification,conditional
doc-2.2,In case,XOR Gateway,check,Activity,conditional
doc-2.2,the customer does not exist in the customer data base,Condition Specification,created,Activity,
doc-2.2,created,Activity,a new customer object,Activity Data,
doc-2.2,created,Activity,prepare,Activity,
doc-2.2,prepare,Activity,the contract documents for the power supplier switch,Activity Data,
doc-2.2,prepare,Activity,check,Activity,
doc-2.2,check,Activity,the contract documents,Activity Data,
doc-2.2,check,Activity,the CIS,Actor,
doc-2.2,check,Activity,In case of,XOR Gateway,
doc-2.2,In case of,XOR Gateway,a negative response,Condition Specification,conditional
doc-2.2,In case of,XOR Gateway,In case of,XOR Gateway,
doc-2.2,a negative response,Condition Specification,analyzed,Activity,
doc-2.2,analyzed,Activity,the causing issues,Activity Data,
doc-2.2,analyzed,Activity,resolved,Activity,
doc-2.2,resolved,Activity,the causing issues,Activity Data,
doc-2.2,resolved,Activity,generated,Activity,
doc-2.2,generated,Activity,check,Activity,
doc-2.2,generated,Activity,the contract documents,Activity Data,
doc-2.2,In case of,XOR Gateway,a positive response,Condition Specification,conditional
doc-2.2,a positive response,Condition Specification,sent out,Activity,
doc-2.2,sent out,Activity,a confirmation document,Activity Data,
doc-2.2,sent out,Activity,the customer,Actor,
doc-2.2,sent out,Activity,sent out,Activity,
doc-2.2,sent out,Activity,A request,Activity Data,
doc-2.2,sent out,Activity,the grid operator,Actor,
doc-2.2,sent out,Activity,the CIS,Actor,
doc-2.2,sent out,Activity,checked,Activity,
doc-2.2,checked,Activity,The switch-over request,Activity Data,
doc-2.2,checked,Activity,the grid operator,Actor,
doc-2.2,checked,Activity,transmits,Activity,
doc-2.2,transmits,Activity,the grid operator,Actor,
doc-2.2,transmits,Activity,a response comment,Activity Data,
doc-2.2,transmits,Activity,In the case of,XOR Gateway,
doc-2.2,In the case of,XOR Gateway,supplier concurrence,Condition Specification,conditional
doc-2.2,In the case of,XOR Gateway,If,XOR Gateway,
doc-2.2,supplier concurrence,Condition Specification,inform,Activity,
doc-2.2,inform,Activity,the grid operator,Actor,
doc-2.2,inform,Activity,all involved suppliers,Actor,
doc-2.2,inform,Activity,demand,Activity,
doc-2.2,demand,Activity,the grid operator,Actor,
doc-2.2,demand,Activity,the resolution of the conflict,Activity Data,
doc-2.2,demand,Activity,communicates,Activity,
doc-2.2,communicates,Activity,The grid operator,Actor,
doc-2.2,communicates,Activity,the old supplier,Actor,
doc-2.2,communicates,Activity,carries out,Activity,
doc-2.2,carries out,Activity,The grid operator,Actor,
doc-2.2,carries out,Activity,the termination of the sales agreement,Activity Data,
doc-2.2,If,XOR Gateway,there are not any objections by the grid operator,Condition Specification,conditional
doc-2.2,there are not any objections by the grid operator,Condition Specification,creates,Activity,
doc-2.2,creates,Activity,customer service,Actor,
doc-2.2,creates,Activity,a CIS contract,Activity Data,
doc-2.2,creates,Activity,check,Activity,
doc-2.2,check,Activity,The customer,Actor,
doc-2.2,check,Activity,the contract details,Activity Data,
doc-2.2,check,Activity,either,XOR Gateway,
doc-2.2,either,XOR Gateway,withdraw,Activity,conditional
doc-2.2,either,XOR Gateway,or,XOR Gateway,conditional
doc-2.2,either,XOR Gateway,or,XOR Gateway,
doc-2.2,withdraw,Activity,the switch contract,Activity Data,
doc-2.2,or,XOR Gateway,confirm,Activity,conditional
doc-2.2,confirm,Activity,it,Activity Data,
doc-2.2,confirm,Activity,transmits,Activity,
doc-2.2,transmits,Activity,the grid operator,Actor,
doc-2.2,transmits,Activity,the power meter data,Activity Data,
doc-2.2,transmits,Activity,the customer service,Actor,
doc-2.2,transmits,Activity,the old supplier,Actor,
doc-2.2,transmits,Activity,via messages containing a services consumption report,Further Specification,
doc-2.2,transmits,Activity,At the same time,AND Gateway,
doc-2.2,At the same time,AND Gateway,transmits,Activity,conditional
doc-2.2,At the same time,AND Gateway,computes,Activity,conditional
doc-2.2,At the same time,AND Gateway,creates,Activity,conditional
doc-2.2,computes,Activity,the grid operator,Actor,
doc-2.2,computes,Activity,the final billing,Activity Data,
doc-2.2,computes,Activity,sends,Activity,
doc-2.2,sends,Activity,the grid operator,Actor,
doc-2.2,sends,Activity,it,Activity Data,
doc-2.2,sends,Activity,the old supplier,Actor,
doc-2.2,sends,Activity,receiving,Activity,
doc-2.2,creates,Activity,the old supplier,Actor,
doc-2.2,creates,Activity,sends,Activity,
doc-2.2,creates,Activity,the final billing,Activity Data,
doc-2.2,sends,Activity,the old supplier,Actor,
doc-2.2,sends,Activity,the final billing,Activity Data,
doc-2.2,sends,Activity,the customer,Actor,
doc-2.2,sends,Activity,receiving,Activity,
doc-2.2,receiving,Activity,the meter data,Activity Data,
doc-2.2,receiving,Activity,customer service,Actor,
doc-2.2,receiving,Activity,imports,Activity,
doc-2.2,imports,Activity,customer service,Actor,
doc-2.2,imports,Activity,the meter data,Activity Data,
doc-5.3,submits,Activity,any employee,Actor,
doc-5.3,submits,Activity,an office supply request,Activity Data,
doc-5.3,submits,Activity,registered,Activity,
doc-5.3,registered,Activity,the requirement,Activity Data,
doc-5.3,registered,Activity,received,Activity,
doc-5.3,received,Activity,the request,Activity Data,
doc-5.3,received,Activity,the immediate supervisor of the employee,Actor,
doc-5.3,received,Activity,"approve or ask for a change , or reject",Activity,
doc-5.3,"approve or ask for a change , or reject",Activity,The supervisor,Actor,
doc-5.3,"approve or ask for a change , or reject",Activity,the request,Activity Data,
doc-5.3,"approve or ask for a change , or reject",Activity,If,XOR Gateway,
doc-5.3,If,XOR Gateway,the request is rejected,Condition Specification,conditional
doc-5.3,If,XOR Gateway,If,XOR Gateway,
doc-5.3,the request is rejected,Condition Specification,send,Activity,
doc-5.3,If,XOR Gateway,the request is asked to make a change,Condition Specification,conditional
doc-5.3,If,XOR Gateway,If,XOR Gateway,
doc-5.3,the request is asked to make a change,Condition Specification,returned,Activity,
doc-5.3,the request is asked to make a change,Condition Specification,send,Activity,
doc-5.3,returned,Activity,it,Activity Data,
doc-5.3,returned,Activity,the petitioner / employee,Actor,
doc-5.3,returned,Activity,review,Activity,
doc-5.3,review,Activity,who,Actor,
doc-5.3,review,Activity,the comments for the change request,Activity Data,
doc-5.3,If,XOR Gateway,the request is approved,Condition Specification,conditional
doc-5.3,the request is approved,Condition Specification,go,Activity,
doc-5.3,the request is approved,Condition Specification,send,Activity,
doc-5.3,go,Activity,it,Activity Data,
doc-5.3,go,Activity,the purchase department,Actor,
doc-5.3,go,Activity,making,Activity,
doc-5.3,making,Activity,the purchase department,Actor,
doc-5.3,making,Activity,quotations,Activity Data,
doc-5.3,making,Activity,select,Activity,
doc-5.3,select,Activity,the purchase department,Actor,
doc-5.3,select,Activity,a vendor,Activity Data,
doc-5.3,select,Activity,If,XOR Gateway,
doc-5.3,If,XOR Gateway,the vendor is not valid in the system,Condition Specification,conditional
doc-5.3,If,XOR Gateway,selected,Activity,conditional
doc-5.3,the vendor is not valid in the system,Condition Specification,choose,Activity,
doc-5.3,choose,Activity,the purchase department,Actor,
doc-5.3,choose,Activity,a different vendor,Activity Data,
doc-5.3,choose,Activity,selected,Activity,
doc-5.3,selected,Activity,the purchase department,Actor,
doc-5.3,selected,Activity,a vendor,Activity Data,
doc-5.3,selected,Activity,confirmed,Activity,
doc-5.3,confirmed,Activity,the purchase department,Actor,
doc-5.3,confirmed,Activity,a vendor,Activity Data,
doc-5.3,confirmed,Activity,generate,Activity,
doc-5.3,generate,Activity,the system,Actor,
doc-5.3,generate,Activity,send,Activity,
doc-5.3,generate,Activity,a purchase order,Activity Data,
doc-5.3,send,Activity,the system,Actor,
doc-5.3,send,Activity,a purchase order,Activity Data,
doc-5.3,send,Activity,wait for,Activity,
doc-5.3,wait for,Activity,the product to be delivered,Activity Data,
doc-5.3,wait for,Activity,the invoice received,Activity Data,
doc-5.3,send,Activity,the system,Actor,
doc-5.3,send,Activity,the user,Actor,
doc-5.3,send,Activity,a notification,Activity Data,
doc-10.8,deregisters,Activity,The MSPO,Actor,
doc-10.8,deregisters,Activity,the GO,Actor,
doc-10.8,deregisters,Activity,verifies,Activity,
doc-10.8,verifies,Activity,The GO,Actor,
doc-10.8,verifies,Activity,the deregistration,Activity Data,
doc-10.8,verifies,Activity,or,XOR Gateway,
doc-10.8,rejects,Activity,The GO,Actor,
doc-10.8,rejects,Activity,the deregistration of the MSPO,Activity Data,
doc-10.8,rejects,Activity,assigns,Activity,
doc-10.8,or,XOR Gateway,rejects,Activity,conditional
doc-10.8,or,XOR Gateway,confirms,Activity,conditional
doc-10.8,confirms,Activity,the GO,Actor,
doc-10.8,confirms,Activity,preliminarily,Further Specification,
doc-10.8,confirms,Activity,the deregistration of the MSPO,Activity Data,
doc-10.8,confirms,Activity,assigns,Activity,
doc-10.8,assigns,Activity,The GO,Actor,
doc-10.8,assigns,Activity,himself,Activity Data,
doc-10.8,assigns,Activity,as MSP,Further Specification,
doc-10.8,assigns,Activity,informs,Activity,
doc-10.8,informs,Activity,The GO,Actor,
doc-10.8,informs,Activity,the MSPO,Actor,
doc-10.8,informs,Activity,about the end of the assignment and the beginning of the assignment of the GO,Activity Data,
doc-10.8,informs,Activity,informs,Activity,
doc-10.8,informs,Activity,The GO,Actor,
doc-10.8,informs,Activity,the MPO,Actor,
doc-10.8,informs,Activity,about the assignment of the GO,Activity Data,
doc-10.8,informs,Activity,informs,Activity,
doc-10.8,informs,Activity,The GO,Actor,
doc-10.8,informs,Activity,the SP,Actor,
doc-10.8,informs,Activity,about the assignment of the GO,Activity Data,
doc-10.10,reports,Activity,The fault detector,Actor,
doc-10.10,reports,Activity,a failure,Activity Data,
doc-10.10,reports,Activity,the MPO,Actor,
doc-10.10,reports,Activity,examine,Activity,
doc-10.10,or,XOR Gateway,reports,Activity,conditional
doc-10.10,or,XOR Gateway,suspicion,Activity,conditional
doc-10.10,suspicion,Activity,MPO,Actor,
doc-10.10,suspicion,Activity,of their own fault,Activity Data,
doc-10.10,suspicion,Activity,examine,Activity,
doc-10.10,examine,Activity,The MPO,Actor,
doc-10.10,examine,Activity,the failure,Activity Data,
doc-10.10,examine,Activity,or,XOR Gateway,
doc-10.10,rejects,Activity,The MPO,Actor,
doc-10.10,rejects,Activity,the failure of the fault detector,Activity Data,
doc-10.10,or,XOR Gateway,rejects,Activity,conditional
doc-10.10,or,XOR Gateway,confirms,Activity,conditional
doc-10.10,confirms,Activity,the MPO,Actor,
doc-10.10,confirms,Activity,the failure of the fault detector,Activity Data,
doc-10.10,confirms,Activity,informes,Activity,
doc-10.10,informes,Activity,he,Actor,
doc-10.10,informes,Activity,the GO,Actor,
doc-10.10,informes,Activity,the MSP,Actor,
doc-10.10,informes,Activity,fixes,Activity,
doc-10.10,fixes,Activity,The MPO,Actor,
doc-10.10,fixes,Activity,the fault at the measuring device,Activity Data,
doc-10.10,fixes,Activity,shares,Activity,
doc-10.10,shares,Activity,The MPO,Actor,
doc-10.10,shares,Activity,the results of the repairs,Activity Data,
doc-10.10,shares,Activity,carried out with the fault detector,Further Specification,
doc-10.10,shares,Activity,inform,Activity,
doc-10.10,inform,Activity,The MPO,Actor,
doc-10.10,inform,Activity,the GO,Actor,
doc-10.10,inform,Activity,about the resolution of the interference,Activity Data,
doc-10.10,inform,Activity,inform,Activity,
doc-10.10,inform,Activity,The MPO,Actor,
doc-10.10,inform,Activity,the MSP,Actor,
doc-10.10,inform,Activity,about the resolution of the interference,Activity Data,
doc-4.1,done,Activity,This notice,Activity Data,
doc-4.1,done,Activity,the family doctor,Actor,
doc-4.1,done,Activity,inquires,Activity,
doc-4.1,inquires,Activity,The secretarial worker,Actor,
doc-4.1,inquires,Activity,the name and residence of the patient,Activity Data,
doc-4.1,inquires,Activity,put through,Activity,
doc-4.1,put through,Activity,the doctor,Activity Data,
doc-4.1,put through,Activity,the nursing officer responsible,Actor,
doc-4.1,put through,Activity,for the part of the region that the patient lives in,Further Specification,
doc-4.1,put through,Activity,makes a full inquiry,Activity,
doc-4.1,makes a full inquiry,Activity,The nursing officer,Actor,
doc-4.1,makes a full inquiry,Activity,"into the mental , health , and social state of the patient in question",Further Specification,
doc-4.1,makes a full inquiry,Activity,recorded,Activity,
doc-4.1,recorded,Activity,The nursing officer,Actor,
doc-4.1,recorded,Activity,This information,Activity Data,
doc-4.1,recorded,Activity,on a registration form,Further Specification,
doc-4.1,recorded,Activity,handed in,Activity,
doc-4.1,handed in,Activity,The nursing officer,Actor,
doc-4.1,handed in,Activity,this form,Activity Data,
doc-4.1,handed in,Activity,the secretarial office,Actor,
doc-4.1,handed in,Activity,stored,Activity,
doc-4.1,stored,Activity,the secretarial office,Actor,
doc-4.1,stored,Activity,the information on the form,Activity Data,
doc-4.1,stored,Activity,in the information system,Further Specification,
doc-4.1,stored,Activity,printed,Activity,
doc-4.1,printed,Activity,the secretarial office,Actor,
doc-4.1,printed,Activity,the information on the form,Activity Data,
doc-4.1,printed,Activity,For,XOR Gateway,
doc-4.1,For,XOR Gateway,new patients,Condition Specification,conditional
doc-4.1,For,XOR Gateway,takes place,Activity,conditional
doc-4.1,new patients,Condition Specification,created,Activity,
doc-4.1,created,Activity,the secretarial office,Actor,
doc-4.1,created,Activity,a patient file,Activity Data,
doc-4.1,created,Activity,stored,Activity,
doc-4.1,stored,Activity,the secretarial office,Actor,
doc-4.1,stored,Activity,The registration form,Activity Data,
doc-4.1,stored,Activity,the print from the information system,Activity Data,
doc-4.1,stored,Activity,in the patient file,Further Specification,
doc-4.1,stored,Activity,produced,Activity,
doc-4.1,produced,Activity,the secretarial office,Actor,
doc-4.1,produced,Activity,two registration cards,Activity Data,
doc-4.1,produced,Activity,for respectively the future first and second intaker of the patient,Further Specification,
doc-4.1,produced,Activity,added,Activity,
doc-4.1,added,Activity,the secretarial office,Actor,
doc-4.1,added,Activity,The new patient,Activity Data,
doc-4.1,added,Activity,on the list of new notices,Further Specification,
doc-4.1,added,Activity,takes place,Activity,
doc-4.1,takes place,Activity,a staff meeting,Activity Data,
doc-4.1,takes place,Activity,of the entire medical team,Further Specification,
doc-4.1,takes place,Activity,assigns,Activity,
doc-4.1,assigns,Activity,the team-leader,Actor,
doc-4.1,assigns,Activity,all new patients,Activity Data,
doc-4.1,assigns,Activity,members of the team,Actor,
doc-4.1,assigns,Activity,recorded,Activity,
doc-4.1,recorded,Activity,the team-leader,Actor,
doc-4.1,recorded,Activity,The assignments,Activity Data,
doc-4.1,recorded,Activity,on an assignment list,Further Specification,
doc-4.1,recorded,Activity,determined,Activity,
doc-4.1,handed,Activity,the team-leader,Actor,
doc-4.1,handed,Activity,The assignments,Activity Data,
doc-4.1,handed,Activity,the secretarial office,Actor,
doc-4.1,determined,Activity,the secretarial office,Actor,
doc-4.1,determined,Activity,the medical file of the patient,Activity Data,
doc-4.1,determined,Activity,added,Activity,
doc-4.1,added,Activity,the secretarial office,Actor,
doc-4.1,added,Activity,This information,Activity Data,
doc-4.1,added,Activity,to the assignment list,Further Specification,
doc-4.1,added,Activity,stores,Activity,
doc-4.1,stores,Activity,The secretarial office,Actor,
doc-4.1,stores,Activity,the assignment of each patient of the assignment list,Activity Data,
doc-4.1,stores,Activity,in the information system,Further Specification,
doc-4.1,stores,Activity,passes,Activity,
doc-4.1,passes,Activity,It,Actor,
doc-4.1,passes,Activity,the produced registration cards,Activity Data,
doc-4.1,passes,Activity,the first and second intaker,Actor,
doc-4.1,passes,Activity,For each patient for which,XOR Gateway,
doc-4.1,For each patient for which,XOR Gateway,the medical file is required,Condition Specification,conditional
doc-4.1,For each patient for which,XOR Gateway,plans,Activity,conditional
doc-4.1,the medical file is required,Condition Specification,prepares,Activity,
doc-4.1,prepares,Activity,the secretarial office,Actor,
doc-4.1,prepares,Activity,sends,Activity,
doc-4.1,sends,Activity,the secretarial office,Actor,
doc-4.1,sends,Activity,a letter,Activity Data,
doc-4.1,sends,Activity,a letter,Activity Data,
doc-4.1,sends,Activity,the family doctor of the patient,Actor,
doc-4.1,sends,Activity,received,Activity,
doc-4.1,received,Activity,this copy,Activity Data,
doc-4.1,received,Activity,inform,Activity,
doc-4.1,inform,Activity,the secretarial office,Actor,
doc-4.1,inform,Activity,the second intaker,Actor,
doc-4.1,inform,Activity,add,Activity,
doc-4.1,add,Activity,the secretarial office,Actor,
doc-4.1,add,Activity,the copy,Activity Data,
doc-4.1,add,Activity,to the patient file,Further Specification,
doc-4.1,add,Activity,plans,Activity,
doc-4.1,plans,Activity,The first intaker,Actor,
doc-4.1,plans,Activity,a meeting with the patient,Activity Data,
doc-4.1,plans,Activity,examined,Activity,
doc-4.1,examined,Activity,The first intaker,Actor,
doc-4.1,examined,Activity,the patient,Activity Data,
doc-4.1,examined,Activity,registered,Activity,
doc-4.1,registered,Activity,The first intaker,Actor,
doc-4.1,registered,Activity,Additional observations,Activity Data,
doc-4.1,registered,Activity,in a personal notebook,Further Specification,
doc-4.1,registered,Activity,puts,Activity,
doc-4.1,puts,Activity,the first intaker,Actor,
doc-4.1,puts,Activity,a copy of these notes,Activity Data,
doc-4.1,puts,Activity,in the file of a patient,Further Specification,
doc-4.1,puts,Activity,added,Activity,
doc-4.1,added,Activity,the first intaker,Actor,
doc-4.1,added,Activity,The standard checklist,Activity Data,
doc-4.1,added,Activity,to the patient's file,Further Specification,
doc-4.1,added,Activity,if,XOR Gateway,
doc-4.1,plans,Activity,The second intaker,Actor,
doc-4.1,plans,Activity,the first meeting,Activity Data,
doc-4.1,plans,Activity,types out,Activity,
doc-4.1,if,XOR Gateway,required has been received,Condition Specification,conditional
doc-4.1,if,XOR Gateway,puts,Activity,conditional
doc-4.1,required has been received,Condition Specification,plans,Activity,
doc-4.1,types out,Activity,The secretarial office,Actor,
doc-4.1,types out,Activity,these tapes,Activity Data,
doc-4.1,types out,Activity,added,Activity,
doc-4.1,added,Activity,The secretarial office,Actor,
doc-4.1,added,Activity,the information,Activity Data,
doc-4.1,added,Activity,to the patient file,Further Specification,
doc-4.1,added,Activity,puts,Activity,
doc-4.1,puts,Activity,the secretarial office,Actor,
doc-4.1,puts,Activity,the patient,Activity Data,
doc-4.1,puts,Activity,on the list of patients that reach this status,Further Specification,
doc-4.1,puts,Activity,provide,Activity,
doc-4.1,provide,Activity,they,Actor,
doc-4.1,provide,Activity,the team-leader,Actor,
doc-4.1,provide,Activity,a list of these patients,Activity Data,
doc-4.1,provide,Activity,formulate,Activity,
doc-4.1,formulate,Activity,the first and second intaker together with the team-leader and the attending psychiatrist,Actor,
doc-4.1,formulate,Activity,a treatment plan,Activity Data,
doc-9.2,sends,Activity,The Customer Service Representative,Actor,
doc-9.2,sends,Activity,a Mortgage offer,Activity Data,
doc-9.2,sends,Activity,the customer,Actor,
doc-9.2,sends,Activity,waits for,Activity,
doc-9.2,waits for,Activity,The Customer Service Representative,Actor,
doc-9.2,waits for,Activity,a reply,Activity Data,
doc-9.2,waits for,Activity,If,XOR Gateway,
doc-9.2,If,XOR Gateway,the customer calls or writes back declining the mortgage,Condition Specification,conditional
doc-9.2,If,XOR Gateway,If,XOR Gateway,
doc-9.2,the customer calls or writes back declining the mortgage,Condition Specification,updated,Activity,
doc-9.2,updated,Activity,The Customer Service Representative,Actor,
doc-9.2,updated,Activity,the case details,Activity Data,
doc-9.2,updated,Activity,archived,Activity,
doc-9.2,archived,Activity,The Customer Service Representative,Actor,
doc-9.2,archived,Activity,the work,Activity Data,
doc-9.2,archived,Activity,cancellation,Activity,
doc-9.2,cancellation,Activity,The Customer Service Representative,Actor,
doc-9.2,cancellation,Activity,the work,Activity Data,
doc-9.2,If,XOR Gateway,the customer sends back the completed offer documents and attaches all prerequisite documents,Condition Specification,conditional
doc-9.2,If,XOR Gateway,If,XOR Gateway,
doc-9.2,the customer sends back the completed offer documents and attaches all prerequisite documents,Condition Specification,moved,Activity,
doc-9.2,moved,Activity,The Customer Service Representative,Actor,
doc-9.2,moved,Activity,the case,Activity Data,
doc-9.2,moved,Activity,administration,Actor,
doc-9.2,moved,Activity,If,XOR Gateway,
doc-9.2,If,XOR Gateway,all pre-requisite documents are not provided,Condition Specification,conditional
doc-9.2,all pre-requisite documents are not provided,Condition Specification,generated,Activity,
doc-9.2,generated,Activity,The Customer Service Representative,Actor,
doc-9.2,generated,Activity,a message,Activity Data,
doc-9.2,generated,Activity,the customer,Actor,
doc-9.2,generated,Activity,requesting outstanding documents,Further Specification,
doc-9.2,If,XOR Gateway,no answer is received after 2 weeks,Condition Specification,conditional
doc-9.2,no answer is received after 2 weeks,Condition Specification,updated,Activity,
doc-9.2,updated,Activity,The Customer Service Representative,Actor,
doc-9.2,updated,Activity,the case details,Activity Data,
doc-9.2,updated,Activity,archive,Activity,
doc-9.2,archive,Activity,The Customer Service Representative,Actor,
doc-9.2,archive,Activity,a Mortgage offer,Activity Data,
doc-9.2,archive,Activity,cancellation,Activity,
doc-9.2,cancellation,Activity,The Customer Service Representative,Actor,
doc-9.2,cancellation,Activity,a Mortgage offer,Activity Data,
doc-10.3,deregisters,Activity,The MPOO,Actor,
doc-10.3,deregisters,Activity,the GO,Actor,
doc-10.3,deregisters,Activity,verifies,Activity,
doc-10.3,verifies,Activity,The GO,Actor,
doc-10.3,verifies,Activity,the deregistration,Activity Data,
doc-10.3,verifies,Activity,or,XOR Gateway,
doc-10.3,rejects,Activity,The GO,Actor,
doc-10.3,rejects,Activity,the deregistration of the MPOO,Activity Data,
doc-10.3,or,XOR Gateway,rejects,Activity,conditional
doc-10.3,or,XOR Gateway,confirms,Activity,conditional
doc-10.3,confirms,Activity,the GO,Actor,
doc-10.3,confirms,Activity,preliminarily,Further Specification,
doc-10.3,confirms,Activity,the deregistration of the MPOO,Activity Data,
doc-10.3,confirms,Activity,prepares,Activity,
doc-10.3,prepares,Activity,The GO,Actor,
doc-10.3,prepares,Activity,the readmission of the measuring point,Activity Data,
doc-10.3,prepares,Activity,If,XOR Gateway,
doc-10.3,If,XOR Gateway,the GO binds the MPOO to continue the operation,Condition Specification,conditional
doc-10.3,If,XOR Gateway,performs,Activity,conditional
doc-10.3,the GO binds the MPOO to continue the operation,Condition Specification,confirmes,Activity,
doc-10.3,confirmes,Activity,the MPOO,Actor,
doc-10.3,confirmes,Activity,the continuation,Activity Data,
doc-10.3,confirmes,Activity,the MPOO,Actor,
doc-10.3,confirmes,Activity,performs,Activity,
doc-10.3,performs,Activity,The GO,Actor,
doc-10.3,performs,Activity,the equipment acquisition and / or equipment changes,Activity Data,
doc-10.3,performs,Activity,assigns,Activity,
doc-10.3,assigns,Activity,The GO,Actor,
doc-10.3,assigns,Activity,the GO as MPO,Activity Data,
doc-10.3,assigns,Activity,informs,Activity,
doc-10.3,informs,Activity,The GO,Actor,
doc-10.3,informs,Activity,the MPOO,Actor,
doc-10.3,informs,Activity,about the end of the assignment of the MPOO and the beginning of the assignment of the GO,Activity Data,
doc-10.3,informs,Activity,informs,Activity,
doc-10.3,informs,Activity,The GO,Actor,
doc-10.3,informs,Activity,the MSPO,Actor,
doc-10.3,informs,Activity,about the assignment of the GO,Activity Data,
doc-10.3,informs,Activity,informs,Activity,
doc-10.3,informs,Activity,The GO,Actor,
doc-10.3,informs,Activity,the SP,Actor,
doc-10.3,informs,Activity,about the assignment of the GO,Activity Data,
doc-5.2,submits,Activity,any employee,Actor,
doc-5.2,submits,Activity,a vacation request,Activity Data,
doc-5.2,submits,Activity,registered,Activity,
doc-5.2,registered,Activity,the requirement,Activity Data,
doc-5.2,registered,Activity,received,Activity,
doc-5.2,received,Activity,the request,Activity Data,
doc-5.2,received,Activity,the immediate supervisor,Actor,
doc-5.2,received,Activity,approve or reject,Activity,
doc-5.2,approve or reject,Activity,The supervisor,Actor,
doc-5.2,approve or reject,Activity,the request,Activity Data,
doc-5.2,approve or reject,Activity,If,XOR Gateway,
doc-5.2,If,XOR Gateway,the request is rejected,Condition Specification,conditional
doc-5.2,If,XOR Gateway,If,XOR Gateway,
doc-5.2,the request is rejected,Condition Specification,returned,Activity,
doc-5.2,returned,Activity,the application,Activity Data,
doc-5.2,returned,Activity,the applicant / employee,Actor,
doc-5.2,If,XOR Gateway,the request is approved,Condition Specification,conditional
doc-5.2,the request is approved,Condition Specification,generated,Activity,
doc-5.2,generated,Activity,a notification,Activity Data,
doc-5.2,generated,Activity,the Human Resources Representative,Actor,
doc-5.2,generated,Activity,complete,Activity,
doc-5.2,complete,Activity,who,Actor,
doc-5.2,complete,Activity,the respective management procedures,Activity Data,
doc-6.1,receives,Activity,ACME AG,Actor,
doc-6.1,receives,Activity,invoices,Activity Data,
doc-6.1,receives,Activity,received,Activity,
doc-6.1,received,Activity,These,Activity Data,
doc-6.1,received,Activity,the Secretariat,Actor,
doc-6.1,received,Activity,inspection,Activity,
doc-6.1,forwarded,Activity,These,Activity Data,
doc-6.1,forwarded,Activity,the Secretariat,Actor,
doc-6.1,forwarded,Activity,an accounting employee,Actor,
doc-6.1,forwarded,Activity,identifies,Activity,
doc-6.1,inspection,Activity,These,Activity Data,
doc-6.1,inspection,Activity,the Secretariat,Actor,
doc-6.1,inspection,Activity,forwarded,Activity,
doc-6.1,inspection,Activity,a short visual,Further Specification,
doc-6.1,identifies,Activity,she,Actor,
doc-6.1,identifies,Activity,the charging suppliers,Activity Data,
doc-6.1,identifies,Activity,creates,Activity,
doc-6.1,creates,Activity,she,Actor,
doc-6.1,creates,Activity,a new instance,Activity Data,
doc-6.1,creates,Activity,checks,Activity,
doc-6.1,checks,Activity,She,Actor,
doc-6.1,checks,Activity,the invoice items,Activity Data,
doc-6.1,checks,Activity,notes,Activity,
doc-6.1,notes,Activity,She,Actor,
doc-6.1,notes,Activity,the corresponding cost center at the ACME AG and the related cost center managers for each position,Activity Data,
doc-6.1,notes,Activity,go,Activity,
doc-6.1,go,Activity,She,Actor,
doc-6.1,go,Activity,The docket and the copy of the invoice,Activity Data,
doc-6.1,go,Activity,the internal mail,Actor,
doc-6.1,go,Activity,sent,Activity,
doc-6.1,sent,Activity,She,Actor,
doc-6.1,sent,Activity,The docket and the copy of the invoice,Activity Data,
doc-6.1,sent,Activity,the first cost center manager,Actor,
doc-6.1,sent,Activity,receiving,Activity,
doc-6.1,reviews,Activity,He,Actor,
doc-6.1,reviews,Activity,the content,Activity Data,
doc-6.1,reviews,Activity,for accuracy,Further Specification,
doc-6.1,reviews,Activity,Should,XOR Gateway,
doc-6.1,receiving,Activity,He,Actor,
doc-6.1,receiving,Activity,reviews,Activity,
doc-6.1,receiving,Activity,the copy of the invoice,Activity Data,
doc-6.1,Should,XOR Gateway,everything be in order,Condition Specification,conditional
doc-6.1,Should,XOR Gateway,if,XOR Gateway,
doc-6.1,everything be in order,Condition Specification,notes,Activity,
doc-6.1,notes,Activity,he,Actor,
doc-6.1,notes,Activity,his code,Activity Data,
doc-6.1,notes,Activity,on the docket,Further Specification,
doc-6.1,notes,Activity,returns,Activity,
doc-6.1,returns,Activity,he,Actor,
doc-6.1,returns,Activity,the copy of the invoice,Activity Data,
doc-6.1,returns,Activity,the internal mail,Actor,
doc-6.1,returns,Activity,if,XOR Gateway,
doc-6.1,passed on,Activity,the internal mail,Actor,
doc-6.1,passed on,Activity,the copy of the invoice,Activity Data,
doc-6.1,passed on,Activity,the next cost center manager,Actor,
doc-6.1,if,XOR Gateway,passed on,Activity,conditional
doc-6.1,if,XOR Gateway,all items are marked correct,Condition Specification,conditional
doc-6.1,all items are marked correct,Condition Specification,sent back,Activity,
doc-6.1,sent back,Activity,the internal mail,Actor,
doc-6.1,sent back,Activity,accounting,Actor,
doc-6.1,sent back,Activity,forwards,Activity,
doc-6.1,if,XOR Gateway,inconsistencies exist,Condition Specification,conditional
doc-6.1,if,XOR Gateway,if,XOR Gateway,
doc-6.1,inconsistencies exist,Condition Specification,rejects,Activity,
doc-6.1,rejects,Activity,the cost center manager,Actor,
doc-6.1,rejects,Activity,the AP,Activity Data,
doc-6.1,rejects,Activity,sent back,Activity,
doc-6.1,sent back,Activity,the copy of the invoice,Activity Data,
doc-6.1,sent back,Activity,accounting,Actor,
doc-6.1,sent back,Activity,proceede,Activity,
doc-6.1,proceede,Activity,she,Actor,
doc-6.1,proceede,Activity,the clarification with the vendor,Activity Data,
doc-6.1,proceede,Activity,forwards,Activity,
doc-6.1,if,XOR Gateway,necessary,Condition Specification,conditional
doc-6.1,necessary,Condition Specification,consults,Activity,
doc-6.1,consults,Activity,she,Actor,
doc-6.1,consults,Activity,the cost center managers,Actor,
doc-6.1,consults,Activity,sent,Activity,
doc-6.1,sent,Activity,she,Actor,
doc-6.1,sent,Activity,the copy of the invoice,Activity Data,
doc-6.1,sent,Activity,the cost center managers,Actor,
doc-6.1,sent,Activity,forwards,Activity,
doc-6.1,forwards,Activity,the accounting employee,Actor,
doc-6.1,forwards,Activity,the copy of the invoice,Activity Data,
doc-6.1,forwards,Activity,the commercial manager,Actor,
doc-6.1,forwards,Activity,makes,Activity,
doc-6.1,makes,Activity,He,Actor,
doc-6.1,makes,Activity,the commercial audit,Activity Data,
doc-6.1,makes,Activity,issues,Activity,
doc-6.1,issues,Activity,He,Actor,
doc-6.1,issues,Activity,the approval for payment,Activity Data,
doc-6.1,issues,Activity,If,XOR Gateway,
doc-6.1,If,XOR Gateway,the bill amount exceeds EUR 20,Condition Specification,conditional
doc-6.1,If,XOR Gateway,moves back,Activity,conditional
doc-6.1,the bill amount exceeds EUR 20,Condition Specification,check,Activity,
doc-6.1,check,Activity,the Board,Actor,
doc-6.1,check,Activity,it,Activity Data,
doc-6.1,check,Activity,moves back,Activity,
doc-6.1,moves back,Activity,The copy of the invoice including the docket,Activity Data,
doc-6.1,moves back,Activity,the accounting employee,Actor,
doc-6.1,moves back,Activity,in the appropriate signature file,Further Specification,
doc-6.1,moves back,Activity,Should,XOR Gateway,
doc-6.1,Should,XOR Gateway,there be a complaint during the commercial audit,Condition Specification,conditional
doc-6.1,Should,XOR Gateway,gives,Activity,conditional
doc-6.1,there be a complaint during the commercial audit,Condition Specification,resolved,Activity,
doc-6.1,resolved,Activity,it,Activity Data,
doc-6.1,resolved,Activity,the accounting employee,Actor,
doc-6.1,resolved,Activity,gives,Activity,
doc-6.1,gives,Activity,the accounting employee,Actor,
doc-6.1,gives,Activity,payment instructions,Activity Data,
doc-6.1,gives,Activity,closes,Activity,
doc-6.1,closes,Activity,the accounting employee,Actor,
doc-6.1,closes,Activity,the instance in `` ACME financial accounting ``,Activity Data,
doc-6.4,determine,Activity,contact details,Activity Data,
doc-6.4,determine,Activity,Sometimes,XOR Gateway,
doc-6.4,Sometimes,XOR Gateway,buy,Activity,conditional
doc-6.4,Sometimes,XOR Gateway,sometimes,XOR Gateway,
doc-6.4,buy,Activity,we,Actor,
doc-6.4,buy,Activity,details for cold calls,Activity Data,
doc-6.4,buy,Activity,calling,Activity,
doc-6.4,sometimes,XOR Gateway,participates,Activity,conditional
doc-6.4,sometimes,XOR Gateway,sometimes,XOR Gateway,
doc-6.4,participates,Activity,our marketing staff,Actor,
doc-6.4,participates,Activity,in exhibitions,Activity Data,
doc-6.4,participates,Activity,calling,Activity,
doc-6.4,sometimes,XOR Gateway,know,Activity,conditional
doc-6.4,know,Activity,you,Actor,
doc-6.4,know,Activity,"somebody , who is interested in the product",Activity Data,
doc-6.4,know,Activity,calling,Activity,
doc-6.4,calling,Activity,the customer,Actor,
doc-6.4,calling,Activity,the call center staff,Actor,
doc-6.4,calling,Activity,determining,Activity,
doc-6.4,determining,Activity,They,Actor,
doc-6.4,determining,Activity,the contact person,Activity Data,
doc-6.4,determining,Activity,the budget,Activity Data,
doc-6.4,determining,Activity,asking,Activity,
doc-6.4,asking,Activity,They,Actor,
doc-6.4,asking,Activity,the customer,Actor,
doc-6.4,asking,Activity,If,XOR Gateway,
doc-6.4,If,XOR Gateway,this is not the case,Condition Specification,conditional
doc-6.4,If,XOR Gateway,If,XOR Gateway,conditional
doc-6.4,this is not the case,Condition Specification,if,XOR Gateway,
doc-6.4,leave,Activity,we,Actor,
doc-6.4,leave,Activity,him,Activity Data,
doc-6.4,if,XOR Gateway,leave,Activity,conditional
doc-6.4,if,XOR Gateway,the potential project budget is huge,Condition Specification,conditional
doc-6.4,the potential project budget is huge,Condition Specification,acquire,Activity,
doc-6.4,acquire,Activity,the head of development,Actor,
doc-6.4,acquire,Activity,the customer,Activity Data,
doc-6.4,acquire,Activity,If,XOR Gateway,
doc-6.4,If,XOR Gateway,the customer is interested in the end,Condition Specification,conditional
doc-6.4,the customer is interested in the end,Condition Specification,given,Activity,
doc-6.4,given,Activity,the customer,Actor,
doc-6.4,given,Activity,a detailed online presentation,Activity Data,
doc-6.4,given,Activity,a sales representative or by a pre-sales employee,Actor,
doc-6.4,given,Activity,waiting for,Activity,
doc-6.4,waiting for,Activity,we,Actor,
doc-6.4,waiting for,Activity,the customer to come back to us,Activity Data,
doc-6.4,waiting for,Activity,If,XOR Gateway,
doc-6.4,If,XOR Gateway,we are not contacted within 2 weeks,Condition Specification,conditional
doc-6.4,If,XOR Gateway,creation,Activity,conditional
doc-6.4,we are not contacted within 2 weeks,Condition Specification,calling,Activity,
doc-6.4,calling,Activity,a sales representative,Actor,
doc-6.4,calling,Activity,the customer,Actor,
doc-6.4,calling,Activity,creation,Activity,
doc-6.4,creation,Activity,a quotation,Activity Data,
doc-9.5,received,Activity,the Expense Report,Activity Data,
doc-9.5,received,Activity,if,XOR Gateway,
doc-9.5,created,Activity,a new account,Activity Data,
doc-9.5,created,Activity,reviewed,Activity,
doc-9.5,if,XOR Gateway,the employee does not already have one,Condition Specification,conditional
doc-9.5,if,XOR Gateway,reviewed,Activity,conditional
doc-9.5,the employee does not already have one,Condition Specification,created,Activity,
doc-9.5,reviewed,Activity,The report,Activity Data,
doc-9.5,reviewed,Activity,for automatic approval,Further Specification,
doc-9.5,reviewed,Activity,whereas,XOR Gateway,
doc-9.5,Amounts under $200,Condition Specification,approved,Activity,
doc-9.5,approved,Activity,The report,Activity Data,
doc-9.5,approved,Activity,automatically,Further Specification,
doc-9.5,whereas,XOR Gateway,Amounts under $200,Condition Specification,conditional
doc-9.5,whereas,XOR Gateway,amounts equal to or over $200,Condition Specification,conditional
doc-9.5,amounts equal to or over $200,Condition Specification,require,Activity,
doc-9.5,require,Activity,approval,Activity Data,
doc-9.5,require,Activity,the supervisor,Actor,
doc-9.5,require,Activity,In case of,XOR Gateway,
doc-9.5,In case of,XOR Gateway,rejection,Condition Specification,conditional
doc-9.5,In case of,XOR Gateway,Otherwise,XOR Gateway,
doc-9.5,rejection,Condition Specification,receive,Activity,
doc-9.5,receive,Activity,the employee,Actor,
doc-9.5,receive,Activity,a rejection notice,Activity Data,
doc-9.5,receive,Activity,by email,Further Specification,
doc-9.5,Otherwise,XOR Gateway,goes,Activity,conditional
doc-9.5,Otherwise,XOR Gateway,If,XOR Gateway,
doc-9.5,goes,Activity,the reimbursement,Activity Data,
doc-9.5,goes,Activity,to the employees direct deposit bank account,Further Specification,
doc-9.5,If,XOR Gateway,the request is not completed in 7 days,Condition Specification,conditional
doc-9.5,the request is not completed in 7 days,Condition Specification,receive,Activity,
doc-9.5,receive,Activity,the employee,Actor,
doc-9.5,receive,Activity,an approval in progress email,Activity Data,
doc-9.5,receive,Activity,If,XOR Gateway,
doc-9.5,If,XOR Gateway,the request is not finished within 30 days,Condition Specification,conditional
doc-9.5,the request is not finished within 30 days,Condition Specification,receives,Activity,
doc-9.5,receives,Activity,the employee,Actor,
doc-9.5,receives,Activity,an email cancellation notice,Activity Data,
doc-9.5,receives,Activity,re-submit,Activity,
doc-9.5,re-submit,Activity,received,Activity,
doc-9.5,re-submit,Activity,the employee,Actor,
doc-9.5,re-submit,Activity,the expense report,Activity Data,
doc-10.5,requests,Activity,The MPON,Actor,
doc-10.5,requests,Activity,a device takeover bid,Activity Data,
doc-10.5,requests,Activity,the MPOO,Actor,
doc-10.5,requests,Activity,sends,Activity,
doc-10.5,sends,Activity,The MPOO,Actor,
doc-10.5,sends,Activity,a tender for the equipment takeover,Activity Data,
doc-10.5,sends,Activity,the MPON,Actor,
doc-10.5,sends,Activity,places,Activity,
doc-10.5,places,Activity,The MPON,Actor,
doc-10.5,places,Activity,an order,Activity Data,
doc-10.5,places,Activity,the MPOO,Actor,
doc-10.5,places,Activity,confirms,Activity,
doc-10.5,confirms,Activity,The MPOO,Actor,
doc-10.5,confirms,Activity,the order of the MPON,Activity Data,
doc-10.5,confirms,Activity,sends,Activity,
doc-10.5,sends,Activity,The MPOO,Actor,
doc-10.5,sends,Activity,the master data,Activity Data,
doc-3.2,checked,Activity,the files which have yet to be processed,Activity Data,
doc-3.2,checked,Activity,If,XOR Gateway,
doc-3.2,If,XOR Gateway,some files are missing,Condition Specification,conditional
doc-3.2,If,XOR Gateway,otherwise,XOR Gateway,
doc-3.2,some files are missing,Condition Specification,initiated,Activity,
doc-3.2,initiated,Activity,a search,Activity Data,
doc-3.2,initiated,Activity,meantime,AND Gateway,
doc-3.2,otherwise,XOR Gateway,tracked,Activity,conditional
doc-3.2,tracked,Activity,the files,Activity Data,
doc-3.2,tracked,Activity,to the intended location,Further Specification,
doc-3.2,tracked,Activity,meantime,AND Gateway,
doc-3.2,handed,Activity,these,Activity Data,
doc-3.2,handed,Activity,the Associate,Actor,
doc-3.2,handed,Activity,conducted,Activity,
doc-3.2,meantime,AND Gateway,handed,Activity,conditional
doc-3.2,meantime,AND Gateway,distributed,Activity,conditional
doc-3.2,distributed,Activity,the Judgeis Lawlist,Activity Data,
doc-3.2,distributed,Activity,the relevant people,Actor,
doc-3.2,distributed,Activity,conducted,Activity,
doc-3.2,conducted,Activity,the directions hearings,Activity Data,
doc-3.5,collected,Activity,Mail from the party,Activity Data,
doc-3.5,collected,Activity,the Mail Processing Unit,Actor,
doc-3.5,collected,Activity,sorts,Activity,
doc-3.5,sorts,Activity,the Mail Clerk,Actor,
doc-3.5,sorts,Activity,the unopened mail,Activity Data,
doc-3.5,sorts,Activity,into the various business areas,Further Specification,
doc-3.5,sorts,Activity,distributed,Activity,
doc-3.5,distributed,Activity,The mail,Activity Data,
doc-3.5,distributed,Activity,received,Activity,
doc-3.5,received,Activity,the mail,Activity Data,
doc-3.5,received,Activity,the Registry,Actor,
doc-3.5,received,Activity,opened,Activity,
doc-3.5,opened,Activity,the Registry,Actor,
doc-3.5,opened,Activity,it,Activity Data,
doc-3.5,opened,Activity,sorted,Activity,
doc-3.5,sorted,Activity,the Registry,Actor,
doc-3.5,sorted,Activity,it,Activity Data,
doc-3.5,sorted,Activity,registered,Activity,
doc-3.5,registered,Activity,the Registry,Actor,
doc-3.5,registered,Activity,it,Activity Data,
doc-3.5,registered,Activity,in a manual incoming Mail Register,Further Specification,
doc-3.5,registered,Activity,performs a quality check,Activity,
doc-3.5,performs a quality check,Activity,the Assistant Registry Manager,Actor,
doc-3.5,performs a quality check,Activity,If,XOR Gateway,
doc-3.5,If,XOR Gateway,the mail is not compliant,Condition Specification,conditional
doc-3.5,If,XOR Gateway,Otherwise,XOR Gateway,
doc-3.5,the mail is not compliant,Condition Specification,compiled,Activity,
doc-3.5,compiled,Activity,the Assistant Registry Manager,Actor,
doc-3.5,compiled,Activity,a list of requisition,Activity Data,
doc-3.5,compiled,Activity,sent back,Activity,
doc-3.5,sent back,Activity,the Assistant Registry Manager,Actor,
doc-3.5,sent back,Activity,a list of requisition,Activity Data,
doc-3.5,sent back,Activity,the party,Actor,
doc-3.5,Otherwise,XOR Gateway,captured,Activity,conditional
doc-3.5,captured,Activity,the Assistant Registry Manager,Actor,
doc-3.5,captured,Activity,the matter details,Activity Data,
doc-3.5,captured,Activity,provided,Activity,
doc-3.5,provided,Activity,the Assistant Registry Manager,Actor,
doc-3.5,provided,Activity,the matter details,Activity Data,
doc-3.5,provided,Activity,the Cashier,Actor,
doc-3.5,provided,Activity,takes,Activity,
doc-3.5,takes,Activity,who,Actor,
doc-3.5,takes,Activity,the applicable fees,Activity Data,
doc-3.5,takes,Activity,Meantime,AND Gateway,
doc-3.5,puts,Activity,the Assistant Registry Manager,Actor,
doc-3.5,puts,Activity,the receipt and copied documents,Activity Data,
doc-3.5,puts,Activity,into an envelope,Further Specification,
doc-3.5,puts,Activity,posts,Activity,
doc-3.5,posts,Activity,the Assistant Registry Manager,Actor,
doc-3.5,posts,Activity,it,Activity Data,
doc-3.5,posts,Activity,the party,Actor,
doc-3.5,Meantime,AND Gateway,puts,Activity,conditional
doc-3.5,Meantime,AND Gateway,captures,Activity,conditional
doc-3.5,captures,Activity,the Cashier,Actor,
doc-3.5,captures,Activity,the Party Details,Activity Data,
doc-3.5,captures,Activity,prints,Activity,
doc-3.5,prints,Activity,the Cashier,Actor,
doc-3.5,prints,Activity,the Physical Court File,Activity Data,
doc-5.1,receiving,Activity,a customer request for a loan amount,Activity Data,
doc-5.1,receiving,Activity,assess,Activity,
doc-5.1,assess,Activity,The risk assessment Web service,Actor,
doc-5.1,assess,Activity,the request,Activity Data,
doc-5.1,assess,Activity,If,XOR Gateway,
doc-5.1,If,XOR Gateway,the loan is small and the customer is low risk,Condition Specification,conditional
doc-5.1,If,XOR Gateway,If,XOR Gateway,
doc-5.1,the loan is small and the customer is low risk,Condition Specification,approved,Activity,
doc-5.1,approved,Activity,The risk assessment Web service,Actor,
doc-5.1,approved,Activity,the loan,Activity Data,
doc-5.1,approved,Activity,receives,Activity,
doc-5.1,If,XOR Gateway,the customer is high risk,Condition Specification,conditional
doc-5.1,If,XOR Gateway,If,XOR Gateway,
doc-5.1,the customer is high risk,Condition Specification,denied,Activity,
doc-5.1,denied,Activity,The risk assessment Web service,Actor,
doc-5.1,denied,Activity,the loan,Activity Data,
doc-5.1,denied,Activity,receives,Activity,
doc-5.1,If,XOR Gateway,"the customer needs further review or the loan amount is for $10,000 or more",Condition Specification,conditional
doc-5.1,"the customer needs further review or the loan amount is for $10,000 or more",Condition Specification,sent,Activity,
doc-5.1,sent,Activity,The risk assessment Web service,Actor,
doc-5.1,sent,Activity,the request,Activity Data,
doc-5.1,sent,Activity,the approver Web service,Actor,
doc-5.1,sent,Activity,receives,Activity,
doc-5.1,receives,Activity,The customer,Actor,
doc-5.1,receives,Activity,feedback,Activity Data,
doc-5.1,receives,Activity,the assessor or approver,Actor,
doc-3.3,registered,Activity,a claim,Activity Data,
doc-3.3,registered,Activity,examined,Activity,
doc-3.3,examined,Activity,it,Activity Data,
doc-3.3,examined,Activity,a claims officer,Actor,
doc-3.3,examined,Activity,writes,Activity,
doc-3.3,writes,Activity,The claims officer,Actor,
doc-3.3,writes,Activity,a settlement recommendation,Activity Data,
doc-3.3,writes,Activity,checked,Activity,
doc-3.3,checked,Activity,This recommendation,Activity Data,
doc-3.3,checked,Activity,a senior claims officer,Actor,
doc-3.3,checked,Activity,mark,Activity,
doc-3.3,mark,Activity,who,Actor,
doc-3.3,mark,Activity,the claim,Activity Data,
doc-3.3,mark,Activity,as OK or Not OK,Further Specification,
doc-3.3,mark,Activity,If,XOR Gateway,
doc-3.3,If,XOR Gateway,the claim is marked as Not OK,Condition Specification,conditional
doc-3.3,If,XOR Gateway,If,XOR Gateway,
doc-3.3,the claim is marked as Not OK,Condition Specification,sent back,Activity,
doc-3.3,sent back,Activity,writes,Activity,
doc-3.3,sent back,Activity,it,Activity Data,
doc-3.3,sent back,Activity,the claims officer,Actor,
doc-3.3,If,XOR Gateway,the claim is OK,Condition Specification,conditional
doc-3.3,the claim is OK,Condition Specification,proceeds,Activity,
doc-3.3,proceeds,Activity,the claim handling process,Activity Data,
doc-3.1,sends,Activity,The party,Actor,
doc-3.1,sends,Activity,a warrant possession request,Activity Data,
doc-3.1,sends,Activity,receives,Activity,
doc-3.1,receives,Activity,The party,Actor,
doc-3.1,receives,Activity,The Client Service Back Office,Actor,
doc-3.1,receives,Activity,the request,Activity Data,
doc-3.1,receives,Activity,retrieves,Activity,
doc-3.1,retrieves,Activity,The Client Service Back Office,Actor,
doc-3.1,retrieves,Activity,the SCT file,Activity Data,
doc-3.1,retrieves,Activity,forwarded,Activity,
doc-3.1,forwarded,Activity,The Client Service Back Office,Actor,
doc-3.1,forwarded,Activity,the SCT Warrant Possession,Activity Data,
doc-3.1,forwarded,Activity,Queensland Police,Actor,
doc-3.1,forwarded,Activity,stored,Activity,
doc-3.1,stored,Activity,The SCT physical file,Activity Data,
doc-3.1,stored,Activity,the Back Office,Actor,
doc-3.1,stored,Activity,awaiting,Activity,
doc-3.1,awaiting,Activity,the Back Office,Actor,
doc-3.1,awaiting,Activity,a report,Activity Data,
doc-3.1,awaiting,Activity,to be sent by the Police,Further Specification,
doc-3.1,awaiting,Activity,received,Activity,
doc-3.1,received,Activity,the report,Activity Data,
doc-3.1,received,Activity,retrieved,Activity,
doc-3.1,retrieved,Activity,the Back Office,Actor,
doc-3.1,retrieved,Activity,the respective SCT file,Activity Data,
doc-3.1,retrieved,Activity,attaches,Activity,
doc-3.1,attaches,Activity,Back Office,Actor,
doc-3.1,attaches,Activity,the new SCT document,Activity Data,
doc-3.1,attaches,Activity,stores,Activity,
doc-3.1,stores,Activity,Back Office,Actor,
doc-3.1,stores,Activity,the expanded SCT physical file,Activity Data,
doc-3.1,stores,Activity,receives,Activity,
doc-3.1,receives,Activity,some other MC internal staff,Actor,
doc-3.1,receives,Activity,the physical SCT file,Activity Data,
doc-3.7,searched,Activity,The Police Report,Activity Data,
doc-3.7,searched,Activity,within the Police Report database,Further Specification,
doc-3.7,searched,Activity,put,Activity,
doc-3.7,put,Activity,The Police Report,Activity Data,
doc-3.7,put,Activity,in a file together with the Claim Documentation,Further Specification,
doc-3.7,put,Activity,calculates,Activity,
doc-3.7,calculates,Activity,who,Actor,
doc-3.7,calculates,Activity,an initial claim estimate,Activity Data,
doc-3.7,calculates,Activity,creates,Activity,
doc-3.7,creates,Activity,the claims handler,Actor,
doc-3.7,creates,Activity,an Action Plan,Activity Data,
doc-3.7,creates,Activity,negotiate,Activity,
doc-3.7,negotiate,Activity,a claims manager,Actor,
doc-3.7,negotiate,Activity,a settlement,Activity Data,
doc-3.7,negotiate,Activity,informed,Activity,
doc-3.7,informed,Activity,The claimant,Actor,
doc-3.7,informed,Activity,the outcome,Activity Data,
doc-10.11,requests,Activity,The GO,Actor,
doc-10.11,requests,Activity,the measurements,Activity Data,
doc-10.11,requests,Activity,the MSP,Actor,
doc-10.11,requests,Activity,checks,Activity,
doc-10.11,checks,Activity,The MSP,Actor,
doc-10.11,checks,Activity,the received request,Activity Data,
doc-10.11,checks,Activity,or,XOR Gateway,
doc-10.11,denies,Activity,The MSP,Actor,
doc-10.11,denies,Activity,the request of the GO,Activity Data,
doc-10.11,or,XOR Gateway,denies,Activity,conditional
doc-10.11,or,XOR Gateway,performs,Activity,conditional
doc-10.11,performs,Activity,the MSP,Actor,
doc-10.11,performs,Activity,the measurement,Activity Data,
doc-10.11,performs,Activity,or,XOR Gateway,
doc-10.11,informs,Activity,The MSP,Actor,
doc-10.11,informs,Activity,the GO,Actor,
doc-10.11,informs,Activity,about the failure of the reading,Activity Data,
doc-10.11,or,XOR Gateway,informs,Activity,conditional
doc-10.11,or,XOR Gateway,transmits,Activity,conditional
doc-10.11,transmits,Activity,the MSP,Actor,
doc-10.11,transmits,Activity,the measured values,Activity Data,
doc-10.11,transmits,Activity,the GO,Actor,
doc-10.11,transmits,Activity,processes,Activity,
doc-10.11,processes,Activity,The GO,Actor,
doc-10.11,processes,Activity,the measured values,Activity Data,
doc-10.11,processes,Activity,sends,Activity,
doc-10.11,sends,Activity,The GO,Actor,
doc-10.11,sends,Activity,the changed values,Activity Data,
doc-10.11,sends,Activity,the MSP,Actor,
doc-10.11,sends,Activity,transmit,Activity,
doc-10.11,transmit,Activity,The GO,Actor,
doc-10.11,transmit,Activity,the readings,Activity Data,
doc-10.11,transmit,Activity,the SP,Actor,
doc-5.4,purchases,Activity,An employee,Actor,
doc-5.4,purchases,Activity,a product or service,Activity Data,
doc-5.4,purchases,Activity,submits,Activity,
doc-5.4,submits,Activity,The employee,Actor,
doc-5.4,submits,Activity,an expense report,Activity Data,
doc-5.4,submits,Activity,reviews,Activity,
doc-5.4,reviews,Activity,A supervisor,Actor,
doc-5.4,reviews,Activity,the expense report,Activity Data,
doc-5.4,reviews,Activity,approves or rejects,Activity,
doc-5.4,approves or rejects,Activity,A supervisor,Actor,
doc-5.4,approves or rejects,Activity,the report,Activity Data,
doc-5.4,approves or rejects,Activity,If,XOR Gateway,
doc-5.4,If,XOR Gateway,the supervisor rejects the report,Condition Specification,conditional
doc-5.4,If,XOR Gateway,If,XOR Gateway,
doc-5.4,the supervisor rejects the report,Condition Specification,edit,Activity,
doc-5.4,edit,Activity,the employee,Actor,
doc-5.4,edit,Activity,it,Activity Data,
doc-5.4,If,XOR Gateway,the supervisor approves the report,Condition Specification,conditional
doc-5.4,the supervisor approves the report,Condition Specification,goes,Activity,
doc-5.4,goes,Activity,it,Activity Data,
doc-5.4,goes,Activity,the treasurer,Actor,
doc-5.4,goes,Activity,checks,Activity,
doc-5.4,checks,Activity,The treasurer,Actor,
doc-5.4,checks,Activity,the receipts,Activity Data,
doc-5.4,checks,Activity,If,XOR Gateway,
doc-5.4,If,XOR Gateway,all is in order,Condition Specification,conditional
doc-5.4,If,XOR Gateway,If,XOR Gateway,
doc-5.4,all is in order,Condition Specification,accepts,Activity,
doc-5.4,accepts,Activity,the treasurer,Actor,
doc-5.4,accepts,Activity,the expenses,Activity Data,
doc-5.4,accepts,Activity,confirmed,Activity,
doc-5.4,If,XOR Gateway,receipts are missing or do not match the report,Condition Specification,conditional
doc-5.4,receipts are missing or do not match the report,Condition Specification,sends,Activity,
doc-5.4,sends,Activity,he,Actor,
doc-5.4,sends,Activity,it,Activity Data,
doc-5.4,sends,Activity,the employee,Actor,
doc-5.4,confirmed,Activity,the payment,Activity Data,
doc-1.1,receives,Activity,the sales department,Actor,
doc-1.1,receives,Activity,an order,Activity Data,
doc-1.1,receives,Activity,or,XOR Gateway,
doc-1.1,reject,Activity,A member of the sales department,Actor,
doc-1.1,reject,Activity,the order,Activity Data,
doc-1.1,or,XOR Gateway,reject,Activity,conditional
doc-1.1,or,XOR Gateway,accept,Activity,conditional
doc-1.1,accept,Activity,A member of the sales department,Actor,
doc-1.1,accept,Activity,the order,Activity Data,
doc-1.1,accept,Activity,informed,Activity,
doc-1.1,informed,Activity,A member of the sales department,Actor,
doc-1.1,informed,Activity,the storehouse,Actor,
doc-1.1,informed,Activity,the engineering department,Actor,
doc-1.1,informed,Activity,In the meantime,AND Gateway,
doc-1.1,processes,Activity,The storehouse,Actor,
doc-1.1,processes,Activity,the part list of the order,Activity Data,
doc-1.1,processes,Activity,checks,Activity,
doc-1.1,checks,Activity,The storehouse,Actor,
doc-1.1,checks,Activity,the required quantity of each part,Activity Data,
doc-1.1,checks,Activity,If,XOR Gateway,
doc-1.1,If,XOR Gateway,the part is available in-house,Condition Specification,conditional
doc-1.1,If,XOR Gateway,If,XOR Gateway,
doc-1.1,the part is available in-house,Condition Specification,reserved,Activity,
doc-1.1,reserved,Activity,The storehouse,Actor,
doc-1.1,reserved,Activity,it,Activity Data,
doc-1.1,reserved,Activity,If,XOR Gateway,
doc-1.1,If,XOR Gateway,it is not available,Condition Specification,conditional
doc-1.1,it is not available,Condition Specification,back-ordered,Activity,
doc-1.1,back-ordered,Activity,The storehouse,Actor,
doc-1.1,back-ordered,Activity,it,Activity Data,
doc-1.1,back-ordered,Activity,If,XOR Gateway,
doc-1.1,In the meantime,AND Gateway,processes,Activity,conditional
doc-1.1,In the meantime,AND Gateway,prepares,Activity,conditional
doc-1.1,prepares,Activity,the engineering department,Actor,
doc-1.1,prepares,Activity,everything,Activity Data,
doc-1.1,prepares,Activity,If,XOR Gateway,
doc-1.1,If,XOR Gateway,the storehouse has successfully reserved or back-ordered every item of the part list,Condition Specification,conditional
doc-1.1,the storehouse has successfully reserved or back-ordered every item of the part list,Condition Specification,assembles,Activity,
doc-1.1,assembles,Activity,the engineering department,Actor,
doc-1.1,assembles,Activity,the bicycle,Activity Data,
doc-1.1,assembles,Activity,ships,Activity,
doc-1.1,ships,Activity,the sales department,Actor,
doc-1.1,ships,Activity,the bicycle,Activity Data,
doc-1.1,ships,Activity,the customer,Actor,
