model_id,source_node,source_type,target_node,target_type,condition
2003cy/Balmer-Decrement-CLEAR,2003cy/Balmer-Decrement-CLEAR,workflow_repo,astronomy-astrophysics,topic,
2003cy/Balmer-Decrement-CLEAR,2003cy/Balmer-Decrement-CLEAR,workflow_repo,galaxy,topic,
2003cy/Balmer-Decrement-CLEAR,2003cy/Balmer-Decrement-CLEAR,workflow_repo,galaxy-evolution,topic,
2003cy/Balmer-Decrement-CLEAR,2003cy/Balmer-Decrement-CLEAR,workflow_repo,hst,topic,
3D-Beacons/3d-beacons-client,3D-Beacons/3d-beacons-client,workflow_repo,biohackeu20,topic,
3D-Beacons/3d-beacons-client,3D-Beacons/3d-beacons-client,workflow_repo,python,topic,
3d-omics/ht_quant,3d-omics/ht_quant,workflow_repo,pipeline,topic,
3d-omics/mg_quant,3d-omics/mg_quant,workflow_repo,pipeline,topic,
AAFC-Bioinfo-AAC/metagenomics-snakemake,AAFC-Bioinfo-AAC/metagenomics-snakemake,workflow_repo,metagenomics-pipeline,topic,
AAFC-Bioinfo-AAC/metagenomics-snakemake,AAFC-Bioinfo-AAC/metagenomics-snakemake,workflow_repo,snakemake-workflow,topic,
AAFC-Bioinfo-AAC/metatranscriptomics-snakemake,AAFC-Bioinfo-AAC/metatranscriptomics-snakemake,workflow_repo,metatranscriptomics,topic,
AAFC-Bioinfo-AAC/metatranscriptomics-snakemake,AAFC-Bioinfo-AAC/metatranscriptomics-snakemake,workflow_repo,snakemake-workflow,topic,
ACTN3Bioinformatics/VCC-project,ACTN3Bioinformatics/VCC-project,workflow_repo,bioinformatics,topic,
ACTN3Bioinformatics/VCC-project,ACTN3Bioinformatics/VCC-project,workflow_repo,bioinformatics-analysis,topic,
ACTN3Bioinformatics/VCC-project,ACTN3Bioinformatics/VCC-project,workflow_repo,bioinformatics-pipeline,topic,
ACTN3Bioinformatics/VCC-project,ACTN3Bioinformatics/VCC-project,workflow_repo,crispr,topic,
ACTN3Bioinformatics/VCC-project,ACTN3Bioinformatics/VCC-project,workflow_repo,ngs,topic,
ACTN3Bioinformatics/VCC-project,ACTN3Bioinformatics/VCC-project,workflow_repo,ngs-pipeline,topic,
ACTN3Bioinformatics/VCC-project,ACTN3Bioinformatics/VCC-project,workflow_repo,perturb-seq,topic,
ACTN3Bioinformatics/VCC-project,ACTN3Bioinformatics/VCC-project,workflow_repo,perturbation,topic,
ACTN3Bioinformatics/VCC-project,ACTN3Bioinformatics/VCC-project,workflow_repo,rna-seq,topic,
ACTN3Bioinformatics/VCC-project,ACTN3Bioinformatics/VCC-project,workflow_repo,scrna-seq,topic,
ACTN3Bioinformatics/VCC-project,ACTN3Bioinformatics/VCC-project,workflow_repo,single-cell,topic,
ACTN3Bioinformatics/VCC-project,ACTN3Bioinformatics/VCC-project,workflow_repo,single-cell-rna-seq,topic,
ACTN3Bioinformatics/VCC-project,ACTN3Bioinformatics/VCC-project,workflow_repo,snakemake,topic,
ACTN3Bioinformatics/VCC-project,ACTN3Bioinformatics/VCC-project,workflow_repo,fair-principles,topic,
AU-ENVS-Bioinformatics/TotalRNA-Snakemake,AU-ENVS-Bioinformatics/TotalRNA-Snakemake,workflow_repo,metatranscriptomic-pipeline,topic,
AU-ENVS-Bioinformatics/TotalRNA-Snakemake,AU-ENVS-Bioinformatics/TotalRNA-Snakemake,workflow_repo,metatranscriptomics,topic,
AU-ENVS-Bioinformatics/TotalRNA-Snakemake,AU-ENVS-Bioinformatics/TotalRNA-Snakemake,workflow_repo,snakemake-workflow,topic,
AU-ENVS-Bioinformatics/TotalRNA-Snakemake,AU-ENVS-Bioinformatics/TotalRNA-Snakemake,workflow_repo,bio/bwa/index,wrapper,
AU-ENVS-Bioinformatics/TotalRNA-Snakemake,AU-ENVS-Bioinformatics/TotalRNA-Snakemake,workflow_repo,bio/multiqc,wrapper,
AU-ENVS-Bioinformatics/TotalRNA-Snakemake,AU-ENVS-Bioinformatics/TotalRNA-Snakemake,workflow_repo,bio/samtools/idxstats,wrapper,
AU-ENVS-Bioinformatics/TotalRNA-Snakemake,AU-ENVS-Bioinformatics/TotalRNA-Snakemake,workflow_repo,bio/samtools/index,wrapper,
AU-ENVS-Bioinformatics/TotalRNA-Snakemake,AU-ENVS-Bioinformatics/TotalRNA-Snakemake,workflow_repo,bio/trim_galore/pe,wrapper,
AU-ENVS-Bioinformatics/TotalRNA-Snakemake,AU-ENVS-Bioinformatics/TotalRNA-Snakemake,workflow_repo,bio/trinity,wrapper,
AaronFeller/Cinful_v2,AaronFeller/Cinful_v2,workflow_repo,antimicrobial-peptides,topic,
AaronFeller/Cinful_v2,AaronFeller/Cinful_v2,workflow_repo,bacterial-genome-analysis,topic,
AaronFeller/Cinful_v2,AaronFeller/Cinful_v2,workflow_repo,bioinformatics-pipeline,topic,
AaronFeller/Cinful_v2,AaronFeller/Cinful_v2,workflow_repo,blast,topic,
AaronFeller/Cinful_v2,AaronFeller/Cinful_v2,workflow_repo,hidden-markov-model,topic,
AaronFeller/Cinful_v2,AaronFeller/Cinful_v2,workflow_repo,hmm,topic,
AaronFeller/Cinful_v2,AaronFeller/Cinful_v2,workflow_repo,hmmer,topic,
AaronFeller/Cinful_v2,AaronFeller/Cinful_v2,workflow_repo,hmmer3,topic,
AaronFeller/Cinful_v2,AaronFeller/Cinful_v2,workflow_repo,search,topic,
AaronFeller/Cinful_v2,AaronFeller/Cinful_v2,workflow_repo,microcin,topic,
AbdelrahmanYahia/wes_gatk,AbdelrahmanYahia/wes_gatk,workflow_repo,bioinformatics,topic,
AbdelrahmanYahia/wes_gatk,AbdelrahmanYahia/wes_gatk,workflow_repo,bioinformatics-pipeline,topic,
AbdelrahmanYahia/wes_gatk,AbdelrahmanYahia/wes_gatk,workflow_repo,cli,topic,
AbdelrahmanYahia/wes_gatk,AbdelrahmanYahia/wes_gatk,workflow_repo,ngs-analysis,topic,
AbdelrahmanYahia/wes_gatk,AbdelrahmanYahia/wes_gatk,workflow_repo,ngs-pipeline,topic,
AbdelrahmanYahia/wes_gatk,AbdelrahmanYahia/wes_gatk,workflow_repo,python3,topic,
AbdelrahmanYahia/wes_gatk,AbdelrahmanYahia/wes_gatk,workflow_repo,gatk-bestpractices,topic,
AbdelrahmanYahia/wes_gatk,AbdelrahmanYahia/wes_gatk,workflow_repo,genomics,topic,
AbdelrahmanYahia/wes_gatk,AbdelrahmanYahia/wes_gatk,workflow_repo,snakemake,topic,
AbdelrahmanYahia/wes_gatk,AbdelrahmanYahia/wes_gatk,workflow_repo,snakemake-workflow,topic,
AbdelrahmanYahia/wes_gatk,AbdelrahmanYahia/wes_gatk,workflow_repo,wes,topic,
AlejandroAb/CASCABEL,AlejandroAb/CASCABEL,workflow_repo,amplicon-sequence-analysis,topic,
AlejandroAb/CASCABEL,AlejandroAb/CASCABEL,workflow_repo,snakemake,topic,
AlejandroAb/CASCABEL,AlejandroAb/CASCABEL,workflow_repo,illumina-sequencing,topic,
AlejandroAb/CASCABEL,AlejandroAb/CASCABEL,workflow_repo,pipeline,topic,
AlejandroAb/CASCABEL,AlejandroAb/CASCABEL,workflow_repo,otu-table,topic,
AlejandroAb/CASCABEL,AlejandroAb/CASCABEL,workflow_repo,utils/datavzrd,wrapper,
AlessiaMarotta/memod-s,AlessiaMarotta/memod-s,workflow_repo,bacteria,topic,
AlessiaMarotta/memod-s,AlessiaMarotta/memod-s,workflow_repo,bioinformatics,topic,
AlessiaMarotta/memod-s,AlessiaMarotta/memod-s,workflow_repo,epigenomics,topic,
AlessiaMarotta/memod-s,AlessiaMarotta/memod-s,workflow_repo,methylation,topic,
AlessiaMarotta/memod-s,AlessiaMarotta/memod-s,workflow_repo,microbiology,topic,
AlessiaMarotta/memod-s,AlessiaMarotta/memod-s,workflow_repo,snakemake,topic,
AngryMaciek/snakemake_deeptools,AngryMaciek/snakemake_deeptools,workflow_repo,snakemake-pipeline,topic,
AngryMaciek/snakemake_deeptools,AngryMaciek/snakemake_deeptools,workflow_repo,rna-seq,topic,
AngryMaciek/snakemake_vast_tools,AngryMaciek/snakemake_vast_tools,workflow_repo,snakemake-pipeline,topic,
AngryMaciek/snakemake_vast_tools,AngryMaciek/snakemake_vast_tools,workflow_repo,rna-seq,topic,
AngryMaciek/snakemake_vast_tools,AngryMaciek/snakemake_vast_tools,workflow_repo,alternative-splicing,topic,
AngryMaciek/warlock,AngryMaciek/warlock,workflow_repo,mathematical-modelling,topic,
AngryMaciek/warlock,AngryMaciek/warlock,workflow_repo,oncology,topic,
AngryMaciek/warlock,AngryMaciek/warlock,workflow_repo,simulations,topic,
AngryMaciek/warlock,AngryMaciek/warlock,workflow_repo,applied-mathematics,topic,
AngryMaciek/warlock,AngryMaciek/warlock,workflow_repo,snakemake,topic,
AngryMaciek/warlock,AngryMaciek/warlock,workflow_repo,snakemake-workflow,topic,
AngryMaciek/warlock,AngryMaciek/warlock,workflow_repo,tumor,topic,
AngryMaciek/warlock,AngryMaciek/warlock,workflow_repo,tumor-evolution,topic,
AnneSoBen/obitools_workflow,AnneSoBen/obitools_workflow,workflow_repo,edna,topic,
AnneSoBen/obitools_workflow,AnneSoBen/obitools_workflow,workflow_repo,metabarcoding,topic,
AnneSoBen/obitools_workflow,AnneSoBen/obitools_workflow,workflow_repo,bioinformatics-pipeline,topic,
AnneSoBen/obitools_workflow,AnneSoBen/obitools_workflow,workflow_repo,edna-pipeline,topic,
Antonioyao88/my_quaich_analysis,Antonioyao88/my_quaich_analysis,workflow_repo,bio/coolpuppy,wrapper,
Antonioyao88/my_quaich_analysis,Antonioyao88/my_quaich_analysis,workflow_repo,bio/cooltools/dots,wrapper,
Antonioyao88/my_quaich_analysis,Antonioyao88/my_quaich_analysis,workflow_repo,bio/cooltools/eigs_cis,wrapper,
Antonioyao88/my_quaich_analysis,Antonioyao88/my_quaich_analysis,workflow_repo,bio/cooltools/eigs_trans,wrapper,
Antonioyao88/my_quaich_analysis,Antonioyao88/my_quaich_analysis,workflow_repo,bio/cooltools/expected_cis,wrapper,
Antonioyao88/my_quaich_analysis,Antonioyao88/my_quaich_analysis,workflow_repo,bio/cooltools/expected_trans,wrapper,
Antonioyao88/my_quaich_analysis,Antonioyao88/my_quaich_analysis,workflow_repo,bio/cooltools/insulation,wrapper,
Antonioyao88/my_quaich_analysis,Antonioyao88/my_quaich_analysis,workflow_repo,bio/cooltools/saddle,wrapper,
Biochemistry1-FFM/uORF-Tools,Biochemistry1-FFM/uORF-Tools,workflow_repo,bioinformatics,topic,
Biochemistry1-FFM/uORF-Tools,Biochemistry1-FFM/uORF-Tools,workflow_repo,high-throughput-sequencing,topic,
Biochemistry1-FFM/uORF-Tools,Biochemistry1-FFM/uORF-Tools,workflow_repo,snakemake,topic,
Biochemistry1-FFM/uORF-Tools,Biochemistry1-FFM/uORF-Tools,workflow_repo,ribosome-profiling,topic,
Bioinflows-Bioversity-CIAT/ont-target-dna-variant-calling,Bioinflows-Bioversity-CIAT/ont-target-dna-variant-calling,workflow_repo,bio/bcftools/concat,wrapper,
Bioinflows-Bioversity-CIAT/ont-target-dna-variant-calling,Bioinflows-Bioversity-CIAT/ont-target-dna-variant-calling,workflow_repo,bio/gatk/combinegvcfs,wrapper,
Bioinflows-Bioversity-CIAT/ont-target-dna-variant-calling,Bioinflows-Bioversity-CIAT/ont-target-dna-variant-calling,workflow_repo,bio/gatk/genomicsdbimport,wrapper,
Bioinflows-Bioversity-CIAT/ont-target-dna-variant-calling,Bioinflows-Bioversity-CIAT/ont-target-dna-variant-calling,workflow_repo,bio/gatk/genotypegvcfs,wrapper,
Bioinflows-Bioversity-CIAT/ont-target-dna-variant-calling,Bioinflows-Bioversity-CIAT/ont-target-dna-variant-calling,workflow_repo,bio/gatk/haplotypecaller,wrapper,
Bioinflows-Bioversity-CIAT/ont-target-dna-variant-calling,Bioinflows-Bioversity-CIAT/ont-target-dna-variant-calling,workflow_repo,bio/picard/createsequencedictionary,wrapper,
Bioinflows-Bioversity-CIAT/ont-target-dna-variant-calling,Bioinflows-Bioversity-CIAT/ont-target-dna-variant-calling,workflow_repo,bio/samtools/faidx,wrapper,
CCBR/CARLISLE,CCBR/CARLISLE,workflow_repo,pipeline,topic,
CCBR/CARLISLE,CCBR/CARLISLE,workflow_repo,workflow,topic,
CCBR/CCBR_SnakemakeTemplate,CCBR/CCBR_SnakemakeTemplate,workflow_repo,snakemake,topic,
CCBR/CCBR_SnakemakeTemplate,CCBR/CCBR_SnakemakeTemplate,workflow_repo,techdev,topic,
CCBR/CCBR_SnakemakeTemplate,CCBR/CCBR_SnakemakeTemplate,workflow_repo,templates,topic,
CCBR/CCBR_circRNA_AmpliconSeq,CCBR/CCBR_circRNA_AmpliconSeq,workflow_repo,snakemake-workflow,topic,
CCBR/CCBR_circRNA_AmpliconSeq,CCBR/CCBR_circRNA_AmpliconSeq,workflow_repo,amplicon-sequencing,topic,
CCBR/CCBR_circRNA_AmpliconSeq,CCBR/CCBR_circRNA_AmpliconSeq,workflow_repo,amplicon-pipeline,topic,
CCBR/CCBR_circRNA_AmpliconSeq,CCBR/CCBR_circRNA_AmpliconSeq,workflow_repo,circrna,topic,
CCBR/CCBR_circRNA_AmpliconSeq,CCBR/CCBR_circRNA_AmpliconSeq,workflow_repo,circrna-pipeline,topic,
CCBR/CHARLIE,CCBR/CHARLIE,workflow_repo,circrna,topic,
CCBR/CHARLIE,CCBR/CHARLIE,workflow_repo,circularrna-detection,topic,
CCBR/CHARLIE,CCBR/CHARLIE,workflow_repo,ngs-analysis,topic,
CCBR/CHARLIE,CCBR/CHARLIE,workflow_repo,ngs-pipeline,topic,
CLHM-TMU/master-repo,CLHM-TMU/master-repo,workflow_repo,microbiome,topic,
CLHM-TMU/master-repo,CLHM-TMU/master-repo,workflow_repo,next-generation-sequencing,topic,
CLHM-TMU/master-repo,CLHM-TMU/master-repo,workflow_repo,third-generation-sequencing,topic,
CNRGH/LodSeq,CNRGH/LodSeq,workflow_repo,genetic-linkage-analysis,topic,
CVUA-RRW/FooDMe,CVUA-RRW/FooDMe,workflow_repo,ngs,topic,
CVUA-RRW/FooDMe,CVUA-RRW/FooDMe,workflow_repo,ngs-pipeline,topic,
CVUA-RRW/FooDMe,CVUA-RRW/FooDMe,workflow_repo,metabarcoding,topic,
CVUA-RRW/FooDMe,CVUA-RRW/FooDMe,workflow_repo,targeted-sequencing,topic,
CVUA-RRW/FooDMe,CVUA-RRW/FooDMe,workflow_repo,snakemake,topic,
CVUA-RRW/FooDMe,CVUA-RRW/FooDMe,workflow_repo,food-monitoring,topic,
CVUA-RRW/FooDMe,CVUA-RRW/FooDMe,workflow_repo,public-health,topic,
CVUA-RRW/FooDMe,CVUA-RRW/FooDMe,workflow_repo,food-authenticity,topic,
CVUA-RRW/FooDMe,CVUA-RRW/FooDMe,workflow_repo,workflow,topic,
CVUA-RRW/FooDMe,CVUA-RRW/FooDMe,workflow_repo,pipeline,topic,
CVUA-RRW/FooDMe,CVUA-RRW/FooDMe,workflow_repo,bioinformatics,topic,
CarolinaPB/WUR_mapping-variant-calling,CarolinaPB/WUR_mapping-variant-calling,workflow_repo,pipeline,topic,
CarolinaPB/WUR_mapping-variant-calling,CarolinaPB/WUR_mapping-variant-calling,workflow_repo,snakemake,topic,
CarolinaPB/WUR_mapping-variant-calling,CarolinaPB/WUR_mapping-variant-calling,workflow_repo,snakemake-pipeline,topic,
CarolinaPB/WUR_mapping-variant-calling,CarolinaPB/WUR_mapping-variant-calling,workflow_repo,short-reads,topic,
CarolinaPB/WUR_mapping-variant-calling,CarolinaPB/WUR_mapping-variant-calling,workflow_repo,mapping,topic,
CarolinaPB/WUR_mapping-variant-calling,CarolinaPB/WUR_mapping-variant-calling,workflow_repo,freebayes,topic,
CarolinaPB/WUR_mapping-variant-calling,CarolinaPB/WUR_mapping-variant-calling,workflow_repo,variant-calling,topic,
CarolinaPB/gbs-genetic-fitness,CarolinaPB/gbs-genetic-fitness,workflow_repo,gbs,topic,
CarolinaPB/gbs-genetic-fitness,CarolinaPB/gbs-genetic-fitness,workflow_repo,scaffolding,topic,
CarolinaPB/gbs-genetic-fitness,CarolinaPB/gbs-genetic-fitness,workflow_repo,bioinformatics,topic,
CarolinaPB/gbs-genetic-fitness,CarolinaPB/gbs-genetic-fitness,workflow_repo,pipeline,topic,
CarolinaPB/gbs-genetic-fitness,CarolinaPB/gbs-genetic-fitness,workflow_repo,snakemake,topic,
CarolinaPB/gbs-genetic-fitness,CarolinaPB/gbs-genetic-fitness,workflow_repo,snakemake-pipeline,topic,
CarolinaPB/gbs-genetic-fitness,CarolinaPB/gbs-genetic-fitness,workflow_repo,genotyping-by-sequencing,topic,
CarolinaPB/nanopore-assembly,CarolinaPB/nanopore-assembly,workflow_repo,bioinformatics,topic,
CarolinaPB/nanopore-assembly,CarolinaPB/nanopore-assembly,workflow_repo,genomics,topic,
CarolinaPB/nanopore-assembly,CarolinaPB/nanopore-assembly,workflow_repo,nanopore,topic,
CarolinaPB/nanopore-assembly,CarolinaPB/nanopore-assembly,workflow_repo,nanopore-analysis-pipeline,topic,
CarolinaPB/nanopore-assembly,CarolinaPB/nanopore-assembly,workflow_repo,snakemake,topic,
CarolinaPB/nanopore-assembly,CarolinaPB/nanopore-assembly,workflow_repo,nanopore-assembly,topic,
CarolinaPB/nanopore-assembly,CarolinaPB/nanopore-assembly,workflow_repo,variant-calling,topic,
CarolinaPB/population-mapping,CarolinaPB/population-mapping,workflow_repo,pipelines,topic,
CarolinaPB/population-mapping,CarolinaPB/population-mapping,workflow_repo,bioinformatics,topic,
CarolinaPB/population-mapping,CarolinaPB/population-mapping,workflow_repo,bioinformatics-pipeline,topic,
CarolinaPB/population-mapping,CarolinaPB/population-mapping,workflow_repo,snakemake-pipeline,topic,
CarolinaPB/population-mapping,CarolinaPB/population-mapping,workflow_repo,mapping,topic,
CarolinaPB/population-structural-var-calling-smoove,CarolinaPB/population-structural-var-calling-smoove,workflow_repo,bioinformatics,topic,
CarolinaPB/population-structural-var-calling-smoove,CarolinaPB/population-structural-var-calling-smoove,workflow_repo,pipeline,topic,
CarolinaPB/population-structural-var-calling-smoove,CarolinaPB/population-structural-var-calling-smoove,workflow_repo,snakemake,topic,
CarolinaPB/population-structural-var-calling-smoove,CarolinaPB/population-structural-var-calling-smoove,workflow_repo,snakemake-pipeline,topic,
CarolinaPB/population-structural-var-calling-smoove,CarolinaPB/population-structural-var-calling-smoove,workflow_repo,structural-variation,topic,
CarolinaPB/population-structural-var-calling-smoove,CarolinaPB/population-structural-var-calling-smoove,workflow_repo,structural-variation-calling,topic,
CarolinaPB/population-structural-var-calling-smoove,CarolinaPB/population-structural-var-calling-smoove,workflow_repo,smoove,topic,
CarolinaPB/population-structural-var-calling-smoove,CarolinaPB/population-structural-var-calling-smoove,workflow_repo,vep,topic,
CarolinaPB/population-structural-var-calling-smoove,CarolinaPB/population-structural-var-calling-smoove,workflow_repo,plink,topic,
CarolinaPB/population-structural-var-calling-smoove,CarolinaPB/population-structural-var-calling-smoove,workflow_repo,survivor,topic,
ClavelLab/genome-assembly,ClavelLab/genome-assembly,workflow_repo,bacterial-genomes,topic,
ClavelLab/genome-assembly,ClavelLab/genome-assembly,workflow_repo,genome-assembly,topic,
ClavelLab/genome-assembly,ClavelLab/genome-assembly,workflow_repo,snakemake,topic,
ClavelLab/genome-assembly,ClavelLab/genome-assembly,workflow_repo,snakemake-workflows,topic,
Crollo95/survhive-workflow,Crollo95/survhive-workflow,workflow_repo,benchmarking,topic,
Crollo95/survhive-workflow,Crollo95/survhive-workflow,workflow_repo,machine-learning,topic,
Crollo95/survhive-workflow,Crollo95/survhive-workflow,workflow_repo,snakemake,topic,
Crollo95/survhive-workflow,Crollo95/survhive-workflow,workflow_repo,survival-analysis,topic,
Crollo95/survhive-workflow,Crollo95/survhive-workflow,workflow_repo,survhive,topic,
D-Cru/Macroconf,D-Cru/Macroconf,workflow_repo,amber,topic,
D-Cru/Macroconf,D-Cru/Macroconf,workflow_repo,molecular-dynamics,topic,
D-Cru/Macroconf,D-Cru/Macroconf,workflow_repo,nmr-spectroscopy,topic,
D-Cru/Macroconf,D-Cru/Macroconf,workflow_repo,snakemake,topic,
D-Cru/Macroconf,D-Cru/Macroconf,workflow_repo,cyclic-peptides,topic,
DarwinAwardWinner/CD4-csaw,DarwinAwardWinner/CD4-csaw,workflow_repo,r,topic,
DarwinAwardWinner/CD4-csaw,DarwinAwardWinner/CD4-csaw,workflow_repo,bioinformatics-pipeline,topic,
DarwinAwardWinner/CD4-csaw,DarwinAwardWinner/CD4-csaw,workflow_repo,reproducible-research,topic,
DarwinAwardWinner/CD4-csaw,DarwinAwardWinner/CD4-csaw,workflow_repo,rna-seq,topic,
DarwinAwardWinner/CD4-csaw,DarwinAwardWinner/CD4-csaw,workflow_repo,chip-seq,topic,
DarwinAwardWinner/CD4-csaw,DarwinAwardWinner/CD4-csaw,workflow_repo,bioconductor,topic,
DavideBrex/SpikeFlow,DavideBrex/SpikeFlow,workflow_repo,bioinformatics,topic,
DavideBrex/SpikeFlow,DavideBrex/SpikeFlow,workflow_repo,bioinformatics-pipeline,topic,
DavideBrex/SpikeFlow,DavideBrex/SpikeFlow,workflow_repo,chip-seq,topic,
DavideBrex/SpikeFlow,DavideBrex/SpikeFlow,workflow_repo,normalisation,topic,
DavideBrex/SpikeFlow,DavideBrex/SpikeFlow,workflow_repo,snakemake,topic,
DavideBrex/SpikeFlow,DavideBrex/SpikeFlow,workflow_repo,snakemake-workflows,topic,
DavideBrex/SpikeFlow,DavideBrex/SpikeFlow,workflow_repo,spike-ins,topic,
Daylily-Informatics/day-rsem-star,Daylily-Informatics/day-rsem-star,workflow_repo,bio/bwa/index,wrapper,
Daylily-Informatics/day-rsem-star,Daylily-Informatics/day-rsem-star,workflow_repo,bio/cutadapt/pe,wrapper,
Daylily-Informatics/day-rsem-star,Daylily-Informatics/day-rsem-star,workflow_repo,bio/cutadapt/se,wrapper,
Daylily-Informatics/day-rsem-star,Daylily-Informatics/day-rsem-star,workflow_repo,bio/multiqc,wrapper,
Daylily-Informatics/day-rsem-star,Daylily-Informatics/day-rsem-star,workflow_repo,bio/reference/ensembl-annotation,wrapper,
Daylily-Informatics/day-rsem-star,Daylily-Informatics/day-rsem-star,workflow_repo,bio/reference/ensembl-sequence,wrapper,
Daylily-Informatics/day-rsem-star,Daylily-Informatics/day-rsem-star,workflow_repo,bio/samtools/faidx,wrapper,
Daylily-Informatics/day-rsem-star,Daylily-Informatics/day-rsem-star,workflow_repo,bio/sra-tools/fasterq-dump,wrapper,
Daylily-Informatics/day-rsem-star,Daylily-Informatics/day-rsem-star,workflow_repo,bio/star/index,wrapper,
Daylily-Informatics/daylily-ephemeral-cluster,Daylily-Informatics/daylily-ephemeral-cluster,workflow_repo,aws,topic,
Daylily-Informatics/daylily-ephemeral-cluster,Daylily-Informatics/daylily-ephemeral-cluster,workflow_repo,bioinformatics,topic,
Daylily-Informatics/daylily-ephemeral-cluster,Daylily-Informatics/daylily-ephemeral-cluster,workflow_repo,bioinformatics-pipeline,topic,
Daylily-Informatics/daylily-ephemeral-cluster,Daylily-Informatics/daylily-ephemeral-cluster,workflow_repo,ec2,topic,
Daylily-Informatics/daylily-ephemeral-cluster,Daylily-Informatics/daylily-ephemeral-cluster,workflow_repo,ngs,topic,
Daylily-Informatics/daylily-ephemeral-cluster,Daylily-Informatics/daylily-ephemeral-cluster,workflow_repo,wgs,topic,
Daylily-Informatics/daylily-ephemeral-cluster,Daylily-Informatics/daylily-ephemeral-cluster,workflow_repo,giab,topic,
Daylily-Informatics/daylily-ephemeral-cluster,Daylily-Informatics/daylily-ephemeral-cluster,workflow_repo,ephemeral,topic,
Daylily-Informatics/daylily-ephemeral-cluster,Daylily-Informatics/daylily-ephemeral-cluster,workflow_repo,scaling,topic,
Daylily-Informatics/daylily-ephemeral-cluster,Daylily-Informatics/daylily-ephemeral-cluster,workflow_repo,budgeting,topic,
Daylily-Informatics/daylily-ephemeral-cluster,Daylily-Informatics/daylily-ephemeral-cluster,workflow_repo,genomic-data-analysis,topic,
Daylily-Informatics/daylily-ephemeral-cluster,Daylily-Informatics/daylily-ephemeral-cluster,workflow_repo,human-genome,topic,
Daylily-Informatics/daylily-ephemeral-cluster,Daylily-Informatics/daylily-ephemeral-cluster,workflow_repo,informatics,topic,
Daylily-Informatics/daylily-ephemeral-cluster,Daylily-Informatics/daylily-ephemeral-cluster,workflow_repo,scalable,topic,
Daylily-Informatics/daylily-ephemeral-cluster,Daylily-Informatics/daylily-ephemeral-cluster,workflow_repo,slurm,topic,
Daylily-Informatics/daylily-ephemeral-cluster,Daylily-Informatics/daylily-ephemeral-cluster,workflow_repo,snv-call,topic,
Daylily-Informatics/daylily-ephemeral-cluster,Daylily-Informatics/daylily-ephemeral-cluster,workflow_repo,cwl,topic,
Daylily-Informatics/daylily-ephemeral-cluster,Daylily-Informatics/daylily-ephemeral-cluster,workflow_repo,aws-parallel-cluster,topic,
Daylily-Informatics/daylily-ephemeral-cluster,Daylily-Informatics/daylily-ephemeral-cluster,workflow_repo,aws-parallelcluster,topic,
Daylily-Informatics/daylily-omics-analysis,Daylily-Informatics/daylily-omics-analysis,workflow_repo,aws-spot,topic,
Daylily-Informatics/daylily-omics-analysis,Daylily-Informatics/daylily-omics-analysis,workflow_repo,cnv,topic,
Daylily-Informatics/daylily-omics-analysis,Daylily-Informatics/daylily-omics-analysis,workflow_repo,fsx-lustre,topic,
Daylily-Informatics/daylily-omics-analysis,Daylily-Informatics/daylily-omics-analysis,workflow_repo,illumina,topic,
Daylily-Informatics/daylily-omics-analysis,Daylily-Informatics/daylily-omics-analysis,workflow_repo,ngs,topic,
Daylily-Informatics/daylily-omics-analysis,Daylily-Informatics/daylily-omics-analysis,workflow_repo,ont,topic,
Daylily-Informatics/daylily-omics-analysis,Daylily-Informatics/daylily-omics-analysis,workflow_repo,pacbio,topic,
Daylily-Informatics/daylily-omics-analysis,Daylily-Informatics/daylily-omics-analysis,workflow_repo,qc,topic,
Daylily-Informatics/daylily-omics-analysis,Daylily-Informatics/daylily-omics-analysis,workflow_repo,snakemake,topic,
Daylily-Informatics/daylily-omics-analysis,Daylily-Informatics/daylily-omics-analysis,workflow_repo,snv,topic,
Daylily-Informatics/daylily-omics-analysis,Daylily-Informatics/daylily-omics-analysis,workflow_repo,sv,topic,
Daylily-Informatics/daylily-omics-analysis,Daylily-Informatics/daylily-omics-analysis,workflow_repo,wgs,topic,
DonczewLab/fastq2EZbakR_EnvMods,DonczewLab/fastq2EZbakR_EnvMods,workflow_repo,bio/fastp,wrapper,
DustinMathia/aradopsis-drive,DustinMathia/aradopsis-drive,workflow_repo,bio/fastqc,wrapper,
DustinMathia/aradopsis-drive,DustinMathia/aradopsis-drive,workflow_repo,bio/multiqc,wrapper,
ESR-NZ/human_genomics_pipeline,ESR-NZ/human_genomics_pipeline,workflow_repo,pipeline,topic,
ESR-NZ/human_genomics_pipeline,ESR-NZ/human_genomics_pipeline,workflow_repo,genomics,topic,
ESR-NZ/human_genomics_pipeline,ESR-NZ/human_genomics_pipeline,workflow_repo,nvidia-clara-parabricks,topic,
ESR-NZ/human_genomics_pipeline,ESR-NZ/human_genomics_pipeline,workflow_repo,nvidia-gpu,topic,
ESR-NZ/human_genomics_pipeline,ESR-NZ/human_genomics_pipeline,workflow_repo,snakemake-pipeline,topic,
ESR-NZ/human_genomics_pipeline,ESR-NZ/human_genomics_pipeline,workflow_repo,gatk4,topic,
ESR-NZ/human_genomics_pipeline,ESR-NZ/human_genomics_pipeline,workflow_repo,gatk-bestpractices,topic,
ESR-NZ/human_genomics_pipeline,ESR-NZ/human_genomics_pipeline,workflow_repo,illumina,topic,
ESR-NZ/human_genomics_pipeline,ESR-NZ/human_genomics_pipeline,workflow_repo,exome-pipeline,topic,
ESR-NZ/human_genomics_pipeline,ESR-NZ/human_genomics_pipeline,workflow_repo,cohort-analysis,topic,
ESR-NZ/vcf_annotation_pipeline,ESR-NZ/vcf_annotation_pipeline,workflow_repo,vcf,topic,
ESR-NZ/vcf_annotation_pipeline,ESR-NZ/vcf_annotation_pipeline,workflow_repo,annotation-tool,topic,
ESR-NZ/vcf_annotation_pipeline,ESR-NZ/vcf_annotation_pipeline,workflow_repo,genomics,topic,
ESR-NZ/vcf_annotation_pipeline,ESR-NZ/vcf_annotation_pipeline,workflow_repo,bioinformatics-pipeline,topic,
ESR-NZ/vcf_annotation_pipeline,ESR-NZ/vcf_annotation_pipeline,workflow_repo,snakemake-pipeline,topic,
EloiseIsobelPearce/snakemake-example,EloiseIsobelPearce/snakemake-example,workflow_repo,bio/fastqc,wrapper,
EloiseIsobelPearce/snakemake-example,EloiseIsobelPearce/snakemake-example,workflow_repo,bio/multiqc,wrapper,
EuracBiomedicalResearch/prs_pipeline,EuracBiomedicalResearch/prs_pipeline,workflow_repo,bioinformatics-pipeline,topic,
EuracBiomedicalResearch/prs_pipeline,EuracBiomedicalResearch/prs_pipeline,workflow_repo,genetics,topic,
EuracBiomedicalResearch/prs_pipeline,EuracBiomedicalResearch/prs_pipeline,workflow_repo,polygenic-risk-scores,topic,
EvoDevoGenomics-UB/CORAL,EvoDevoGenomics-UB/CORAL,workflow_repo,genome-annotation,topic,
EvoDevoGenomics-UB/CORAL,EvoDevoGenomics-UB/CORAL,workflow_repo,genomics,topic,
EvoDevoGenomics-UB/CORAL,EvoDevoGenomics-UB/CORAL,workflow_repo,long-read-alignment,topic,
FeelLiao/rna-seq-std,FeelLiao/rna-seq-std,workflow_repo,rna-seq,topic,
FeelLiao/rna-seq-std,FeelLiao/rna-seq-std,workflow_repo,rna-seq-analysis,topic,
FeelLiao/rna-seq-std,FeelLiao/rna-seq-std,workflow_repo,snakemake,topic,
FilipeFerreiraSantos/Annotation_challenge,FilipeFerreiraSantos/Annotation_challenge,workflow_repo,bioinformatics,topic,
FilipeFerreiraSantos/Annotation_challenge,FilipeFerreiraSantos/Annotation_challenge,workflow_repo,docker,topic,
FilipeFerreiraSantos/Annotation_challenge,FilipeFerreiraSantos/Annotation_challenge,workflow_repo,flask,topic,
FilipeFerreiraSantos/Annotation_challenge,FilipeFerreiraSantos/Annotation_challenge,workflow_repo,github,topic,
FilipeFerreiraSantos/Annotation_challenge,FilipeFerreiraSantos/Annotation_challenge,workflow_repo,pipeline,topic,
FilipeFerreiraSantos/Annotation_challenge,FilipeFerreiraSantos/Annotation_challenge,workflow_repo,snakemake,topic,
FilipeFerreiraSantos/Annotation_challenge,FilipeFerreiraSantos/Annotation_challenge,workflow_repo,vcf,topic,
FroeseLab/mmaomics-sm,FroeseLab/mmaomics-sm,workflow_repo,bio/fastqc,wrapper,
FroeseLab/mmaomics-sm,FroeseLab/mmaomics-sm,workflow_repo,bio/multiqc,wrapper,
Genome-Function-Initiative-Oxford/scATAC_Pseudobulk_Pipeline,Genome-Function-Initiative-Oxford/scATAC_Pseudobulk_Pipeline,workflow_repo,atac-seq,topic,
Genome-Function-Initiative-Oxford/scATAC_Pseudobulk_Pipeline,Genome-Function-Initiative-Oxford/scATAC_Pseudobulk_Pipeline,workflow_repo,bam,topic,
Genome-Function-Initiative-Oxford/scATAC_Pseudobulk_Pipeline,Genome-Function-Initiative-Oxford/scATAC_Pseudobulk_Pipeline,workflow_repo,bioinformatics,topic,
Genome-Function-Initiative-Oxford/scATAC_Pseudobulk_Pipeline,Genome-Function-Initiative-Oxford/scATAC_Pseudobulk_Pipeline,workflow_repo,epigenetics,topic,
Genome-Function-Initiative-Oxford/scATAC_Pseudobulk_Pipeline,Genome-Function-Initiative-Oxford/scATAC_Pseudobulk_Pipeline,workflow_repo,genomics,topic,
Genome-Function-Initiative-Oxford/scATAC_Pseudobulk_Pipeline,Genome-Function-Initiative-Oxford/scATAC_Pseudobulk_Pipeline,workflow_repo,pipeline,topic,
Genome-Function-Initiative-Oxford/scATAC_Pseudobulk_Pipeline,Genome-Function-Initiative-Oxford/scATAC_Pseudobulk_Pipeline,workflow_repo,pseudobulk,topic,
Genome-Function-Initiative-Oxford/scATAC_Pseudobulk_Pipeline,Genome-Function-Initiative-Oxford/scATAC_Pseudobulk_Pipeline,workflow_repo,scatac-seq,topic,
Genome-Function-Initiative-Oxford/scATAC_Pseudobulk_Pipeline,Genome-Function-Initiative-Oxford/scATAC_Pseudobulk_Pipeline,workflow_repo,single-cell,topic,
Genome-Function-Initiative-Oxford/scATAC_Pseudobulk_Pipeline,Genome-Function-Initiative-Oxford/scATAC_Pseudobulk_Pipeline,workflow_repo,snakemake,topic,
Genome-Function-Initiative-Oxford/scATAC_Pseudobulk_Pipeline,Genome-Function-Initiative-Oxford/scATAC_Pseudobulk_Pipeline,workflow_repo,sinto,topic,
Geo-omics/GLAMR_omics_pipelines,Geo-omics/GLAMR_omics_pipelines,workflow_repo,noaa-omics-software,topic,
Glenn032787/AlleleSynth,Glenn032787/AlleleSynth,workflow_repo,bioinformatics,topic,
Glenn032787/AlleleSynth,Glenn032787/AlleleSynth,workflow_repo,genetics,topic,
GooglingTheCancerGenome/sv-callers,GooglingTheCancerGenome/sv-callers,workflow_repo,bioinformatics,topic,
GooglingTheCancerGenome/sv-callers,GooglingTheCancerGenome/sv-callers,workflow_repo,structural-variants,topic,
GooglingTheCancerGenome/sv-callers,GooglingTheCancerGenome/sv-callers,workflow_repo,sv-calling,topic,
GooglingTheCancerGenome/sv-callers,GooglingTheCancerGenome/sv-callers,workflow_repo,germline-variants,topic,
GooglingTheCancerGenome/sv-callers,GooglingTheCancerGenome/sv-callers,workflow_repo,somatic-variants,topic,
GooglingTheCancerGenome/sv-callers,GooglingTheCancerGenome/sv-callers,workflow_repo,cancer-genomics,topic,
GooglingTheCancerGenome/sv-callers,GooglingTheCancerGenome/sv-callers,workflow_repo,wgs,topic,
GooglingTheCancerGenome/sv-callers,GooglingTheCancerGenome/sv-callers,workflow_repo,workflow,topic,
GooglingTheCancerGenome/sv-callers,GooglingTheCancerGenome/sv-callers,workflow_repo,snakemake,topic,
GooglingTheCancerGenome/sv-callers,GooglingTheCancerGenome/sv-callers,workflow_repo,hpc-applications,topic,
GooglingTheCancerGenome/sv-gen,GooglingTheCancerGenome/sv-gen,workflow_repo,bioinformatics,topic,
GooglingTheCancerGenome/sv-gen,GooglingTheCancerGenome/sv-gen,workflow_repo,structural-variants,topic,
GooglingTheCancerGenome/sv-gen,GooglingTheCancerGenome/sv-gen,workflow_repo,cancer-genomics,topic,
GooglingTheCancerGenome/sv-gen,GooglingTheCancerGenome/sv-gen,workflow_repo,wgs,topic,
GooglingTheCancerGenome/sv-gen,GooglingTheCancerGenome/sv-gen,workflow_repo,simulator,topic,
GooglingTheCancerGenome/sv-gen,GooglingTheCancerGenome/sv-gen,workflow_repo,workflow,topic,
GooglingTheCancerGenome/sv-gen,GooglingTheCancerGenome/sv-gen,workflow_repo,snakemake,topic,
GooglingTheCancerGenome/sv-gen,GooglingTheCancerGenome/sv-gen,workflow_repo,hpc-applications,topic,
Grelot/clean-fastq,Grelot/clean-fastq,workflow_repo,fastq,topic,
Grelot/clean-fastq,Grelot/clean-fastq,workflow_repo,qc,topic,
Grelot/clean-fastq,Grelot/clean-fastq,workflow_repo,preprocessing,topic,
Grelot/clean-fastq,Grelot/clean-fastq,workflow_repo,filtering,topic,
Grelot/clean-fastq,Grelot/clean-fastq,workflow_repo,snakemake,topic,
Grelot/clean-fastq,Grelot/clean-fastq,workflow_repo,quality,topic,
Grelot/clean-fastq,Grelot/clean-fastq,workflow_repo,ngs,topic,
Grelot/clean-fastq,Grelot/clean-fastq,workflow_repo,bioinformatics,topic,
Grelot/clean-fastq,Grelot/clean-fastq,workflow_repo,illumina,topic,
Grelot/clean-fastq,Grelot/clean-fastq,workflow_repo,cleaning,topic,
Grelot/clean-fastq,Grelot/clean-fastq,workflow_repo,singularity,topic,
Grelot/clean-fastq,Grelot/clean-fastq,workflow_repo,docker,topic,
Grelot/clean-fastq,Grelot/clean-fastq,workflow_repo,workflow,topic,
Grelot/clean-fastq,Grelot/clean-fastq,workflow_repo,container,topic,
Grelot/clean-fastq,Grelot/clean-fastq,workflow_repo,trimming,topic,
Grelot/clean-fastq,Grelot/clean-fastq,workflow_repo,chastity,topic,
Grelot/clean-fastq,Grelot/clean-fastq,workflow_repo,quality-filtering,topic,
Grelot/clean-fastq,Grelot/clean-fastq,workflow_repo,phred-quality-scores,topic,
Grelot/clean-fastq,Grelot/clean-fastq,workflow_repo,sequencing,topic,
Grelot/clean-fastq,Grelot/clean-fastq,workflow_repo,contaminants,topic,
GuttmanLab/chipdip-pipeline,GuttmanLab/chipdip-pipeline,workflow_repo,chip-seq,topic,
GuttmanLab/chipdip-pipeline,GuttmanLab/chipdip-pipeline,workflow_repo,snakemake,topic,
Headonpillow/16S_analysis,Headonpillow/16S_analysis,workflow_repo,16s,topic,
Headonpillow/16S_analysis,Headonpillow/16S_analysis,workflow_repo,16s-seq,topic,
Headonpillow/16S_analysis,Headonpillow/16S_analysis,workflow_repo,dada2,topic,
Headonpillow/16S_analysis,Headonpillow/16S_analysis,workflow_repo,illumina,topic,
Headonpillow/16S_analysis,Headonpillow/16S_analysis,workflow_repo,illumina-sequencing,topic,
Headonpillow/16S_analysis,Headonpillow/16S_analysis,workflow_repo,metagenomics,topic,
Headonpillow/16S_analysis,Headonpillow/16S_analysis,workflow_repo,microbial-ecology,topic,
Headonpillow/16S_analysis,Headonpillow/16S_analysis,workflow_repo,microbiota,topic,
Headonpillow/16S_analysis,Headonpillow/16S_analysis,workflow_repo,phyloseq,topic,
Headonpillow/16S_analysis,Headonpillow/16S_analysis,workflow_repo,pipeline,topic,
HealthyPear/reproducible-fermi-lat,HealthyPear/reproducible-fermi-lat,workflow_repo,fermi-lat-data,topic,
HealthyPear/reproducible-fermi-lat,HealthyPear/reproducible-fermi-lat,workflow_repo,fermi-science,topic,
HealthyPear/reproducible-fermi-lat,HealthyPear/reproducible-fermi-lat,workflow_repo,reproducible-science,topic,
HealthyPear/reproducible-fermi-lat,HealthyPear/reproducible-fermi-lat,workflow_repo,snakemake,topic,
HealthyPear/reproducible-fermi-lat,HealthyPear/reproducible-fermi-lat,workflow_repo,showyourwork,topic,
HealthyPear/reproducible-fermi-lat,HealthyPear/reproducible-fermi-lat,workflow_repo,template,topic,
HelenaLC/simulation-comparison,HelenaLC/simulation-comparison,workflow_repo,scrna-seq,topic,
HelenaLC/simulation-comparison,HelenaLC/simulation-comparison,workflow_repo,simulation,topic,
HelenaLC/simulation-comparison,HelenaLC/simulation-comparison,workflow_repo,benchmark,topic,
HelenaLC/simulation-comparison,HelenaLC/simulation-comparison,workflow_repo,snakemake,topic,
HistoAtlas/HistoAtlas,HistoAtlas/HistoAtlas,workflow_repo,atlas,topic,
HistoAtlas/HistoAtlas,HistoAtlas/HistoAtlas,workflow_repo,biomarker-discovery,topic,
HistoAtlas/HistoAtlas,HistoAtlas/HistoAtlas,workflow_repo,multi-omics-data,topic,
HistoAtlas/HistoAtlas,HistoAtlas/HistoAtlas,workflow_repo,tumor-microenvironment,topic,
Hoohm/dropSeqPipe,Hoohm/dropSeqPipe,workflow_repo,drop-seq,topic,
Hoohm/dropSeqPipe,Hoohm/dropSeqPipe,workflow_repo,snakemake,topic,
Hoohm/dropSeqPipe,Hoohm/dropSeqPipe,workflow_repo,pipeline,topic,
Hoohm/dropSeqPipe,Hoohm/dropSeqPipe,workflow_repo,dropseq,topic,
Hoohm/dropSeqPipe,Hoohm/dropSeqPipe,workflow_repo,yaml,topic,
Hoohm/dropSeqPipe,Hoohm/dropSeqPipe,workflow_repo,star,topic,
Hoohm/dropSeqPipe,Hoohm/dropSeqPipe,workflow_repo,picard,topic,
Hoohm/dropSeqPipe,Hoohm/dropSeqPipe,workflow_repo,reference-genome,topic,
Hoohm/dropSeqPipe,Hoohm/dropSeqPipe,workflow_repo,umi,topic,
Hoohm/dropSeqPipe,Hoohm/dropSeqPipe,workflow_repo,scrbseq,topic,
Hoohm/dropSeqPipe,Hoohm/dropSeqPipe,workflow_repo,scrb-seq,topic,
Hoohm/dropSeqPipe,Hoohm/dropSeqPipe,workflow_repo,multiqc,topic,
Hoohm/dropSeqPipe,Hoohm/dropSeqPipe,workflow_repo,conda,topic,
Hoohm/dropSeqPipe,Hoohm/dropSeqPipe,workflow_repo,plot,topic,
Hoohm/dropSeqPipe,Hoohm/dropSeqPipe,workflow_repo,dropseqtools,topic,
IKIM-Essen/ERMA,IKIM-Essen/ERMA,workflow_repo,bio/fastqc,wrapper,
IKIM-Essen/ERMA,IKIM-Essen/ERMA,workflow_repo,bio/multiqc,wrapper,
IKIM-Essen/HyDRA,IKIM-Essen/HyDRA,workflow_repo,bio/fastp,wrapper,
IKIM-Essen/HyDRA,IKIM-Essen/HyDRA,workflow_repo,bio/fastqc,wrapper,
IKIM-Essen/HyDRA,IKIM-Essen/HyDRA,workflow_repo,bio/multiqc,wrapper,
IKIM-Essen/HyDRA,IKIM-Essen/HyDRA,workflow_repo,bio/quast,wrapper,
IKIM-Essen/HyDRA,IKIM-Essen/HyDRA,workflow_repo,bio/unicycler,wrapper,
IKIM-Essen/QC_pre_NextSeq,IKIM-Essen/QC_pre_NextSeq,workflow_repo,bio/fastp,wrapper,
IKIM-Essen/QC_pre_NextSeq,IKIM-Essen/QC_pre_NextSeq,workflow_repo,bio/fastqc,wrapper,
IKIM-Essen/QC_pre_NextSeq,IKIM-Essen/QC_pre_NextSeq,workflow_repo,bio/minimap2/aligner,wrapper,
IKIM-Essen/QC_pre_NextSeq,IKIM-Essen/QC_pre_NextSeq,workflow_repo,bio/multiqc,wrapper,
IKIM-Essen/QC_pre_NextSeq,IKIM-Essen/QC_pre_NextSeq,workflow_repo,bio/samtools/stats,wrapper,
IKIM-Essen/RiboSnake,IKIM-Essen/RiboSnake,workflow_repo,bio/fastqc,wrapper,
IKIM-Essen/RiboSnake,IKIM-Essen/RiboSnake,workflow_repo,bio/multiqc,wrapper,
IKIM-Essen/metagenomics_res,IKIM-Essen/metagenomics_res,workflow_repo,bio/fastp,wrapper,
IKIM-Essen/metagenomics_res,IKIM-Essen/metagenomics_res,workflow_repo,bio/fastqc,wrapper,
IKIM-Essen/metagenomics_res,IKIM-Essen/metagenomics_res,workflow_repo,bio/multiqc,wrapper,
IKIM-Essen/uncovar,IKIM-Essen/uncovar,workflow_repo,sars-cov-2,topic,
IKIM-Essen/uncovar,IKIM-Essen/uncovar,workflow_repo,variant-calling,topic,
IKIM-Essen/uncovar,IKIM-Essen/uncovar,workflow_repo,lineage-assignment,topic,
IKIM-Essen/uncovar,IKIM-Essen/uncovar,workflow_repo,bio/bcftools/concat,wrapper,
IKIM-Essen/uncovar,IKIM-Essen/uncovar,workflow_repo,bio/bwa/index,wrapper,
IKIM-Essen/uncovar,IKIM-Essen/uncovar,workflow_repo,bio/bwa/mem,wrapper,
IKIM-Essen/uncovar,IKIM-Essen/uncovar,workflow_repo,bio/fastp,wrapper,
IKIM-Essen/uncovar,IKIM-Essen/uncovar,workflow_repo,bio/fastqc,wrapper,
IKIM-Essen/uncovar,IKIM-Essen/uncovar,workflow_repo,bio/freebayes,wrapper,
IKIM-Essen/uncovar,IKIM-Essen/uncovar,workflow_repo,bio/kallisto/index,wrapper,
IKIM-Essen/uncovar,IKIM-Essen/uncovar,workflow_repo,bio/kallisto/quant,wrapper,
IKIM-Essen/uncovar,IKIM-Essen/uncovar,workflow_repo,bio/multiqc,wrapper,
IKIM-Essen/uncovar,IKIM-Essen/uncovar,workflow_repo,bio/picard/markduplicates,wrapper,
IKIM-Essen/uncovar,IKIM-Essen/uncovar,workflow_repo,bio/samtools/calmd,wrapper,
IKIM-Essen/uncovar,IKIM-Essen/uncovar,workflow_repo,bio/samtools/faidx,wrapper,
IKIM-Essen/uncovar,IKIM-Essen/uncovar,workflow_repo,bio/samtools/flagstat,wrapper,
IKIM-Essen/uncovar,IKIM-Essen/uncovar,workflow_repo,bio/samtools/index,wrapper,
IKIM-Essen/uncovar,IKIM-Essen/uncovar,workflow_repo,bio/samtools/sort,wrapper,
IKIM-Essen/uncovar,IKIM-Essen/uncovar,workflow_repo,bio/tabix/index,wrapper,
IKIM-Essen/uncovar,IKIM-Essen/uncovar,workflow_repo,bio/vembrane/filter,wrapper,
IKIM-Essen/uncovar,IKIM-Essen/uncovar,workflow_repo,bio/vep/annotate,wrapper,
IKIM-Essen/uncovar,IKIM-Essen/uncovar,workflow_repo,bio/vep/plugins,wrapper,
IMCBioinformatics/dada2_16S_workflow,IMCBioinformatics/dada2_16S_workflow,workflow_repo,dada2,topic,
IMCBioinformatics/dada2_16S_workflow,IMCBioinformatics/dada2_16S_workflow,workflow_repo,snakemake,topic,
IMCBioinformatics/dada2_16S_workflow,IMCBioinformatics/dada2_16S_workflow,workflow_repo,16s-rrna,topic,
IMCBioinformatics/dada2_16S_workflow,IMCBioinformatics/dada2_16S_workflow,workflow_repo,16srrna,topic,
IMS-Bio2Core-Facility/GTExSnake,IMS-Bio2Core-Facility/GTExSnake,workflow_repo,bioinformatics,topic,
IMS-Bio2Core-Facility/GTExSnake,IMS-Bio2Core-Facility/GTExSnake,workflow_repo,snakemake,topic,
IMS-Bio2Core-Facility/GTExSnake,IMS-Bio2Core-Facility/GTExSnake,workflow_repo,reproducible-science,topic,
IMS-Bio2Core-Facility/GTExSnake,IMS-Bio2Core-Facility/GTExSnake,workflow_repo,conda,topic,
IMS-Bio2Core-Facility/GTExSnake,IMS-Bio2Core-Facility/GTExSnake,workflow_repo,singularity,topic,
IMS-Bio2Core-Facility/GTExSnake,IMS-Bio2Core-Facility/GTExSnake,workflow_repo,multithreading,topic,
IMS-Bio2Core-Facility/GTExSnake,IMS-Bio2Core-Facility/GTExSnake,workflow_repo,pipeline,topic,
IMS-Bio2Core-Facility/polya_liftover,IMS-Bio2Core-Facility/polya_liftover,workflow_repo,bioinformatics-pipeline,topic,
IMS-Bio2Core-Facility/polya_liftover,IMS-Bio2Core-Facility/polya_liftover,workflow_repo,snakemake,topic,
IMS-Bio2Core-Facility/polya_liftover,IMS-Bio2Core-Facility/polya_liftover,workflow_repo,cellranger,topic,
IMS-Bio2Core-Facility/polya_liftover,IMS-Bio2Core-Facility/polya_liftover,workflow_repo,liftover,topic,
IMS-Bio2Core-Facility/polya_liftover,IMS-Bio2Core-Facility/polya_liftover,workflow_repo,workflow,topic,
IMS-Bio2Core-Facility/polya_liftover,IMS-Bio2Core-Facility/polya_liftover,workflow_repo,single-cell-rna-seq,topic,
IMS-Bio2Core-Facility/polya_liftover,IMS-Bio2Core-Facility/polya_liftover,workflow_repo,reproducibility,topic,
IMS-Bio2Core-Facility/polya_liftover,IMS-Bio2Core-Facility/polya_liftover,workflow_repo,python,topic,
IMS-Bio2Core-Facility/polya_liftover,IMS-Bio2Core-Facility/polya_liftover,workflow_repo,shell,topic,
IMS-Bio2Core-Facility/polya_liftover,IMS-Bio2Core-Facility/polya_liftover,workflow_repo,transcriptomics,topic,
IMS-Bio2Core-Facility/polya_liftover,IMS-Bio2Core-Facility/polya_liftover,workflow_repo,fastqc,topic,
IMS-Bio2Core-Facility/polya_liftover,IMS-Bio2Core-Facility/polya_liftover,workflow_repo,multiqc,topic,
IMS-Bio2Core-Facility/single_snake_sequencing,IMS-Bio2Core-Facility/single_snake_sequencing,workflow_repo,bioinformatics,topic,
IMS-Bio2Core-Facility/single_snake_sequencing,IMS-Bio2Core-Facility/single_snake_sequencing,workflow_repo,snakemake,topic,
IMS-Bio2Core-Facility/single_snake_sequencing,IMS-Bio2Core-Facility/single_snake_sequencing,workflow_repo,scrna-seq,topic,
IMS-Bio2Core-Facility/single_snake_sequencing,IMS-Bio2Core-Facility/single_snake_sequencing,workflow_repo,reproducible-science,topic,
IMS-Bio2Core-Facility/single_snake_sequencing,IMS-Bio2Core-Facility/single_snake_sequencing,workflow_repo,conda,topic,
IMS-Bio2Core-Facility/single_snake_sequencing,IMS-Bio2Core-Facility/single_snake_sequencing,workflow_repo,singularity,topic,
Inkasimo/scRNAseq-pbmc-workflow,Inkasimo/scRNAseq-pbmc-workflow,workflow_repo,bioinformatics,topic,
Inkasimo/scRNAseq-pbmc-workflow,Inkasimo/scRNAseq-pbmc-workflow,workflow_repo,bioinformatics-pipeline,topic,
Inkasimo/scRNAseq-pbmc-workflow,Inkasimo/scRNAseq-pbmc-workflow,workflow_repo,co-expression-network-graphs,topic,
Inkasimo/scRNAseq-pbmc-workflow,Inkasimo/scRNAseq-pbmc-workflow,workflow_repo,ngs-analysis,topic,
Inkasimo/scRNAseq-pbmc-workflow,Inkasimo/scRNAseq-pbmc-workflow,workflow_repo,ngs-pipeline,topic,
Inkasimo/scRNAseq-pbmc-workflow,Inkasimo/scRNAseq-pbmc-workflow,workflow_repo,reproducible-research,topic,
Inkasimo/scRNAseq-pbmc-workflow,Inkasimo/scRNAseq-pbmc-workflow,workflow_repo,rna-seq,topic,
Inkasimo/scRNAseq-pbmc-workflow,Inkasimo/scRNAseq-pbmc-workflow,workflow_repo,scrnaseq,topic,
Inkasimo/scRNAseq-pbmc-workflow,Inkasimo/scRNAseq-pbmc-workflow,workflow_repo,seurat,topic,
Inkasimo/scRNAseq-pbmc-workflow,Inkasimo/scRNAseq-pbmc-workflow,workflow_repo,snakemake,topic,
Inkasimo/scRNAseq-pbmc-workflow,Inkasimo/scRNAseq-pbmc-workflow,workflow_repo,star,topic,
Inkasimo/scRNAseq-pbmc-workflow,Inkasimo/scRNAseq-pbmc-workflow,workflow_repo,starsolo,topic,
Inkasimo/scRNAseq-pbmc-workflow,Inkasimo/scRNAseq-pbmc-workflow,workflow_repo,workflow,topic,
Irieo/space-time-optimization,Irieo/space-time-optimization,workflow_repo,energy,topic,
Irieo/space-time-optimization,Irieo/space-time-optimization,workflow_repo,power-systems,topic,
Irieo/space-time-optimization,Irieo/space-time-optimization,workflow_repo,pypsa,topic,
Irieo/space-time-optimization,Irieo/space-time-optimization,workflow_repo,snakemake,topic,
J22160/DualRNASeq_Pipeline,J22160/DualRNASeq_Pipeline,workflow_repo,bioinformatics-pipeline,topic,
J22160/DualRNASeq_Pipeline,J22160/DualRNASeq_Pipeline,workflow_repo,dualrna-seq,topic,
J22160/DualRNASeq_Pipeline,J22160/DualRNASeq_Pipeline,workflow_repo,host-pathogen-interactions,topic,
J22160/DualRNASeq_Pipeline,J22160/DualRNASeq_Pipeline,workflow_repo,infection,topic,
J22160/DualRNASeq_Pipeline,J22160/DualRNASeq_Pipeline,workflow_repo,rna-seq,topic,
J22160/DualRNASeq_Pipeline,J22160/DualRNASeq_Pipeline,workflow_repo,snakemake-pipeline,topic,
J22160/Pangenomics_Pipeline,J22160/Pangenomics_Pipeline,workflow_repo,bioinformatics-pipeline,topic,
J22160/Pangenomics_Pipeline,J22160/Pangenomics_Pipeline,workflow_repo,host-pathogen-interactions,topic,
J22160/Pangenomics_Pipeline,J22160/Pangenomics_Pipeline,workflow_repo,pangenomics,topic,
J22160/Pangenomics_Pipeline,J22160/Pangenomics_Pipeline,workflow_repo,rnaseq,topic,
J22160/Pangenomics_Pipeline,J22160/Pangenomics_Pipeline,workflow_repo,snakemake,topic,
J22160/Pangenomics_Pipeline,J22160/Pangenomics_Pipeline,workflow_repo,whole-genome-sequencing,topic,
J22160/Pangenomics_Pipeline,J22160/Pangenomics_Pipeline,workflow_repo,pan-transcriptomics,topic,
JTFouquier/explana,JTFouquier/explana,workflow_repo,classification,topic,
JTFouquier/explana,JTFouquier/explana,workflow_repo,exploratory-data-analysis,topic,
JTFouquier/explana,JTFouquier/explana,workflow_repo,feature-selection,topic,
JTFouquier/explana,JTFouquier/explana,workflow_repo,hypothesis-generation,topic,
JTFouquier/explana,JTFouquier/explana,workflow_repo,importance,topic,
JTFouquier/explana,JTFouquier/explana,workflow_repo,machine-learning,topic,
JTFouquier/explana,JTFouquier/explana,workflow_repo,microbiome,topic,
JTFouquier/explana,JTFouquier/explana,workflow_repo,random-forest,topic,
JTFouquier/explana,JTFouquier/explana,workflow_repo,regression,topic,
Jaureguy760/varCA,Jaureguy760/varCA,workflow_repo,applied-sciences,topic,
Jaureguy760/varCA,Jaureguy760/varCA,workflow_repo,variant-calling,topic,
Jaureguy760/varCA,Jaureguy760/varCA,workflow_repo,atac-seq,topic,
Jaureguy760/varCA,Jaureguy760/varCA,workflow_repo,bioinformatics,topic,
Jaureguy760/varCA,Jaureguy760/varCA,workflow_repo,chromatin,topic,
Jaureguy760/varCA,Jaureguy760/varCA,workflow_repo,python,topic,
JetBrains-Research/chipseq-smk-pipeline,JetBrains-Research/chipseq-smk-pipeline,workflow_repo,atac-seq,topic,
JetBrains-Research/chipseq-smk-pipeline,JetBrains-Research/chipseq-smk-pipeline,workflow_repo,chip-seq,topic,
JetBrains-Research/chipseq-smk-pipeline,JetBrains-Research/chipseq-smk-pipeline,workflow_repo,peak-calling,topic,
JetBrains-Research/chipseq-smk-pipeline,JetBrains-Research/chipseq-smk-pipeline,workflow_repo,pipeline,topic,
JetBrains-Research/chipseq-smk-pipeline,JetBrains-Research/chipseq-smk-pipeline,workflow_repo,quality-control,topic,
JetBrains-Research/chipseq-smk-pipeline,JetBrains-Research/chipseq-smk-pipeline,workflow_repo,snakemake,topic,
JetBrains-Research/chipseq-smk-pipeline,JetBrains-Research/chipseq-smk-pipeline,workflow_repo,visualization,topic,
JoeBlackSci/SAHDA,JoeBlackSci/SAHDA,workflow_repo,bioinformatics,topic,
JoeBlackSci/SAHDA,JoeBlackSci/SAHDA,workflow_repo,sequencing,topic,
JoeBlackSci/SAHDA,JoeBlackSci/SAHDA,workflow_repo,genomics,topic,
JorgeAndOmics/RetroSeek,JorgeAndOmics/RetroSeek,workflow_repo,bioconductor,topic,
JorgeAndOmics/RetroSeek,JorgeAndOmics/RetroSeek,workflow_repo,bioinformatics,topic,
JorgeAndOmics/RetroSeek,JorgeAndOmics/RetroSeek,workflow_repo,data,topic,
JorgeAndOmics/RetroSeek,JorgeAndOmics/RetroSeek,workflow_repo,evolution,topic,
JorgeAndOmics/RetroSeek,JorgeAndOmics/RetroSeek,workflow_repo,genomics,topic,
JorgeAndOmics/RetroSeek,JorgeAndOmics/RetroSeek,workflow_repo,phylogenetics,topic,
JorgeAndOmics/RetroSeek,JorgeAndOmics/RetroSeek,workflow_repo,python,topic,
JorgeAndOmics/RetroSeek,JorgeAndOmics/RetroSeek,workflow_repo,r,topic,
JorgeAndOmics/rpsHunter,JorgeAndOmics/rpsHunter,workflow_repo,bioinformatics,topic,
JorgeAndOmics/rpsHunter,JorgeAndOmics/rpsHunter,workflow_repo,blast,topic,
JorgeAndOmics/rpsHunter,JorgeAndOmics/rpsHunter,workflow_repo,domain,topic,
JorgeAndOmics/rpsHunter,JorgeAndOmics/rpsHunter,workflow_repo,gene,topic,
KTH-dESA/esom_gsa,KTH-dESA/esom_gsa,workflow_repo,global-sensitivity-analysis,topic,
KTH-dESA/esom_gsa,KTH-dESA/esom_gsa,workflow_repo,gsa,topic,
KTH-dESA/esom_gsa,KTH-dESA/esom_gsa,workflow_repo,osemosys,topic,
KTH-dESA/esom_gsa,KTH-dESA/esom_gsa,workflow_repo,sensitivity-analysis,topic,
Kin-zala/RNA_snakemake_workflow,Kin-zala/RNA_snakemake_workflow,workflow_repo,bioinformatics,topic,
Kin-zala/RNA_snakemake_workflow,Kin-zala/RNA_snakemake_workflow,workflow_repo,deseq2,topic,
Kin-zala/RNA_snakemake_workflow,Kin-zala/RNA_snakemake_workflow,workflow_repo,differential-expression,topic,
Kin-zala/RNA_snakemake_workflow,Kin-zala/RNA_snakemake_workflow,workflow_repo,python,topic,
Kin-zala/RNA_snakemake_workflow,Kin-zala/RNA_snakemake_workflow,workflow_repo,r,topic,
Kin-zala/RNA_snakemake_workflow,Kin-zala/RNA_snakemake_workflow,workflow_repo,rna-seq,topic,
Kin-zala/RNA_snakemake_workflow,Kin-zala/RNA_snakemake_workflow,workflow_repo,rnaseq,topic,
Kin-zala/RNA_snakemake_workflow,Kin-zala/RNA_snakemake_workflow,workflow_repo,snakemake,topic,
KoesGroup/Snakemake_ChIPseq_PE,KoesGroup/Snakemake_ChIPseq_PE,workflow_repo,chip-seq-pipelines,topic,
KoesGroup/Snakemake_ChIPseq_PE,KoesGroup/Snakemake_ChIPseq_PE,workflow_repo,snakemake,topic,
KvS-25/comparative-lncRNA-pipeline,KvS-25/comparative-lncRNA-pipeline,workflow_repo,bioinformatics,topic,
KvS-25/comparative-lncRNA-pipeline,KvS-25/comparative-lncRNA-pipeline,workflow_repo,conifer,topic,
KvS-25/comparative-lncRNA-pipeline,KvS-25/comparative-lncRNA-pipeline,workflow_repo,genomics,topic,
KvS-25/comparative-lncRNA-pipeline,KvS-25/comparative-lncRNA-pipeline,workflow_repo,go-enrichment,topic,
KvS-25/comparative-lncRNA-pipeline,KvS-25/comparative-lncRNA-pipeline,workflow_repo,kegg,topic,
KvS-25/comparative-lncRNA-pipeline,KvS-25/comparative-lncRNA-pipeline,workflow_repo,lncrna,topic,
KvS-25/comparative-lncRNA-pipeline,KvS-25/comparative-lncRNA-pipeline,workflow_repo,rna-seq,topic,
KvS-25/comparative-lncRNA-pipeline,KvS-25/comparative-lncRNA-pipeline,workflow_repo,snakemake,topic,
KvS-25/comparative-lncRNA-pipeline,KvS-25/comparative-lncRNA-pipeline,workflow_repo,stress-response,topic,
KvS-25/comparative-lncRNA-pipeline,KvS-25/comparative-lncRNA-pipeline,workflow_repo,pinus-sylvestris,topic,
LBGC-CFB/SOSTAR,LBGC-CFB/SOSTAR,workflow_repo,longread,topic,
LBGC-CFB/SOSTAR,LBGC-CFB/SOSTAR,workflow_repo,rnaseq-pipeline,topic,
LiaOb21/colora,LiaOb21/colora,workflow_repo,chromosome-level-assembly,topic,
LiaOb21/colora,LiaOb21/colora,workflow_repo,genome-assembly,topic,
LiaOb21/colora,LiaOb21/colora,workflow_repo,genome-scaffolding,topic,
LiaOb21/colora,LiaOb21/colora,workflow_repo,organelle-assembler,topic,
LorenaDerezanin/pipeline_test,LorenaDerezanin/pipeline_test,workflow_repo,bioinformatics,topic,
LorenaDerezanin/pipeline_test,LorenaDerezanin/pipeline_test,workflow_repo,pipeline,topic,
LorenaDerezanin/pipeline_test,LorenaDerezanin/pipeline_test,workflow_repo,ngs-analysis,topic,
LorenaDerezanin/pipeline_test,LorenaDerezanin/pipeline_test,workflow_repo,variant-calling,topic,
Louis-MG/META-DIFF,Louis-MG/META-DIFF,workflow_repo,annotation,topic,
Louis-MG/META-DIFF,Louis-MG/META-DIFF,workflow_repo,bioinformatics-pipeline,topic,
Louis-MG/META-DIFF,Louis-MG/META-DIFF,workflow_repo,kmers,topic,
Louis-MG/META-DIFF,Louis-MG/META-DIFF,workflow_repo,metagenomics,topic,
Louis-MG/META-DIFF,Louis-MG/META-DIFF,workflow_repo,shotgun-pipeline,topic,
Louis-MG/META-DIFF,Louis-MG/META-DIFF,workflow_repo,snakemake,topic,
MGXlab/phap,MGXlab/phap,workflow_repo,phage-host-prediction,topic,
MGXlab/phap,MGXlab/phap,workflow_repo,bioinformatics-pipeline,topic,
MGXlab/pvogs_function,MGXlab/pvogs_function,workflow_repo,bacteriophages,topic,
MGXlab/pvogs_function,MGXlab/pvogs_function,workflow_repo,machine-learning,topic,
MGXlab/pvogs_function,MGXlab/pvogs_function,workflow_repo,bioinformatics-pipeline,topic,
MGXlab/pvogs_function,MGXlab/pvogs_function,workflow_repo,function-prediction,topic,
MPUSP/snakemake-assembly-postprocessing,MPUSP/snakemake-assembly-postprocessing,workflow_repo,apptainer,topic,
MPUSP/snakemake-assembly-postprocessing,MPUSP/snakemake-assembly-postprocessing,workflow_repo,bacteria,topic,
MPUSP/snakemake-assembly-postprocessing,MPUSP/snakemake-assembly-postprocessing,workflow_repo,conda,topic,
MPUSP/snakemake-assembly-postprocessing,MPUSP/snakemake-assembly-postprocessing,workflow_repo,genome-assembly,topic,
MPUSP/snakemake-assembly-postprocessing,MPUSP/snakemake-assembly-postprocessing,workflow_repo,genome-sequencing,topic,
MPUSP/snakemake-assembly-postprocessing,MPUSP/snakemake-assembly-postprocessing,workflow_repo,microbes,topic,
MPUSP/snakemake-assembly-postprocessing,MPUSP/snakemake-assembly-postprocessing,workflow_repo,pipeline,topic,
MPUSP/snakemake-assembly-postprocessing,MPUSP/snakemake-assembly-postprocessing,workflow_repo,postprocessing,topic,
MPUSP/snakemake-assembly-postprocessing,MPUSP/snakemake-assembly-postprocessing,workflow_repo,quality-control,topic,
MPUSP/snakemake-assembly-postprocessing,MPUSP/snakemake-assembly-postprocessing,workflow_repo,snakemake-workflow,topic,
MPUSP/snakemake-assembly-postprocessing,MPUSP/snakemake-assembly-postprocessing,workflow_repo,genomics,topic,
MPUSP/snakemake-bacterial-riboseq,MPUSP/snakemake-bacterial-riboseq,workflow_repo,bioinformatics-pipeline,topic,
MPUSP/snakemake-bacterial-riboseq,MPUSP/snakemake-bacterial-riboseq,workflow_repo,conda,topic,
MPUSP/snakemake-bacterial-riboseq,MPUSP/snakemake-bacterial-riboseq,workflow_repo,riboseq,topic,
MPUSP/snakemake-bacterial-riboseq,MPUSP/snakemake-bacterial-riboseq,workflow_repo,ribosome-profiling,topic,
MPUSP/snakemake-bacterial-riboseq,MPUSP/snakemake-bacterial-riboseq,workflow_repo,singularity,topic,
MPUSP/snakemake-bacterial-riboseq,MPUSP/snakemake-bacterial-riboseq,workflow_repo,snakemake,topic,
MPUSP/snakemake-bacterial-riboseq,MPUSP/snakemake-bacterial-riboseq,workflow_repo,workflow,topic,
MPUSP/snakemake-bacterial-riboseq,MPUSP/snakemake-bacterial-riboseq,workflow_repo,bio/cutadapt/se,wrapper,
MPUSP/snakemake-bacterial-riboseq,MPUSP/snakemake-bacterial-riboseq,workflow_repo,bio/fastqc,wrapper,
MPUSP/snakemake-crispr-guides,MPUSP/snakemake-crispr-guides,workflow_repo,bioinformatics-pipeline,topic,
MPUSP/snakemake-crispr-guides,MPUSP/snakemake-crispr-guides,workflow_repo,crispr,topic,
MPUSP/snakemake-crispr-guides,MPUSP/snakemake-crispr-guides,workflow_repo,crispr-design,topic,
MPUSP/snakemake-crispr-guides,MPUSP/snakemake-crispr-guides,workflow_repo,guide-rna-library,topic,
MPUSP/snakemake-crispr-guides,MPUSP/snakemake-crispr-guides,workflow_repo,python3,topic,
MPUSP/snakemake-crispr-guides,MPUSP/snakemake-crispr-guides,workflow_repo,r-markdown,topic,
MPUSP/snakemake-crispr-guides,MPUSP/snakemake-crispr-guides,workflow_repo,snakemake,topic,
MPUSP/snakemake-crispr-guides,MPUSP/snakemake-crispr-guides,workflow_repo,workflow,topic,
MPUSP/snakemake-crispr-guides,MPUSP/snakemake-crispr-guides,workflow_repo,snakemake-workflow,topic,
MPUSP/snakemake-ms-proteomics,MPUSP/snakemake-ms-proteomics,workflow_repo,bioinformatics,topic,
MPUSP/snakemake-ms-proteomics,MPUSP/snakemake-ms-proteomics,workflow_repo,conda,topic,
MPUSP/snakemake-ms-proteomics,MPUSP/snakemake-ms-proteomics,workflow_repo,mass-spectrometry,topic,
MPUSP/snakemake-ms-proteomics,MPUSP/snakemake-ms-proteomics,workflow_repo,pipeline,topic,
MPUSP/snakemake-ms-proteomics,MPUSP/snakemake-ms-proteomics,workflow_repo,proteomics,topic,
MPUSP/snakemake-ms-proteomics,MPUSP/snakemake-ms-proteomics,workflow_repo,snakemake,topic,
MPUSP/snakemake-ont-bacterial-variants,MPUSP/snakemake-ont-bacterial-variants,workflow_repo,bioinformatics-pipeline,topic,
MPUSP/snakemake-ont-bacterial-variants,MPUSP/snakemake-ont-bacterial-variants,workflow_repo,conda,topic,
MPUSP/snakemake-ont-bacterial-variants,MPUSP/snakemake-ont-bacterial-variants,workflow_repo,nanopore,topic,
MPUSP/snakemake-ont-bacterial-variants,MPUSP/snakemake-ont-bacterial-variants,workflow_repo,singularity,topic,
MPUSP/snakemake-ont-bacterial-variants,MPUSP/snakemake-ont-bacterial-variants,workflow_repo,snakemake,topic,
MPUSP/snakemake-ont-bacterial-variants,MPUSP/snakemake-ont-bacterial-variants,workflow_repo,variant-calling,topic,
MPUSP/snakemake-ont-bacterial-variants,MPUSP/snakemake-ont-bacterial-variants,workflow_repo,workflow,topic,
MPUSP/snakemake-ont-basecalling,MPUSP/snakemake-ont-basecalling,workflow_repo,basecalling,topic,
MPUSP/snakemake-ont-basecalling,MPUSP/snakemake-ont-basecalling,workflow_repo,cluster,topic,
MPUSP/snakemake-ont-basecalling,MPUSP/snakemake-ont-basecalling,workflow_repo,dorado,topic,
MPUSP/snakemake-ont-basecalling,MPUSP/snakemake-ont-basecalling,workflow_repo,nanopore-sequencing,topic,
MPUSP/snakemake-ont-basecalling,MPUSP/snakemake-ont-basecalling,workflow_repo,oxford-nanopore,topic,
MPUSP/snakemake-ont-basecalling,MPUSP/snakemake-ont-basecalling,workflow_repo,parallel-computing,topic,
MPUSP/snakemake-ont-basecalling,MPUSP/snakemake-ont-basecalling,workflow_repo,slurm,topic,
MPUSP/snakemake-ont-basecalling,MPUSP/snakemake-ont-basecalling,workflow_repo,snakemake,topic,
MPUSP/snakemake-ont-basecalling,MPUSP/snakemake-ont-basecalling,workflow_repo,snakemake-workflow,topic,
MPUSP/snakemake-simple-mapping,MPUSP/snakemake-simple-mapping,workflow_repo,bowtie2,topic,
MPUSP/snakemake-simple-mapping,MPUSP/snakemake-simple-mapping,workflow_repo,bwa-mem2,topic,
MPUSP/snakemake-simple-mapping,MPUSP/snakemake-simple-mapping,workflow_repo,genomics,topic,
MPUSP/snakemake-simple-mapping,MPUSP/snakemake-simple-mapping,workflow_repo,mapping,topic,
MPUSP/snakemake-simple-mapping,MPUSP/snakemake-simple-mapping,workflow_repo,next-generation-sequencing,topic,
MPUSP/snakemake-simple-mapping,MPUSP/snakemake-simple-mapping,workflow_repo,snakemake,topic,
MPUSP/snakemake-simple-mapping,MPUSP/snakemake-simple-mapping,workflow_repo,snakemake-workflow,topic,
MPUSP/snakemake-simple-mapping,MPUSP/snakemake-simple-mapping,workflow_repo,star-alignment,topic,
MPUSP/snakemake-simple-mapping,MPUSP/snakemake-simple-mapping,workflow_repo,variant-calling,topic,
MPUSP/snakemake-simple-mapping,MPUSP/snakemake-simple-mapping,workflow_repo,bio/bcftools/call,wrapper,
MPUSP/snakemake-simple-mapping,MPUSP/snakemake-simple-mapping,workflow_repo,bio/bcftools/filter,wrapper,
MPUSP/snakemake-simple-mapping,MPUSP/snakemake-simple-mapping,workflow_repo,bio/bcftools/mpileup,wrapper,
MPUSP/snakemake-simple-mapping,MPUSP/snakemake-simple-mapping,workflow_repo,bio/bcftools/stats,wrapper,
MPUSP/snakemake-simple-mapping,MPUSP/snakemake-simple-mapping,workflow_repo,bio/bcftools/view,wrapper,
MPUSP/snakemake-simple-mapping,MPUSP/snakemake-simple-mapping,workflow_repo,bio/bowtie2/align,wrapper,
MPUSP/snakemake-simple-mapping,MPUSP/snakemake-simple-mapping,workflow_repo,bio/bowtie2/build,wrapper,
MPUSP/snakemake-simple-mapping,MPUSP/snakemake-simple-mapping,workflow_repo,bio/bwa-mem2/index,wrapper,
MPUSP/snakemake-simple-mapping,MPUSP/snakemake-simple-mapping,workflow_repo,bio/bwa-mem2/mem,wrapper,
MPUSP/snakemake-simple-mapping,MPUSP/snakemake-simple-mapping,workflow_repo,bio/deeptools/bamcoverage,wrapper,
MPUSP/snakemake-simple-mapping,MPUSP/snakemake-simple-mapping,workflow_repo,bio/fastp,wrapper,
MPUSP/snakemake-simple-mapping,MPUSP/snakemake-simple-mapping,workflow_repo,bio/fastqc,wrapper,
MPUSP/snakemake-simple-mapping,MPUSP/snakemake-simple-mapping,workflow_repo,bio/freebayes,wrapper,
MPUSP/snakemake-simple-mapping,MPUSP/snakemake-simple-mapping,workflow_repo,bio/gffread,wrapper,
MPUSP/snakemake-simple-mapping,MPUSP/snakemake-simple-mapping,workflow_repo,bio/minimap2/aligner,wrapper,
MPUSP/snakemake-simple-mapping,MPUSP/snakemake-simple-mapping,workflow_repo,bio/minimap2/index,wrapper,
MPUSP/snakemake-simple-mapping,MPUSP/snakemake-simple-mapping,workflow_repo,bio/multiqc,wrapper,
MPUSP/snakemake-simple-mapping,MPUSP/snakemake-simple-mapping,workflow_repo,bio/rseqc/bam_stat,wrapper,
MPUSP/snakemake-simple-mapping,MPUSP/snakemake-simple-mapping,workflow_repo,bio/rseqc/infer_experiment,wrapper,
MPUSP/snakemake-simple-mapping,MPUSP/snakemake-simple-mapping,workflow_repo,bio/samtools/index,wrapper,
MPUSP/snakemake-simple-mapping,MPUSP/snakemake-simple-mapping,workflow_repo,bio/samtools/sort,wrapper,
MPUSP/snakemake-simple-mapping,MPUSP/snakemake-simple-mapping,workflow_repo,bio/snpeff/annotate,wrapper,
MPUSP/snakemake-simple-mapping,MPUSP/snakemake-simple-mapping,workflow_repo,bio/star/align,wrapper,
MPUSP/snakemake-simple-mapping,MPUSP/snakemake-simple-mapping,workflow_repo,bio/star/index,wrapper,
MPUSP/snakemake-simple-mapping,MPUSP/snakemake-simple-mapping,workflow_repo,bio/vep/annotate,wrapper,
MPUSP/snakemake-simple-mapping,MPUSP/snakemake-simple-mapping,workflow_repo,bio/vep/plugins,wrapper,
MaelLefeuvre/BADGER,MaelLefeuvre/BADGER,workflow_repo,ancientdna,topic,
MaelLefeuvre/BADGER,MaelLefeuvre/BADGER,workflow_repo,bioinformatics,topic,
MaelLefeuvre/BADGER,MaelLefeuvre/BADGER,workflow_repo,kinship,topic,
MaelLefeuvre/BADGER,MaelLefeuvre/BADGER,workflow_repo,simulations,topic,
MaelLefeuvre/BADGER,MaelLefeuvre/BADGER,workflow_repo,snakemake,topic,
MeteoSwiss/evalml,MeteoSwiss/evalml,workflow_repo,anemoi,topic,
MeteoSwiss/evalml,MeteoSwiss/evalml,workflow_repo,s-ruc,topic,
MethyleneBlues/Snake,MethyleneBlues/Snake,workflow_repo,bio/fastqc,wrapper,
MethyleneBlues/Snake,MethyleneBlues/Snake,workflow_repo,bio/multiqc,wrapper,
NBChub/bgcflow,NBChub/bgcflow,workflow_repo,pangenome-pipeline,topic,
NBChub/bgcflow,NBChub/bgcflow,workflow_repo,biosynthetic-gene-clusters,topic,
NBChub/bgcflow,NBChub/bgcflow,workflow_repo,genome-annotation,topic,
NBChub/bgcflow,NBChub/bgcflow,workflow_repo,genome-analysis,topic,
NBISweden/LTS-BiodiversityAnalysisCAO,NBISweden/LTS-BiodiversityAnalysisCAO,workflow_repo,metagenomics,topic,
NBISweden/nbis-meta,NBISweden/nbis-meta,workflow_repo,metagenomics,topic,
NBISweden/nbis-meta,NBISweden/nbis-meta,workflow_repo,snakemake,topic,
NBISweden/nbis-meta,NBISweden/nbis-meta,workflow_repo,workflow,topic,
NBISweden/nbis-meta,NBISweden/nbis-meta,workflow_repo,assembly,topic,
NCATSTranslator/Babel,NCATSTranslator/Babel,workflow_repo,ncats-translator,topic,
NCBI-Codeathons/MASCARA,NCBI-Codeathons/MASCARA,workflow_repo,sc-nygc-jan2020,topic,
NCBI-Codeathons/MASCARA,NCBI-Codeathons/MASCARA,workflow_repo,cshl-codeathon-2020,topic,
NCBI-Hackathons/Viral-VDAP,NCBI-Hackathons/Viral-VDAP,workflow_repo,womenled-nih-2019,topic,
NCI-CGR/GEMSCAN,NCI-CGR/GEMSCAN,workflow_repo,snakemake,topic,
NCI-CGR/GEMSCAN,NCI-CGR/GEMSCAN,workflow_repo,workflow,topic,
NCI-CGR/GEMSCAN,NCI-CGR/GEMSCAN,workflow_repo,variant-calling,topic,
NCI-CGR/GEMSCAN,NCI-CGR/GEMSCAN,workflow_repo,strelka2,topic,
NCI-CGR/GEMSCAN,NCI-CGR/GEMSCAN,workflow_repo,gatk4-haplotypecaller,topic,
NCI-CGR/GEMSCAN,NCI-CGR/GEMSCAN,workflow_repo,deepvariant,topic,
NCI-CGR/TriosCompass_v2,NCI-CGR/TriosCompass_v2,workflow_repo,bio/bwa/index,wrapper,
NCI-CGR/TriosCompass_v2,NCI-CGR/TriosCompass_v2,workflow_repo,bio/fastqc,wrapper,
NCI-CGR/TriosCompass_v2,NCI-CGR/TriosCompass_v2,workflow_repo,bio/multiqc,wrapper,
NCI-CGR/TriosCompass_v2,NCI-CGR/TriosCompass_v2,workflow_repo,bio/picard/addorreplacereadgroups,wrapper,
NCI-CIDC/cidc_wes2_releases,NCI-CIDC/cidc_wes2_releases,workflow_repo,bio/vep/annotate,wrapper,
NCI-CIDC/cidc_wes2_releases,NCI-CIDC/cidc_wes2_releases,workflow_repo,bio/vep/cache,wrapper,
NCI-CIDC/cidc_wes2_releases,NCI-CIDC/cidc_wes2_releases,workflow_repo,bio/vep/plugins,wrapper,
NadineWolgast/IntegrateALL,NadineWolgast/IntegrateALL,workflow_repo,bio/arriba,wrapper,
NadineWolgast/IntegrateALL,NadineWolgast/IntegrateALL,workflow_repo,bio/fastqc,wrapper,
NadineWolgast/IntegrateALL,NadineWolgast/IntegrateALL,workflow_repo,bio/gatk/applybqsr,wrapper,
NadineWolgast/IntegrateALL,NadineWolgast/IntegrateALL,workflow_repo,bio/gatk/baserecalibrator,wrapper,
NadineWolgast/IntegrateALL,NadineWolgast/IntegrateALL,workflow_repo,bio/gatk/haplotypecaller,wrapper,
NadineWolgast/IntegrateALL,NadineWolgast/IntegrateALL,workflow_repo,bio/gatk/splitncigarreads,wrapper,
NadineWolgast/IntegrateALL,NadineWolgast/IntegrateALL,workflow_repo,bio/gatk/variantfiltration,wrapper,
NadineWolgast/IntegrateALL,NadineWolgast/IntegrateALL,workflow_repo,bio/picard/addorreplacereadgroups,wrapper,
NadineWolgast/IntegrateALL,NadineWolgast/IntegrateALL,workflow_repo,bio/picard/markduplicates,wrapper,
NadineWolgast/IntegrateALL,NadineWolgast/IntegrateALL,workflow_repo,bio/samtools/index,wrapper,
NasirNesirli/kleb-amr-project,NasirNesirli/kleb-amr-project,workflow_repo,bioinformatics,topic,
NasirNesirli/kleb-amr-project,NasirNesirli/kleb-amr-project,workflow_repo,bioinformatics-pipeline,topic,
NasirNesirli/kleb-amr-project,NasirNesirli/kleb-amr-project,workflow_repo,machine-learning,topic,
NasirNesirli/kleb-amr-project,NasirNesirli/kleb-amr-project,workflow_repo,snakemake,topic,
NovembreLab/eems-around-the-world,NovembreLab/eems-around-the-world,workflow_repo,population-genetics,topic,
NovembreLab/eems-around-the-world,NovembreLab/eems-around-the-world,workflow_repo,data-visualization,topic,
NovembreLab/eems-around-the-world,NovembreLab/eems-around-the-world,workflow_repo,principle-component-analysis,topic,
NovembreLab/eems-around-the-world,NovembreLab/eems-around-the-world,workflow_repo,structure,topic,
NovembreLab/eems-around-the-world,NovembreLab/eems-around-the-world,workflow_repo,admixture,topic,
NovembreLab/eems-around-the-world,NovembreLab/eems-around-the-world,workflow_repo,snakemake-workflow,topic,
OncologyHNJ/crocketa,OncologyHNJ/crocketa,workflow_repo,bio/multiqc,wrapper,
OpenOmics/DLscID,OpenOmics/DLscID,workflow_repo,cell-type-identification,topic,
OpenOmics/DLscID,OpenOmics/DLscID,workflow_repo,deep-learning,topic,
OpenOmics/DLscID,OpenOmics/DLscID,workflow_repo,singularity,topic,
OpenOmics/DLscID,OpenOmics/DLscID,workflow_repo,snakemake,topic,
OpenOmics/DLscID,OpenOmics/DLscID,workflow_repo,single-cell-rna-seq,topic,
OpenOmics/HiIP,OpenOmics/HiIP,workflow_repo,chip-seq,topic,
OpenOmics/HiIP,OpenOmics/HiIP,workflow_repo,hi-c,topic,
OpenOmics/HiIP,OpenOmics/HiIP,workflow_repo,hichip,topic,
OpenOmics/HiIP,OpenOmics/HiIP,workflow_repo,pipeline,topic,
OpenOmics/HiIP,OpenOmics/HiIP,workflow_repo,singularity,topic,
OpenOmics/HiIP,OpenOmics/HiIP,workflow_repo,snakemake,topic,
OpenOmics/assembly-seek,OpenOmics/assembly-seek,workflow_repo,genome-assembly,topic,
OpenOmics/assembly-seek,OpenOmics/assembly-seek,workflow_repo,long-read-sequencing,topic,
OpenOmics/assembly-seek,OpenOmics/assembly-seek,workflow_repo,pacbio,topic,
OpenOmics/baseline,OpenOmics/baseline,workflow_repo,pipeline-template,topic,
OpenOmics/baseline,OpenOmics/baseline,workflow_repo,snakemake,topic,
OpenOmics/cell-seek,OpenOmics/cell-seek,workflow_repo,single-cell-atac-seq,topic,
OpenOmics/cell-seek,OpenOmics/cell-seek,workflow_repo,single-cell-omics,topic,
OpenOmics/cell-seek,OpenOmics/cell-seek,workflow_repo,single-cell-rna-seq,topic,
OpenOmics/cell-seek,OpenOmics/cell-seek,workflow_repo,10xgenomics,topic,
OpenOmics/cell-seek,OpenOmics/cell-seek,workflow_repo,single-cell-vdj,topic,
OpenOmics/cell-seek,OpenOmics/cell-seek,workflow_repo,single-cell-cite-seq,topic,
OpenOmics/cfChIP-seek,OpenOmics/cfChIP-seek,workflow_repo,cell-free-dna,topic,
OpenOmics/cfChIP-seek,OpenOmics/cfChIP-seek,workflow_repo,chip-seq,topic,
OpenOmics/cfChIP-seek,OpenOmics/cfChIP-seek,workflow_repo,peak-annotation,topic,
OpenOmics/cfChIP-seek,OpenOmics/cfChIP-seek,workflow_repo,peak-calling,topic,
OpenOmics/cfChIP-seek,OpenOmics/cfChIP-seek,workflow_repo,quality-control,topic,
OpenOmics/cfChIP-seek,OpenOmics/cfChIP-seek,workflow_repo,snakemake,topic,
OpenOmics/cfChIP-seek,OpenOmics/cfChIP-seek,workflow_repo,cell-type-deconvolution,topic,
OpenOmics/chrom-seek,OpenOmics/chrom-seek,workflow_repo,annotation,topic,
OpenOmics/chrom-seek,OpenOmics/chrom-seek,workflow_repo,atac-seq,topic,
OpenOmics/chrom-seek,OpenOmics/chrom-seek,workflow_repo,cell-free-dna,topic,
OpenOmics/chrom-seek,OpenOmics/chrom-seek,workflow_repo,chip-seq,topic,
OpenOmics/chrom-seek,OpenOmics/chrom-seek,workflow_repo,differential-accessibility,topic,
OpenOmics/chrom-seek,OpenOmics/chrom-seek,workflow_repo,peak-calling,topic,
OpenOmics/chrom-seek,OpenOmics/chrom-seek,workflow_repo,quality-control,topic,
OpenOmics/chrom-seek,OpenOmics/chrom-seek,workflow_repo,differential-binding,topic,
OpenOmics/chrom-seek,OpenOmics/chrom-seek,workflow_repo,bulk,topic,
OpenOmics/cyte-seek,OpenOmics/cyte-seek,workflow_repo,pipeline,topic,
OpenOmics/cyte-seek,OpenOmics/cyte-seek,workflow_repo,singularity,topic,
OpenOmics/cyte-seek,OpenOmics/cyte-seek,workflow_repo,single-cell,topic,
OpenOmics/cyte-seek,OpenOmics/cyte-seek,workflow_repo,cite-seq,topic,
OpenOmics/cyte-seek,OpenOmics/cyte-seek,workflow_repo,quality-control,topic,
OpenOmics/cyte-seek,OpenOmics/cyte-seek,workflow_repo,10xgenomics,topic,
OpenOmics/ervx,OpenOmics/ervx,workflow_repo,herv,topic,
OpenOmics/ervx,OpenOmics/ervx,workflow_repo,human,topic,
OpenOmics/ervx,OpenOmics/ervx,workflow_repo,mouse,topic,
OpenOmics/ervx,OpenOmics/ervx,workflow_repo,quality-control,topic,
OpenOmics/ervx,OpenOmics/ervx,workflow_repo,endogenous-retrovirus-expression,topic,
OpenOmics/ervx,OpenOmics/ervx,workflow_repo,pipeline,topic,
OpenOmics/ervx,OpenOmics/ervx,workflow_repo,singularity,topic,
OpenOmics/ervx,OpenOmics/ervx,workflow_repo,snakemake,topic,
OpenOmics/ervx,OpenOmics/ervx,workflow_repo,workflow,topic,
OpenOmics/ervx,OpenOmics/ervx,workflow_repo,transposable-elements,topic,
OpenOmics/genome-seek,OpenOmics/genome-seek,workflow_repo,copy-number-variation,topic,
OpenOmics/genome-seek,OpenOmics/genome-seek,workflow_repo,germline-variants,topic,
OpenOmics/genome-seek,OpenOmics/genome-seek,workflow_repo,quality-control,topic,
OpenOmics/genome-seek,OpenOmics/genome-seek,workflow_repo,structural-variants,topic,
OpenOmics/genome-seek,OpenOmics/genome-seek,workflow_repo,singularity,topic,
OpenOmics/genome-seek,OpenOmics/genome-seek,workflow_repo,snakemake,topic,
OpenOmics/genome-seek,OpenOmics/genome-seek,workflow_repo,whole-genome-sequencing,topic,
OpenOmics/genome-seek,OpenOmics/genome-seek,workflow_repo,somatic-variants,topic,
OpenOmics/genome-seek,OpenOmics/genome-seek,workflow_repo,pipeline,topic,
OpenOmics/genome-seek,OpenOmics/genome-seek,workflow_repo,hla-typing,topic,
OpenOmics/genome-seek,OpenOmics/genome-seek,workflow_repo,variant-annotation,topic,
OpenOmics/genome-seek,OpenOmics/genome-seek,workflow_repo,variant-effect-prediction,topic,
OpenOmics/genome-seek,OpenOmics/genome-seek,workflow_repo,whole-exome-sequencing,topic,
OpenOmics/iso-seek,OpenOmics/iso-seek,workflow_repo,iso-seq,topic,
OpenOmics/iso-seek,OpenOmics/iso-seek,workflow_repo,long-read-sequencing,topic,
OpenOmics/iso-seek,OpenOmics/iso-seek,workflow_repo,pacbio-sequencing,topic,
OpenOmics/iso-seek,OpenOmics/iso-seek,workflow_repo,singularity,topic,
OpenOmics/iso-seek,OpenOmics/iso-seek,workflow_repo,snakemake,topic,
OpenOmics/iso-seek,OpenOmics/iso-seek,workflow_repo,mas-seq,topic,
OpenOmics/leafworker,OpenOmics/leafworker,workflow_repo,alternative-splicing,topic,
OpenOmics/leafworker,OpenOmics/leafworker,workflow_repo,differential-analysis,topic,
OpenOmics/leafworker,OpenOmics/leafworker,workflow_repo,isoform-quantification,topic,
OpenOmics/leafworker,OpenOmics/leafworker,workflow_repo,isoform-switches,topic,
OpenOmics/leafworker,OpenOmics/leafworker,workflow_repo,covariate-correction,topic,
OpenOmics/metamorph,OpenOmics/metamorph,workflow_repo,metagenomics,topic,
OpenOmics/metamorph,OpenOmics/metamorph,workflow_repo,metatranscriptomics,topic,
OpenOmics/metamorph,OpenOmics/metamorph,workflow_repo,pipeline,topic,
OpenOmics/metamorph,OpenOmics/metamorph,workflow_repo,quality-control,topic,
OpenOmics/metamorph,OpenOmics/metamorph,workflow_repo,snakemake,topic,
OpenOmics/metavirs,OpenOmics/metavirs,workflow_repo,annotation,topic,
OpenOmics/metavirs,OpenOmics/metavirs,workflow_repo,assembly,topic,
OpenOmics/metavirs,OpenOmics/metavirs,workflow_repo,classification,topic,
OpenOmics/metavirs,OpenOmics/metavirs,workflow_repo,pipeline,topic,
OpenOmics/metavirs,OpenOmics/metavirs,workflow_repo,singularity,topic,
OpenOmics/metavirs,OpenOmics/metavirs,workflow_repo,snakemake,topic,
OpenOmics/metavirs,OpenOmics/metavirs,workflow_repo,viral-metagenomics,topic,
OpenOmics/metavirs,OpenOmics/metavirs,workflow_repo,pathogen-surveillance,topic,
OpenOmics/metavirs,OpenOmics/metavirs,workflow_repo,quality-control,topic,
OpenOmics/mir-seek,OpenOmics/mir-seek,workflow_repo,micro-rna,topic,
OpenOmics/mir-seek,OpenOmics/mir-seek,workflow_repo,mirdeep2,topic,
OpenOmics/mir-seek,OpenOmics/mir-seek,workflow_repo,micro-rna-expression,topic,
OpenOmics/mir-seek,OpenOmics/mir-seek,workflow_repo,singularity,topic,
OpenOmics/mir-seek,OpenOmics/mir-seek,workflow_repo,snakemake,topic,
OpenOmics/mir-seek,OpenOmics/mir-seek,workflow_repo,mirna,topic,
OpenOmics/mir-seek,OpenOmics/mir-seek,workflow_repo,mirna-seq,topic,
OpenOmics/mir-seek,OpenOmics/mir-seek,workflow_repo,mature-mirna,topic,
OpenOmics/modr,OpenOmics/modr,workflow_repo,direct-rna-sequencing,topic,
OpenOmics/modr,OpenOmics/modr,workflow_repo,oxford-nanopore,topic,
OpenOmics/modr,OpenOmics/modr,workflow_repo,rna-editing,topic,
OpenOmics/modr,OpenOmics/modr,workflow_repo,rna-modifications,topic,
OpenOmics/modr,OpenOmics/modr,workflow_repo,singularity,topic,
OpenOmics/modr,OpenOmics/modr,workflow_repo,snakemake-pipeline,topic,
OpenOmics/modr,OpenOmics/modr,workflow_repo,bioinformatics,topic,
OpenOmics/modr,OpenOmics/modr,workflow_repo,novel-transcripts,topic,
OpenOmics/modr,OpenOmics/modr,workflow_repo,pipeline,topic,
OpenOmics/modr,OpenOmics/modr,workflow_repo,quality-control,topic,
OpenOmics/modr,OpenOmics/modr,workflow_repo,transcriptomics,topic,
OpenOmics/modr,OpenOmics/modr,workflow_repo,known-transcripts,topic,
OpenOmics/modr,OpenOmics/modr,workflow_repo,polya-tail-length-estimation,topic,
OpenOmics/modr,OpenOmics/modr,workflow_repo,alternative-splicing-analysis,topic,
OpenOmics/modr,OpenOmics/modr,workflow_repo,differential-expression-analysis,topic,
OpenOmics/mpox-seek,OpenOmics/mpox-seek,workflow_repo,conda,topic,
OpenOmics/mpox-seek,OpenOmics/mpox-seek,workflow_repo,mamba,topic,
OpenOmics/mpox-seek,OpenOmics/mpox-seek,workflow_repo,monkeypox,topic,
OpenOmics/mpox-seek,OpenOmics/mpox-seek,workflow_repo,mpox,topic,
OpenOmics/mpox-seek,OpenOmics/mpox-seek,workflow_repo,oxford-nanopore,topic,
OpenOmics/mpox-seek,OpenOmics/mpox-seek,workflow_repo,phylogenetics,topic,
OpenOmics/mpox-seek,OpenOmics/mpox-seek,workflow_repo,pipeline,topic,
OpenOmics/mpox-seek,OpenOmics/mpox-seek,workflow_repo,singularity,topic,
OpenOmics/mpox-seek,OpenOmics/mpox-seek,workflow_repo,snakemake,topic,
OpenOmics/mpox-seek,OpenOmics/mpox-seek,workflow_repo,rapid,topic,
OpenOmics/mr-seek,OpenOmics/mr-seek,workflow_repo,mendelian-randomization,topic,
OpenOmics/mr-seek,OpenOmics/mr-seek,workflow_repo,snakemake,topic,
OpenOmics/mr-seek,OpenOmics/mr-seek,workflow_repo,pipeline,topic,
OpenOmics/nanite,OpenOmics/nanite,workflow_repo,pipeline,topic,
OpenOmics/nanite,OpenOmics/nanite,workflow_repo,snakemake,topic,
OpenOmics/nanite,OpenOmics/nanite,workflow_repo,annotation,topic,
OpenOmics/nanite,OpenOmics/nanite,workflow_repo,slim,topic,
OpenOmics/nanite,OpenOmics/nanite,workflow_repo,assembly,topic,
OpenOmics/nanite,OpenOmics/nanite,workflow_repo,singularity,topic,
OpenOmics/nanite,OpenOmics/nanite,workflow_repo,classification,topic,
OpenOmics/nanite,OpenOmics/nanite,workflow_repo,pathogen-surveillance,topic,
OpenOmics/nanite,OpenOmics/nanite,workflow_repo,viral-metagenomics,topic,
OpenOmics/scErvx,OpenOmics/scErvx,workflow_repo,endogenous-retrovirus-expression,topic,
OpenOmics/scErvx,OpenOmics/scErvx,workflow_repo,single-cell-rna-seq,topic,
OpenOmics/space-seek,OpenOmics/space-seek,workflow_repo,10xgenomics,topic,
OpenOmics/space-seek,OpenOmics/space-seek,workflow_repo,pipeline,topic,
OpenOmics/space-seek,OpenOmics/space-seek,workflow_repo,single-cell,topic,
OpenOmics/space-seek,OpenOmics/space-seek,workflow_repo,singularity,topic,
OpenOmics/space-seek,OpenOmics/space-seek,workflow_repo,snakemake,topic,
OpenOmics/space-seek,OpenOmics/space-seek,workflow_repo,visium-hd,topic,
OpenOmics/weave,OpenOmics/weave,workflow_repo,bcl2fastq,topic,
OpenOmics/weave,OpenOmics/weave,workflow_repo,bclconvert,topic,
OpenOmics/weave,OpenOmics/weave,workflow_repo,contamination-screening,topic,
OpenOmics/weave,OpenOmics/weave,workflow_repo,disambiguate-genomes,topic,
OpenOmics/weave,OpenOmics/weave,workflow_repo,fastq-quality-control,topic,
OpenOmics/weave,OpenOmics/weave,workflow_repo,fastp,topic,
OpenOmics/weave,OpenOmics/weave,workflow_repo,kaiju,topic,
OpenOmics/weave,OpenOmics/weave,workflow_repo,kraken2,topic,
OpenOmics/weave,OpenOmics/weave,workflow_repo,krona,topic,
PNNL-CompBio/perseq,PNNL-CompBio/perseq,workflow_repo,metagenomics,topic,
PNNL-CompBio/perseq,PNNL-CompBio/perseq,workflow_repo,metatranscriptomics,topic,
PathoGenOmics-Lab/VIPERA,PathoGenOmics-Lab/VIPERA,workflow_repo,bioinformatics,topic,
PathoGenOmics-Lab/VIPERA,PathoGenOmics-Lab/VIPERA,workflow_repo,intrahost,topic,
PathoGenOmics-Lab/VIPERA,PathoGenOmics-Lab/VIPERA,workflow_repo,sars-cov-2,topic,
PathoGenOmics-Lab/VIPERA,PathoGenOmics-Lab/VIPERA,workflow_repo,virus-evolution,topic,
PathoGenOmics-Lab/VIPERA,PathoGenOmics-Lab/VIPERA,workflow_repo,reporting,topic,
PathoGenOmics-Lab/VIPERA,PathoGenOmics-Lab/VIPERA,workflow_repo,snakemake,topic,
PathoGenOmics-Lab/ena-spike-ntd-repdel-analysis,PathoGenOmics-Lab/ena-spike-ntd-repdel-analysis,workflow_repo,bioinformatics,topic,
PathoGenOmics-Lab/ena-spike-ntd-repdel-analysis,PathoGenOmics-Lab/ena-spike-ntd-repdel-analysis,workflow_repo,pipeline,topic,
PathoGenOmics-Lab/ena-spike-ntd-repdel-analysis,PathoGenOmics-Lab/ena-spike-ntd-repdel-analysis,workflow_repo,sars-cov-2,topic,
PathoGenOmics-Lab/ena-spike-ntd-repdel-analysis,PathoGenOmics-Lab/ena-spike-ntd-repdel-analysis,workflow_repo,snakemake,topic,
PathoGenOmics-Lab/transcluster,PathoGenOmics-Lab/transcluster,workflow_repo,bioinformatics,topic,
PathoGenOmics-Lab/transcluster,PathoGenOmics-Lab/transcluster,workflow_repo,sars-cov-2,topic,
PathoGenOmics-Lab/transcluster,PathoGenOmics-Lab/transcluster,workflow_repo,snakemake,topic,
PathoGenOmics-Lab/transcluster,PathoGenOmics-Lab/transcluster,workflow_repo,transmission,topic,
PaulaRS/snakemake_transcriptome_workflow,PaulaRS/snakemake_transcriptome_workflow,workflow_repo,annotation,topic,
PaulaRS/snakemake_transcriptome_workflow,PaulaRS/snakemake_transcriptome_workflow,workflow_repo,fastq,topic,
PaulaRS/snakemake_transcriptome_workflow,PaulaRS/snakemake_transcriptome_workflow,workflow_repo,illumina,topic,
PaulaRS/snakemake_transcriptome_workflow,PaulaRS/snakemake_transcriptome_workflow,workflow_repo,transcriptomics,topic,
PaulaRS/snakemake_transcriptome_workflow,PaulaRS/snakemake_transcriptome_workflow,workflow_repo,transdecoder,topic,
PaulaRS/snakemake_transcriptome_workflow,PaulaRS/snakemake_transcriptome_workflow,workflow_repo,rna-seq-pipeline,topic,
PaulaRS/snakemake_transcriptome_workflow,PaulaRS/snakemake_transcriptome_workflow,workflow_repo,workflow-reusable,topic,
PaulaRS/snakemake_transcriptome_workflow,PaulaRS/snakemake_transcriptome_workflow,workflow_repo,python,topic,
PaulaRS/snakemake_transcriptome_workflow,PaulaRS/snakemake_transcriptome_workflow,workflow_repo,snakemake,topic,
Phlya/tagmap,Phlya/tagmap,workflow_repo,bio/bwa-memx/index,wrapper,
Phlya/tagmap,Phlya/tagmap,workflow_repo,bio/bwa-memx/mem,wrapper,
Phlya/tagmap,Phlya/tagmap,workflow_repo,bio/fastp,wrapper,
Phlya/tagmap,Phlya/tagmap,workflow_repo,bio/fastqc,wrapper,
Physics4MedicineLab/APOBECSeeker,Physics4MedicineLab/APOBECSeeker,workflow_repo,apobec,topic,
Physics4MedicineLab/APOBECSeeker,Physics4MedicineLab/APOBECSeeker,workflow_repo,mpxv,topic,
Princeton-LSI-ResearchComputing/PE-small-RNA-seq-analysis,Princeton-LSI-ResearchComputing/PE-small-RNA-seq-analysis,workflow_repo,crispr-analysis,topic,
Princeton-LSI-ResearchComputing/PE-small-RNA-seq-analysis,Princeton-LSI-ResearchComputing/PE-small-RNA-seq-analysis,workflow_repo,quarto,topic,
Princeton-LSI-ResearchComputing/PE-small-RNA-seq-analysis,Princeton-LSI-ResearchComputing/PE-small-RNA-seq-analysis,workflow_repo,rna-seq,topic,
Princeton-LSI-ResearchComputing/PE-small-RNA-seq-analysis,Princeton-LSI-ResearchComputing/PE-small-RNA-seq-analysis,workflow_repo,snakemake,topic,
Princeton-LSI-ResearchComputing/PE-small-RNA-seq-analysis,Princeton-LSI-ResearchComputing/PE-small-RNA-seq-analysis,workflow_repo,workflow,topic,
PyPSA/247-cfe,PyPSA/247-cfe,workflow_repo,energy,topic,
PyPSA/247-cfe,PyPSA/247-cfe,workflow_repo,energy-model,topic,
PyPSA/247-cfe,PyPSA/247-cfe,workflow_repo,power-system,topic,
PyPSA/247-cfe,PyPSA/247-cfe,workflow_repo,pypsa,topic,
PyPSA/247-cfe,PyPSA/247-cfe,workflow_repo,snakemake,topic,
PyPSA/pypsa-eur,PyPSA/pypsa-eur,workflow_repo,snakemake,topic,
PyPSA/pypsa-eur,PyPSA/pypsa-eur,workflow_repo,energy,topic,
PyPSA/pypsa-eur,PyPSA/pypsa-eur,workflow_repo,energy-system,topic,
PyPSA/pypsa-eur,PyPSA/pypsa-eur,workflow_repo,power-systems,topic,
PyPSA/pypsa-eur,PyPSA/pypsa-eur,workflow_repo,energy-model,topic,
PyPSA/pypsa-eur,PyPSA/pypsa-eur,workflow_repo,pypsa,topic,
PyPSA/pypsa-eur,PyPSA/pypsa-eur,workflow_repo,energy-system-model,topic,
PyPSA/pypsa-eur,PyPSA/pypsa-eur,workflow_repo,energy-systems,topic,
PyPSA/pypsa-eur,PyPSA/pypsa-eur,workflow_repo,capacity-expansion-planning,topic,
PyPSA/pypsa-eur,PyPSA/pypsa-eur,workflow_repo,energy-system-modelling,topic,
PyPSA/pypsa-eur,PyPSA/pypsa-eur,workflow_repo,europe,topic,
PyPSA/pypsa-eur,PyPSA/pypsa-eur,workflow_repo,power-grid,topic,
PyPSA/pypsa-eur,PyPSA/pypsa-eur,workflow_repo,sector-coupling,topic,
PyPSA/pypsa-eur,PyPSA/pypsa-eur,workflow_repo,transmission-network,topic,
PyPSA/pypsa-eur,PyPSA/pypsa-eur,workflow_repo,capacity-expansion-model,topic,
PyPSA/pypsa-eur,PyPSA/pypsa-eur,workflow_repo,energy-system-analysis,topic,
PyPSA/pypsa-eur,PyPSA/pypsa-eur,workflow_repo,energy-data,topic,
PyPSA/pypsa-eur-sec,PyPSA/pypsa-eur-sec,workflow_repo,pypsa,topic,
PyPSA/pypsa-eur-sec,PyPSA/pypsa-eur-sec,workflow_repo,energy,topic,
PyPSA/pypsa-eur-sec,PyPSA/pypsa-eur-sec,workflow_repo,energy-system,topic,
PyPSA/pypsa-eur-sec,PyPSA/pypsa-eur-sec,workflow_repo,energy-model,topic,
PyPSA/pypsa-eur-sec,PyPSA/pypsa-eur-sec,workflow_repo,energy-system-model,topic,
RTXteam/RTX-KG2,RTXteam/RTX-KG2,workflow_repo,ncats-translator,topic,
RawalTeam/MeX-Pipeline,RawalTeam/MeX-Pipeline,workflow_repo,ngs,topic,
RawalTeam/MeX-Pipeline,RawalTeam/MeX-Pipeline,workflow_repo,fastq,topic,
RawalTeam/MeX-Pipeline,RawalTeam/MeX-Pipeline,workflow_repo,gene,topic,
RawalTeam/MeX-Pipeline,RawalTeam/MeX-Pipeline,workflow_repo,transposable-elements,topic,
RawalTeam/MeX-Pipeline,RawalTeam/MeX-Pipeline,workflow_repo,mobile-genetic-elements,topic,
RawalTeam/MeX-Pipeline,RawalTeam/MeX-Pipeline,workflow_repo,gene-annotation,topic,
Reed-CompBio/spras,Reed-CompBio/spras,workflow_repo,snakemake,topic,
Reed-CompBio/spras,Reed-CompBio/spras,workflow_repo,network,topic,
Reed-CompBio/spras,Reed-CompBio/spras,workflow_repo,omics,topic,
Reed-CompBio/spras,Reed-CompBio/spras,workflow_repo,pathway-reconstruction,topic,
Reed-CompBio/spras,Reed-CompBio/spras,workflow_repo,spras,topic,
RenscoHogers/Bovine-Assembly-Pipeline,RenscoHogers/Bovine-Assembly-Pipeline,workflow_repo,bioinformatics,topic,
RenscoHogers/Bovine-Assembly-Pipeline,RenscoHogers/Bovine-Assembly-Pipeline,workflow_repo,bioinformatics-pipeline,topic,
RenscoHogers/Bovine-Assembly-Pipeline,RenscoHogers/Bovine-Assembly-Pipeline,workflow_repo,biology,topic,
RenscoHogers/Bovine-Assembly-Pipeline,RenscoHogers/Bovine-Assembly-Pipeline,workflow_repo,bovine,topic,
RenscoHogers/Bovine-Assembly-Pipeline,RenscoHogers/Bovine-Assembly-Pipeline,workflow_repo,genome,topic,
RenscoHogers/Bovine-Assembly-Pipeline,RenscoHogers/Bovine-Assembly-Pipeline,workflow_repo,genome-analysis,topic,
RenscoHogers/Bovine-Assembly-Pipeline,RenscoHogers/Bovine-Assembly-Pipeline,workflow_repo,genome-annotation,topic,
RenscoHogers/Bovine-Assembly-Pipeline,RenscoHogers/Bovine-Assembly-Pipeline,workflow_repo,genome-assembly,topic,
RenscoHogers/Bovine-Assembly-Pipeline,RenscoHogers/Bovine-Assembly-Pipeline,workflow_repo,genomics,topic,
RickGelhausen/HRIBO,RickGelhausen/HRIBO,workflow_repo,ribosome-profiling,topic,
RickGelhausen/HRIBO,RickGelhausen/HRIBO,workflow_repo,prokaryotes,topic,
RickGelhausen/HRIBO,RickGelhausen/HRIBO,workflow_repo,snakemake,topic,
RickGelhausen/HRIBO,RickGelhausen/HRIBO,workflow_repo,bioinformatics,topic,
RomainFeron/paper-sexdetermination-radsex,RomainFeron/paper-sexdetermination-radsex,workflow_repo,workflow,topic,
RomainFeron/paper-sexdetermination-radsex,RomainFeron/paper-sexdetermination-radsex,workflow_repo,snakemake,topic,
RomainFeron/paper-sexdetermination-radsex,RomainFeron/paper-sexdetermination-radsex,workflow_repo,analyses,topic,
RuderferLab/CBS_FunctionalAnnotation,RuderferLab/CBS_FunctionalAnnotation,workflow_repo,ctcf-binding-sites,topic,
RuderferLab/CBS_FunctionalAnnotation,RuderferLab/CBS_FunctionalAnnotation,workflow_repo,publication-code,topic,
RuderferLab/CBS_FunctionalAnnotation,RuderferLab/CBS_FunctionalAnnotation,workflow_repo,noncoding-genetic-variation,topic,
RuderferLab/CBS_FunctionalAnnotation,RuderferLab/CBS_FunctionalAnnotation,workflow_repo,variant-functional-annotation,topic,
SABS-R3-Epidemiology/EpiGeoPop,SABS-R3-Epidemiology/EpiGeoPop,workflow_repo,agent-based-modeling,topic,
SABS-R3-Epidemiology/EpiGeoPop,SABS-R3-Epidemiology/EpiGeoPop,workflow_repo,epidemiology,topic,
SABS-R3-Epidemiology/EpiGeoPop,SABS-R3-Epidemiology/EpiGeoPop,workflow_repo,population-density-maps,topic,
SViswanathanLab/snakemake-RNAseq,SViswanathanLab/snakemake-RNAseq,workflow_repo,fastqc,topic,
SViswanathanLab/snakemake-RNAseq,SViswanathanLab/snakemake-RNAseq,workflow_repo,rsem,topic,
SViswanathanLab/snakemake-RNAseq,SViswanathanLab/snakemake-RNAseq,workflow_repo,salmon,topic,
SViswanathanLab/snakemake-RNAseq,SViswanathanLab/snakemake-RNAseq,workflow_repo,star,topic,
SViswanathanLab/snakemake-RNAseq,SViswanathanLab/snakemake-RNAseq,workflow_repo,snakemake,topic,
SViswanathanLab/snakemake-RNAseq,SViswanathanLab/snakemake-RNAseq,workflow_repo,rna-seq,topic,
SansamLab-Pipelines-Genomics/Cut_And_Run_Analysis_SnakeMake,SansamLab-Pipelines-Genomics/Cut_And_Run_Analysis_SnakeMake,workflow_repo,bioinformatics,topic,
SansamLab-Pipelines-Genomics/Cut_And_Run_Analysis_SnakeMake,SansamLab-Pipelines-Genomics/Cut_And_Run_Analysis_SnakeMake,workflow_repo,chromatin,topic,
SansamLab-Pipelines-Genomics/Cut_And_Run_Analysis_SnakeMake,SansamLab-Pipelines-Genomics/Cut_And_Run_Analysis_SnakeMake,workflow_repo,ngs,topic,
SansamLab-Pipelines-Genomics/Cut_And_Run_Analysis_SnakeMake,SansamLab-Pipelines-Genomics/Cut_And_Run_Analysis_SnakeMake,workflow_repo,pipeline,topic,
SansamLab-Pipelines-Genomics/Cut_And_Run_Analysis_SnakeMake,SansamLab-Pipelines-Genomics/Cut_And_Run_Analysis_SnakeMake,workflow_repo,snakemake,topic,
SansamLab-Pipelines-Genomics/Cut_And_Run_Analysis_SnakeMake,SansamLab-Pipelines-Genomics/Cut_And_Run_Analysis_SnakeMake,workflow_repo,cut-and-run,topic,
SansamLab-Pipelines-Genomics/RepliTimer,SansamLab-Pipelines-Genomics/RepliTimer,workflow_repo,bioinformatics,topic,
SansamLab-Pipelines-Genomics/RepliTimer,SansamLab-Pipelines-Genomics/RepliTimer,workflow_repo,genomics,topic,
SansamLab-Pipelines-Genomics/RepliTimer,SansamLab-Pipelines-Genomics/RepliTimer,workflow_repo,ngs,topic,
SansamLab-Pipelines-Genomics/RepliTimer,SansamLab-Pipelines-Genomics/RepliTimer,workflow_repo,pipeline,topic,
SansamLab-Pipelines-Genomics/RepliTimer,SansamLab-Pipelines-Genomics/RepliTimer,workflow_repo,dna-replication,topic,
SarahSaadain/PastForward,SarahSaadain/PastForward,workflow_repo,adna,topic,
SarahSaadain/PastForward,SarahSaadain/PastForward,workflow_repo,dna-sequencing,topic,
SarahSaadain/PastForward,SarahSaadain/PastForward,workflow_repo,genomics,topic,
SarahSaadain/PastForward,SarahSaadain/PastForward,workflow_repo,pipeline,topic,
SarahSaadain/PastForward,SarahSaadain/PastForward,workflow_repo,snakemake,topic,
SarahSaadain/PastForward,SarahSaadain/PastForward,workflow_repo,ancient-dna,topic,
SarahSaadain/PastForward,SarahSaadain/PastForward,workflow_repo,ancient-dna-analysis,topic,
SarahSaadain/PastForward,SarahSaadain/PastForward,workflow_repo,ancientdna,topic,
SarahSaadain/PastForward,SarahSaadain/PastForward,workflow_repo,genome,topic,
SarahSaadain/PastForward,SarahSaadain/PastForward,workflow_repo,genome-mapping,topic,
SarahSaadain/PastForward,SarahSaadain/PastForward,workflow_repo,multiqc,topic,
SarahSaadain/PastForward,SarahSaadain/PastForward,workflow_repo,raw-reads,topic,
SarahSaadain/PastForward,SarahSaadain/PastForward,workflow_repo,bioinformatics,topic,
SarahSaadain/PastForward,SarahSaadain/PastForward,workflow_repo,bioinformatics-pipeline,topic,
SarahSaadain/PastForward,SarahSaadain/PastForward,workflow_repo,short-read-mapping,topic,
SarahSaadain/PastForward,SarahSaadain/PastForward,workflow_repo,short-reads,topic,
SarahSaadain/PastForward,SarahSaadain/PastForward,workflow_repo,bam,topic,
SarahSaadain/PastForward,SarahSaadain/PastForward,workflow_repo,fasta,topic,
SarahSaadain/PastForward,SarahSaadain/PastForward,workflow_repo,fastq,topic,
SarahSaadain/Single_Copy_Gene_Selector,SarahSaadain/Single_Copy_Gene_Selector,workflow_repo,bio/busco,wrapper,
SarahSaadain/Single_Copy_Gene_Selector,SarahSaadain/Single_Copy_Gene_Selector,workflow_repo,bio/bwa-mem2/index,wrapper,
SarahSaadain/Single_Copy_Gene_Selector,SarahSaadain/Single_Copy_Gene_Selector,workflow_repo,bio/bwa-mem2/mem,wrapper,
SarahSaadain/Single_Copy_Gene_Selector,SarahSaadain/Single_Copy_Gene_Selector,workflow_repo,bio/samtools/index,wrapper,
SarahSaadain/Single_Copy_Gene_Selector,SarahSaadain/Single_Copy_Gene_Selector,workflow_repo,bio/samtools/sort,wrapper,
SarahSaadain/Single_Copy_Gene_Selector,SarahSaadain/Single_Copy_Gene_Selector,workflow_repo,bio/samtools/view,wrapper,
Scaramir/Covid-Assembly,Scaramir/Covid-Assembly,workflow_repo,assembly,topic,
Scaramir/Covid-Assembly,Scaramir/Covid-Assembly,workflow_repo,consenus,topic,
Scaramir/Covid-Assembly,Scaramir/Covid-Assembly,workflow_repo,illumina,topic,
Scaramir/Covid-Assembly,Scaramir/Covid-Assembly,workflow_repo,nanopore,topic,
Scaramir/Covid-Assembly,Scaramir/Covid-Assembly,workflow_repo,snakemake,topic,
Scaramir/Covid-Assembly,Scaramir/Covid-Assembly,workflow_repo,university-project,topic,
SchlossLab/Sovacool_OptiFit_mSphere_2022,SchlossLab/Sovacool_OptiFit_mSphere_2022,workflow_repo,mothur,topic,
SchlossLab/Sovacool_OptiFit_mSphere_2022,SchlossLab/Sovacool_OptiFit_mSphere_2022,workflow_repo,snakemake,topic,
SchlossLab/Sovacool_OptiFit_mSphere_2022,SchlossLab/Sovacool_OptiFit_mSphere_2022,workflow_repo,microbiome,topic,
SchlossLab/Sovacool_OptiFit_mSphere_2022,SchlossLab/Sovacool_OptiFit_mSphere_2022,workflow_repo,reproducible-paper,topic,
SchlossLab/mikropml-snakemake-workflow,SchlossLab/mikropml-snakemake-workflow,workflow_repo,snakemake,topic,
SchlossLab/mikropml-snakemake-workflow,SchlossLab/mikropml-snakemake-workflow,workflow_repo,machine-learning,topic,
SchlossLab/mikropml-snakemake-workflow,SchlossLab/mikropml-snakemake-workflow,workflow_repo,rstats,topic,
SchlossLab/mothur-snakemake-workflow,SchlossLab/mothur-snakemake-workflow,workflow_repo,16s-rrna,topic,
SchlossLab/mothur-snakemake-workflow,SchlossLab/mothur-snakemake-workflow,workflow_repo,mothur,topic,
SchlossLab/mothur-snakemake-workflow,SchlossLab/mothur-snakemake-workflow,workflow_repo,snakemake,topic,
Sendrowski/BirchesScandinavia,Sendrowski/BirchesScandinavia,workflow_repo,birch,topic,
Sendrowski/BirchesScandinavia,Sendrowski/BirchesScandinavia,workflow_repo,pipeline,topic,
Sendrowski/BirchesScandinavia,Sendrowski/BirchesScandinavia,workflow_repo,population-genetics,topic,
Sendrowski/PrimateDFE,Sendrowski/PrimateDFE,workflow_repo,comparative-genomics,topic,
Sendrowski/PrimateDFE,Sendrowski/PrimateDFE,workflow_repo,distribution-of-fitness-effects,topic,
Sendrowski/PrimateDFE,Sendrowski/PrimateDFE,workflow_repo,site-frequency-spectrum,topic,
Sendrowski/PrimateDFE,Sendrowski/PrimateDFE,workflow_repo,snakemake-workflow,topic,
SergioAlias/sporeflow,SergioAlias/sporeflow,workflow_repo,fungi,topic,
SergioAlias/sporeflow,SergioAlias/sporeflow,workflow_repo,its,topic,
SergioAlias/sporeflow,SergioAlias/sporeflow,workflow_repo,pipeline,topic,
SergioAlias/sporeflow,SergioAlias/sporeflow,workflow_repo,qiime2,topic,
SergioAlias/sporeflow,SergioAlias/sporeflow,workflow_repo,snakemake,topic,
SergioAlias/sporeflow,SergioAlias/sporeflow,workflow_repo,workflow,topic,
SergioAlias/sporeflow,SergioAlias/sporeflow,workflow_repo,metataxonomics,topic,
SergioAlias/sporeflow,SergioAlias/sporeflow,workflow_repo,16s,topic,
SergioAlias/sporeflow,SergioAlias/sporeflow,workflow_repo,tef1,topic,
Shall-We-Dance/CAGE_smk,Shall-We-Dance/CAGE_smk,workflow_repo,cage,topic,
Shall-We-Dance/CAGE_smk,Shall-We-Dance/CAGE_smk,workflow_repo,cage-seq,topic,
Shall-We-Dance/CAGE_smk,Shall-We-Dance/CAGE_smk,workflow_repo,ngs-pipeline,topic,
Shall-We-Dance/CAGE_smk,Shall-We-Dance/CAGE_smk,workflow_repo,snakemake-workflow,topic,
Shall-We-Dance/CAGE_smk,Shall-We-Dance/CAGE_smk,workflow_repo,tss,topic,
Shall-We-Dance/CUTRUN_smk,Shall-We-Dance/CUTRUN_smk,workflow_repo,cutrun,topic,
Shall-We-Dance/CUTRUN_smk,Shall-We-Dance/CUTRUN_smk,workflow_repo,snakemake,topic,
Shall-We-Dance/CUTRUN_smk,Shall-We-Dance/CUTRUN_smk,workflow_repo,chip-seq,topic,
Shall-We-Dance/CUTRUN_smk,Shall-We-Dance/CUTRUN_smk,workflow_repo,ngs-pipeline,topic,
Shall-We-Dance/GRIP-seq_smk,Shall-We-Dance/GRIP-seq_smk,workflow_repo,rna-seq-pipeline,topic,
Shall-We-Dance/GRIP-seq_smk,Shall-We-Dance/GRIP-seq_smk,workflow_repo,snakemake-workflow,topic,
Shall-We-Dance/GRIP-seq_smk,Shall-We-Dance/GRIP-seq_smk,workflow_repo,grip-seq,topic,
SherineAwad/ATAC-Seq,SherineAwad/ATAC-Seq,workflow_repo,atac-seq,topic,
SherineAwad/ATAC-Seq,SherineAwad/ATAC-Seq,workflow_repo,snakemake,topic,
SherineAwad/GeneSetEnrichment,SherineAwad/GeneSetEnrichment,workflow_repo,go,topic,
SherineAwad/GeneSetEnrichment,SherineAwad/GeneSetEnrichment,workflow_repo,pathway,topic,
SherineAwad/RNASeqVariantCalling,SherineAwad/RNASeqVariantCalling,workflow_repo,gatk,topic,
SherineAwad/RNASeqVariantCalling,SherineAwad/RNASeqVariantCalling,workflow_repo,rnaseq,topic,
SherineAwad/RNASeqVariantCalling,SherineAwad/RNASeqVariantCalling,workflow_repo,variant,topic,
SherineAwad/RNASeqVariantCalling,SherineAwad/RNASeqVariantCalling,workflow_repo,calling,topic,
SherineAwad/SomaticMutations,SherineAwad/SomaticMutations,workflow_repo,somatic,topic,
SherineAwad/SomaticMutations,SherineAwad/SomaticMutations,workflow_repo,mutations,topic,
SherineAwad/SomaticMutations,SherineAwad/SomaticMutations,workflow_repo,snakemake,topic,
SherineAwad/SomaticMutations,SherineAwad/SomaticMutations,workflow_repo,mutect2,topic,
SherineAwad/SomaticMutations,SherineAwad/SomaticMutations,workflow_repo,gatk4,topic,
SherineAwad/StructureVariations,SherineAwad/StructureVariations,workflow_repo,structure-variants,topic,
SherineAwad/StructureVariations,SherineAwad/StructureVariations,workflow_repo,snakemake,topic,
SherineAwad/StructureVariations,SherineAwad/StructureVariations,workflow_repo,pipeline,topic,
SherineAwad/StructureVariations,SherineAwad/StructureVariations,workflow_repo,gene,topic,
SherineAwad/StructureVariations,SherineAwad/StructureVariations,workflow_repo,fusion,topic,
SherineAwad/gatkVariantCalling,SherineAwad/gatkVariantCalling,workflow_repo,gatk4,topic,
SherineAwad/gatkVariantCalling,SherineAwad/gatkVariantCalling,workflow_repo,variant-calling,topic,
SherineAwad/gatkVariantCalling,SherineAwad/gatkVariantCalling,workflow_repo,snakemake,topic,
SherineAwad/gatkVariantCalling,SherineAwad/gatkVariantCalling,workflow_repo,pipeline,topic,
SherineAwad/lncRNA,SherineAwad/lncRNA,workflow_repo,lncrna,topic,
SherineAwad/miRNA,SherineAwad/miRNA,workflow_repo,mirna,topic,
SilvanCodes/1001_genomes_analysis,SilvanCodes/1001_genomes_analysis,workflow_repo,bio/fastqc,wrapper,
SilvanCodes/1001_genomes_analysis,SilvanCodes/1001_genomes_analysis,workflow_repo,bio/multiqc,wrapper,
SilvanCodes/ag-wiehe-ndm,SilvanCodes/ag-wiehe-ndm,workflow_repo,bio/fastqc,wrapper,
SilvanCodes/ag-wiehe-ndm,SilvanCodes/ag-wiehe-ndm,workflow_repo,bio/multiqc,wrapper,
Skhawari/bacterial_genome_analysis,Skhawari/bacterial_genome_analysis,workflow_repo,bio/fastp,wrapper,
Skhawari/bacterial_genome_analysis,Skhawari/bacterial_genome_analysis,workflow_repo,bio/fastqc,wrapper,
Sotdo/RNAseq,Sotdo/RNAseq,workflow_repo,bio/fastqc,wrapper,
Sotdo/RNAseq,Sotdo/RNAseq,workflow_repo,bio/rseqc/infer_experiment,wrapper,
Sotdo/RNAseq,Sotdo/RNAseq,workflow_repo,bio/samtools/index,wrapper,
Sotdo/RNAseq,Sotdo/RNAseq,workflow_repo,bio/samtools/sort,wrapper,
Sotdo/RNAseq,Sotdo/RNAseq,workflow_repo,bio/star/align,wrapper,
Sotdo/RNAseq,Sotdo/RNAseq,workflow_repo,bio/star/index,wrapper,
Sotdo/RNAseq,Sotdo/RNAseq,workflow_repo,bio/subread/featurecounts,wrapper,
StephenStaklinski/alphamissense_asns,StephenStaklinski/alphamissense_asns,workflow_repo,alphamissense,topic,
StephenStaklinski/alphamissense_asns,StephenStaklinski/alphamissense_asns,workflow_repo,protein-structure,topic,
Swart-lab/loxodes-assembly-workflow,Swart-lab/loxodes-assembly-workflow,workflow_repo,snakemake-workflow,topic,
Swart-lab/loxodes-assembly-workflow,Swart-lab/loxodes-assembly-workflow,workflow_repo,genome-assembly,topic,
Swart-lab/loxodes-assembly-workflow,Swart-lab/loxodes-assembly-workflow,workflow_repo,loxodes,topic,
Swart-lab/loxodes-bleties-workflow,Swart-lab/loxodes-bleties-workflow,workflow_repo,snakemake-workflow,topic,
Swart-lab/loxodes-bleties-workflow,Swart-lab/loxodes-bleties-workflow,workflow_repo,genome-assembly,topic,
Swart-lab/loxodes-bleties-workflow,Swart-lab/loxodes-bleties-workflow,workflow_repo,loxodes,topic,
Swart-lab/loxodes-bleties-workflow,Swart-lab/loxodes-bleties-workflow,workflow_repo,internal-eliminated-sequences,topic,
Swart-lab/loxodes-intronarrator-workflow,Swart-lab/loxodes-intronarrator-workflow,workflow_repo,snakemake-workflow,topic,
Swart-lab/loxodes-intronarrator-workflow,Swart-lab/loxodes-intronarrator-workflow,workflow_repo,genome-annotation,topic,
Swart-lab/loxodes-intronarrator-workflow,Swart-lab/loxodes-intronarrator-workflow,workflow_repo,intron-prediction,topic,
Swart-lab/loxodes-intronarrator-workflow,Swart-lab/loxodes-intronarrator-workflow,workflow_repo,loxodes,topic,
Swart-lab/loxodes-pogigwasc-workflow,Swart-lab/loxodes-pogigwasc-workflow,workflow_repo,snakemake-workflow,topic,
Swart-lab/loxodes-pogigwasc-workflow,Swart-lab/loxodes-pogigwasc-workflow,workflow_repo,genome-annotation,topic,
Swart-lab/loxodes-pogigwasc-workflow,Swart-lab/loxodes-pogigwasc-workflow,workflow_repo,gene-prediction,topic,
Swart-lab/loxodes-pogigwasc-workflow,Swart-lab/loxodes-pogigwasc-workflow,workflow_repo,loxodes,topic,
Swart-lab/loxodes-srna-workflow,Swart-lab/loxodes-srna-workflow,workflow_repo,snakemake-workflow,topic,
Swart-lab/loxodes-srna-workflow,Swart-lab/loxodes-srna-workflow,workflow_repo,srna,topic,
Swart-lab/loxodes-srna-workflow,Swart-lab/loxodes-srna-workflow,workflow_repo,loxodes,topic,
TBradley27/FilTar,TBradley27/FilTar,workflow_repo,mirna-targets,topic,
TBradley27/FilTar,TBradley27/FilTar,workflow_repo,mirna,topic,
TBradley27/FilTar,TBradley27/FilTar,workflow_repo,mirna-mrna-interaction,topic,
TLenfers/multispecies_mitochondrial_variant_analysis,TLenfers/multispecies_mitochondrial_variant_analysis,workflow_repo,snakemake,topic,
TLenfers/multispecies_mitochondrial_variant_analysis,TLenfers/multispecies_mitochondrial_variant_analysis,workflow_repo,reproducibility,topic,
TLenfers/multispecies_mitochondrial_variant_analysis,TLenfers/multispecies_mitochondrial_variant_analysis,workflow_repo,mitochondrial-variants,topic,
ThibauldMichel/ROH-pipeline,ThibauldMichel/ROH-pipeline,workflow_repo,bio/bwa/index,wrapper,
ThibauldMichel/ROH-pipeline,ThibauldMichel/ROH-pipeline,workflow_repo,bio/bwa/mem,wrapper,
ThibauldMichel/ROH-pipeline,ThibauldMichel/ROH-pipeline,workflow_repo,bio/fastqc,wrapper,
ThibauldMichel/ROH-pipeline,ThibauldMichel/ROH-pipeline,workflow_repo,bio/samtools/index,wrapper,
ThibauldMichel/ROH-pipeline,ThibauldMichel/ROH-pipeline,workflow_repo,bio/samtools/sort,wrapper,
ThibauldMichel/ROH-pipeline,ThibauldMichel/ROH-pipeline,workflow_repo,bio/trimmomatic/pe,wrapper,
TidballLab/SNP-Cas13d-Selector,TidballLab/SNP-Cas13d-Selector,workflow_repo,bio/fastqc,wrapper,
TidballLab/SNP-Cas13d-Selector,TidballLab/SNP-Cas13d-Selector,workflow_repo,bio/multiqc,wrapper,
Tuks-ICMM/Pharmacogenetic-Analysis-Pipeline,Tuks-ICMM/Pharmacogenetic-Analysis-Pipeline,workflow_repo,pharmacogenetics,topic,
Tuks-ICMM/Pharmacogenetic-Analysis-Pipeline,Tuks-ICMM/Pharmacogenetic-Analysis-Pipeline,workflow_repo,pipeline,topic,
Tuks-ICMM/Pharmacogenetic-Analysis-Pipeline,Tuks-ICMM/Pharmacogenetic-Analysis-Pipeline,workflow_repo,snakemake,topic,
TurakhiaLab/TWILIGHT,TurakhiaLab/TWILIGHT,workflow_repo,bioinformatics,topic,
TurakhiaLab/TWILIGHT,TurakhiaLab/TWILIGHT,workflow_repo,cuda,topic,
TurakhiaLab/TWILIGHT,TurakhiaLab/TWILIGHT,workflow_repo,multiple-sequence-alignment,topic,
TurakhiaLab/TWILIGHT,TurakhiaLab/TWILIGHT,workflow_repo,snakemake,topic,
TurakhiaLab/TWILIGHT,TurakhiaLab/TWILIGHT,workflow_repo,twilight,topic,
TurakhiaLab/TWILIGHT,TurakhiaLab/TWILIGHT,workflow_repo,gpu-acceleration,topic,
TurakhiaLab/WEPP,TurakhiaLab/WEPP,workflow_repo,maximum-parsimony,topic,
TurakhiaLab/WEPP,TurakhiaLab/WEPP,workflow_repo,phylogenetics,topic,
TurakhiaLab/WEPP,TurakhiaLab/WEPP,workflow_repo,wastewater-based-epidemiology,topic,
TurakhiaLab/WEPP,TurakhiaLab/WEPP,workflow_repo,phylogenetic-placement,topic,
TurakhiaLab/WEPP,TurakhiaLab/WEPP,workflow_repo,visual-dashboard,topic,
TurakhiaLab/WEPP,TurakhiaLab/WEPP,workflow_repo,wepp,topic,
TurakhiaLab/WEPP,TurakhiaLab/WEPP,workflow_repo,sars-cov-2,topic,
TurakhiaLab/WEPP,TurakhiaLab/WEPP,workflow_repo,pathogen-surveillance,topic,
TurakhiaLab/WEPP,TurakhiaLab/WEPP,workflow_repo,wastewater-based-surveillance,topic,
UMMISCO/strainmake,UMMISCO/strainmake,workflow_repo,bioinformatics,topic,
UMMISCO/strainmake,UMMISCO/strainmake,workflow_repo,metagenome-assembled-genomes,topic,
UMMISCO/strainmake,UMMISCO/strainmake,workflow_repo,metagenomics,topic,
UMMISCO/strainmake,UMMISCO/strainmake,workflow_repo,metagenomics-pipeline,topic,
UMMISCO/strainmake,UMMISCO/strainmake,workflow_repo,microbiome,topic,
UMN-GDC/GDCGenomicsQC,UMN-GDC/GDCGenomicsQC,workflow_repo,genomics,topic,
UMN-GDC/GDCGenomicsQC,UMN-GDC/GDCGenomicsQC,workflow_repo,snakemake-workflow,topic,
UtrechtUniversity/MEGAISurv-Namaste,UtrechtUniversity/MEGAISurv-Namaste,workflow_repo,antibiotic-resistance,topic,
UtrechtUniversity/MEGAISurv-Namaste,UtrechtUniversity/MEGAISurv-Namaste,workflow_repo,metagenomics,topic,
UtrechtUniversity/MEGAISurv-Namaste,UtrechtUniversity/MEGAISurv-Namaste,workflow_repo,nanopore-sequencing,topic,
UtrechtUniversity/MEGAISurv-Namaste,UtrechtUniversity/MEGAISurv-Namaste,workflow_repo,snakemake,topic,
UtrechtUniversity/MEGAISurv-Namaste,UtrechtUniversity/MEGAISurv-Namaste,workflow_repo,taxonomic-classification,topic,
UtrechtUniversity/campylobacter-crisprscape,UtrechtUniversity/campylobacter-crisprscape,workflow_repo,bioinformatics,topic,
UtrechtUniversity/campylobacter-crisprscape,UtrechtUniversity/campylobacter-crisprscape,workflow_repo,campylobacter,topic,
UtrechtUniversity/campylobacter-crisprscape,UtrechtUniversity/campylobacter-crisprscape,workflow_repo,crispr-cas-systems,topic,
UtrechtUniversity/campylobacter-crisprscape,UtrechtUniversity/campylobacter-crisprscape,workflow_repo,snakemake,topic,
UtrechtUniversity/campylobacter-crisprscape,UtrechtUniversity/campylobacter-crisprscape,workflow_repo,bacterial-genomics,topic,
WEHIGenomicsRnD/nanopore-transfer-automation,WEHIGenomicsRnD/nanopore-transfer-automation,workflow_repo,archiving,topic,
WEHIGenomicsRnD/nanopore-transfer-automation,WEHIGenomicsRnD/nanopore-transfer-automation,workflow_repo,automation,topic,
WEHIGenomicsRnD/nanopore-transfer-automation,WEHIGenomicsRnD/nanopore-transfer-automation,workflow_repo,long-read,topic,
WEHIGenomicsRnD/nanopore-transfer-automation,WEHIGenomicsRnD/nanopore-transfer-automation,workflow_repo,minion,topic,
WEHIGenomicsRnD/nanopore-transfer-automation,WEHIGenomicsRnD/nanopore-transfer-automation,workflow_repo,nanopore,topic,
WEHIGenomicsRnD/nanopore-transfer-automation,WEHIGenomicsRnD/nanopore-transfer-automation,workflow_repo,promethion,topic,
WEHIGenomicsRnD/nanopore-transfer-automation,WEHIGenomicsRnD/nanopore-transfer-automation,workflow_repo,sequencing,topic,
WEHIGenomicsRnD/nanopore-transfer-automation,WEHIGenomicsRnD/nanopore-transfer-automation,workflow_repo,transfer,topic,
WestGermanGenomeCenter/BNG_nanotatoR,WestGermanGenomeCenter/BNG_nanotatoR,workflow_repo,bionano,topic,
WestGermanGenomeCenter/BNG_nanotatoR,WestGermanGenomeCenter/BNG_nanotatoR,workflow_repo,optical,topic,
WestGermanGenomeCenter/BNG_nanotatoR,WestGermanGenomeCenter/BNG_nanotatoR,workflow_repo,structural-variation,topic,
WestGermanGenomeCenter/BNG_nanotatoR,WestGermanGenomeCenter/BNG_nanotatoR,workflow_repo,genome-analysis,topic,
WestGermanGenomeCenter/BNG_nanotatoR,WestGermanGenomeCenter/BNG_nanotatoR,workflow_repo,smap,topic,
WestGermanGenomeCenter/BNG_nanotatoR,WestGermanGenomeCenter/BNG_nanotatoR,workflow_repo,r,topic,
WestGermanGenomeCenter/BNG_nanotatoR,WestGermanGenomeCenter/BNG_nanotatoR,workflow_repo,annotation,topic,
WestGermanGenomeCenter/circrna_detection,WestGermanGenomeCenter/circrna_detection,workflow_repo,circular,topic,
WestGermanGenomeCenter/circrna_detection,WestGermanGenomeCenter/circrna_detection,workflow_repo,rna,topic,
WestGermanGenomeCenter/circrna_detection,WestGermanGenomeCenter/circrna_detection,workflow_repo,rna-seq,topic,
WestGermanGenomeCenter/circrna_detection,WestGermanGenomeCenter/circrna_detection,workflow_repo,rna-seq-pipeline,topic,
WestGermanGenomeCenter/circrna_detection,WestGermanGenomeCenter/circrna_detection,workflow_repo,rnaseq-pipeline,topic,
WestGermanGenomeCenter/pacbio_variants,WestGermanGenomeCenter/pacbio_variants,workflow_repo,annotation,topic,
WestGermanGenomeCenter/pacbio_variants,WestGermanGenomeCenter/pacbio_variants,workflow_repo,minimap2,topic,
WestGermanGenomeCenter/pacbio_variants,WestGermanGenomeCenter/pacbio_variants,workflow_repo,pacbio,topic,
WestGermanGenomeCenter/pacbio_variants,WestGermanGenomeCenter/pacbio_variants,workflow_repo,snakemake,topic,
WestGermanGenomeCenter/pacbio_variants,WestGermanGenomeCenter/pacbio_variants,workflow_repo,snp-genotyping,topic,
WestGermanGenomeCenter/pacbio_variants,WestGermanGenomeCenter/pacbio_variants,workflow_repo,structural-variation-calling,topic,
WestGermanGenomeCenter/pacbio_variants,WestGermanGenomeCenter/pacbio_variants,workflow_repo,tandem-repeats,topic,
WestGermanGenomeCenter/pacbio_variants,WestGermanGenomeCenter/pacbio_variants,workflow_repo,whatshap,topic,
Wolfffff/snakemake-sleap-naps,Wolfffff/snakemake-sleap-naps,workflow_repo,behavior,topic,
Wolfffff/snakemake-sleap-naps,Wolfffff/snakemake-sleap-naps,workflow_repo,pose,topic,
Wolfffff/snakemake-sleap-naps,Wolfffff/snakemake-sleap-naps,workflow_repo,snakemake,topic,
Xinglab/IRIS,Xinglab/IRIS,workflow_repo,immunotherapy,topic,
Xinglab/IRIS,Xinglab/IRIS,workflow_repo,rna-splicing,topic,
Xinglab/IRIS,Xinglab/IRIS,workflow_repo,neoantigen,topic,
Xinglab/IRIS,Xinglab/IRIS,workflow_repo,tumor-antigen,topic,
Xinglab/IRIS,Xinglab/IRIS,workflow_repo,rna-seq,topic,
Xinglab/ProteoSeq,Xinglab/ProteoSeq,workflow_repo,long-read-sequencing,topic,
Xinglab/ProteoSeq,Xinglab/ProteoSeq,workflow_repo,proteogenomics,topic,
Xinglab/ProteoSeq,Xinglab/ProteoSeq,workflow_repo,proteomics,topic,
Xinglab/ProteoSeq,Xinglab/ProteoSeq,workflow_repo,rna-seq,topic,
Yin-Shen/CharID,Yin-Shen/CharID,workflow_repo,deep-learning,topic,
Yin-Shen/CharID,Yin-Shen/CharID,workflow_repo,chromatin-accessibiity,topic,
Yin-Shen/CharID,Yin-Shen/CharID,workflow_repo,hic,topic,
Yin-Shen/CharID,Yin-Shen/CharID,workflow_repo,loops,topic,
Yin-Shen/CharID,Yin-Shen/CharID,workflow_repo,interaction,topic,
Yin-Shen/CharID,Yin-Shen/CharID,workflow_repo,de-novo-prediction,topic,
Yin-Shen/CharPlant,Yin-Shen/CharPlant,workflow_repo,deep-learning,topic,
Yin-Shen/CharPlant,Yin-Shen/CharPlant,workflow_repo,plant,topic,
Yin-Shen/CharPlant,Yin-Shen/CharPlant,workflow_repo,chromatin-accessibiity,topic,
Yin-Shen/CharPlant,Yin-Shen/CharPlant,workflow_repo,de-novo-prediction,topic,
Yin-Shen/CharPlant,Yin-Shen/CharPlant,workflow_repo,cnn-model,topic,
Yin-Shen/CharPlant,Yin-Shen/CharPlant,workflow_repo,open-chromatin-regions,topic,
Zilong-Li/array-imputation-workflow,Zilong-Li/array-imputation-workflow,workflow_repo,genotype-imputation,topic,
Zilong-Li/array-imputation-workflow,Zilong-Li/array-imputation-workflow,workflow_repo,snakemake-workflows,topic,
Zilong-Li/array-imputation-workflow,Zilong-Li/array-imputation-workflow,workflow_repo,snp-array,topic,
Zilong-Li/lcWGS-imputation-workflow,Zilong-Li/lcWGS-imputation-workflow,workflow_repo,genotype-imputation,topic,
Zilong-Li/lcWGS-imputation-workflow,Zilong-Li/lcWGS-imputation-workflow,workflow_repo,low-coverage-sequencing,topic,
Zilong-Li/lcWGS-imputation-workflow,Zilong-Li/lcWGS-imputation-workflow,workflow_repo,snakemake-workflows,topic,
a-ludi/dentist-example,a-ludi/dentist-example,workflow_repo,snakemake,topic,
a-ludi/dentist-example,a-ludi/dentist-example,workflow_repo,singularity,topic,
a-ludi/dentist-example,a-ludi/dentist-example,workflow_repo,workflow,topic,
a-ludi/dentist-example,a-ludi/dentist-example,workflow_repo,dentist,topic,
a-ludi/dentist-example,a-ludi/dentist-example,workflow_repo,docker,topic,
a-ludi/dentist-example,a-ludi/dentist-example,workflow_repo,pacbio,topic,
a-ludi/dentist-example,a-ludi/dentist-example,workflow_repo,genome-assembly,topic,
a-ludi/dentist-example,a-ludi/dentist-example,workflow_repo,long-reads,topic,
a-ludi/dentist-example,a-ludi/dentist-example,workflow_repo,gap-filling,topic,
ac1513/MAGqual,ac1513/MAGqual,workflow_repo,metagenomic-analysis,topic,
ac1513/MAGqual,ac1513/MAGqual,workflow_repo,metagenomic-pipeline,topic,
ac1513/MAGqual,ac1513/MAGqual,workflow_repo,metagenomics,topic,
ac1513/MAGqual,ac1513/MAGqual,workflow_repo,snakemake,topic,
ac1513/MAGqual,ac1513/MAGqual,workflow_repo,snakemake-pipeline,topic,
adnanhaider81/cva24v-ahc-2023-analysis,adnanhaider81/cva24v-ahc-2023-analysis,workflow_repo,metagenomics,topic,
adnanhaider81/cva24v-ahc-2023-analysis,adnanhaider81/cva24v-ahc-2023-analysis,workflow_repo,next-generation-sequencing,topic,
adnanhaider81/cva24v-ahc-2023-analysis,adnanhaider81/cva24v-ahc-2023-analysis,workflow_repo,phylogenetics,topic,
adnanhaider81/cva24v-ahc-2023-analysis,adnanhaider81/cva24v-ahc-2023-analysis,workflow_repo,acute-hemorrhagic-conjunctivitis,topic,
adnanhaider81/cva24v-ahc-2023-analysis,adnanhaider81/cva24v-ahc-2023-analysis,workflow_repo,cva24v,topic,
adnanhaider81/denv-2023-pakistan-analysis,adnanhaider81/denv-2023-pakistan-analysis,workflow_repo,arbovirus,topic,
adnanhaider81/denv-2023-pakistan-analysis,adnanhaider81/denv-2023-pakistan-analysis,workflow_repo,dengue,topic,
adnanhaider81/denv-2023-pakistan-analysis,adnanhaider81/denv-2023-pakistan-analysis,workflow_repo,genomic-epidemiology,topic,
adnanhaider81/denv-2023-pakistan-analysis,adnanhaider81/denv-2023-pakistan-analysis,workflow_repo,next-generation-sequencing,topic,
adnanhaider81/denv-2023-pakistan-analysis,adnanhaider81/denv-2023-pakistan-analysis,workflow_repo,outbreak,topic,
adnanhaider81/rsv-islamabad-2022-2023-analysis,adnanhaider81/rsv-islamabad-2022-2023-analysis,workflow_repo,bwa,topic,
adnanhaider81/rsv-islamabad-2022-2023-analysis,adnanhaider81/rsv-islamabad-2022-2023-analysis,workflow_repo,genomic-epidemiology,topic,
adnanhaider81/rsv-islamabad-2022-2023-analysis,adnanhaider81/rsv-islamabad-2022-2023-analysis,workflow_repo,iqtree,topic,
adnanhaider81/rsv-islamabad-2022-2023-analysis,adnanhaider81/rsv-islamabad-2022-2023-analysis,workflow_repo,mafft,topic,
adnanhaider81/rsv-islamabad-2022-2023-analysis,adnanhaider81/rsv-islamabad-2022-2023-analysis,workflow_repo,nextclade,topic,
adnanhaider81/rsv-islamabad-2022-2023-analysis,adnanhaider81/rsv-islamabad-2022-2023-analysis,workflow_repo,nextstrain,topic,
adnanhaider81/rsv-islamabad-2022-2023-analysis,adnanhaider81/rsv-islamabad-2022-2023-analysis,workflow_repo,respiratory-syncytial-virus,topic,
adnanhaider81/rsv-islamabad-2022-2023-analysis,adnanhaider81/rsv-islamabad-2022-2023-analysis,workflow_repo,rsv,topic,
adnanhaider81/rsv-islamabad-2022-2023-analysis,adnanhaider81/rsv-islamabad-2022-2023-analysis,workflow_repo,spades,topic,
adonath/snakemake-workflow-chandra,adonath/snakemake-workflow-chandra,workflow_repo,chandra,topic,
adonath/snakemake-workflow-chandra,adonath/snakemake-workflow-chandra,workflow_repo,ciao,topic,
adonath/snakemake-workflow-chandra,adonath/snakemake-workflow-chandra,workflow_repo,data-reduction,topic,
adonath/snakemake-workflow-chandra,adonath/snakemake-workflow-chandra,workflow_repo,snakemake,topic,
adonath/snakemake-workflow-chandra,adonath/snakemake-workflow-chandra,workflow_repo,pylira,topic,
adonath/snakemake-workflow-fermi-lat,adonath/snakemake-workflow-fermi-lat,workflow_repo,data-reduction,topic,
adonath/snakemake-workflow-fermi-lat,adonath/snakemake-workflow-fermi-lat,workflow_repo,fermi-lat,topic,
adonath/snakemake-workflow-fermi-lat,adonath/snakemake-workflow-fermi-lat,workflow_repo,fermitools,topic,
adonath/snakemake-workflow-fermi-lat,adonath/snakemake-workflow-fermi-lat,workflow_repo,gammapy,topic,
adonath/snakemake-workflow-fermi-lat,adonath/snakemake-workflow-fermi-lat,workflow_repo,snakemake,topic,
aehrc/TRIBES,aehrc/TRIBES,workflow_repo,ibd-segments,topic,
aehrc/TRIBES,aehrc/TRIBES,workflow_repo,vcf,topic,
aehrc/TRIBES,aehrc/TRIBES,workflow_repo,estimate-relationships,topic,
aehrc/TRIBES,aehrc/TRIBES,workflow_repo,pipeline,topic,
aidanfoo96/MINUUR,aidanfoo96/MINUUR,workflow_repo,bioinformatics,topic,
aidanfoo96/MINUUR,aidanfoo96/MINUUR,workflow_repo,metagenomics,topic,
aidanfoo96/MINUUR,aidanfoo96/MINUUR,workflow_repo,pipeline,topic,
akbaritabar/Internal-and-international-migration-of-scientists,akbaritabar/Internal-and-international-migration-of-scientists,workflow_repo,internal-migration,topic,
akbaritabar/Internal-and-international-migration-of-scientists,akbaritabar/Internal-and-international-migration-of-scientists,workflow_repo,international-migration,topic,
akbaritabar/Internal-and-international-migration-of-scientists,akbaritabar/Internal-and-international-migration-of-scientists,workflow_repo,migration,topic,
akbaritabar/Internal-and-international-migration-of-scientists,akbaritabar/Internal-and-international-migration-of-scientists,workflow_repo,scholarly-migration,topic,
akbaritabar/Internal-and-international-migration-of-scientists,akbaritabar/Internal-and-international-migration-of-scientists,workflow_repo,scientific-mobility,topic,
akbaritabar/Internal-and-international-migration-of-scientists,akbaritabar/Internal-and-international-migration-of-scientists,workflow_repo,snakemake,topic,
akbaritabar/Internal-and-international-migration-of-scientists,akbaritabar/Internal-and-international-migration-of-scientists,workflow_repo,snakemake-workflow,topic,
akbaritabar/Replication-package-for-gender-and-regional-differences-in-scientific-mobility-and-immobility,akbaritabar/Replication-package-for-gender-and-regional-differences-in-scientific-mobility-and-immobility,workflow_repo,internal-migration,topic,
akbaritabar/Replication-package-for-gender-and-regional-differences-in-scientific-mobility-and-immobility,akbaritabar/Replication-package-for-gender-and-regional-differences-in-scientific-mobility-and-immobility,workflow_repo,international-migration,topic,
akbaritabar/Replication-package-for-gender-and-regional-differences-in-scientific-mobility-and-immobility,akbaritabar/Replication-package-for-gender-and-regional-differences-in-scientific-mobility-and-immobility,workflow_repo,migration,topic,
akbaritabar/Replication-package-for-gender-and-regional-differences-in-scientific-mobility-and-immobility,akbaritabar/Replication-package-for-gender-and-regional-differences-in-scientific-mobility-and-immobility,workflow_repo,mobility,topic,
akbaritabar/Replication-package-for-gender-and-regional-differences-in-scientific-mobility-and-immobility,akbaritabar/Replication-package-for-gender-and-regional-differences-in-scientific-mobility-and-immobility,workflow_repo,python,topic,
akbaritabar/Replication-package-for-gender-and-regional-differences-in-scientific-mobility-and-immobility,akbaritabar/Replication-package-for-gender-and-regional-differences-in-scientific-mobility-and-immobility,workflow_repo,rstats,topic,
akbaritabar/Replication-package-for-gender-and-regional-differences-in-scientific-mobility-and-immobility,akbaritabar/Replication-package-for-gender-and-regional-differences-in-scientific-mobility-and-immobility,workflow_repo,scholarly-migration,topic,
akbaritabar/Replication-package-for-gender-and-regional-differences-in-scientific-mobility-and-immobility,akbaritabar/Replication-package-for-gender-and-regional-differences-in-scientific-mobility-and-immobility,workflow_repo,scientific-mobility,topic,
akbaritabar/Replication-package-for-gender-and-regional-differences-in-scientific-mobility-and-immobility,akbaritabar/Replication-package-for-gender-and-regional-differences-in-scientific-mobility-and-immobility,workflow_repo,snakemake,topic,
akbaritabar/Replication-package-for-gender-and-regional-differences-in-scientific-mobility-and-immobility,akbaritabar/Replication-package-for-gender-and-regional-differences-in-scientific-mobility-and-immobility,workflow_repo,snakemake-workflow,topic,
akcorut/SnakeRNASeq,akcorut/SnakeRNASeq,workflow_repo,rna-seq,topic,
akcorut/SnakeRNASeq,akcorut/SnakeRNASeq,workflow_repo,snakemake,topic,
akcorut/kGWASflow,akcorut/kGWASflow,workflow_repo,snakemake,topic,
akcorut/kGWASflow,akcorut/kGWASflow,workflow_repo,genomics,topic,
akcorut/kGWASflow,akcorut/kGWASflow,workflow_repo,gwas,topic,
akcorut/kGWASflow,akcorut/kGWASflow,workflow_repo,gwas-pipeline,topic,
akcorut/kGWASflow,akcorut/kGWASflow,workflow_repo,kmers,topic,
akcorut/kGWASflow,akcorut/kGWASflow,workflow_repo,bioinformatics-pipeline,topic,
akcorut/kGWASflow,akcorut/kGWASflow,workflow_repo,ngs,topic,
akcorut/kGWASflow,akcorut/kGWASflow,workflow_repo,sciworkflows,topic,
akcorut/kGWASflow,akcorut/kGWASflow,workflow_repo,bioinformatics,topic,
akcorut/kGWASflow,akcorut/kGWASflow,workflow_repo,conda,topic,
akcorut/kGWASflow,akcorut/kGWASflow,workflow_repo,pipeline,topic,
akcorut/kGWASflow,akcorut/kGWASflow,workflow_repo,association-mapping,topic,
akcorut/kGWASflow,akcorut/kGWASflow,workflow_repo,bioinformatics-tool,topic,
akcorut/kGWASflow,akcorut/kGWASflow,workflow_repo,gwas-tools,topic,
akcorut/kGWASflow,akcorut/kGWASflow,workflow_repo,structural-variation,topic,
akcorut/kGWASflow,akcorut/kGWASflow,workflow_repo,workflow,topic,
aleixop/clean_amplicon_datasets,aleixop/clean_amplicon_datasets,workflow_repo,amplicon-sequencing,topic,
aleixop/clean_amplicon_datasets,aleixop/clean_amplicon_datasets,workflow_repo,software,topic,
aleixop/mtags_snakemake,aleixop/mtags_snakemake,workflow_repo,metagenomics,topic,
aleixop/mtags_snakemake,aleixop/mtags_snakemake,workflow_repo,software,topic,
alex-sandercock/SimpleSnek,alex-sandercock/SimpleSnek,workflow_repo,gatk,topic,
alex-sandercock/SimpleSnek,alex-sandercock/SimpleSnek,workflow_repo,python,topic,
alex-sandercock/SimpleSnek,alex-sandercock/SimpleSnek,workflow_repo,snakemake,topic,
alex-sandercock/SimpleSnek,alex-sandercock/SimpleSnek,workflow_repo,variant-calling,topic,
alexhbnr/refbasedMAGreconst,alexhbnr/refbasedMAGreconst,workflow_repo,assembly,topic,
alexhbnr/refbasedMAGreconst,alexhbnr/refbasedMAGreconst,workflow_repo,binning,topic,
alexhbnr/refbasedMAGreconst,alexhbnr/refbasedMAGreconst,workflow_repo,metagenomes,topic,
algbio/panvc-founders,algbio/panvc-founders,workflow_repo,founder-sequences,topic,
algbio/panvc-founders,algbio/panvc-founders,workflow_repo,variant-calling,topic,
algbio/panvc-founders,algbio/panvc-founders,workflow_repo,next-generation-sequencing,topic,
algbio/practical-omnitigs,algbio/practical-omnitigs,workflow_repo,omnitigs,topic,
algbio/practical-omnitigs,algbio/practical-omnitigs,workflow_repo,genome-assembly,topic,
alipirani88/samosa,alipirani88/samosa,workflow_repo,workflow,topic,
alipirani88/samosa,alipirani88/samosa,workflow_repo,metagenomics,topic,
alipirani88/samosa,alipirani88/samosa,workflow_repo,variant-calling,topic,
alipirani88/samosa,alipirani88/samosa,workflow_repo,allele-frequencies,topic,
alipirani88/samosa,alipirani88/samosa,workflow_repo,fastq,topic,
alisonpeard/hazGAN2,alisonpeard/hazGAN2,workflow_repo,climate-hazard-modeling,topic,
alisonpeard/hazGAN2,alisonpeard/hazGAN2,workflow_repo,era5,topic,
alisonpeard/hazGAN2,alisonpeard/hazGAN2,workflow_repo,stochastic-weather-generator,topic,
alisonpeard/hazGAN2,alisonpeard/hazGAN2,workflow_repo,spatial-extremes,topic,
alisonpeard/hazGAN2,alisonpeard/hazGAN2,workflow_repo,multivariate-extremes,topic,
allytrope/variant-analysis,allytrope/variant-analysis,workflow_repo,bioinformatics-workflow,topic,
allytrope/variant-analysis,allytrope/variant-analysis,workflow_repo,bioinformatics,topic,
allytrope/variant-analysis,allytrope/variant-analysis,workflow_repo,variant-calling,topic,
allytrope/variant-analysis,allytrope/variant-analysis,workflow_repo,snakemake-workflow,topic,
andrewgull/HeteroR,andrewgull/HeteroR,workflow_repo,antibiotic-resistance,topic,
andrewgull/HeteroR,andrewgull/HeteroR,workflow_repo,escherichia-coli,topic,
andrewgull/HeteroR,andrewgull/HeteroR,workflow_repo,heteroresistance,topic,
andrewgull/HeteroR,andrewgull/HeteroR,workflow_repo,machine-learning,topic,
andrewgull/HeteroR,andrewgull/HeteroR,workflow_repo,microbiology,topic,
andrewgull/HeteroR,andrewgull/HeteroR,workflow_repo,bioinformatics,topic,
andrewgull/HeteroR,andrewgull/HeteroR,workflow_repo,r,topic,
andrewgull/HeteroR,andrewgull/HeteroR,workflow_repo,tidymodels,topic,
andrewgull/HeteroR,andrewgull/HeteroR,workflow_repo,snakemake,topic,
andrewgull/HeteroR,andrewgull/HeteroR,workflow_repo,genomics,topic,
andrewgull/tga_detection,andrewgull/tga_detection,workflow_repo,antibiotic-resistance,topic,
andrewgull/tga_detection,andrewgull/tga_detection,workflow_repo,bioinformatics,topic,
andrewgull/tga_detection,andrewgull/tga_detection,workflow_repo,bioinformatics-analysis,topic,
andrewgull/tga_detection,andrewgull/tga_detection,workflow_repo,bioinformatics-pipeline,topic,
andrewgull/tga_detection,andrewgull/tga_detection,workflow_repo,biology,topic,
andrewgull/tga_detection,andrewgull/tga_detection,workflow_repo,evolution,topic,
andrewgull/tga_detection,andrewgull/tga_detection,workflow_repo,heteroresistance,topic,
andrewgull/tga_detection,andrewgull/tga_detection,workflow_repo,microbiology,topic,
andrewgull/tga_detection,andrewgull/tga_detection,workflow_repo,tandem-gene-duplication,topic,
aomdahl/gleanr_workflow,aomdahl/gleanr_workflow,workflow_repo,factor-analysis,topic,
aomdahl/gleanr_workflow,aomdahl/gleanr_workflow,workflow_repo,genomics,topic,
aomdahl/gleanr_workflow,aomdahl/gleanr_workflow,workflow_repo,genomics-analysis,topic,
aomdahl/gleanr_workflow,aomdahl/gleanr_workflow,workflow_repo,statistics,topic,
aomdahl/gleanr_workflow,aomdahl/gleanr_workflow,workflow_repo,unsupervised-machine-learning,topic,
aomlomics/tourmaline,aomlomics/tourmaline,workflow_repo,noaa-omics-software,topic,
aomlomics/tourmaline,aomlomics/tourmaline,workflow_repo,amplicon-sequence-variants,topic,
aomlomics/tourmaline,aomlomics/tourmaline,workflow_repo,dada2,topic,
aomlomics/tourmaline,aomlomics/tourmaline,workflow_repo,deblur,topic,
aomlomics/tourmaline,aomlomics/tourmaline,workflow_repo,snakemake,topic,
aryarm/as_analysis,aryarm/as_analysis,workflow_repo,snakemake,topic,
aryarm/as_analysis,aryarm/as_analysis,workflow_repo,allele-specific-expression,topic,
aryarm/as_analysis,aryarm/as_analysis,workflow_repo,rna-seq,topic,
aryarm/as_analysis,aryarm/as_analysis,workflow_repo,atac-seq,topic,
aryarm/as_analysis,aryarm/as_analysis,workflow_repo,whole-genome-sequencing,topic,
aryazand/call_tss,aryazand/call_tss,workflow_repo,bio/bedtools/bamtobed,wrapper,
aryazand/call_tss,aryazand/call_tss,workflow_repo,bio/bedtools/merge,wrapper,
aryazand/call_tss,aryazand/call_tss,workflow_repo,bio/deeptools/bamcoverage,wrapper,
aryazand/call_tss,aryazand/call_tss,workflow_repo,bio/samtools/collate,wrapper,
aryazand/call_tss,aryazand/call_tss,workflow_repo,bio/samtools/view,wrapper,
aryazand/fastq-process-align,aryazand/fastq-process-align,workflow_repo,bio/bowtie2/align,wrapper,
aryazand/fastq-process-align,aryazand/fastq-process-align,workflow_repo,bio/bowtie2/build,wrapper,
aryazand/fastq-process-align,aryazand/fastq-process-align,workflow_repo,bio/bwa-mem2/index,wrapper,
aryazand/fastq-process-align,aryazand/fastq-process-align,workflow_repo,bio/bwa-mem2/mem,wrapper,
aryazand/fastq-process-align,aryazand/fastq-process-align,workflow_repo,bio/deeptools/bamcoverage,wrapper,
aryazand/fastq-process-align,aryazand/fastq-process-align,workflow_repo,bio/fastp,wrapper,
aryazand/fastq-process-align,aryazand/fastq-process-align,workflow_repo,bio/fastqc,wrapper,
aryazand/fastq-process-align,aryazand/fastq-process-align,workflow_repo,bio/gffread,wrapper,
aryazand/fastq-process-align,aryazand/fastq-process-align,workflow_repo,bio/minimap2/aligner,wrapper,
aryazand/fastq-process-align,aryazand/fastq-process-align,workflow_repo,bio/minimap2/index,wrapper,
aryazand/fastq-process-align,aryazand/fastq-process-align,workflow_repo,bio/multiqc,wrapper,
aryazand/fastq-process-align,aryazand/fastq-process-align,workflow_repo,bio/rseqc/bam_stat,wrapper,
aryazand/fastq-process-align,aryazand/fastq-process-align,workflow_repo,bio/rseqc/infer_experiment,wrapper,
aryazand/fastq-process-align,aryazand/fastq-process-align,workflow_repo,bio/samtools/faidx,wrapper,
aryazand/fastq-process-align,aryazand/fastq-process-align,workflow_repo,bio/samtools/index,wrapper,
aryazand/fastq-process-align,aryazand/fastq-process-align,workflow_repo,bio/samtools/sort,wrapper,
aryazand/fastq-process-align,aryazand/fastq-process-align,workflow_repo,bio/samtools/view,wrapper,
aryazand/fastq-process-align,aryazand/fastq-process-align,workflow_repo,bio/star/align,wrapper,
aryazand/fastq-process-align,aryazand/fastq-process-align,workflow_repo,bio/star/index,wrapper,
aryazand/fastq-process-align,aryazand/fastq-process-align,workflow_repo,bio/trim_galore/pe,wrapper,
aryazand/genome_browser_workflow,aryazand/genome_browser_workflow,workflow_repo,bio/fastqc,wrapper,
aryazand/genome_browser_workflow,aryazand/genome_browser_workflow,workflow_repo,bio/multiqc,wrapper,
aryazand/proseq_workflow,aryazand/proseq_workflow,workflow_repo,bio/bedtools/merge,wrapper,
aryazand/proseq_workflow,aryazand/proseq_workflow,workflow_repo,bio/deeptools/bamcoverage,wrapper,
aryazand/proseq_workflow,aryazand/proseq_workflow,workflow_repo,bio/ucsc/faToTwoBit,wrapper,
aryazand/rnaseq_to_genome_annotation,aryazand/rnaseq_to_genome_annotation,workflow_repo,bio/deeptools/bamcoverage,wrapper,
aryazand/rnaseq_to_genome_annotation,aryazand/rnaseq_to_genome_annotation,workflow_repo,bio/samtools/view,wrapper,
aryazand/rnaseq_to_genome_annotation,aryazand/rnaseq_to_genome_annotation,workflow_repo,bio/star/align,wrapper,
aryazand/rnaseq_to_genome_annotation,aryazand/rnaseq_to_genome_annotation,workflow_repo,bio/ucsc/faToTwoBit,wrapper,
asvarvara/MitSorter,asvarvara/MitSorter,workflow_repo,bioinformatics,topic,
asvarvara/MitSorter,asvarvara/MitSorter,workflow_repo,dorado,topic,
asvarvara/MitSorter,asvarvara/MitSorter,workflow_repo,long-reads,topic,
asvarvara/MitSorter,asvarvara/MitSorter,workflow_repo,mitochondria,topic,
asvarvara/MitSorter,asvarvara/MitSorter,workflow_repo,oxford-nanopore,topic,
asvarvara/MitSorter,asvarvara/MitSorter,workflow_repo,pipeline,topic,
asvarvara/MitSorter,asvarvara/MitSorter,workflow_repo,snakemake,topic,
asvarvara/MitSorter,asvarvara/MitSorter,workflow_repo,workflow,topic,
aweich/VIS,aweich/VIS,workflow_repo,bioinformatics,topic,
aweich/VIS,aweich/VIS,workflow_repo,immunology,topic,
aweich/VIS,aweich/VIS,workflow_repo,immunotherapy,topic,
aweich/VIS,aweich/VIS,workflow_repo,long-read-sequencing,topic,
aweich/VIS,aweich/VIS,workflow_repo,oxford-nanopore,topic,
aweich/VIS,aweich/VIS,workflow_repo,python,topic,
aweich/VIS,aweich/VIS,workflow_repo,snakemake,topic,
axp-knickei/HaloArchaea-Metagenomics,axp-knickei/HaloArchaea-Metagenomics,workflow_repo,apptainer,topic,
axp-knickei/HaloArchaea-Metagenomics,axp-knickei/HaloArchaea-Metagenomics,workflow_repo,archaea,topic,
axp-knickei/HaloArchaea-Metagenomics,axp-knickei/HaloArchaea-Metagenomics,workflow_repo,bioinformatics,topic,
axp-knickei/HaloArchaea-Metagenomics,axp-knickei/HaloArchaea-Metagenomics,workflow_repo,checkm2,topic,
axp-knickei/HaloArchaea-Metagenomics,axp-knickei/HaloArchaea-Metagenomics,workflow_repo,dram,topic,
axp-knickei/HaloArchaea-Metagenomics,axp-knickei/HaloArchaea-Metagenomics,workflow_repo,gtdb-tk,topic,
axp-knickei/HaloArchaea-Metagenomics,axp-knickei/HaloArchaea-Metagenomics,workflow_repo,metagenomics,topic,
axp-knickei/HaloArchaea-Metagenomics,axp-knickei/HaloArchaea-Metagenomics,workflow_repo,metaspades,topic,
axp-knickei/HaloArchaea-Metagenomics,axp-knickei/HaloArchaea-Metagenomics,workflow_repo,reproducible-research,topic,
axp-knickei/HaloArchaea-Metagenomics,axp-knickei/HaloArchaea-Metagenomics,workflow_repo,slurm,topic,
axp-knickei/HaloArchaea-Metagenomics,axp-knickei/HaloArchaea-Metagenomics,workflow_repo,snakemake,topic,
axp-knickei/HaloArchaea-Metagenomics,axp-knickei/HaloArchaea-Metagenomics,workflow_repo,haloarchaea,topic,
axp-knickei/HaloArchaea-Metagenomics,axp-knickei/HaloArchaea-Metagenomics,workflow_repo,halophiles,topic,
axp-knickei/HaloArchaea-Metagenomics,axp-knickei/HaloArchaea-Metagenomics,workflow_repo,hypersaline,topic,
axp-knickei/HaloArchaea-Metagenomics,axp-knickei/HaloArchaea-Metagenomics,workflow_repo,semibin2,topic,
b-brankovics/bwa-gatk-fasttree-smkwf,b-brankovics/bwa-gatk-fasttree-smkwf,workflow_repo,bio/bcftools/filter,wrapper,
b-brankovics/bwa-gatk-fasttree-smkwf,b-brankovics/bwa-gatk-fasttree-smkwf,workflow_repo,bio/bwa/index,wrapper,
b-brankovics/bwa-gatk-fasttree-smkwf,b-brankovics/bwa-gatk-fasttree-smkwf,workflow_repo,bio/fasttree,wrapper,
b-brankovics/bwa-gatk-fasttree-smkwf,b-brankovics/bwa-gatk-fasttree-smkwf,workflow_repo,bio/gatk/genomicsdbimport,wrapper,
b-brankovics/bwa-gatk-fasttree-smkwf,b-brankovics/bwa-gatk-fasttree-smkwf,workflow_repo,bio/gatk/genotypegvcfs,wrapper,
b-brankovics/bwa-gatk-fasttree-smkwf,b-brankovics/bwa-gatk-fasttree-smkwf,workflow_repo,bio/gatk/haplotypecaller,wrapper,
b-brankovics/bwa-gatk-fasttree-smkwf,b-brankovics/bwa-gatk-fasttree-smkwf,workflow_repo,bio/gatk/selectvariants,wrapper,
b-brankovics/bwa-gatk-fasttree-smkwf,b-brankovics/bwa-gatk-fasttree-smkwf,workflow_repo,bio/gatk/variantfiltration,wrapper,
b-brankovics/bwa-gatk-fasttree-smkwf,b-brankovics/bwa-gatk-fasttree-smkwf,workflow_repo,bio/multiqc,wrapper,
b-brankovics/bwa-gatk-fasttree-smkwf,b-brankovics/bwa-gatk-fasttree-smkwf,workflow_repo,bio/samtools/faidx,wrapper,
b-brankovics/smkwf-STRAf-typing,b-brankovics/smkwf-STRAf-typing,workflow_repo,bio/fastqc,wrapper,
b-brankovics/smkwf-STRAf-typing,b-brankovics/smkwf-STRAf-typing,workflow_repo,bio/multiqc,wrapper,
baerlachlan/smk-rnaseq-counts,baerlachlan/smk-rnaseq-counts,workflow_repo,bio/bedtools/genomecov,wrapper,
baerlachlan/smk-rnaseq-counts,baerlachlan/smk-rnaseq-counts,workflow_repo,bio/fastp,wrapper,
baerlachlan/smk-rnaseq-counts,baerlachlan/smk-rnaseq-counts,workflow_repo,bio/fastqc,wrapper,
baerlachlan/smk-rnaseq-counts,baerlachlan/smk-rnaseq-counts,workflow_repo,bio/gffread,wrapper,
baerlachlan/smk-rnaseq-counts,baerlachlan/smk-rnaseq-counts,workflow_repo,bio/reference/ensembl-annotation,wrapper,
baerlachlan/smk-rnaseq-counts,baerlachlan/smk-rnaseq-counts,workflow_repo,bio/reference/ensembl-sequence,wrapper,
baerlachlan/smk-rnaseq-counts,baerlachlan/smk-rnaseq-counts,workflow_repo,bio/rseqc/read_distribution,wrapper,
baerlachlan/smk-rnaseq-counts,baerlachlan/smk-rnaseq-counts,workflow_repo,bio/salmon/decoys,wrapper,
baerlachlan/smk-rnaseq-counts,baerlachlan/smk-rnaseq-counts,workflow_repo,bio/salmon/index,wrapper,
baerlachlan/smk-rnaseq-counts,baerlachlan/smk-rnaseq-counts,workflow_repo,bio/salmon/quant,wrapper,
baerlachlan/smk-rnaseq-counts,baerlachlan/smk-rnaseq-counts,workflow_repo,bio/samtools/faidx,wrapper,
baerlachlan/smk-rnaseq-counts,baerlachlan/smk-rnaseq-counts,workflow_repo,bio/samtools/index,wrapper,
baerlachlan/smk-rnaseq-counts,baerlachlan/smk-rnaseq-counts,workflow_repo,bio/samtools/sort,wrapper,
baerlachlan/smk-rnaseq-counts,baerlachlan/smk-rnaseq-counts,workflow_repo,bio/star/align,wrapper,
baerlachlan/smk-rnaseq-counts,baerlachlan/smk-rnaseq-counts,workflow_repo,bio/star/index,wrapper,
baerlachlan/smk-rnaseq-counts,baerlachlan/smk-rnaseq-counts,workflow_repo,bio/subread/featurecounts,wrapper,
baerlachlan/smk-rnaseq-counts,baerlachlan/smk-rnaseq-counts,workflow_repo,bio/ucsc/genePredToBed,wrapper,
baerlachlan/smk-rnaseq-counts,baerlachlan/smk-rnaseq-counts,workflow_repo,bio/ucsc/gtfToGenePred,wrapper,
bcgsc/IMPALA,bcgsc/IMPALA,workflow_repo,allele-specific-expression,topic,
bcgsc/IMPALA,bcgsc/IMPALA,workflow_repo,bioinformatics,topic,
bcgsc/IMPALA,bcgsc/IMPALA,workflow_repo,cancer,topic,
bcgsc/IMPALA,bcgsc/IMPALA,workflow_repo,snakemake-workflow,topic,
bcgsc/pori_graphkb_loader,bcgsc/pori_graphkb_loader,workflow_repo,pori,topic,
bcgsc/pori_graphkb_loader,bcgsc/pori_graphkb_loader,workflow_repo,etl,topic,
belowlab/PheMINE,belowlab/PheMINE,workflow_repo,ehr-phenotyping,topic,
belowlab/PheMINE,belowlab/PheMINE,workflow_repo,icd-10,topic,
belowlab/PheMINE,belowlab/PheMINE,workflow_repo,icd-9,topic,
belowlab/PheMINE,belowlab/PheMINE,workflow_repo,machine-learning,topic,
belowlab/PheMINE,belowlab/PheMINE,workflow_repo,phenome-wide,topic,
belowlab/PheMINE,belowlab/PheMINE,workflow_repo,shapley-value,topic,
belowlab/PheMINE,belowlab/PheMINE,workflow_repo,snakemake-workflow,topic,
benson1231/snakemake-rnaseq,benson1231/snakemake-rnaseq,workflow_repo,rnaseq-analysis,topic,
benson1231/snakemake-rnaseq,benson1231/snakemake-rnaseq,workflow_repo,snakemake-workflow,topic,
berkaynez/helixQC,berkaynez/helixQC,workflow_repo,bioinformatics,topic,
berkaynez/helixQC,berkaynez/helixQC,workflow_repo,genomics,topic,
berkaynez/helixQC,berkaynez/helixQC,workflow_repo,long-read-sequencing,topic,
berkaynez/helixQC,berkaynez/helixQC,workflow_repo,python,topic,
berkaynez/helixQC,berkaynez/helixQC,workflow_repo,qc-pipeline,topic,
berkaynez/helixQC,berkaynez/helixQC,workflow_repo,snakemake,topic,
bertanaylin/long-read-qc-pipeline,bertanaylin/long-read-qc-pipeline,workflow_repo,bioinformatics,topic,
bertanaylin/long-read-qc-pipeline,bertanaylin/long-read-qc-pipeline,workflow_repo,fastq,topic,
bertanaylin/long-read-qc-pipeline,bertanaylin/long-read-qc-pipeline,workflow_repo,long-read-sequencing,topic,
bertanaylin/long-read-qc-pipeline,bertanaylin/long-read-qc-pipeline,workflow_repo,quality-control,topic,
bertanaylin/long-read-qc-pipeline,bertanaylin/long-read-qc-pipeline,workflow_repo,sequencing,topic,
bertanaylin/long-read-qc-pipeline,bertanaylin/long-read-qc-pipeline,workflow_repo,snakemake,topic,
bialimed/SoFuR,bialimed/SoFuR,workflow_repo,rna-seq,topic,
bialimed/SoFuR,bialimed/SoFuR,workflow_repo,fusion,topic,
bialimed/SoFuR,bialimed/SoFuR,workflow_repo,bioinformatics,topic,
bialimed/SoFuR,bialimed/SoFuR,workflow_repo,somatic-fusion-genes,topic,
bibymaths/CETSAx,bibymaths/CETSAx,workflow_repo,deep-learning,topic,
bibymaths/CETSAx,bibymaths/CETSAx,workflow_repo,hill-function,topic,
bibymaths/CETSAx,bibymaths/CETSAx,workflow_repo,mathematical-modelling,topic,
bibymaths/CETSAx,bibymaths/CETSAx,workflow_repo,protein-sequence-embeddings,topic,
bibymaths/CETSAx,bibymaths/CETSAx,workflow_repo,transformers,topic,
bibymaths/codonanalyzer,bibymaths/codonanalyzer,workflow_repo,codon-usage,topic,
bibymaths/codonanalyzer,bibymaths/codonanalyzer,workflow_repo,dna-sequences,topic,
bibymaths/codonanalyzer,bibymaths/codonanalyzer,workflow_repo,perl,topic,
bibymaths/codonanalyzer,bibymaths/codonanalyzer,workflow_repo,protein,topic,
bibymaths/codonanalyzer,bibymaths/codonanalyzer,workflow_repo,protein-sequences,topic,
bibymaths/codonanalyzer,bibymaths/codonanalyzer,workflow_repo,python,topic,
bibymaths/codonanalyzer,bibymaths/codonanalyzer,workflow_repo,snakemake-pipeline,topic,
bibymaths/grmap,bibymaths/grmap,workflow_repo,dna-sequences,topic,
bibymaths/grmap,bibymaths/grmap,workflow_repo,pattern-matching,topic,
bibymaths/grmap,bibymaths/grmap,workflow_repo,perl,topic,
bibymaths/grmap,bibymaths/grmap,workflow_repo,regex,topic,
bibymaths/grmap,bibymaths/grmap,workflow_repo,fasta,topic,
bibymaths/grmap,bibymaths/grmap,workflow_repo,sequence-labeling,topic,
bioconda/bioconda-paper,bioconda/bioconda-paper,workflow_repo,snakemake,topic,
bioconda/bioconda-paper,bioconda/bioconda-paper,workflow_repo,reproducibility,topic,
bioconda/bioconda-paper,bioconda/bioconda-paper,workflow_repo,bioconda,topic,
bioconda/bioconda-paper,bioconda/bioconda-paper,workflow_repo,analysis-workflows,topic,
biocore/qadabra,biocore/qadabra,workflow_repo,bioinformatics,topic,
biocore/qadabra,biocore/qadabra,workflow_repo,workflow,topic,
biocore/qadabra,biocore/qadabra,workflow_repo,differential-abundance,topic,
biocore/qadabra,biocore/qadabra,workflow_repo,machine-learning,topic,
biocore/qadabra,biocore/qadabra,workflow_repo,metagenomics,topic,
biocore/qadabra,biocore/qadabra,workflow_repo,microbiome,topic,
biocore/qadabra,biocore/qadabra,workflow_repo,pipeline,topic,
biocore/qadabra,biocore/qadabra,workflow_repo,snakemake,topic,
bitextor/bitextor,bitextor/bitextor,workflow_repo,document-aligner,topic,
bitextor/bitextor,bitextor/bitextor,workflow_repo,apertium,topic,
bitextor/bitextor,bitextor/bitextor,workflow_repo,dictionaries,topic,
bitextor/bitextor,bitextor/bitextor,workflow_repo,crawler,topic,
bitextor/bitextor,bitextor/bitextor,workflow_repo,wget,topic,
bitextor/bitextor,bitextor/bitextor,workflow_repo,hunalign,topic,
bitextor/bitextor,bitextor/bitextor,workflow_repo,sentence-segmentation,topic,
bitextor/bitextor,bitextor/bitextor,workflow_repo,tokenizer,topic,
bitextor/bitextor,bitextor/bitextor,workflow_repo,bicleaner,topic,
bitextor/bitextor,bitextor/bitextor,workflow_repo,tmx,topic,
bitextor/bitextor,bitextor/bitextor,workflow_repo,warc,topic,
bitextor/bitextor,bitextor/bitextor,workflow_repo,corpus-tools,topic,
bitextor/bitextor,bitextor/bitextor,workflow_repo,corpus-processing,topic,
bitextor/bitextor,bitextor/bitextor,workflow_repo,corpus-generator,topic,
bitextor/bitextor,bitextor/bitextor,workflow_repo,parallel-corpora,topic,
bitextor/bitextor,bitextor/bitextor,workflow_repo,machine-translation,topic,
bitextor/bitextor,bitextor/bitextor,workflow_repo,neural-machine-translation,topic,
bitextor/bitextor,bitextor/bitextor,workflow_repo,statistical-machine-translation,topic,
bitextor/bitextor,bitextor/bitextor,workflow_repo,bitextor,topic,
bitextor/bitextor,bitextor/bitextor,workflow_repo,bleualign,topic,
blab/flu-forecasting,blab/flu-forecasting,workflow_repo,prediction,topic,
blab/flu-forecasting,blab/flu-forecasting,workflow_repo,influenza,topic,
blab/flu-forecasting,blab/flu-forecasting,workflow_repo,modeling,topic,
blab/ncov-usa-mig,blab/ncov-usa-mig,workflow_repo,epidemiology,topic,
blab/ncov-usa-mig,blab/ncov-usa-mig,workflow_repo,infectious-diseases,topic,
blab/ncov-usa-mig,blab/ncov-usa-mig,workflow_repo,virology,topic,
boulardlab/3t-seq,boulardlab/3t-seq,workflow_repo,bioinformatics-pipeline,topic,
boulardlab/3t-seq,boulardlab/3t-seq,workflow_repo,rna-seq-analysis,topic,
boulardlab/3t-seq,boulardlab/3t-seq,workflow_repo,snakemake,topic,
boulardlab/3t-seq,boulardlab/3t-seq,workflow_repo,transposable-elements,topic,
boulardlab/3t-seq,boulardlab/3t-seq,workflow_repo,trna,topic,
calliope-project/euro-calliope,calliope-project/euro-calliope,workflow_repo,calliope-models,topic,
calliope-project/euro-calliope,calliope-project/euro-calliope,workflow_repo,conda,topic,
calliope-project/euro-calliope,calliope-project/euro-calliope,workflow_repo,europe,topic,
calliope-project/euro-calliope,calliope-project/euro-calliope,workflow_repo,research,topic,
calliope-project/euro-calliope,calliope-project/euro-calliope,workflow_repo,energy,topic,
calliope-project/euro-calliope,calliope-project/euro-calliope,workflow_repo,renewable-energy,topic,
calliope-project/module_area_potentials,calliope-project/module_area_potentials,workflow_repo,geo/rasterio/clip-geotiff,wrapper,
calliope-project/module_euro_industry,calliope-project/module_euro_industry,workflow_repo,geo/rasterio/clip,wrapper,
calliope-project/solar-and-wind-potentials,calliope-project/solar-and-wind-potentials,workflow_repo,renewable-energy,topic,
calliope-project/solar-and-wind-potentials,calliope-project/solar-and-wind-potentials,workflow_repo,electricity,topic,
calliope-project/solar-and-wind-potentials,calliope-project/solar-and-wind-potentials,workflow_repo,snakemake,topic,
calliope-project/solar-and-wind-potentials,calliope-project/solar-and-wind-potentials,workflow_repo,europe,topic,
calliope-project/solar-and-wind-potentials,calliope-project/solar-and-wind-potentials,workflow_repo,analysis,topic,
calliope-project/solar-and-wind-potentials,calliope-project/solar-and-wind-potentials,workflow_repo,reproducible-research,topic,
caroue/phd-selection,caroue/phd-selection,workflow_repo,evolution,topic,
caroue/phd-selection,caroue/phd-selection,workflow_repo,gene-families,topic,
caroue/phd-selection,caroue/phd-selection,workflow_repo,selection,topic,
cbg-ethz/SARS-CoV-2_Analysis,cbg-ethz/SARS-CoV-2_Analysis,workflow_repo,snakemake,topic,
cbg-ethz/SARS-CoV-2_Analysis,cbg-ethz/SARS-CoV-2_Analysis,workflow_repo,sars-cov-2,topic,
cbg-ethz/V-pipe,cbg-ethz/V-pipe,workflow_repo,ngs,topic,
cbg-ethz/V-pipe,cbg-ethz/V-pipe,workflow_repo,snakemake,topic,
cbg-ethz/V-pipe,cbg-ethz/V-pipe,workflow_repo,conda,topic,
cbg-ethz/V-pipe,cbg-ethz/V-pipe,workflow_repo,biohackeu20,topic,
cbg-ethz/V-pipe,cbg-ethz/V-pipe,workflow_repo,virus,topic,
cbg-ethz/V-pipe,cbg-ethz/V-pipe,workflow_repo,sequencing,topic,
cbg-ethz/V-pipe,cbg-ethz/V-pipe,workflow_repo,bioinformatics,topic,
cbg-ethz/V-pipe,cbg-ethz/V-pipe,workflow_repo,bioinformatics-pipeline,topic,
cbg-ethz/V-pipe,cbg-ethz/V-pipe,workflow_repo,biohackcovid20,topic,
cbg-ethz/V-pipe,cbg-ethz/V-pipe,workflow_repo,sars-cov-2,topic,
cbg-ethz/V-pipe,cbg-ethz/V-pipe,workflow_repo,sarscov2,topic,
cbg-ethz/V-pipe,cbg-ethz/V-pipe,workflow_repo,hiv,topic,
cbg-ethz/V-pipe,cbg-ethz/V-pipe,workflow_repo,genomics,topic,
cbg-ethz/V-pipe,cbg-ethz/V-pipe,workflow_repo,biohackeu21,topic,
cbg-ethz/V-pipe,cbg-ethz/V-pipe,workflow_repo,biohackeu22,topic,
cbg-ethz/hive-protocol,cbg-ethz/hive-protocol,workflow_repo,bioinformatics-analysis,topic,
cbg-ethz/hive-protocol,cbg-ethz/hive-protocol,workflow_repo,ci-cd,topic,
cbg-ethz/hive-protocol,cbg-ethz/hive-protocol,workflow_repo,python,topic,
cbg-ethz/hive-protocol,cbg-ethz/hive-protocol,workflow_repo,research,topic,
cbp44/snakemake-workflow-ref_genomes,cbp44/snakemake-workflow-ref_genomes,workflow_repo,reference-genomes,topic,
cbp44/snakemake-workflow-ref_genomes,cbp44/snakemake-workflow-ref_genomes,workflow_repo,reproducible-research,topic,
cbp44/snakemake-workflow-ref_genomes,cbp44/snakemake-workflow-ref_genomes,workflow_repo,reproducible-science,topic,
cbp44/snakemake-workflow-ref_genomes,cbp44/snakemake-workflow-ref_genomes,workflow_repo,snakemake,topic,
cbp44/snakemake-workflow-rna-seq,cbp44/snakemake-workflow-rna-seq,workflow_repo,snakemake,topic,
cbp44/snakemake-workflow-rna-seq,cbp44/snakemake-workflow-rna-seq,workflow_repo,reproducible-research,topic,
cbp44/snakemake-workflow-rna-seq,cbp44/snakemake-workflow-rna-seq,workflow_repo,reproducible-science,topic,
cbp44/snakemake-workflow-rna-seq,cbp44/snakemake-workflow-rna-seq,workflow_repo,rna-seq,topic,
cbp44/snakemake-workflow-rna-seq,cbp44/snakemake-workflow-rna-seq,workflow_repo,rna-seq-pipeline,topic,
centrefornetzero/pypsa-fes,centrefornetzero/pypsa-fes,workflow_repo,energy,topic,
centrefornetzero/pypsa-fes,centrefornetzero/pypsa-fes,workflow_repo,energy-transition,topic,
centrefornetzero/pypsa-fes,centrefornetzero/pypsa-fes,workflow_repo,great-britain,topic,
centrefornetzero/pypsa-fes,centrefornetzero/pypsa-fes,workflow_repo,modelling,topic,
centrefornetzero/pypsa-fes,centrefornetzero/pypsa-fes,workflow_repo,open-source,topic,
centrefornetzero/pypsa-fes,centrefornetzero/pypsa-fes,workflow_repo,optimization,topic,
centrefornetzero/pypsa-fes,centrefornetzero/pypsa-fes,workflow_repo,python,topic,
centrefornetzero/pypsa-fes,centrefornetzero/pypsa-fes,workflow_repo,sector-coupling,topic,
centrefornetzero/pypsa-fes,centrefornetzero/pypsa-fes,workflow_repo,snakemake-workflow,topic,
centrefornetzero/pypsa-fes,centrefornetzero/pypsa-fes,workflow_repo,demand-flexibility,topic,
centrefornetzero/pypsa-fes,centrefornetzero/pypsa-fes,workflow_repo,energy-model,topic,
centrefornetzero/pypsa-fes,centrefornetzero/pypsa-fes,workflow_repo,energy-system-model,topic,
centrefornetzero/pypsa-fes,centrefornetzero/pypsa-fes,workflow_repo,power-systems,topic,
centrefornetzero/pypsa-fes,centrefornetzero/pypsa-fes,workflow_repo,pypsa,topic,
centuri-engineering/differential-expression_workflow,centuri-engineering/differential-expression_workflow,workflow_repo,rna-seq-analysis,topic,
centuri-engineering/differential-expression_workflow,centuri-engineering/differential-expression_workflow,workflow_repo,bulk-rna-seq,topic,
cgob/codonDT_snakemake,cgob/codonDT_snakemake,workflow_repo,bioinformatics,topic,
cgob/codonDT_snakemake,cgob/codonDT_snakemake,workflow_repo,ribosome-profiling,topic,
cgob/codonDT_snakemake,cgob/codonDT_snakemake,workflow_repo,ribosome,topic,
cgob/codonDT_snakemake,cgob/codonDT_snakemake,workflow_repo,generalized-linear-models,topic,
charlesfoster/mitowrap,charlesfoster/mitowrap,workflow_repo,mitochondria,topic,
charlesfoster/mitowrap,charlesfoster/mitowrap,workflow_repo,genome-assembly,topic,
charlesfoster/mitowrap,charlesfoster/mitowrap,workflow_repo,mitogenome,topic,
charlesfoster/mitowrap,charlesfoster/mitowrap,workflow_repo,snakemake,topic,
charlesfoster/mitowrap,charlesfoster/mitowrap,workflow_repo,mitochondrial-genome-assembly,topic,
clairehalloran/GeoHeat-GB,clairehalloran/GeoHeat-GB,workflow_repo,energy,topic,
clairehalloran/GeoHeat-GB,clairehalloran/GeoHeat-GB,workflow_repo,energy-system,topic,
clairehalloran/GeoHeat-GB,clairehalloran/GeoHeat-GB,workflow_repo,energy-system-model,topic,
clairehalloran/GeoHeat-GB,clairehalloran/GeoHeat-GB,workflow_repo,energy-system-modeling,topic,
clairehalloran/GeoHeat-GB,clairehalloran/GeoHeat-GB,workflow_repo,energy-systems,topic,
clairehalloran/GeoHeat-GB,clairehalloran/GeoHeat-GB,workflow_repo,geospatial,topic,
clairehalloran/GeoHeat-GB,clairehalloran/GeoHeat-GB,workflow_repo,heat-pump,topic,
clairehalloran/GeoHeat-GB,clairehalloran/GeoHeat-GB,workflow_repo,heating,topic,
clairehalloran/GeoHeat-GB,clairehalloran/GeoHeat-GB,workflow_repo,power-systems,topic,
clairehalloran/GeoHeat-GB,clairehalloran/GeoHeat-GB,workflow_repo,pypsa,topic,
clinical-genomics-uppsala/fada,clinical-genomics-uppsala/fada,workflow_repo,bio/bedtools/intersect,wrapper,
clinical-genomics-uppsala/fada,clinical-genomics-uppsala/fada,workflow_repo,bio/samtools/view,wrapper,
clinical-genomics-uppsala/marple_rd_tc,clinical-genomics-uppsala/marple_rd_tc,workflow_repo,bio/bedtools/intersect,wrapper,
clinical-genomics-uppsala/neville_mx_amplicon,clinical-genomics-uppsala/neville_mx_amplicon,workflow_repo,bio/picard/bedtointervallist,wrapper,
clinical-genomics-uppsala/poppy_uppsala,clinical-genomics-uppsala/poppy_uppsala,workflow_repo,bio/bedtools/intersect,wrapper,
clnakagawa/snk-chip,clnakagawa/snk-chip,workflow_repo,bio/fastqc,wrapper,
clnakagawa/snk-chip,clnakagawa/snk-chip,workflow_repo,bio/multiqc,wrapper,
clousgospel/wgs-snakemake-pipeline,clousgospel/wgs-snakemake-pipeline,workflow_repo,bioinformatics,topic,
clousgospel/wgs-snakemake-pipeline,clousgospel/wgs-snakemake-pipeline,workflow_repo,cancer-genomics,topic,
clousgospel/wgs-snakemake-pipeline,clousgospel/wgs-snakemake-pipeline,workflow_repo,conda,topic,
clousgospel/wgs-snakemake-pipeline,clousgospel/wgs-snakemake-pipeline,workflow_repo,gatk,topic,
clousgospel/wgs-snakemake-pipeline,clousgospel/wgs-snakemake-pipeline,workflow_repo,gatk4,topic,
clousgospel/wgs-snakemake-pipeline,clousgospel/wgs-snakemake-pipeline,workflow_repo,snakemake,topic,
clousgospel/wgs-snakemake-pipeline,clousgospel/wgs-snakemake-pipeline,workflow_repo,variant-calling,topic,
clousgospel/wgs-snakemake-pipeline,clousgospel/wgs-snakemake-pipeline,workflow_repo,wgs,topic,
cmkobel/CompareM2,cmkobel/CompareM2,workflow_repo,microbial-genomics,topic,
cmkobel/CompareM2,cmkobel/CompareM2,workflow_repo,snakemake,topic,
cmkobel/CompareM2,cmkobel/CompareM2,workflow_repo,genomes-to-report,topic,
cmkobel/CompareM2,cmkobel/CompareM2,workflow_repo,hpc,topic,
cmkobel/CompareM2,cmkobel/CompareM2,workflow_repo,conda,topic,
cmkobel/CompareM2,cmkobel/CompareM2,workflow_repo,apptainer,topic,
cmkobel/CompareM2,cmkobel/CompareM2,workflow_repo,bioinformatics,topic,
cmkobel/CompareM2,cmkobel/CompareM2,workflow_repo,pbs,topic,
cmkobel/CompareM2,cmkobel/CompareM2,workflow_repo,slurm,topic,
cmkobel/CompareM2,cmkobel/CompareM2,workflow_repo,bioconda,topic,
cmkobel/CompareM2,cmkobel/CompareM2,workflow_repo,prokaryotes,topic,
cmkobel/CompareM2,cmkobel/CompareM2,workflow_repo,metagenomics,topic,
cmkobel/CompareM2,cmkobel/CompareM2,workflow_repo,clinical-research,topic,
cmkobel/CompareM2,cmkobel/CompareM2,workflow_repo,archaea,topic,
cmkobel/CompareM2,cmkobel/CompareM2,workflow_repo,bacteria,topic,
cnio-bu/cluster_rnaseq,cnio-bu/cluster_rnaseq,workflow_repo,bio/bbtools/bbduk,wrapper,
cnio-bu/cluster_rnaseq,cnio-bu/cluster_rnaseq,workflow_repo,bio/fastq_screen,wrapper,
cnio-bu/myeloma-epi-sv,cnio-bu/myeloma-epi-sv,workflow_repo,bio/mosdepth,wrapper,
codingene/snakemake-base,codingene/snakemake-base,workflow_repo,snakemake,topic,
codingene/snakemake-base,codingene/snakemake-base,workflow_repo,conda,topic,
codingene/snakemake-base,codingene/snakemake-base,workflow_repo,codingene,topic,
cpauvert/PLNnetwork-workflow,cpauvert/PLNnetwork-workflow,workflow_repo,snakemake,topic,
cpauvert/PLNnetwork-workflow,cpauvert/PLNnetwork-workflow,workflow_repo,snakemake-workflows,topic,
cpauvert/PLNnetwork-workflow,cpauvert/PLNnetwork-workflow,workflow_repo,microbiome-analysis,topic,
cpauvert/PLNnetwork-workflow,cpauvert/PLNnetwork-workflow,workflow_repo,network-inference,topic,
cpauvert/PLNnetwork-workflow,cpauvert/PLNnetwork-workflow,workflow_repo,count-data,topic,
crazyhottommy/pyflow-ATACseq,crazyhottommy/pyflow-ATACseq,workflow_repo,atac-seq,topic,
crazyhottommy/pyflow-ATACseq,crazyhottommy/pyflow-ATACseq,workflow_repo,snakemake,topic,
crazyhottommy/pyflow-ChIPseq,crazyhottommy/pyflow-ChIPseq,workflow_repo,chip-seq,topic,
crazyhottommy/pyflow-ChIPseq,crazyhottommy/pyflow-ChIPseq,workflow_repo,snakemake,topic,
crazyhottommy/pyflow-ChIPseq,crazyhottommy/pyflow-ChIPseq,workflow_repo,python,topic,
crazyhottommy/pyflow-RNAseq,crazyhottommy/pyflow-RNAseq,workflow_repo,rnaseq,topic,
crazyhottommy/pyflow-RNAseq,crazyhottommy/pyflow-RNAseq,workflow_repo,snakemake,topic,
csoneson/ARMOR,csoneson/ARMOR,workflow_repo,rna-seq,topic,
csoneson/ARMOR,csoneson/ARMOR,workflow_repo,workflow,topic,
ctglab/ENEO,ctglab/ENEO,workflow_repo,bioinformatics,topic,
ctglab/ENEO,ctglab/ENEO,workflow_repo,cancer-genomics,topic,
ctglab/ENEO,ctglab/ENEO,workflow_repo,immunology,topic,
ctglab/ENEO,ctglab/ENEO,workflow_repo,neoepitopes,topic,
ctglab/ENEO,ctglab/ENEO,workflow_repo,transcriptomics,topic,
ctglab/ENEO,ctglab/ENEO,workflow_repo,bio/fastp,wrapper,
ctmrbio/stag-mwc,ctmrbio/stag-mwc,workflow_repo,snakemake-workflows,topic,
ctmrbio/stag-mwc,ctmrbio/stag-mwc,workflow_repo,metagenomic-analysis,topic,
ctmrbio/stag-mwc,ctmrbio/stag-mwc,workflow_repo,metagenomics,topic,
ctmrbio/stag-mwc,ctmrbio/stag-mwc,workflow_repo,research,topic,
ctmrbio/stag-mwc,ctmrbio/stag-mwc,workflow_repo,microbiome,topic,
ctrltz/crosstalk-evaluation,ctrltz/crosstalk-evaluation,workflow_repo,connectivity-analysis,topic,
ctrltz/crosstalk-evaluation,ctrltz/crosstalk-evaluation,workflow_repo,electroencephalography,topic,
ctrltz/crosstalk-evaluation,ctrltz/crosstalk-evaluation,workflow_repo,inverse-problem,topic,
ctrltz/crosstalk-evaluation,ctrltz/crosstalk-evaluation,workflow_repo,magnetoencephalography,topic,
ctrltz/crosstalk-evaluation,ctrltz/crosstalk-evaluation,workflow_repo,crosstalk-function,topic,
ctrltz/crosstalk-evaluation,ctrltz/crosstalk-evaluation,workflow_repo,remaining-field-spread,topic,
ctubbs750/snakemake-workflow-template,ctubbs750/snakemake-workflow-template,workflow_repo,snakemake,topic,
ctubbs750/snakemake-workflow-template,ctubbs750/snakemake-workflow-template,workflow_repo,template,topic,
ctubbs750/snakemake-workflow-template,ctubbs750/snakemake-workflow-template,workflow_repo,python,topic,
ctubbs750/snakemake-workflow-template,ctubbs750/snakemake-workflow-template,workflow_repo,shell-scripting,topic,
cuspuk/workflow_mapping,cuspuk/workflow_mapping,workflow_repo,bio/multiqc,wrapper,
cuspuk/workflow_mapping,cuspuk/workflow_mapping,workflow_repo,bio/picard/createsequencedictionary,wrapper,
cuspuk/workflow_mapping,cuspuk/workflow_mapping,workflow_repo,bio/samtools/faidx,wrapper,
cuspuk/workflow_mapping,cuspuk/workflow_mapping,workflow_repo,bio/samtools/index,wrapper,
cuspuk/workflow_mapping,cuspuk/workflow_mapping,workflow_repo,bio/samtools/stats,wrapper,
cuspuk/workflow_reads,cuspuk/workflow_reads,workflow_repo,bio/multiqc,wrapper,
dancooke/syntumorsizer,dancooke/syntumorsizer,workflow_repo,bioinformatics,topic,
dancooke/syntumorsizer,dancooke/syntumorsizer,workflow_repo,cancer-genomics,topic,
dancooke/syntumorsizer,dancooke/syntumorsizer,workflow_repo,sequencing,topic,
dancooke/syntumorsizer,dancooke/syntumorsizer,workflow_repo,genomics,topic,
daniel-munro/rat-twas-hub,daniel-munro/rat-twas-hub,workflow_repo,genetics,topic,
daniel-munro/rat-twas-hub,daniel-munro/rat-twas-hub,workflow_repo,genomics,topic,
daniel-munro/rat-twas-hub,daniel-munro/rat-twas-hub,workflow_repo,gwas,topic,
daniel-munro/rat-twas-hub,daniel-munro/rat-twas-hub,workflow_repo,rats,topic,
daniel-munro/rat-twas-hub,daniel-munro/rat-twas-hub,workflow_repo,twas,topic,
danilotat/RNA-neoflow,danilotat/RNA-neoflow,workflow_repo,bioinformatics,topic,
danilotat/RNA-neoflow,danilotat/RNA-neoflow,workflow_repo,cancer-genomics,topic,
danilotat/RNA-neoflow,danilotat/RNA-neoflow,workflow_repo,transcriptomics,topic,
danilotat/RNA-neoflow,danilotat/RNA-neoflow,workflow_repo,immunology,topic,
danilotat/RNA-neoflow,danilotat/RNA-neoflow,workflow_repo,neoepitopes,topic,
data-fun/3d-genome-builder,data-fun/3d-genome-builder,workflow_repo,hic,topic,
data-fun/3d-genome-builder,data-fun/3d-genome-builder,workflow_repo,3d-genome,topic,
data-fun/3d-genome-builder,data-fun/3d-genome-builder,workflow_repo,vizualization,topic,
datascientiafoundation/feature-engineering,datascientiafoundation/feature-engineering,workflow_repo,dataprocessing,topic,
datascientiafoundation/feature-engineering,datascientiafoundation/feature-engineering,workflow_repo,ilog,topic,
datascientiafoundation/feature-engineering,datascientiafoundation/feature-engineering,workflow_repo,mobile-sensing,topic,
datascientiafoundation/feature-engineering,datascientiafoundation/feature-engineering,workflow_repo,ubiquitous-computing,topic,
datascientiafoundation/feature-engineering,datascientiafoundation/feature-engineering,workflow_repo,person-centric-data,topic,
datascientiafoundation/feature-engineering,datascientiafoundation/feature-engineering,workflow_repo,livepeople,topic,
datasnakes/orthoevol-snakemake,datasnakes/orthoevol-snakemake,workflow_repo,snakemake,topic,
datasnakes/orthoevol-snakemake,datasnakes/orthoevol-snakemake,workflow_repo,snakemake-workflow,topic,
datasnakes/orthoevol-snakemake,datasnakes/orthoevol-snakemake,workflow_repo,snakemake-pipelines,topic,
datasnakes/orthoevol-snakemake,datasnakes/orthoevol-snakemake,workflow_repo,orthology-inference,topic,
datasnakes/orthoevol-snakemake,datasnakes/orthoevol-snakemake,workflow_repo,orthoevol,topic,
davidenoma/moka,davidenoma/moka,workflow_repo,genome-wide-association-studies,topic,
davidenoma/moka,davidenoma/moka,workflow_repo,kernel,topic,
davidenoma/moka,davidenoma/moka,workflow_repo,python,topic,
davidenoma/moka,davidenoma/moka,workflow_repo,r,topic,
davidenoma/moka,davidenoma/moka,workflow_repo,snakemake,topic,
davidenoma/moka,davidenoma/moka,workflow_repo,multiomics,topic,
dbespiatykh/RDscan,dbespiatykh/RDscan,workflow_repo,bioinformatics,topic,
dbespiatykh/RDscan,dbespiatykh/RDscan,workflow_repo,snakemake,topic,
dbespiatykh/RDscan,dbespiatykh/RDscan,workflow_repo,mycobacterium,topic,
dbespiatykh/RDscan,dbespiatykh/RDscan,workflow_repo,mycobacterium-tuberculosis-complex,topic,
dbespiatykh/RDscan,dbespiatykh/RDscan,workflow_repo,structural-variants,topic,
dbespiatykh/RDscan,dbespiatykh/RDscan,workflow_repo,bacterial-genome-analysis,topic,
dbespiatykh/RDscan,dbespiatykh/RDscan,workflow_repo,mycobacterium-tuberculosis,topic,
dbespiatykh/TBvar,dbespiatykh/TBvar,workflow_repo,barcoding,topic,
dbespiatykh/TBvar,dbespiatykh/TBvar,workflow_repo,mycobacterium-tuberculosis,topic,
dbespiatykh/TBvar,dbespiatykh/TBvar,workflow_repo,snakemake,topic,
dbespiatykh/TBvar,dbespiatykh/TBvar,workflow_repo,variant-calling,topic,
deepmind11/snakemake_CMP,deepmind11/snakemake_CMP,workflow_repo,bioinformatics,topic,
deepmind11/snakemake_CMP,deepmind11/snakemake_CMP,workflow_repo,chip-seq,topic,
deepmind11/snakemake_CMP,deepmind11/snakemake_CMP,workflow_repo,genomics,topic,
deepmind11/snakemake_CMP,deepmind11/snakemake_CMP,workflow_repo,hpc,topic,
deepmind11/snakemake_CMP,deepmind11/snakemake_CMP,workflow_repo,pipeline,topic,
deepmind11/snakemake_CMP,deepmind11/snakemake_CMP,workflow_repo,reproducible-research,topic,
deepmind11/snakemake_CMP,deepmind11/snakemake_CMP,workflow_repo,snakemake,topic,
deepmind11/snakemake_CMP,deepmind11/snakemake_CMP,workflow_repo,workflow,topic,
delpropo/TidballLab-SNP-Cas13d-Selector,delpropo/TidballLab-SNP-Cas13d-Selector,workflow_repo,bio/fastqc,wrapper,
delpropo/TidballLab-SNP-Cas13d-Selector,delpropo/TidballLab-SNP-Cas13d-Selector,workflow_repo,bio/multiqc,wrapper,
denliA/BioinformaticPipelineCNN,denliA/BioinformaticPipelineCNN,workflow_repo,cnn-keras,topic,
denliA/BioinformaticPipelineCNN,denliA/BioinformaticPipelineCNN,workflow_repo,docker,topic,
denliA/BioinformaticPipelineCNN,denliA/BioinformaticPipelineCNN,workflow_repo,singularity,topic,
dib-lab/sourmash-oddify,dib-lab/sourmash-oddify,workflow_repo,sourmash,topic,
dib-lab/sourmash-slainte,dib-lab/sourmash-slainte,workflow_repo,sourmash,topic,
dickensn/simple-snakemake-secondary-workflow,dickensn/simple-snakemake-secondary-workflow,workflow_repo,snakemake,topic,
dickensn/simple-snakemake-secondary-workflow,dickensn/simple-snakemake-secondary-workflow,workflow_repo,genomics,topic,
dijashis/TP_WORKFLOW_SNAKEMAKE,dijashis/TP_WORKFLOW_SNAKEMAKE,workflow_repo,snakemake,topic,
dirmeier/dmvi,dirmeier/dmvi,workflow_repo,diffusion-models,topic,
dirmeier/dmvi,dirmeier/dmvi,workflow_repo,jax,topic,
dirmeier/dmvi,dirmeier/dmvi,workflow_repo,probabilistic-models,topic,
dirmeier/dmvi,dirmeier/dmvi,workflow_repo,probabilistic-programming,topic,
dirmeier/dmvi,dirmeier/dmvi,workflow_repo,variational-inference,topic,
dirmeier/ssnl,dirmeier/ssnl,workflow_repo,approximate-inference,topic,
dirmeier/ssnl,dirmeier/ssnl,workflow_repo,bayesian-inference,topic,
dirmeier/ssnl,dirmeier/ssnl,workflow_repo,jax,topic,
dirmeier/ssnl,dirmeier/ssnl,workflow_repo,normalizing-flows,topic,
dirmeier/ssnl,dirmeier/ssnl,workflow_repo,simulation-based-inference,topic,
dirmeier/ssnl,dirmeier/ssnl,workflow_repo,surjections,topic,
dlaehnemann/create-ecdna-testing-data,dlaehnemann/create-ecdna-testing-data,workflow_repo,circular-dna,topic,
dlaehnemann/create-ecdna-testing-data,dlaehnemann/create-ecdna-testing-data,workflow_repo,ecdna,topic,
dlaehnemann/create-ecdna-testing-data,dlaehnemann/create-ecdna-testing-data,workflow_repo,illumina-sequencing,topic,
dlaehnemann/create-ecdna-testing-data,dlaehnemann/create-ecdna-testing-data,workflow_repo,nanopore-reads,topic,
dlaehnemann/create-ecdna-testing-data,dlaehnemann/create-ecdna-testing-data,workflow_repo,snakemake,topic,
dlaehnemann/create-ecdna-testing-data,dlaehnemann/create-ecdna-testing-data,workflow_repo,workflow,topic,
dlaehnemann/create-ecdna-testing-data,dlaehnemann/create-ecdna-testing-data,workflow_repo,simulation,topic,
dlcgold/muPBWT-1KGP-workflow,dlcgold/muPBWT-1KGP-workflow,workflow_repo,1000genomes,topic,
dlcgold/muPBWT-1KGP-workflow,dlcgold/muPBWT-1KGP-workflow,workflow_repo,pbwt,topic,
dlcgold/muPBWT-1KGP-workflow,dlcgold/muPBWT-1KGP-workflow,workflow_repo,snakemake,topic,
docmanny/smRecSearch,docmanny/smRecSearch,workflow_repo,petosparadox,topic,
docmanny/smRecSearch,docmanny/smRecSearch,workflow_repo,biology,topic,
docmanny/smRecSearch,docmanny/smRecSearch,workflow_repo,reproducible-research,topic,
docmanny/smRecSearch,docmanny/smRecSearch,workflow_repo,reproducible-paper,topic,
docmanny/smRecSearch,docmanny/smRecSearch,workflow_repo,cancer,topic,
docmanny/smRecSearch,docmanny/smRecSearch,workflow_repo,evolution,topic,
docmanny/smRecSearch,docmanny/smRecSearch,workflow_repo,comparative-genomics,topic,
docmanny/smRecSearch,docmanny/smRecSearch,workflow_repo,elephant,topic,
docmanny/smRecSearch,docmanny/smRecSearch,workflow_repo,manatee,topic,
dohlee/snakemake-hamburger,dohlee/snakemake-hamburger,workflow_repo,snakemake,topic,
dohlee/snakemake-hamburger,dohlee/snakemake-hamburger,workflow_repo,snakemake-workflow,topic,
dohlee/snakemake-hamburger,dohlee/snakemake-hamburger,workflow_repo,reproducible-research,topic,
dohlee/snakemake-hamburger,dohlee/snakemake-hamburger,workflow_repo,bioinformatics-pipeline,topic,
dpmerrell/TrialMDP-analyses,dpmerrell/TrialMDP-analyses,workflow_repo,clinical-trials,topic,
dpmerrell/TrialMDP-analyses,dpmerrell/TrialMDP-analyses,workflow_repo,dynamic-programming,topic,
dpmerrell/TrialMDP-analyses,dpmerrell/TrialMDP-analyses,workflow_repo,markov-decision-process,topic,
dpmerrell/TrialMDP-analyses,dpmerrell/TrialMDP-analyses,workflow_repo,snakemake,topic,
durr1602/gyoza,durr1602/gyoza,workflow_repo,bio/bbtools  # bbtools v39.52,wrapper,
durr1602/gyoza,durr1602/gyoza,workflow_repo,bio/cutadapt/pe,wrapper,
durr1602/gyoza,durr1602/gyoza,workflow_repo,bio/cutadapt/se,wrapper,
durr1602/gyoza,durr1602/gyoza,workflow_repo,bio/fastp,wrapper,
durr1602/gyoza,durr1602/gyoza,workflow_repo,bio/multiqc,wrapper,
durr1602/gyoza,durr1602/gyoza,workflow_repo,bio/vsearch,wrapper,
ebi-gene-expression-group/atlas-gtex-bulk,ebi-gene-expression-group/atlas-gtex-bulk,workflow_repo,gtex,topic,
ebi-gene-expression-group/atlas-gtex-bulk,ebi-gene-expression-group/atlas-gtex-bulk,workflow_repo,rna-seq,topic,
elbecerrasoto/variants,elbecerrasoto/variants,workflow_repo,bioinformatics,topic,
elbecerrasoto/variants,elbecerrasoto/variants,workflow_repo,bioinformatics-pipeline,topic,
elbecerrasoto/variants,elbecerrasoto/variants,workflow_repo,variant-calling,topic,
elbecerrasoto/variants,elbecerrasoto/variants,workflow_repo,snakemake,topic,
elbecerrasoto/variants,elbecerrasoto/variants,workflow_repo,snakemake-workflow,topic,
elswob/neo4j-build-pipeline,elswob/neo4j-build-pipeline,workflow_repo,neo4j,topic,
elswob/neo4j-build-pipeline,elswob/neo4j-build-pipeline,workflow_repo,docker,topic,
elswob/neo4j-build-pipeline,elswob/neo4j-build-pipeline,workflow_repo,snakemake,topic,
elswob/neo4j-build-pipeline,elswob/neo4j-build-pipeline,workflow_repo,python,topic,
emilhaegglund/TADA,emilhaegglund/TADA,workflow_repo,bioinformatics-pipeline,topic,
emilhaegglund/TADA,emilhaegglund/TADA,workflow_repo,phylogenomics,topic,
emleddin/md-analysis-workflow,emleddin/md-analysis-workflow,workflow_repo,snakemake-workflow,topic,
emleddin/md-analysis-workflow,emleddin/md-analysis-workflow,workflow_repo,molecular-dynamics,topic,
emleddin/md-analysis-workflow,emleddin/md-analysis-workflow,workflow_repo,reproducible-research,topic,
emleddin/md-analysis-workflow,emleddin/md-analysis-workflow,workflow_repo,amber,topic,
emmaewade/pangenome-workflow,emmaewade/pangenome-workflow,workflow_repo,abyss,topic,
emmaewade/pangenome-workflow,emmaewade/pangenome-workflow,workflow_repo,bioperl,topic,
emmaewade/pangenome-workflow,emmaewade/pangenome-workflow,workflow_repo,pangenomics,topic,
emmaewade/pangenome-workflow,emmaewade/pangenome-workflow,workflow_repo,roary,topic,
emmaewade/pangenome-workflow,emmaewade/pangenome-workflow,workflow_repo,snakemake,topic,
emmaewade/pangenome-workflow,emmaewade/pangenome-workflow,workflow_repo,microbial-genomics,topic,
enterovirus-phylo/Nextclade-dataset-template,enterovirus-phylo/Nextclade-dataset-template,workflow_repo,enterovirus,topic,
enterovirus-phylo/Nextclade-dataset-template,enterovirus-phylo/Nextclade-dataset-template,workflow_repo,nextclade,topic,
enterovirus-phylo/Nextclade-dataset-template,enterovirus-phylo/Nextclade-dataset-template,workflow_repo,template,topic,
enterovirus-phylo/nextclade_d68,enterovirus-phylo/nextclade_d68,workflow_repo,enterovirus,topic,
enterovirus-phylo/nextclade_d68,enterovirus-phylo/nextclade_d68,workflow_repo,nextclade,topic,
enterovirus-phylo/nextclade_d68,enterovirus-phylo/nextclade_d68,workflow_repo,ev-d68,topic,
epigen/MrBiomics,epigen/MrBiomics,workflow_repo,automation,topic,
epigen/MrBiomics,epigen/MrBiomics,workflow_repo,bioinformatics,topic,
epigen/MrBiomics,epigen/MrBiomics,workflow_repo,biomedical,topic,
epigen/MrBiomics,epigen/MrBiomics,workflow_repo,data-science,topic,
epigen/MrBiomics,epigen/MrBiomics,workflow_repo,framework,topic,
epigen/MrBiomics,epigen/MrBiomics,workflow_repo,snakemake,topic,
epigen/MrBiomics,epigen/MrBiomics,workflow_repo,workflows,topic,
epigen/MrBiomics,epigen/MrBiomics,workflow_repo,epigenetics,topic,
epigen/MrBiomics,epigen/MrBiomics,workflow_repo,genetics,topic,
epigen/MrBiomics,epigen/MrBiomics,workflow_repo,genomics,topic,
epigen/MrBiomics,epigen/MrBiomics,workflow_repo,modules,topic,
epigen/MrBiomics,epigen/MrBiomics,workflow_repo,next-generation-sequencing,topic,
epigen/MrBiomics,epigen/MrBiomics,workflow_repo,python,topic,
epigen/MrBiomics,epigen/MrBiomics,workflow_repo,r,topic,
epigen/MrBiomics,epigen/MrBiomics,workflow_repo,recipes,topic,
epigen/MrBiomics,epigen/MrBiomics,workflow_repo,research,topic,
epigen/MrBiomics,epigen/MrBiomics,workflow_repo,science,topic,
epigen/MrBiomics,epigen/MrBiomics,workflow_repo,utils/aria2c,wrapper,
epigen/atacseq_pipeline,epigen/atacseq_pipeline,workflow_repo,snakemake,topic,
epigen/atacseq_pipeline,epigen/atacseq_pipeline,workflow_repo,atac-seq,topic,
epigen/atacseq_pipeline,epigen/atacseq_pipeline,workflow_repo,python,topic,
epigen/atacseq_pipeline,epigen/atacseq_pipeline,workflow_repo,bioinformatics,topic,
epigen/atacseq_pipeline,epigen/atacseq_pipeline,workflow_repo,workflow,topic,
epigen/atacseq_pipeline,epigen/atacseq_pipeline,workflow_repo,ngs,topic,
epigen/atacseq_pipeline,epigen/atacseq_pipeline,workflow_repo,pipeline,topic,
epigen/atacseq_pipeline,epigen/atacseq_pipeline,workflow_repo,biomedical-data-science,topic,
epigen/atacseq_pipeline,epigen/atacseq_pipeline,workflow_repo,bash,topic,
epigen/dea_limma,epigen/dea_limma,workflow_repo,atac-seq,topic,
epigen/dea_limma,epigen/dea_limma,workflow_repo,bioinformatics,topic,
epigen/dea_limma,epigen/dea_limma,workflow_repo,biomedical-data-science,topic,
epigen/dea_limma,epigen/dea_limma,workflow_repo,chip-seq,topic,
epigen/dea_limma,epigen/dea_limma,workflow_repo,differential-expression-analysis,topic,
epigen/dea_limma,epigen/dea_limma,workflow_repo,limma,topic,
epigen/dea_limma,epigen/dea_limma,workflow_repo,limma-trend,topic,
epigen/dea_limma,epigen/dea_limma,workflow_repo,limma-voom,topic,
epigen/dea_limma,epigen/dea_limma,workflow_repo,rna-seq,topic,
epigen/dea_limma,epigen/dea_limma,workflow_repo,snakemake,topic,
epigen/dea_limma,epigen/dea_limma,workflow_repo,visualization,topic,
epigen/dea_limma,epigen/dea_limma,workflow_repo,volcano-plot,topic,
epigen/dea_limma,epigen/dea_limma,workflow_repo,workflow,topic,
epigen/dea_limma,epigen/dea_limma,workflow_repo,scrna-seq,topic,
epigen/dea_limma,epigen/dea_limma,workflow_repo,statistics,topic,
epigen/dea_limma,epigen/dea_limma,workflow_repo,r,topic,
epigen/dea_limma,epigen/dea_limma,workflow_repo,dea,topic,
epigen/dea_seurat,epigen/dea_seurat,workflow_repo,bioinformatics,topic,
epigen/dea_seurat,epigen/dea_seurat,workflow_repo,biomedical-data-science,topic,
epigen/dea_seurat,epigen/dea_seurat,workflow_repo,differential-expression-analysis,topic,
epigen/dea_seurat,epigen/dea_seurat,workflow_repo,scrna-seq,topic,
epigen/dea_seurat,epigen/dea_seurat,workflow_repo,single-cell,topic,
epigen/dea_seurat,epigen/dea_seurat,workflow_repo,snakemake,topic,
epigen/dea_seurat,epigen/dea_seurat,workflow_repo,snrna-seq,topic,
epigen/dea_seurat,epigen/dea_seurat,workflow_repo,visualization,topic,
epigen/dea_seurat,epigen/dea_seurat,workflow_repo,workflow,topic,
epigen/dea_seurat,epigen/dea_seurat,workflow_repo,volcano-plot,topic,
epigen/enrichment_analysis,epigen/enrichment_analysis,workflow_repo,bioinformatics,topic,
epigen/enrichment_analysis,epigen/enrichment_analysis,workflow_repo,genomic-regions,topic,
epigen/enrichment_analysis,epigen/enrichment_analysis,workflow_repo,enrichment-analysis,topic,
epigen/enrichment_analysis,epigen/enrichment_analysis,workflow_repo,atac-seq,topic,
epigen/enrichment_analysis,epigen/enrichment_analysis,workflow_repo,biomedical-data-science,topic,
epigen/enrichment_analysis,epigen/enrichment_analysis,workflow_repo,chip-seq,topic,
epigen/enrichment_analysis,epigen/enrichment_analysis,workflow_repo,gene-set-enrichment,topic,
epigen/enrichment_analysis,epigen/enrichment_analysis,workflow_repo,gene-sets,topic,
epigen/enrichment_analysis,epigen/enrichment_analysis,workflow_repo,rna-seq,topic,
epigen/enrichment_analysis,epigen/enrichment_analysis,workflow_repo,visualization,topic,
epigen/enrichment_analysis,epigen/enrichment_analysis,workflow_repo,pipeline,topic,
epigen/enrichment_analysis,epigen/enrichment_analysis,workflow_repo,snakemake,topic,
epigen/enrichment_analysis,epigen/enrichment_analysis,workflow_repo,workflow,topic,
epigen/enrichment_analysis,epigen/enrichment_analysis,workflow_repo,motif-enrichment-analysis,topic,
epigen/fetch_ngs,epigen/fetch_ngs,workflow_repo,bam,topic,
epigen/fetch_ngs,epigen/fetch_ngs,workflow_repo,database,topic,
epigen/fetch_ngs,epigen/fetch_ngs,workflow_repo,fastq,topic,
epigen/fetch_ngs,epigen/fetch_ngs,workflow_repo,genomics,topic,
epigen/fetch_ngs,epigen/fetch_ngs,workflow_repo,next-generation-sequencing,topic,
epigen/fetch_ngs,epigen/fetch_ngs,workflow_repo,ngs,topic,
epigen/fetch_ngs,epigen/fetch_ngs,workflow_repo,repository,topic,
epigen/genome_tracks,epigen/genome_tracks,workflow_repo,atac-seq,topic,
epigen/genome_tracks,epigen/genome_tracks,workflow_repo,bioinformatics,topic,
epigen/genome_tracks,epigen/genome_tracks,workflow_repo,pipeline,topic,
epigen/genome_tracks,epigen/genome_tracks,workflow_repo,python,topic,
epigen/genome_tracks,epigen/genome_tracks,workflow_repo,rna-seq,topic,
epigen/genome_tracks,epigen/genome_tracks,workflow_repo,snakemake,topic,
epigen/genome_tracks,epigen/genome_tracks,workflow_repo,visualization,topic,
epigen/genome_tracks,epigen/genome_tracks,workflow_repo,workflow,topic,
epigen/genome_tracks,epigen/genome_tracks,workflow_repo,biomedical-data-science,topic,
epigen/genome_tracks,epigen/genome_tracks,workflow_repo,genomic-regions,topic,
epigen/genome_tracks,epigen/genome_tracks,workflow_repo,genome-browser,topic,
epigen/genome_tracks,epigen/genome_tracks,workflow_repo,genome-track,topic,
epigen/genome_tracks,epigen/genome_tracks,workflow_repo,scrna-seq,topic,
epigen/mixscape_seurat,epigen/mixscape_seurat,workflow_repo,bioinformatics,topic,
epigen/mixscape_seurat,epigen/mixscape_seurat,workflow_repo,biomedical-data-science,topic,
epigen/mixscape_seurat,epigen/mixscape_seurat,workflow_repo,perturbation-analysis,topic,
epigen/mixscape_seurat,epigen/mixscape_seurat,workflow_repo,sccrispr-seq,topic,
epigen/mixscape_seurat,epigen/mixscape_seurat,workflow_repo,scrna-seq,topic,
epigen/mixscape_seurat,epigen/mixscape_seurat,workflow_repo,single-cell,topic,
epigen/mixscape_seurat,epigen/mixscape_seurat,workflow_repo,snakemake,topic,
epigen/mixscape_seurat,epigen/mixscape_seurat,workflow_repo,snrna-seq,topic,
epigen/mixscape_seurat,epigen/mixscape_seurat,workflow_repo,visualization,topic,
epigen/mixscape_seurat,epigen/mixscape_seurat,workflow_repo,workflow,topic,
epigen/rnaseq_pipeline,epigen/rnaseq_pipeline,workflow_repo,bash,topic,
epigen/rnaseq_pipeline,epigen/rnaseq_pipeline,workflow_repo,bioinformatics,topic,
epigen/rnaseq_pipeline,epigen/rnaseq_pipeline,workflow_repo,biomedical-data-science,topic,
epigen/rnaseq_pipeline,epigen/rnaseq_pipeline,workflow_repo,ngs,topic,
epigen/rnaseq_pipeline,epigen/rnaseq_pipeline,workflow_repo,pipeline,topic,
epigen/rnaseq_pipeline,epigen/rnaseq_pipeline,workflow_repo,python,topic,
epigen/rnaseq_pipeline,epigen/rnaseq_pipeline,workflow_repo,rna-seq,topic,
epigen/rnaseq_pipeline,epigen/rnaseq_pipeline,workflow_repo,rna-seq-pipeline,topic,
epigen/rnaseq_pipeline,epigen/rnaseq_pipeline,workflow_repo,rnaseq,topic,
epigen/rnaseq_pipeline,epigen/rnaseq_pipeline,workflow_repo,snakemake,topic,
epigen/rnaseq_pipeline,epigen/rnaseq_pipeline,workflow_repo,workflow,topic,
epigen/rnaseq_pipeline,epigen/rnaseq_pipeline,workflow_repo,bio/bwa/index,wrapper,
epigen/rnaseq_pipeline,epigen/rnaseq_pipeline,workflow_repo,bio/multiqc,wrapper,
epigen/rnaseq_pipeline,epigen/rnaseq_pipeline,workflow_repo,bio/reference/ensembl-annotation,wrapper,
epigen/rnaseq_pipeline,epigen/rnaseq_pipeline,workflow_repo,bio/reference/ensembl-sequence,wrapper,
epigen/rnaseq_pipeline,epigen/rnaseq_pipeline,workflow_repo,bio/samtools/faidx,wrapper,
epigen/rnaseq_pipeline,epigen/rnaseq_pipeline,workflow_repo,bio/star/index,wrapper,
epigen/scrnaseq_processing_seurat,epigen/scrnaseq_processing_seurat,workflow_repo,bioinformatics,topic,
epigen/scrnaseq_processing_seurat,epigen/scrnaseq_processing_seurat,workflow_repo,workflow,topic,
epigen/scrnaseq_processing_seurat,epigen/scrnaseq_processing_seurat,workflow_repo,snakemake,topic,
epigen/scrnaseq_processing_seurat,epigen/scrnaseq_processing_seurat,workflow_repo,scrna-seq,topic,
epigen/scrnaseq_processing_seurat,epigen/scrnaseq_processing_seurat,workflow_repo,biomedical-data-science,topic,
epigen/scrnaseq_processing_seurat,epigen/scrnaseq_processing_seurat,workflow_repo,cite-seq,topic,
epigen/scrnaseq_processing_seurat,epigen/scrnaseq_processing_seurat,workflow_repo,sccrispr-seq,topic,
epigen/scrnaseq_processing_seurat,epigen/scrnaseq_processing_seurat,workflow_repo,10xgenomics,topic,
epigen/scrnaseq_processing_seurat,epigen/scrnaseq_processing_seurat,workflow_repo,snrna-seq,topic,
epigen/scrnaseq_processing_seurat,epigen/scrnaseq_processing_seurat,workflow_repo,single-cell,topic,
epigen/scrnaseq_processing_seurat,epigen/scrnaseq_processing_seurat,workflow_repo,visualization,topic,
epigen/spilterlize_integrate,epigen/spilterlize_integrate,workflow_repo,atac-seq,topic,
epigen/spilterlize_integrate,epigen/spilterlize_integrate,workflow_repo,batch-effect,topic,
epigen/spilterlize_integrate,epigen/spilterlize_integrate,workflow_repo,chip-seq,topic,
epigen/spilterlize_integrate,epigen/spilterlize_integrate,workflow_repo,count-matrix,topic,
epigen/spilterlize_integrate,epigen/spilterlize_integrate,workflow_repo,dimensionality-reduction,topic,
epigen/spilterlize_integrate,epigen/spilterlize_integrate,workflow_repo,integration,topic,
epigen/spilterlize_integrate,epigen/spilterlize_integrate,workflow_repo,ngs,topic,
epigen/spilterlize_integrate,epigen/spilterlize_integrate,workflow_repo,normalization,topic,
epigen/spilterlize_integrate,epigen/spilterlize_integrate,workflow_repo,rna-seq,topic,
epigen/spilterlize_integrate,epigen/spilterlize_integrate,workflow_repo,bioinformatics,topic,
epigen/spilterlize_integrate,epigen/spilterlize_integrate,workflow_repo,biomedical-data-science,topic,
epigen/spilterlize_integrate,epigen/spilterlize_integrate,workflow_repo,pipeline,topic,
epigen/spilterlize_integrate,epigen/spilterlize_integrate,workflow_repo,snakemake,topic,
epigen/spilterlize_integrate,epigen/spilterlize_integrate,workflow_repo,visualization,topic,
epigen/spilterlize_integrate,epigen/spilterlize_integrate,workflow_repo,workflow,topic,
epigen/spilterlize_integrate,epigen/spilterlize_integrate,workflow_repo,confounding-effects,topic,
epigen/unsupervised_analysis,epigen/unsupervised_analysis,workflow_repo,data-science,topic,
epigen/unsupervised_analysis,epigen/unsupervised_analysis,workflow_repo,high-dimensional-data,topic,
epigen/unsupervised_analysis,epigen/unsupervised_analysis,workflow_repo,snakemake,topic,
epigen/unsupervised_analysis,epigen/unsupervised_analysis,workflow_repo,workflow,topic,
epigen/unsupervised_analysis,epigen/unsupervised_analysis,workflow_repo,unsupervised-learning,topic,
epigen/unsupervised_analysis,epigen/unsupervised_analysis,workflow_repo,principal-component-analysis,topic,
epigen/unsupervised_analysis,epigen/unsupervised_analysis,workflow_repo,umap,topic,
epigen/unsupervised_analysis,epigen/unsupervised_analysis,workflow_repo,pca,topic,
epigen/unsupervised_analysis,epigen/unsupervised_analysis,workflow_repo,visualization,topic,
epigen/unsupervised_analysis,epigen/unsupervised_analysis,workflow_repo,clustering,topic,
epigen/unsupervised_analysis,epigen/unsupervised_analysis,workflow_repo,data-visualization,topic,
epigen/unsupervised_analysis,epigen/unsupervised_analysis,workflow_repo,dimensionality-reduction,topic,
epigen/unsupervised_analysis,epigen/unsupervised_analysis,workflow_repo,heatmap,topic,
epigen/unsupervised_analysis,epigen/unsupervised_analysis,workflow_repo,densmap,topic,
epigen/unsupervised_analysis,epigen/unsupervised_analysis,workflow_repo,cluster-analysis,topic,
epigen/unsupervised_analysis,epigen/unsupervised_analysis,workflow_repo,cluster-validation,topic,
epigen/unsupervised_analysis,epigen/unsupervised_analysis,workflow_repo,clustering-algorithm,topic,
epigen/unsupervised_analysis,epigen/unsupervised_analysis,workflow_repo,clustree,topic,
epigen/unsupervised_analysis,epigen/unsupervised_analysis,workflow_repo,leiden-algorithm,topic,
eriqande/anderson-et-al-chinook-ecotypic-genetic-architecture,eriqande/anderson-et-al-chinook-ecotypic-genetic-architecture,workflow_repo,noaa-omics-study,topic,
eriqande/mega-lcwgs-pw-fst-snakeflow,eriqande/mega-lcwgs-pw-fst-snakeflow,workflow_repo,noaa-omics-software,topic,
eriqande/mega-non-model-wgs-snakeflow,eriqande/mega-non-model-wgs-snakeflow,workflow_repo,noaa-omics-software,topic,
eriqande/mega-post-bcf-exploratory-snakeflows,eriqande/mega-post-bcf-exploratory-snakeflows,workflow_repo,noaa-omics-software,topic,
eriqande/mega-simple-microhap-snakeflow,eriqande/mega-simple-microhap-snakeflow,workflow_repo,noaa-omics-software,topic,
fcaretti/SNPs_from_RNA,fcaretti/SNPs_from_RNA,workflow_repo,bio/bcftools/filter,wrapper,
fcaretti/SNPs_from_RNA,fcaretti/SNPs_from_RNA,workflow_repo,bio/bcftools/index,wrapper,
fcaretti/SNPs_from_RNA,fcaretti/SNPs_from_RNA,workflow_repo,bio/bcftools/merge,wrapper,
fcaretti/SNPs_from_RNA,fcaretti/SNPs_from_RNA,workflow_repo,bio/bgzip,wrapper,
fcaretti/SNPs_from_RNA,fcaretti/SNPs_from_RNA,workflow_repo,bio/gatk/applybqsr,wrapper,
fcaretti/SNPs_from_RNA,fcaretti/SNPs_from_RNA,workflow_repo,bio/gatk/baserecalibrator,wrapper,
fcaretti/SNPs_from_RNA,fcaretti/SNPs_from_RNA,workflow_repo,bio/gatk/haplotypecaller,wrapper,
fcaretti/SNPs_from_RNA,fcaretti/SNPs_from_RNA,workflow_repo,bio/gatk/splitncigarreads,wrapper,
fcaretti/SNPs_from_RNA,fcaretti/SNPs_from_RNA,workflow_repo,bio/picard/addorreplacereadgroups,wrapper,
fcaretti/SNPs_from_RNA,fcaretti/SNPs_from_RNA,workflow_repo,bio/picard/collectalignmentsummarymetrics,wrapper,
fcaretti/SNPs_from_RNA,fcaretti/SNPs_from_RNA,workflow_repo,bio/picard/createsequencedictionary,wrapper,
fcaretti/SNPs_from_RNA,fcaretti/SNPs_from_RNA,workflow_repo,bio/picard/markduplicates,wrapper,
fcaretti/SNPs_from_RNA,fcaretti/SNPs_from_RNA,workflow_repo,bio/samtools/faidx,wrapper,
felixleopoldo/benchpress,felixleopoldo/benchpress,workflow_repo,graphical-models,topic,
felixleopoldo/benchpress,felixleopoldo/benchpress,workflow_repo,bayesian-networks,topic,
felixleopoldo/benchpress,felixleopoldo/benchpress,workflow_repo,markov-networks,topic,
felixleopoldo/benchpress,felixleopoldo/benchpress,workflow_repo,benchmarking,topic,
felixleopoldo/benchpress,felixleopoldo/benchpress,workflow_repo,reproducible-research,topic,
felixleopoldo/benchpress,felixleopoldo/benchpress,workflow_repo,snakemake-workflow,topic,
felixleopoldo/benchpress,felixleopoldo/benchpress,workflow_repo,structure-learning,topic,
felixleopoldo/benchpress,felixleopoldo/benchpress,workflow_repo,causal-discovery,topic,
felixleopoldo/benchpress,felixleopoldo/benchpress,workflow_repo,causal-models,topic,
felixleopoldo/benchpress,felixleopoldo/benchpress,workflow_repo,causality,topic,
fischuu/Snakebite-Holoruminant-MetaG,fischuu/Snakebite-Holoruminant-MetaG,workflow_repo,metagenomics,topic,
fischuu/Snakebite-Holoruminant-MetaG,fischuu/Snakebite-Holoruminant-MetaG,workflow_repo,snakemake,topic,
fischuu/Snakebite-Holoruminant-MetaG,fischuu/Snakebite-Holoruminant-MetaG,workflow_repo,snakemake-workflow,topic,
fischuu/Snakebite-Holoruminant-MetaG,fischuu/Snakebite-Holoruminant-MetaG,workflow_repo,dna,topic,
fischuu/Snakebite-Holoruminant-MetaG,fischuu/Snakebite-Holoruminant-MetaG,workflow_repo,metagenome-assembled-genomes,topic,
foxholden/hDNA-wgs-snakeflow,foxholden/hDNA-wgs-snakeflow,workflow_repo,bio/bwa/aln,wrapper,
foxholden/hDNA-wgs-snakeflow,foxholden/hDNA-wgs-snakeflow,workflow_repo,bio/bwa/samse,wrapper,
foxholden/hDNA-wgs-snakeflow,foxholden/hDNA-wgs-snakeflow,workflow_repo,bio/multiqc,wrapper,
foxholden/hDNA-wgs-snakeflow,foxholden/hDNA-wgs-snakeflow,workflow_repo,bio/picard/markduplicates,wrapper,
fpozoc/appris_rnaseq,fpozoc/appris_rnaseq,workflow_repo,bioinformatics,topic,
fpozoc/appris_rnaseq,fpozoc/appris_rnaseq,workflow_repo,python,topic,
fpozoc/appris_rnaseq,fpozoc/appris_rnaseq,workflow_repo,snakemake-workflow,topic,
fpozoc/appris_rnaseq,fpozoc/appris_rnaseq,workflow_repo,workflow-management,topic,
franciscozorrilla/SymbNET,franciscozorrilla/SymbNET,workflow_repo,metabolic,topic,
franciscozorrilla/SymbNET,franciscozorrilla/SymbNET,workflow_repo,modeling,topic,
franciscozorrilla/SymbNET,franciscozorrilla/SymbNET,workflow_repo,genome,topic,
franciscozorrilla/SymbNET,franciscozorrilla/SymbNET,workflow_repo,models,topic,
franciscozorrilla/SymbNET,franciscozorrilla/SymbNET,workflow_repo,metagenome,topic,
franciscozorrilla/SymbNET,franciscozorrilla/SymbNET,workflow_repo,assembled,topic,
franciscozorrilla/SymbNET,franciscozorrilla/SymbNET,workflow_repo,genomes,topic,
franciscozorrilla/SymbNET,franciscozorrilla/SymbNET,workflow_repo,symbnet,topic,
franciscozorrilla/SymbNET,franciscozorrilla/SymbNET,workflow_repo,metagem,topic,
franciscozorrilla/SymbNET,franciscozorrilla/SymbNET,workflow_repo,metabolism,topic,
franciscozorrilla/metaGEM,franciscozorrilla/metaGEM,workflow_repo,metagenomics,topic,
franciscozorrilla/metaGEM,franciscozorrilla/metaGEM,workflow_repo,computational-biology,topic,
franciscozorrilla/metaGEM,franciscozorrilla/metaGEM,workflow_repo,metabolic-models,topic,
franciscozorrilla/metaGEM,franciscozorrilla/metaGEM,workflow_repo,gut-microbiome,topic,
franciscozorrilla/metaGEM,franciscozorrilla/metaGEM,workflow_repo,snakemake,topic,
franciscozorrilla/metaGEM,franciscozorrilla/metaGEM,workflow_repo,metagenome-assembled-genomes,topic,
franciscozorrilla/metaGEM,franciscozorrilla/metaGEM,workflow_repo,mags,topic,
franciscozorrilla/metaGEM,franciscozorrilla/metaGEM,workflow_repo,metabolism,topic,
franciscozorrilla/metaGEM,franciscozorrilla/metaGEM,workflow_repo,bioinformatics,topic,
franciscozorrilla/metaGEM,franciscozorrilla/metaGEM,workflow_repo,flux-balance-analysis,topic,
franciscozorrilla/metaGEM,franciscozorrilla/metaGEM,workflow_repo,genome-scale-metabolic-model,topic,
franciscozorrilla/metaGEM,franciscozorrilla/metaGEM,workflow_repo,metabolic-modeling,topic,
franciscozorrilla/metaGEM,franciscozorrilla/metaGEM,workflow_repo,microbial-ecology,topic,
franciscozorrilla/metaGEM,franciscozorrilla/metaGEM,workflow_repo,microbiome,topic,
franciscozorrilla/metaGEM,franciscozorrilla/metaGEM,workflow_repo,systems-biology,topic,
friendsofstrandseq/ashleys-qc-pipeline,friendsofstrandseq/ashleys-qc-pipeline,workflow_repo,bioinformatics,topic,
friendsofstrandseq/ashleys-qc-pipeline,friendsofstrandseq/ashleys-qc-pipeline,workflow_repo,pipeline,topic,
friendsofstrandseq/ashleys-qc-pipeline,friendsofstrandseq/ashleys-qc-pipeline,workflow_repo,preprocessing,topic,
friendsofstrandseq/ashleys-qc-pipeline,friendsofstrandseq/ashleys-qc-pipeline,workflow_repo,sequencing,topic,
friendsofstrandseq/ashleys-qc-pipeline,friendsofstrandseq/ashleys-qc-pipeline,workflow_repo,snakemake,topic,
friendsofstrandseq/ashleys-qc-pipeline,friendsofstrandseq/ashleys-qc-pipeline,workflow_repo,strand-seq,topic,
friendsofstrandseq/ashleys-qc-pipeline,friendsofstrandseq/ashleys-qc-pipeline,workflow_repo,quality-control,topic,
friendsofstrandseq/ashleys-qc-pipeline,friendsofstrandseq/ashleys-qc-pipeline,workflow_repo,genomics,topic,
friendsofstrandseq/mosaicatcher-pipeline,friendsofstrandseq/mosaicatcher-pipeline,workflow_repo,bioinformatics,topic,
friendsofstrandseq/mosaicatcher-pipeline,friendsofstrandseq/mosaicatcher-pipeline,workflow_repo,pipeline,topic,
friendsofstrandseq/mosaicatcher-pipeline,friendsofstrandseq/mosaicatcher-pipeline,workflow_repo,snakemake,topic,
friendsofstrandseq/mosaicatcher-pipeline,friendsofstrandseq/mosaicatcher-pipeline,workflow_repo,strand-seq,topic,
friendsofstrandseq/mosaicatcher-pipeline,friendsofstrandseq/mosaicatcher-pipeline,workflow_repo,mosaicatcher,topic,
friendsofstrandseq/mosaicatcher-pipeline,friendsofstrandseq/mosaicatcher-pipeline,workflow_repo,genomics,topic,
fritzbayer/snakemake-with-R,fritzbayer/snakemake-with-R,workflow_repo,r-workflow,topic,
fritzbayer/snakemake-with-R,fritzbayer/snakemake-with-R,workflow_repo,snakemake,topic,
fritzbayer/snakemake-with-R,fritzbayer/snakemake-with-R,workflow_repo,snakemake-pipeline,topic,
fritzbayer/snakemake-with-R,fritzbayer/snakemake-with-R,workflow_repo,snakemake-workflow,topic,
ftabaro/MethylSnake,ftabaro/MethylSnake,workflow_repo,bioinformatics-pipeline,topic,
ftabaro/MethylSnake,ftabaro/MethylSnake,workflow_repo,methylation,topic,
ftabaro/MethylSnake,ftabaro/MethylSnake,workflow_repo,rrbs-pipeline,topic,
ftabaro/MethylSnake,ftabaro/MethylSnake,workflow_repo,snakemake,topic,
ftabaro/MethylSnake,ftabaro/MethylSnake,workflow_repo,rrbs-data-analysis,topic,
gage-lab/scrnaseq,gage-lab/scrnaseq,workflow_repo,bio/sambamba/index,wrapper,
gagneurlab/FRASER-analysis,gagneurlab/FRASER-analysis,workflow_repo,rna-seq,topic,
gagneurlab/FRASER-analysis,gagneurlab/FRASER-analysis,workflow_repo,outlier-detection,topic,
gagneurlab/FRASER-analysis,gagneurlab/FRASER-analysis,workflow_repo,rare-disease,topic,
gagneurlab/FRASER-analysis,gagneurlab/FRASER-analysis,workflow_repo,r,topic,
gagneurlab/FRASER-analysis,gagneurlab/FRASER-analysis,workflow_repo,snakemake,topic,
gagneurlab/FRASER-analysis,gagneurlab/FRASER-analysis,workflow_repo,workflow,topic,
galafis/genomic-data-analysis-pipeline,galafis/genomic-data-analysis-pipeline,workflow_repo,analytics,topic,
galafis/genomic-data-analysis-pipeline,galafis/genomic-data-analysis-pipeline,workflow_repo,data-science,topic,
galafis/genomic-data-analysis-pipeline,galafis/genomic-data-analysis-pipeline,workflow_repo,python,topic,
galafis/genomic-data-analysis-pipeline,galafis/genomic-data-analysis-pipeline,workflow_repo,statistics,topic,
galafis/genomic-data-analysis-pipeline,galafis/genomic-data-analysis-pipeline,workflow_repo,time-series,topic,
galafis/genomic-data-analysis-pipeline,galafis/genomic-data-analysis-pipeline,workflow_repo,bioinformatics,topic,
galafis/genomic-data-analysis-pipeline,galafis/genomic-data-analysis-pipeline,workflow_repo,data-engineering,topic,
galafis/genomic-data-analysis-pipeline,galafis/genomic-data-analysis-pipeline,workflow_repo,data-pipeline,topic,
galafis/genomic-data-analysis-pipeline,galafis/genomic-data-analysis-pipeline,workflow_repo,etl,topic,
galafis/genomic-data-analysis-pipeline,galafis/genomic-data-analysis-pipeline,workflow_repo,genomics,topic,
galafis/genomic-data-analysis-pipeline,galafis/genomic-data-analysis-pipeline,workflow_repo,portfolio,topic,
geeksville/astrosnake,geeksville/astrosnake,workflow_repo,bio/fastqc,wrapper,
geeksville/astrosnake,geeksville/astrosnake,workflow_repo,bio/multiqc,wrapper,
genomicepidemiology/ARGprofiler,genomicepidemiology/ARGprofiler,workflow_repo,argprofiler,topic,
gibsramen/qadabra,gibsramen/qadabra,workflow_repo,bioinformatics,topic,
gibsramen/qadabra,gibsramen/qadabra,workflow_repo,workflow,topic,
gibsramen/qadabra,gibsramen/qadabra,workflow_repo,differential-abundance,topic,
gibsramen/qadabra,gibsramen/qadabra,workflow_repo,machine-learning,topic,
gibsramen/qadabra,gibsramen/qadabra,workflow_repo,metagenomics,topic,
gibsramen/qadabra,gibsramen/qadabra,workflow_repo,microbiome,topic,
gibsramen/qadabra,gibsramen/qadabra,workflow_repo,pipeline,topic,
gibsramen/qadabra,gibsramen/qadabra,workflow_repo,snakemake,topic,
giesselmann/nanopype,giesselmann/nanopype,workflow_repo,nanopore,topic,
giesselmann/nanopype,giesselmann/nanopype,workflow_repo,workflow,topic,
giesselmann/nanopype,giesselmann/nanopype,workflow_repo,snakemake-pipelines,topic,
giesselmann/nanopype,giesselmann/nanopype,workflow_repo,docker,topic,
giesselmann/nanopype,giesselmann/nanopype,workflow_repo,pipeline,topic,
giesselmann/nanopype,giesselmann/nanopype,workflow_repo,singularity,topic,
gitter-lab/ssps,gitter-lab/ssps,workflow_repo,dynamic-bayesian-network,topic,
gitter-lab/ssps,gitter-lab/ssps,workflow_repo,gen,topic,
gitter-lab/ssps,gitter-lab/ssps,workflow_repo,probabilistic-programming,topic,
gitter-lab/ssps,gitter-lab/ssps,workflow_repo,signaling-pathway,topic,
gosling-lang/gos-example,gosling-lang/gos-example,workflow_repo,biovis,topic,
gosling-lang/gos-example,gosling-lang/gos-example,workflow_repo,dataviz,topic,
gosling-lang/gos-example,gosling-lang/gos-example,workflow_repo,gehlenborglab,topic,
gosling-lang/gos-example,gosling-lang/gos-example,workflow_repo,python,topic,
gosling-lang/gos-example,gosling-lang/gos-example,workflow_repo,visualization,topic,
gosling-lang/gos-example,gosling-lang/gos-example,workflow_repo,gosling,topic,
gosling-lang/gos-example,gosling-lang/gos-example,workflow_repo,jupyter-notebook,topic,
gruber-sciencelab/MAPP,gruber-sciencelab/MAPP,workflow_repo,bioinformatics,topic,
gruber-sciencelab/MAPP,gruber-sciencelab/MAPP,workflow_repo,rna-seq,topic,
gruber-sciencelab/MAPP,gruber-sciencelab/MAPP,workflow_repo,splicing,topic,
gruber-sciencelab/MAPP,gruber-sciencelab/MAPP,workflow_repo,polyadenylation,topic,
gruber-sciencelab/MAPP,gruber-sciencelab/MAPP,workflow_repo,bioinformatics-pipeline,topic,
gruber-sciencelab/MAPP,gruber-sciencelab/MAPP,workflow_repo,computational-biology,topic,
gruber-sciencelab/MAPP,gruber-sciencelab/MAPP,workflow_repo,snakemake,topic,
gruber-sciencelab/MAPP,gruber-sciencelab/MAPP,workflow_repo,workflow,topic,
gustaveroussy/rna-count-kallisto,gustaveroussy/rna-count-kallisto,workflow_repo,snakemake-workflow,topic,
gustaveroussy/rna-count-kallisto,gustaveroussy/rna-count-kallisto,workflow_repo,snakemake,topic,
gustaveroussy/rna-count-kallisto,gustaveroussy/rna-count-kallisto,workflow_repo,bioinformatics,topic,
gustaveroussy/rna-count-kallisto,gustaveroussy/rna-count-kallisto,workflow_repo,reproducible-workflows,topic,
gustaveroussy/rna-count-kallisto,gustaveroussy/rna-count-kallisto,workflow_repo,kallisto,topic,
gustaveroussy/rna-count-kallisto,gustaveroussy/rna-count-kallisto,workflow_repo,fastqc,topic,
gustaveroussy/rna-count-kallisto,gustaveroussy/rna-count-kallisto,workflow_repo,multiqc,topic,
gustaveroussy/rna-count-kallisto,gustaveroussy/rna-count-kallisto,workflow_repo,conda,topic,
gustaveroussy/rna-count-kallisto,gustaveroussy/rna-count-kallisto,workflow_repo,json-schema,topic,
gustaveroussy/sopa,gustaveroussy/sopa,workflow_repo,spatial-omics,topic,
gustaveroussy/sopa,gustaveroussy/sopa,workflow_repo,spatial-transcriptomics,topic,
gustaveroussy/sopa,gustaveroussy/sopa,workflow_repo,spatialdata,topic,
gustaveroussy/sopa,gustaveroussy/sopa,workflow_repo,multiplexed-imaging,topic,
gustaveroussy/sopa,gustaveroussy/sopa,workflow_repo,pipeline,topic,
gustaveroussy/sopa,gustaveroussy/sopa,workflow_repo,segmentation,topic,
hamidghaedi/pipeline_whole_exome_sequencing_analysis,hamidghaedi/pipeline_whole_exome_sequencing_analysis,workflow_repo,ngs,topic,
hamidghaedi/pipeline_whole_exome_sequencing_analysis,hamidghaedi/pipeline_whole_exome_sequencing_analysis,workflow_repo,wes,topic,
hamidghaedi/pipeline_whole_exome_sequencing_analysis,hamidghaedi/pipeline_whole_exome_sequencing_analysis,workflow_repo,snakemake-workflows,topic,
harrymatthews50/sankemake-containerisation-test,harrymatthews50/sankemake-containerisation-test,workflow_repo,bio/fastqc,wrapper,
harrymatthews50/sankemake-containerisation-test,harrymatthews50/sankemake-containerisation-test,workflow_repo,bio/multiqc,wrapper,
hermidalc/rna-seq-star-gex,hermidalc/rna-seq-star-gex,workflow_repo,bioinformatics-analysis,topic,
hermidalc/rna-seq-star-gex,hermidalc/rna-seq-star-gex,workflow_repo,bioinformatics-pipeline,topic,
hermidalc/rna-seq-star-gex,hermidalc/rna-seq-star-gex,workflow_repo,computational-biology,topic,
hermidalc/rna-seq-star-gex,hermidalc/rna-seq-star-gex,workflow_repo,snakemake-workflows,topic,
hermidalc/rna-seq-star-gex,hermidalc/rna-seq-star-gex,workflow_repo,snakemake-pipelines,topic,
hermidalc/rna-seq-star-gex,hermidalc/rna-seq-star-gex,workflow_repo,bioinformatics,topic,
hivlab/discover-virome,hivlab/discover-virome,workflow_repo,virome,topic,
hivlab/discover-virome,hivlab/discover-virome,workflow_repo,virome-workflow,topic,
hivlab/discover-virome,hivlab/discover-virome,workflow_repo,snakemake,topic,
hivlab/discover-virome,hivlab/discover-virome,workflow_repo,snakemake-workflow,topic,
hivlab/discover-virome,hivlab/discover-virome,workflow_repo,metagenomic-analysis,topic,
hivlab/discover-virome,hivlab/discover-virome,workflow_repo,metagenomic-classification,topic,
hivlab/sarscov2-variation,hivlab/sarscov2-variation,workflow_repo,snakemake-workflow,topic,
hivlab/sarscov2-variation,hivlab/sarscov2-variation,workflow_repo,snakemake,topic,
hivlab/sarscov2-variation,hivlab/sarscov2-variation,workflow_repo,workflow,topic,
hivlab/sarscov2-variation,hivlab/sarscov2-variation,workflow_repo,sars-cov-2,topic,
hivlab/sarscov2-variation,hivlab/sarscov2-variation,workflow_repo,covid-19,topic,
hivlab/sarscov2-variation,hivlab/sarscov2-variation,workflow_repo,covid-19-estonia,topic,
hivlab/sarscov2-variation,hivlab/sarscov2-variation,workflow_repo,korogeno-est,topic,
hivlab/sarscov2-variation,hivlab/sarscov2-variation,workflow_repo,sarscov2-variation,topic,
hivlab/sarscov2-variation,hivlab/sarscov2-variation,workflow_repo,snakefile,topic,
hivlab/sarscov2-variation,hivlab/sarscov2-variation,workflow_repo,consensus-sequences,topic,
hoomanhanaei/RNAseq_DataAanalysis,hoomanhanaei/RNAseq_DataAanalysis,workflow_repo,rnaseq-analysis,topic,
hoomanhanaei/RNAseq_DataAanalysis,hoomanhanaei/RNAseq_DataAanalysis,workflow_repo,snakemake-workflow,topic,
ht-diva/genomics_QC_pipeline,ht-diva/genomics_QC_pipeline,workflow_repo,genetic-data,topic,
ht-diva/genomics_QC_pipeline,ht-diva/genomics_QC_pipeline,workflow_repo,imputed,topic,
ht-diva/genomics_QC_pipeline,ht-diva/genomics_QC_pipeline,workflow_repo,snakemake,topic,
ht-diva/genomics_QC_pipeline,ht-diva/genomics_QC_pipeline,workflow_repo,snakemake-pipeline,topic,
ht-diva/genomics_QC_pipeline,ht-diva/genomics_QC_pipeline,workflow_repo,interval,topic,
ht-diva/pqtl_conditional,ht-diva/pqtl_conditional,workflow_repo,gcta,topic,
ht-diva/pqtl_conditional,ht-diva/pqtl_conditional,workflow_repo,snakemake,topic,
ht-diva/pqtl_conditional,ht-diva/pqtl_conditional,workflow_repo,snakemake-pipeline,topic,
ht-diva/pqtl_conditional,ht-diva/pqtl_conditional,workflow_repo,cojo,topic,
ht-diva/pqtl_conditional,ht-diva/pqtl_conditional,workflow_repo,gwas-summary-statistics,topic,
ht-diva/pqtl_conditional,ht-diva/pqtl_conditional,workflow_repo,colocalization,topic,
ht-diva/pqtl_conditional,ht-diva/pqtl_conditional,workflow_repo,coloc,topic,
ht-diva/pqtl_conditional,ht-diva/pqtl_conditional,workflow_repo,qtl,topic,
ht-diva/pqtl_conditional,ht-diva/pqtl_conditional,workflow_repo,interval,topic,
ht-diva/sumstats_load_pipeline_in_tiledb,ht-diva/sumstats_load_pipeline_in_tiledb,workflow_repo,computational-data-hub,topic,
hydra-genetics/alignment,hydra-genetics/alignment,workflow_repo,bio/bwa/mem,wrapper,
hydra-genetics/alignment,hydra-genetics/alignment,workflow_repo,bio/minimap2/aligner,wrapper,
hydra-genetics/alignment,hydra-genetics/alignment,workflow_repo,bio/minimap2/index,wrapper,
hydra-genetics/alignment,hydra-genetics/alignment,workflow_repo,bio/pbmm2/align,wrapper,
hydra-genetics/alignment,hydra-genetics/alignment,workflow_repo,bio/pbmm2/index,wrapper,
hydra-genetics/alignment,hydra-genetics/alignment,workflow_repo,bio/picard/markduplicates,wrapper,
hydra-genetics/alignment,hydra-genetics/alignment,workflow_repo,bio/samtools/index,wrapper,
hydra-genetics/alignment,hydra-genetics/alignment,workflow_repo,bio/samtools/merge,wrapper,
hydra-genetics/alignment,hydra-genetics/alignment,workflow_repo,bio/samtools/sort,wrapper,
hydra-genetics/alignment,hydra-genetics/alignment,workflow_repo,bio/star/align,wrapper,
hydra-genetics/cnv_sv,hydra-genetics/cnv_sv,workflow_repo,bio/bgzip,wrapper,
hydra-genetics/cnv_sv,hydra-genetics/cnv_sv,workflow_repo,bio/cnvkit/batch,wrapper,
hydra-genetics/cnv_sv,hydra-genetics/cnv_sv,workflow_repo,bio/cnvkit/call,wrapper,
hydra-genetics/cnv_sv,hydra-genetics/cnv_sv,workflow_repo,bio/cnvkit/diagram,wrapper,
hydra-genetics/cnv_sv,hydra-genetics/cnv_sv,workflow_repo,bio/cnvkit/export,wrapper,
hydra-genetics/cnv_sv,hydra-genetics/cnv_sv,workflow_repo,bio/pindel/call,wrapper,
hydra-genetics/cnv_sv,hydra-genetics/cnv_sv,workflow_repo,bio/pindel/pindel2vcf,wrapper,
hydra-genetics/cnv_sv,hydra-genetics/cnv_sv,workflow_repo,bio/samtools/sort,wrapper,
hydra-genetics/cnv_sv,hydra-genetics/cnv_sv,workflow_repo,bio/tabix,wrapper,
hydra-genetics/compression,hydra-genetics/compression,workflow_repo,bio/samtools/index,wrapper,
hydra-genetics/compression,hydra-genetics/compression,workflow_repo,bio/samtools/view,wrapper,
hydra-genetics/filtering,hydra-genetics/filtering,workflow_repo,bio/bcftools/view,wrapper,
hydra-genetics/misc,hydra-genetics/misc,workflow_repo,bio/bedtools/intersect,wrapper,
hydra-genetics/misc,hydra-genetics/misc,workflow_repo,bio/bgzip,wrapper,
hydra-genetics/misc,hydra-genetics/misc,workflow_repo,bio/samtools/index,wrapper,
hydra-genetics/misc,hydra-genetics/misc,workflow_repo,bio/tabix,wrapper,
hydra-genetics/mitochondrial,hydra-genetics/mitochondrial,workflow_repo,bio/bwa/mem,wrapper,
hydra-genetics/qc,hydra-genetics/qc,workflow_repo,bio/bcftools/stats,wrapper,
hydra-genetics/qc,hydra-genetics/qc,workflow_repo,bio/fastqc,wrapper,
hydra-genetics/qc,hydra-genetics/qc,workflow_repo,bio/multiqc,wrapper,
hydra-genetics/qc,hydra-genetics/qc,workflow_repo,bio/samtools/idxstats,wrapper,
hydra-genetics/qc,hydra-genetics/qc,workflow_repo,bio/samtools/stats,wrapper,
hydra-genetics/qc,hydra-genetics/qc,workflow_repo,bio/verifybamid/verifybamid2,wrapper,
hydra-genetics/snv_indels,hydra-genetics/snv_indels,workflow_repo,bio/bcftools/concat,wrapper,
hydra-genetics/snv_indels,hydra-genetics/snv_indels,workflow_repo,bio/bcftools/norm,wrapper,
hydra-genetics/snv_indels,hydra-genetics/snv_indels,workflow_repo,bio/bcftools/sort,wrapper,
hydra-genetics/snv_indels,hydra-genetics/snv_indels,workflow_repo,bio/bcftools/view,wrapper,
hydra-genetics/snv_indels,hydra-genetics/snv_indels,workflow_repo,bio/bgzip,wrapper,
hydra-genetics/snv_indels,hydra-genetics/snv_indels,workflow_repo,bio/freebayes,wrapper,
hydra-genetics/snv_indels,hydra-genetics/snv_indels,workflow_repo,bio/gatk/filtermutectcalls,wrapper,
hydra-genetics/snv_indels,hydra-genetics/snv_indels,workflow_repo,bio/gatk/mutect,wrapper,
hydra-genetics/snv_indels,hydra-genetics/snv_indels,workflow_repo,bio/tabix,wrapper,
hydra-genetics/snv_indels,hydra-genetics/snv_indels,workflow_repo,bio/vardict,wrapper,
hydra-genetics/snv_indels,hydra-genetics/snv_indels,workflow_repo,bio/whatshap/haplotag,wrapper,
ibenjame/SM-PATseq,ibenjame/SM-PATseq,workflow_repo,pacbio,topic,
ibenjame/SM-PATseq,ibenjame/SM-PATseq,workflow_repo,pacbio-sequencing,topic,
ibenjame/SM-PATseq,ibenjame/SM-PATseq,workflow_repo,poly-a,topic,
ibenjame/SM-PATseq,ibenjame/SM-PATseq,workflow_repo,polyadenylation,topic,
ibenjame/SM-PATseq,ibenjame/SM-PATseq,workflow_repo,rna-seq,topic,
icaromsc/WGCA,icaromsc/WGCA,workflow_repo,genomic-islands,topic,
icaromsc/WGCA,icaromsc/WGCA,workflow_repo,prophages,topic,
icaromsc/WGCA,icaromsc/WGCA,workflow_repo,virulence-genes,topic,
icaromsc/WGCA,icaromsc/WGCA,workflow_repo,resistome,topic,
icaromsc/WGCA,icaromsc/WGCA,workflow_repo,comparative-genomics,topic,
icaromsc/WGCA,icaromsc/WGCA,workflow_repo,genomic-data-analysis,topic,
icaromsc/WGCA,icaromsc/WGCA,workflow_repo,bioinformatics-workflow,topic,
icaromsc/WGCA,icaromsc/WGCA,workflow_repo,snakemake,topic,
idolawoye/BAGEP,idolawoye/BAGEP,workflow_repo,tuberculosis,topic,
idolawoye/BAGEP,idolawoye/BAGEP,workflow_repo,workflow,topic,
idolawoye/BAGEP,idolawoye/BAGEP,workflow_repo,pipeline,topic,
idolawoye/BAGEP,idolawoye/BAGEP,workflow_repo,tb,topic,
idolawoye/BAGEP,idolawoye/BAGEP,workflow_repo,wgs,topic,
insilicoconsulting/snake-chic,insilicoconsulting/snake-chic,workflow_repo,bioinformatics,topic,
insilicoconsulting/snake-chic,insilicoconsulting/snake-chic,workflow_repo,genomics,topic,
insilicoconsulting/snake-chic,insilicoconsulting/snake-chic,workflow_repo,hi-c,topic,
insilicoconsulting/snake-chic,insilicoconsulting/snake-chic,workflow_repo,hic,topic,
insilicoconsulting/snake-chic,insilicoconsulting/snake-chic,workflow_repo,snakemake,topic,
insilicoconsulting/snake-chic,insilicoconsulting/snake-chic,workflow_repo,snakemake-workflow,topic,
insilicoconsulting/snake-chic,insilicoconsulting/snake-chic,workflow_repo,workflow,topic,
iqbal-lab-org/Mykrobe_tb_workflow,iqbal-lab-org/Mykrobe_tb_workflow,workflow_repo,tuberculosis,topic,
iqbal-lab-org/Mykrobe_tb_workflow,iqbal-lab-org/Mykrobe_tb_workflow,workflow_repo,nanopore,topic,
iqbal-lab-org/Mykrobe_tb_workflow,iqbal-lab-org/Mykrobe_tb_workflow,workflow_repo,bioinformatics,topic,
iqbal-lab-org/Mykrobe_tb_workflow,iqbal-lab-org/Mykrobe_tb_workflow,workflow_repo,antimicrobial-resistance-genes,topic,
iqbal-lab-org/Mykrobe_tb_workflow,iqbal-lab-org/Mykrobe_tb_workflow,workflow_repo,bioinformatics-pipeline,topic,
isaacvock/SnakeCLIP,isaacvock/SnakeCLIP,workflow_repo,bio/cutadapt/pe,wrapper,
isaacvock/SnakeCLIP,isaacvock/SnakeCLIP,workflow_repo,bio/fastp,wrapper,
isaacvock/SnakeCLIP,isaacvock/SnakeCLIP,workflow_repo,bio/hisat2/align,wrapper,
isaacvock/SnakeCLIP,isaacvock/SnakeCLIP,workflow_repo,bio/hisat2/index,wrapper,
isaacvock/SnakeCLIP,isaacvock/SnakeCLIP,workflow_repo,bio/star/align,wrapper,
isaacvock/fastq2EZbakR,isaacvock/fastq2EZbakR,workflow_repo,rna-seq,topic,
isaacvock/fastq2EZbakR,isaacvock/fastq2EZbakR,workflow_repo,slam-seq,topic,
isaacvock/fastq2EZbakR,isaacvock/fastq2EZbakR,workflow_repo,snakemake,topic,
isaacvock/fastq2EZbakR,isaacvock/fastq2EZbakR,workflow_repo,tuc-seq,topic,
isaacvock/fastq2EZbakR,isaacvock/fastq2EZbakR,workflow_repo,nr-seq,topic,
isaacvock/fastq2EZbakR,isaacvock/fastq2EZbakR,workflow_repo,timelapse-seq,topic,
isaacvock/fastq2EZbakR,isaacvock/fastq2EZbakR,workflow_repo,nrseq,topic,
isaacvock/fastq2EZbakR,isaacvock/fastq2EZbakR,workflow_repo,rna-kinetics,topic,
isaacvock/fastq2EZbakR,isaacvock/fastq2EZbakR,workflow_repo,bio/fastp,wrapper,
isaacvock/fastq2EZbakR,isaacvock/fastq2EZbakR,workflow_repo,bio/fastqc,wrapper,
isaacvock/fastq2EZbakR,isaacvock/fastq2EZbakR,workflow_repo,bio/hisat2/align,wrapper,
isaacvock/fastq2EZbakR,isaacvock/fastq2EZbakR,workflow_repo,bio/hisat2/index,wrapper,
isaacvock/fastq2EZbakR,isaacvock/fastq2EZbakR,workflow_repo,bio/multiqc,wrapper,
isaacvock/fastq2EZbakR,isaacvock/fastq2EZbakR,workflow_repo,bio/rsem/prepare-reference,wrapper,
isaacvock/fastq2EZbakR,isaacvock/fastq2EZbakR,workflow_repo,bio/sra-tools/fasterq-dump,wrapper,
isaacvock/fastq2EZbakR,isaacvock/fastq2EZbakR,workflow_repo,bio/subread/featurecounts,wrapper,
jaleezyy/covid-19-signal,jaleezyy/covid-19-signal,workflow_repo,virology,topic,
jaleezyy/covid-19-signal,jaleezyy/covid-19-signal,workflow_repo,sequencing,topic,
jaleezyy/covid-19-signal,jaleezyy/covid-19-signal,workflow_repo,biochemistry,topic,
jaleezyy/covid-19-signal,jaleezyy/covid-19-signal,workflow_repo,bioinformatics,topic,
jaleezyy/covid-19-signal,jaleezyy/covid-19-signal,workflow_repo,metagenomics,topic,
jasonwong-lab/smk_sv,jasonwong-lab/smk_sv,workflow_repo,long-read-sequencing,topic,
jasonwong-lab/smk_sv,jasonwong-lab/smk_sv,workflow_repo,oxford-nanopore-sequencing,topic,
jasonwong-lab/smk_sv,jasonwong-lab/smk_sv,workflow_repo,structural-variants,topic,
jasonwong-lab/smk_sv,jasonwong-lab/smk_sv,workflow_repo,structural-variation-calling,topic,
jasonwong-lab/smk_sv,jasonwong-lab/smk_sv,workflow_repo,bioinformatics,topic,
jasonwong-lab/smk_sv,jasonwong-lab/smk_sv,workflow_repo,bioinformatics-pipeline,topic,
jasonwong-lab/smk_sv,jasonwong-lab/smk_sv,workflow_repo,structural-variations,topic,
jburgaya/2022_ecoli_commensal,jburgaya/2022_ecoli_commensal,workflow_repo,gwas,topic,
jburgaya/2022_ecoli_commensal,jburgaya/2022_ecoli_commensal,workflow_repo,microbial-genomics,topic,
jburgaya/tenet,jburgaya/tenet,workflow_repo,bacterial-genome-analysis,topic,
jburgaya/tenet,jburgaya/tenet,workflow_repo,transmission-network,topic,
jdzm/smk-bac-assembly,jdzm/smk-bac-assembly,workflow_repo,bacterial-genomes,topic,
jdzm/smk-bac-assembly,jdzm/smk-bac-assembly,workflow_repo,genome-annotation,topic,
jdzm/smk-bac-assembly,jdzm/smk-bac-assembly,workflow_repo,genome-assembly,topic,
jdzm/smk-bac-assembly,jdzm/smk-bac-assembly,workflow_repo,pacbio-hifi-sequencing-reads,topic,
jdzm/smk-bac-assembly,jdzm/smk-bac-assembly,workflow_repo,snakemake,topic,
jeongdo801/scNOVA,jeongdo801/scNOVA,workflow_repo,single-cell-multiomics,topic,
jeongdo801/scNOVA,jeongdo801/scNOVA,workflow_repo,structural-variation,topic,
jeongdo801/scNOVA,jeongdo801/scNOVA,workflow_repo,chromatin-accessibiity,topic,
jeongdo801/scNOVA,jeongdo801/scNOVA,workflow_repo,nucleosome,topic,
jeongdo801/scNOVA,jeongdo801/scNOVA,workflow_repo,cancer-genomics,topic,
jhawe/bggm,jhawe/bggm,workflow_repo,hotspots,topic,
jhawe/bggm,jhawe/bggm,workflow_repo,network-inference,topic,
jhawe/bggm,jhawe/bggm,workflow_repo,qtl,topic,
jhawe/bggm,jhawe/bggm,workflow_repo,simulation,topic,
jiarong/rplB-metaG-pipeline,jiarong/rplB-metaG-pipeline,workflow_repo,rplb,topic,
jiarong/rplB-metaG-pipeline,jiarong/rplB-metaG-pipeline,workflow_repo,rpsc,topic,
jiarong/rplB-metaG-pipeline,jiarong/rplB-metaG-pipeline,workflow_repo,metagenome,topic,
jiarong/rplB-metaG-pipeline,jiarong/rplB-metaG-pipeline,workflow_repo,assembly,topic,
jiarong/rplB-metaG-pipeline,jiarong/rplB-metaG-pipeline,workflow_repo,diversity,topic,
jinghuazhao/Caprion,jinghuazhao/Caprion,workflow_repo,proteomics,topic,
jinghuazhao/Caprion,jinghuazhao/Caprion,workflow_repo,gwas,topic,
jjjermiah/snakemake-pixi-template,jjjermiah/snakemake-pixi-template,workflow_repo,pixi,topic,
jjjermiah/snakemake-pixi-template,jjjermiah/snakemake-pixi-template,workflow_repo,snakemake,topic,
jlanga/smsk,jlanga/smsk,workflow_repo,snakemake,topic,
jlanga/smsk,jlanga/smsk,workflow_repo,tutorial,topic,
jlanga/smsk,jlanga/smsk,workflow_repo,workflow,topic,
jlanga/smsk,jlanga/smsk,workflow_repo,skeleton,topic,
jlanga/smsk_khmer_trinity,jlanga/smsk_khmer_trinity,workflow_repo,transcriptome-assembly,topic,
jlanga/smsk_khmer_trinity,jlanga/smsk_khmer_trinity,workflow_repo,ngs,topic,
jlanga/smsk_khmer_trinity,jlanga/smsk_khmer_trinity,workflow_repo,trinity,topic,
jlanga/smsk_khmer_trinity,jlanga/smsk_khmer_trinity,workflow_repo,khmer,topic,
jlanga/smsk_khmer_trinity,jlanga/smsk_khmer_trinity,workflow_repo,digital-normalization,topic,
jlanga/smsk_khmer_trinity,jlanga/smsk_khmer_trinity,workflow_repo,assembler,topic,
jlanga/smsk_khmer_trinity,jlanga/smsk_khmer_trinity,workflow_repo,transrate,topic,
jlanga/smsk_khmer_trinity,jlanga/smsk_khmer_trinity,workflow_repo,snakemake,topic,
jlanga/smsk_popoolation,jlanga/smsk_popoolation,workflow_repo,ngs,topic,
jlanga/smsk_popoolation,jlanga/smsk_popoolation,workflow_repo,population,topic,
jlanga/smsk_popoolation,jlanga/smsk_popoolation,workflow_repo,genomics,topic,
jlanga/smsk_popoolation,jlanga/smsk_popoolation,workflow_repo,popoolation,topic,
jlanga/smsk_popoolation,jlanga/smsk_popoolation,workflow_repo,popoolation2,topic,
jlanga/smsk_popoolation,jlanga/smsk_popoolation,workflow_repo,bowtie2,topic,
jlanga/smsk_popoolation,jlanga/smsk_popoolation,workflow_repo,samtools,topic,
jlanga/smsk_popoolation,jlanga/smsk_popoolation,workflow_repo,snakemake,topic,
jlanga/smsk_popoolation,jlanga/smsk_popoolation,workflow_repo,snakemake-workflows,topic,
jlanga/smsk_popoolation,jlanga/smsk_popoolation,workflow_repo,workflow,topic,
jlanga/smsk_trinotate,jlanga/smsk_trinotate,workflow_repo,transcriptome,topic,
jlanga/smsk_trinotate,jlanga/smsk_trinotate,workflow_repo,snakemake,topic,
jlanga/smsk_trinotate,jlanga/smsk_trinotate,workflow_repo,snakemake-workflows,topic,
jlanga/smsk_trinotate,jlanga/smsk_trinotate,workflow_repo,trinity,topic,
jlanga/smsk_trinotate,jlanga/smsk_trinotate,workflow_repo,transdecoder,topic,
jlanga/smsk_trinotate,jlanga/smsk_trinotate,workflow_repo,trinotate,topic,
jlanga/smsk_trinotate,jlanga/smsk_trinotate,workflow_repo,blast,topic,
jlanga/smsk_trinotate,jlanga/smsk_trinotate,workflow_repo,hmmscan,topic,
jlanga/smsk_trinotate,jlanga/smsk_trinotate,workflow_repo,sqlite,topic,
jlanga/smsk_tuxedo2,jlanga/smsk_tuxedo2,workflow_repo,snakemake,topic,
jlanga/smsk_tuxedo2,jlanga/smsk_tuxedo2,workflow_repo,tuxedo2,topic,
jlanga/smsk_tuxedo2,jlanga/smsk_tuxedo2,workflow_repo,samtools,topic,
jlanga/smsk_tuxedo2,jlanga/smsk_tuxedo2,workflow_repo,hisat2,topic,
jlanga/smsk_tuxedo2,jlanga/smsk_tuxedo2,workflow_repo,stringtie,topic,
jlanga/smsk_tuxedo2,jlanga/smsk_tuxedo2,workflow_repo,ballgown,topic,
jlanga/smsk_tuxedo2,jlanga/smsk_tuxedo2,workflow_repo,rskittlebrewer,topic,
jlanga/smsk_tuxedo2,jlanga/smsk_tuxedo2,workflow_repo,r,topic,
jlanga/smsk_tuxedo2,jlanga/smsk_tuxedo2,workflow_repo,smsk,topic,
jlanga/smsk_tuxedo2,jlanga/smsk_tuxedo2,workflow_repo,differential,topic,
jlanga/smsk_tuxedo2,jlanga/smsk_tuxedo2,workflow_repo,expression,topic,
jlanga/smsk_tuxedo2,jlanga/smsk_tuxedo2,workflow_repo,rnaseq,topic,
jlanga/smsk_tuxedo2,jlanga/smsk_tuxedo2,workflow_repo,rna-seq,topic,
jlanga/smsk_tuxedo2,jlanga/smsk_tuxedo2,workflow_repo,conda,topic,
jlanga/smsk_tuxedo2,jlanga/smsk_tuxedo2,workflow_repo,conda-environment,topic,
jlanga/snakehelpers,jlanga/snakehelpers,workflow_repo,bio/fastqc,wrapper,
jma1991/arrays,jma1991/arrays,workflow_repo,microarray,topic,
jma1991/chromium,jma1991/chromium,workflow_repo,snakemake,topic,
jma1991/rnaseq,jma1991/rnaseq,workflow_repo,rnaseq,topic,
jma1991/rnaseq,jma1991/rnaseq,workflow_repo,snakemake,topic,
josephdong1000/neurodent,josephdong1000/neurodent,workflow_repo,analysis,topic,
josephdong1000/neurodent,josephdong1000/neurodent,workflow_repo,eeg,topic,
josephdong1000/neurodent,josephdong1000/neurodent,workflow_repo,package,topic,
josephdong1000/neurodent,josephdong1000/neurodent,workflow_repo,python,topic,
josephdong1000/neurodent,josephdong1000/neurodent,workflow_repo,neuroscience,topic,
josephdong1000/neurodent,josephdong1000/neurodent,workflow_repo,snakemake-workflow,topic,
josephdong1000/neurodent,josephdong1000/neurodent,workflow_repo,lfp,topic,
josephdong1000/neurodent,josephdong1000/neurodent,workflow_repo,snakemake,topic,
josephdong1000/neurodent,josephdong1000/neurodent,workflow_repo,workflow,topic,
jrzoe/rnaseq-from-metadata,jrzoe/rnaseq-from-metadata,workflow_repo,bio/fastp,wrapper,
jrzoe/rnaseq-from-metadata,jrzoe/rnaseq-from-metadata,workflow_repo,bio/multiqc,wrapper,
jrzoe/rnaseq-from-metadata,jrzoe/rnaseq-from-metadata,workflow_repo,bio/samtools/index,wrapper,
jrzoe/rnaseq-from-metadata,jrzoe/rnaseq-from-metadata,workflow_repo,bio/star/align,wrapper,
jrzoe/rnaseq-from-metadata,jrzoe/rnaseq-from-metadata,workflow_repo,bio/star/index,wrapper,
jrzoe/rnaseq-from-metadata,jrzoe/rnaseq-from-metadata,workflow_repo,bio/subread/featurecounts,wrapper,
jsimonas/parts-seq,jsimonas/parts-seq,workflow_repo,bio/fastqc,wrapper,
jsimonas/parts-seq,jsimonas/parts-seq,workflow_repo,bio/samtools/stats,wrapper,
jsquaredosquared/novocraft-sv-benchmarking,jsquaredosquared/novocraft-sv-benchmarking,workflow_repo,sv-calling,topic,
jsquaredosquared/novocraft-sv-benchmarking,jsquaredosquared/novocraft-sv-benchmarking,workflow_repo,novoalign,topic,
juliawiggeshoff/AugusMake,juliawiggeshoff/AugusMake,workflow_repo,augustus,topic,
juliawiggeshoff/AugusMake,juliawiggeshoff/AugusMake,workflow_repo,gene-prediction,topic,
juliawiggeshoff/AugusMake,juliawiggeshoff/AugusMake,workflow_repo,reproducibility,topic,
juliawiggeshoff/AugusMake,juliawiggeshoff/AugusMake,workflow_repo,rna-seq,topic,
juliawiggeshoff/AugusMake,juliawiggeshoff/AugusMake,workflow_repo,snakemake,topic,
juliawiggeshoff/AugusMake,juliawiggeshoff/AugusMake,workflow_repo,transcriptome-assembly,topic,
juliawiggeshoff/AugusMake,juliawiggeshoff/AugusMake,workflow_repo,workflow,topic,
juliawiggeshoff/astral-species-tree,juliawiggeshoff/astral-species-tree,workflow_repo,astral,topic,
juliawiggeshoff/astral-species-tree,juliawiggeshoff/astral-species-tree,workflow_repo,multispecies-coalescent,topic,
juliawiggeshoff/astral-species-tree,juliawiggeshoff/astral-species-tree,workflow_repo,snakemake,topic,
juliawiggeshoff/astral-species-tree,juliawiggeshoff/astral-species-tree,workflow_repo,species-tree,topic,
juliawiggeshoff/astral-species-tree,juliawiggeshoff/astral-species-tree,workflow_repo,workflow,topic,
juliawiggeshoff/astral-species-tree,juliawiggeshoff/astral-species-tree,workflow_repo,iq-tree,topic,
juliawiggeshoff/astral-species-tree,juliawiggeshoff/astral-species-tree,workflow_repo,maximum-likelihood,topic,
juliawiggeshoff/rna-seq-2x-de-novo-assembly,juliawiggeshoff/rna-seq-2x-de-novo-assembly,workflow_repo,rna-seq,topic,
juliawiggeshoff/rna-seq-2x-de-novo-assembly,juliawiggeshoff/rna-seq-2x-de-novo-assembly,workflow_repo,shannon,topic,
juliawiggeshoff/rna-seq-2x-de-novo-assembly,juliawiggeshoff/rna-seq-2x-de-novo-assembly,workflow_repo,snakemake,topic,
juliawiggeshoff/rna-seq-2x-de-novo-assembly,juliawiggeshoff/rna-seq-2x-de-novo-assembly,workflow_repo,transcriptome-assembly,topic,
juliawiggeshoff/rna-seq-2x-de-novo-assembly,juliawiggeshoff/rna-seq-2x-de-novo-assembly,workflow_repo,trinity,topic,
juliawiggeshoff/rna-seq-2x-de-novo-assembly,juliawiggeshoff/rna-seq-2x-de-novo-assembly,workflow_repo,workflow,topic,
juliawiggeshoff/supermatrix-tree,juliawiggeshoff/supermatrix-tree,workflow_repo,iq-tree,topic,
juliawiggeshoff/supermatrix-tree,juliawiggeshoff/supermatrix-tree,workflow_repo,maximum-likelihood,topic,
juliawiggeshoff/supermatrix-tree,juliawiggeshoff/supermatrix-tree,workflow_repo,snakemake,topic,
juliawiggeshoff/supermatrix-tree,juliawiggeshoff/supermatrix-tree,workflow_repo,supermatrix-phylogenetic-analyses,topic,
juliawiggeshoff/supermatrix-tree,juliawiggeshoff/supermatrix-tree,workflow_repo,workflow,topic,
kaiser-dan/proj_naive-embedded-reconstruction,kaiser-dan/proj_naive-embedded-reconstruction,workflow_repo,graph-embeddings,topic,
kaiser-dan/proj_naive-embedded-reconstruction,kaiser-dan/proj_naive-embedded-reconstruction,workflow_repo,multiplex-networks,topic,
kaiser-dan/proj_naive-embedded-reconstruction,kaiser-dan/proj_naive-embedded-reconstruction,workflow_repo,network-analysis,topic,
kaiser-dan/proj_naive-embedded-reconstruction,kaiser-dan/proj_naive-embedded-reconstruction,workflow_repo,reconstruction-algorithm,topic,
karel-brinda/MiniPhy,karel-brinda/MiniPhy,workflow_repo,assemblies,topic,
karel-brinda/MiniPhy,karel-brinda/MiniPhy,workflow_repo,bacteria,topic,
karel-brinda/MiniPhy,karel-brinda/MiniPhy,workflow_repo,bioinformatics,topic,
karel-brinda/MiniPhy,karel-brinda/MiniPhy,workflow_repo,compression,topic,
karel-brinda/MiniPhy,karel-brinda/MiniPhy,workflow_repo,genomes,topic,
karel-brinda/MiniPhy,karel-brinda/MiniPhy,workflow_repo,indexing,topic,
karel-brinda/MiniPhy,karel-brinda/MiniPhy,workflow_repo,k-mers,topic,
karel-brinda/MiniPhy,karel-brinda/MiniPhy,workflow_repo,mof,topic,
karel-brinda/MiniPhy,karel-brinda/MiniPhy,workflow_repo,phylogenetic-compression,topic,
karel-brinda/MiniPhy,karel-brinda/MiniPhy,workflow_repo,phylogeny,topic,
karel-brinda/MiniPhy,karel-brinda/MiniPhy,workflow_repo,prophyle,topic,
karel-brinda/Phylign,karel-brinda/Phylign,workflow_repo,assemblies,topic,
karel-brinda/Phylign,karel-brinda/Phylign,workflow_repo,bacteria,topic,
karel-brinda/Phylign,karel-brinda/Phylign,workflow_repo,bioinformatics,topic,
karel-brinda/Phylign,karel-brinda/Phylign,workflow_repo,compression,topic,
karel-brinda/Phylign,karel-brinda/Phylign,workflow_repo,genomes,topic,
karel-brinda/Phylign,karel-brinda/Phylign,workflow_repo,indexing,topic,
karel-brinda/Phylign,karel-brinda/Phylign,workflow_repo,k-mers,topic,
karel-brinda/Phylign,karel-brinda/Phylign,workflow_repo,mof,topic,
karel-brinda/Phylign,karel-brinda/Phylign,workflow_repo,phylogenetic-compression,topic,
karel-brinda/Phylign,karel-brinda/Phylign,workflow_repo,phylogeny,topic,
kenji-yt/snake-EAGLE-RC,kenji-yt/snake-EAGLE-RC,workflow_repo,bio/bismark/bismark,wrapper,
kenji-yt/snake-EAGLE-RC,kenji-yt/snake-EAGLE-RC,workflow_repo,bio/bismark/bismark_genome_preparation,wrapper,
kenji-yt/snake-EAGLE-RC,kenji-yt/snake-EAGLE-RC,workflow_repo,bio/bwa-mem2/index,wrapper,
kenji-yt/snake-EAGLE-RC,kenji-yt/snake-EAGLE-RC,workflow_repo,bio/bwa-mem2/mem,wrapper,
kenji-yt/snake-EAGLE-RC,kenji-yt/snake-EAGLE-RC,workflow_repo,bio/fastp,wrapper,
kenji-yt/snake-EAGLE-RC,kenji-yt/snake-EAGLE-RC,workflow_repo,bio/multiqc,wrapper,
kenji-yt/snake-EAGLE-RC,kenji-yt/snake-EAGLE-RC,workflow_repo,bio/star/align,wrapper,
kenji-yt/snake-EAGLE-RC,kenji-yt/snake-EAGLE-RC,workflow_repo,bio/star/index,wrapper,
kevin-wamae/PlasmoSeq-DualTech,kevin-wamae/PlasmoSeq-DualTech,workflow_repo,amplicon-sequencing,topic,
kevin-wamae/PlasmoSeq-DualTech,kevin-wamae/PlasmoSeq-DualTech,workflow_repo,illumina-sequencing,topic,
kevin-wamae/PlasmoSeq-DualTech,kevin-wamae/PlasmoSeq-DualTech,workflow_repo,malaria,topic,
kevin-wamae/PlasmoSeq-DualTech,kevin-wamae/PlasmoSeq-DualTech,workflow_repo,oxford-nanopore,topic,
kevin-wamae/PlasmoSeq-DualTech,kevin-wamae/PlasmoSeq-DualTech,workflow_repo,plasmodium-falciparum,topic,
kevin-wamae/PlasmoSeq-DualTech,kevin-wamae/PlasmoSeq-DualTech,workflow_repo,variant-calling,topic,
kim-fehl/Halisarca-dujardinii-transcriptomics,kim-fehl/Halisarca-dujardinii-transcriptomics,workflow_repo,bio/star/align,wrapper,
kim-fehl/Halisarca-dujardinii-transcriptomics,kim-fehl/Halisarca-dujardinii-transcriptomics,workflow_repo,bio/star/index,wrapper,
kircherlab/CADD-SV,kircherlab/CADD-SV,workflow_repo,sv,topic,
kircherlab/CADD-SV,kircherlab/CADD-SV,workflow_repo,variant-annotations,topic,
kircherlab/CADD-SV,kircherlab/CADD-SV,workflow_repo,variant-effect-prediction,topic,
koesterlab/rossi-ips-dmr,koesterlab/rossi-ips-dmr,workflow_repo,bio/reference/ensembl-annotation,wrapper,
koesterlab/rossi-ips-dmr,koesterlab/rossi-ips-dmr,workflow_repo,bio/reference/ensembl-sequence,wrapper,
koesterlab/rossi-ips-dmr,koesterlab/rossi-ips-dmr,workflow_repo,bio/sra-tools/fasterq-dump,wrapper,
komparo/rosetta-pipeline,komparo/rosetta-pipeline,workflow_repo,workflow-management,topic,
komparo/rosetta-pipeline,komparo/rosetta-pipeline,workflow_repo,pipeline-framework,topic,
komparo/rosetta-pipeline,komparo/rosetta-pipeline,workflow_repo,workflow-engine,topic,
komparo/rosetta-pipeline,komparo/rosetta-pipeline,workflow_repo,rosettacode,topic,
kristinassong/RNAseq,kristinassong/RNAseq,workflow_repo,rna-seq-pipeline,topic,
kristinassong/RNAseq,kristinassong/RNAseq,workflow_repo,snakemake-workflow,topic,
ktmeaton/ncov-recombinant,ktmeaton/ncov-recombinant,workflow_repo,sars-cov-2,topic,
ktmeaton/ncov-recombinant,ktmeaton/ncov-recombinant,workflow_repo,recombination,topic,
ktmeaton/ncov-recombinant,ktmeaton/ncov-recombinant,workflow_repo,recombinant,topic,
ktmeaton/ncov-recombinant,ktmeaton/ncov-recombinant,workflow_repo,genomics,topic,
ktmeaton/ncov-recombinant,ktmeaton/ncov-recombinant,workflow_repo,ncov,topic,
ktmeaton/plague-phylogeography,ktmeaton/plague-phylogeography,workflow_repo,phylogeography,topic,
ktmeaton/plague-phylogeography,ktmeaton/plague-phylogeography,workflow_repo,plagues,topic,
kwondry/16s_dada2_valencia,kwondry/16s_dada2_valencia,workflow_repo,bio/multiqc,wrapper,
kwondry/rnaseq_gene_expression,kwondry/rnaseq_gene_expression,workflow_repo,utils/nextflow,wrapper,
lachlandeer/angrist-krueger-1991,lachlandeer/angrist-krueger-1991,workflow_repo,snakemake,topic,
lachlandeer/angrist-krueger-1991,lachlandeer/angrist-krueger-1991,workflow_repo,snakemake-workflow,topic,
lachlandeer/angrist-krueger-1991,lachlandeer/angrist-krueger-1991,workflow_repo,reproducible-research,topic,
lachlandeer/angrist-krueger-1991,lachlandeer/angrist-krueger-1991,workflow_repo,harmless-econometrics,topic,
lachlandeer/bookdown_rticles,lachlandeer/bookdown_rticles,workflow_repo,bookdown,topic,
lachlandeer/bookdown_rticles,lachlandeer/bookdown_rticles,workflow_repo,rticles,topic,
lachlandeer/bookdown_rticles,lachlandeer/bookdown_rticles,workflow_repo,journal-article,topic,
lachlandeer/snakemake-econ-r,lachlandeer/snakemake-econ-r,workflow_repo,snakemake,topic,
lachlandeer/snakemake-econ-r,lachlandeer/snakemake-econ-r,workflow_repo,snakemake-workflow,topic,
lachlandeer/snakemake-econ-r,lachlandeer/snakemake-econ-r,workflow_repo,economics,topic,
lachlandeer/snakemake-econ-r,lachlandeer/snakemake-econ-r,workflow_repo,workflow,topic,
lachlandeer/snakemake-econ-r,lachlandeer/snakemake-econ-r,workflow_repo,renv,topic,
lachlandeer/snakemake-econ-r,lachlandeer/snakemake-econ-r,workflow_repo,reproducible-research,topic,
lachlandeer/snakemake-econ-r,lachlandeer/snakemake-econ-r,workflow_repo,reproducibility,topic,
lachlandeer/xaringan-snakemake,lachlandeer/xaringan-snakemake,workflow_repo,xaringan,topic,
lachlandeer/xaringan-snakemake,lachlandeer/xaringan-snakemake,workflow_repo,xaringan-slides,topic,
lachlandeer/xaringan-snakemake,lachlandeer/xaringan-snakemake,workflow_repo,snakemake,topic,
lachlandeer/xaringan-snakemake,lachlandeer/xaringan-snakemake,workflow_repo,snakemake-workflow,topic,
lacklab/MuSTARRd,lacklab/MuSTARRd,workflow_repo,bioinformatics,topic,
lacklab/MuSTARRd,lacklab/MuSTARRd,workflow_repo,sequencing,topic,
lacklab/MuSTARRd,lacklab/MuSTARRd,workflow_repo,starrseq,topic,
lacklab/MuSTARRd,lacklab/MuSTARRd,workflow_repo,ngs,topic,
lacklab/MuSTARRd,lacklab/MuSTARRd,workflow_repo,snakemake,topic,
lacklab/chipseq-pipeline,lacklab/chipseq-pipeline,workflow_repo,bioinformatics,topic,
lacklab/chipseq-pipeline,lacklab/chipseq-pipeline,workflow_repo,chip-seq,topic,
lacklab/chipseq-pipeline,lacklab/chipseq-pipeline,workflow_repo,pipeline,topic,
lacklab/chipseq-pipeline,lacklab/chipseq-pipeline,workflow_repo,snakemake,topic,
laelbarlow/amoebae,laelbarlow/amoebae,workflow_repo,bioinformatics,topic,
laelbarlow/amoebae,laelbarlow/amoebae,workflow_repo,hmmer3,topic,
laelbarlow/amoebae,laelbarlow/amoebae,workflow_repo,biopython,topic,
laelbarlow/amoebae,laelbarlow/amoebae,workflow_repo,python3,topic,
laelbarlow/amoebae,laelbarlow/amoebae,workflow_repo,blast,topic,
laelbarlow/amoebae,laelbarlow/amoebae,workflow_repo,genome-annotation,topic,
laelbarlow/amoebae,laelbarlow/amoebae,workflow_repo,similarity-search,topic,
laelbarlow/amoebae,laelbarlow/amoebae,workflow_repo,coulson-plot,topic,
laelbarlow/amoebae,laelbarlow/amoebae,workflow_repo,transcriptome-annotation,topic,
laelbarlow/amoebae,laelbarlow/amoebae,workflow_repo,snakemake-workflow,topic,
laelbarlow/amoebae,laelbarlow/amoebae,workflow_repo,comparative-genomics,topic,
laelbarlow/amoebae,laelbarlow/amoebae,workflow_repo,homology,topic,
laelbarlow/amoebae,laelbarlow/amoebae,workflow_repo,molecular-evolution,topic,
laelbarlow/amoebae,laelbarlow/amoebae,workflow_repo,gene-families,topic,
laelbarlow/amoebae,laelbarlow/amoebae,workflow_repo,protein-families,topic,
laelbarlow/amoebae,laelbarlow/amoebae,workflow_repo,orthology,topic,
laruzzante/orthophile,laruzzante/orthophile,workflow_repo,bioinformatics,topic,
laruzzante/orthophile,laruzzante/orthophile,workflow_repo,evolution,topic,
laruzzante/orthophile,laruzzante/orthophile,workflow_repo,phylogenetics,topic,
legend-exp/legend-dataflow,legend-exp/legend-dataflow,workflow_repo,data-processing,topic,
legend-exp/legend-dataflow,legend-exp/legend-dataflow,workflow_repo,legend,topic,
legend-exp/legend-dataflow,legend-exp/legend-dataflow,workflow_repo,snakemake,topic,
leylabmpi/CoreGenomePrimers,leylabmpi/CoreGenomePrimers,workflow_repo,archaea,topic,
leylabmpi/CoreGenomePrimers,leylabmpi/CoreGenomePrimers,workflow_repo,bacteria,topic,
leylabmpi/CoreGenomePrimers,leylabmpi/CoreGenomePrimers,workflow_repo,bioinformatics,topic,
leylabmpi/CoreGenomePrimers,leylabmpi/CoreGenomePrimers,workflow_repo,primer-design,topic,
leylabmpi/CoreGenomePrimers,leylabmpi/CoreGenomePrimers,workflow_repo,primers,topic,
leylabmpi/Struo,leylabmpi/Struo,workflow_repo,metagenomics,topic,
leylabmpi/Struo,leylabmpi/Struo,workflow_repo,ngs,topic,
leylabmpi/Struo,leylabmpi/Struo,workflow_repo,pipeline,topic,
leylabmpi/Struo,leylabmpi/Struo,workflow_repo,database,topic,
liao961120/Snake,liao961120/Snake,workflow_repo,snakemake,topic,
liao961120/minimal-snake,liao961120/minimal-snake,workflow_repo,git-bash,topic,
liao961120/minimal-snake,liao961120/minimal-snake,workflow_repo,reproducibility,topic,
liao961120/minimal-snake,liao961120/minimal-snake,workflow_repo,snakemake,topic,
liao961120/minimal-snake,liao961120/minimal-snake,workflow_repo,windows,topic,
liao961120/minimal-snake,liao961120/minimal-snake,workflow_repo,python,topic,
liao961120/minimal-snake,liao961120/minimal-snake,workflow_repo,make,topic,
liao961120/minimal-snake,liao961120/minimal-snake,workflow_repo,snakemake-workflow,topic,
liezeltamon/single-cell-preprocess,liezeltamon/single-cell-preprocess,workflow_repo,bio/fastqc,wrapper,
liezeltamon/single-cell-preprocess,liezeltamon/single-cell-preprocess,workflow_repo,bio/multiqc,wrapper,
lisakmalins/Snakespeare,lisakmalins/Snakespeare,workflow_repo,snakemake,topic,
lisakmalins/Snakespeare,lisakmalins/Snakespeare,workflow_repo,shakespeare,topic,
lisakmalins/Snakespeare,lisakmalins/Snakespeare,workflow_repo,fun,topic,
lkuchenb/MultiHLA,lkuchenb/MultiHLA,workflow_repo,workflow,topic,
lkuchenb/MultiHLA,lkuchenb/MultiHLA,workflow_repo,immunology,topic,
lkuchenb/MultiHLA,lkuchenb/MultiHLA,workflow_repo,immunoinformatics,topic,
lkuchenb/MultiHLA,lkuchenb/MultiHLA,workflow_repo,sequencing,topic,
lkuchenb/MultiHLA,lkuchenb/MultiHLA,workflow_repo,exome,topic,
lkuchenb/MultiHLA,lkuchenb/MultiHLA,workflow_repo,genome,topic,
loganylchen/RNA-seq-analysis-pipeline,loganylchen/RNA-seq-analysis-pipeline,workflow_repo,bio/hisat2/index,wrapper,
loganylchen/RNA-seq-analysis-pipeline,loganylchen/RNA-seq-analysis-pipeline,workflow_repo,bio/samtools/faidx,wrapper,
loganylchen/RNA-seq-analysis-pipeline,loganylchen/RNA-seq-analysis-pipeline,workflow_repo,bio/star/align,wrapper,
loganylchen/RNA-seq-analysis-pipeline,loganylchen/RNA-seq-analysis-pipeline,workflow_repo,bio/star/index,wrapper,
loganylchen/RNA-seq-analysis-pipeline,loganylchen/RNA-seq-analysis-pipeline,workflow_repo,bio/subread/featurecounts,wrapper,
loganylchen/RNA-seq-analysis-pipeline,loganylchen/RNA-seq-analysis-pipeline,workflow_repo,bio/vep/annotate,wrapper,
lrgr/sigma,lrgr/sigma,workflow_repo,mutational-signatures,topic,
lrgr/sigma,lrgr/sigma,workflow_repo,hidden-markov-models,topic,
lrgr/sigma,lrgr/sigma,workflow_repo,cancer,topic,
lrgr/sigma,lrgr/sigma,workflow_repo,breast-cancer,topic,
lucaparmigiani/Pangenome-Openness,lucaparmigiani/Pangenome-Openness,workflow_repo,bacteria,topic,
lucaparmigiani/Pangenome-Openness,lucaparmigiani/Pangenome-Openness,workflow_repo,pangenome,topic,
lucaparmigiani/Pangenome-Openness,lucaparmigiani/Pangenome-Openness,workflow_repo,pangenomics,topic,
lucas-diedrich/snakemake-learning,lucas-diedrich/snakemake-learning,workflow_repo,tutorial,topic,
lueong1/cfdna_methylation_public,lueong1/cfdna_methylation_public,workflow_repo,bio/bismark/bismark,wrapper,
lueong1/cfdna_methylation_public,lueong1/cfdna_methylation_public,workflow_repo,bio/bismark/bismark_genome_preparation,wrapper,
lueong1/cfdna_methylation_public,lueong1/cfdna_methylation_public,workflow_repo,bio/bismark/bismark_methylation_extractor,wrapper,
lueong1/cfdna_methylation_public,lueong1/cfdna_methylation_public,workflow_repo,bio/bismark/deduplicate_bismark,wrapper,
lueong1/cfdna_methylation_public,lueong1/cfdna_methylation_public,workflow_repo,bio/reference/ensembl-sequence,wrapper,
lueong1/cfdna_methylation_public,lueong1/cfdna_methylation_public,workflow_repo,bio/samtools/merge,wrapper,
lueong1/cfdna_methylation_public,lueong1/cfdna_methylation_public,workflow_repo,bio/samtools/sort,wrapper,
lueong1/cfdna_methylation_public,lueong1/cfdna_methylation_public,workflow_repo,bio/trim_galore/pe,wrapper,
lyijin/bismsmark,lyijin/bismsmark,workflow_repo,snakemake,topic,
lyijin/bismsmark,lyijin/bismsmark,workflow_repo,bismark,topic,
lyijin/bismsmark,lyijin/bismsmark,workflow_repo,slurm,topic,
madsondeluna/getvar_containerized,madsondeluna/getvar_containerized,workflow_repo,alpha-beta-pruning,topic,
madsondeluna/getvar_containerized,madsondeluna/getvar_containerized,workflow_repo,not-working,topic,
madsondeluna/getvar_containerized,madsondeluna/getvar_containerized,workflow_repo,testing,topic,
madsondeluna/getvar_mvp,madsondeluna/getvar_mvp,workflow_repo,beta-release,topic,
madsondeluna/getvar_mvp,madsondeluna/getvar_mvp,workflow_repo,genomics-analysis,topic,
madsondeluna/getvar_mvp,madsondeluna/getvar_mvp,workflow_repo,mutation,topic,
madsondeluna/getvar_mvp,madsondeluna/getvar_mvp,workflow_repo,mvp,topic,
madsondeluna/getvar_mvp,madsondeluna/getvar_mvp,workflow_repo,snp-calling,topic,
madsondeluna/getvar_mvp,madsondeluna/getvar_mvp,workflow_repo,variant-analysis,topic,
magwenelab/WeavePop,magwenelab/WeavePop,workflow_repo,copy-number-variant,topic,
magwenelab/WeavePop,magwenelab/WeavePop,workflow_repo,database,topic,
magwenelab/WeavePop,magwenelab/WeavePop,workflow_repo,eukaryotic-genomes,topic,
magwenelab/WeavePop,magwenelab/WeavePop,workflow_repo,genomic-variants,topic,
magwenelab/WeavePop,magwenelab/WeavePop,workflow_repo,population-genomics,topic,
magwenelab/WeavePop,magwenelab/WeavePop,workflow_repo,shiny-app,topic,
magwenelab/WeavePop,magwenelab/WeavePop,workflow_repo,variant-effect-prediction,topic,
manuelphilip/Single-cell-analysis-Snakemake-workflow,manuelphilip/Single-cell-analysis-Snakemake-workflow,workflow_repo,cellranger,topic,
manuelphilip/Single-cell-analysis-Snakemake-workflow,manuelphilip/Single-cell-analysis-Snakemake-workflow,workflow_repo,seurat,topic,
manuelphilip/Single-cell-analysis-Snakemake-workflow,manuelphilip/Single-cell-analysis-Snakemake-workflow,workflow_repo,single-cell,topic,
manuelphilip/Single-cell-analysis-Snakemake-workflow,manuelphilip/Single-cell-analysis-Snakemake-workflow,workflow_repo,celltype-identification,topic,
manuelphilip/Single-cell-analysis-Snakemake-workflow,manuelphilip/Single-cell-analysis-Snakemake-workflow,workflow_repo,differential-expression,topic,
massiddamt/rna_vc_docker,massiddamt/rna_vc_docker,workflow_repo,pipeline,topic,
massiddamt/rna_vc_docker,massiddamt/rna_vc_docker,workflow_repo,rnaseq,topic,
massiddamt/rna_vc_docker,massiddamt/rna_vc_docker,workflow_repo,snakemake-workflow,topic,
mbradyneeley/Backup-to-Object-Storage-Snakemake-Pipeline,mbradyneeley/Backup-to-Object-Storage-Snakemake-Pipeline,workflow_repo,ceph,topic,
mbradyneeley/Backup-to-Object-Storage-Snakemake-Pipeline,mbradyneeley/Backup-to-Object-Storage-Snakemake-Pipeline,workflow_repo,pipeline,topic,
mbradyneeley/Backup-to-Object-Storage-Snakemake-Pipeline,mbradyneeley/Backup-to-Object-Storage-Snakemake-Pipeline,workflow_repo,rclone,topic,
mbradyneeley/Backup-to-Object-Storage-Snakemake-Pipeline,mbradyneeley/Backup-to-Object-Storage-Snakemake-Pipeline,workflow_repo,snakemake,topic,
mbradyneeley/Backup-to-Object-Storage-Snakemake-Pipeline,mbradyneeley/Backup-to-Object-Storage-Snakemake-Pipeline,workflow_repo,storage,topic,
mbradyneeley/Backup-to-Object-Storage-Snakemake-Pipeline,mbradyneeley/Backup-to-Object-Storage-Snakemake-Pipeline,workflow_repo,workflow,topic,
mbradyneeley/Backup-to-Object-Storage-Snakemake-Pipeline,mbradyneeley/Backup-to-Object-Storage-Snakemake-Pipeline,workflow_repo,shell,topic,
mchadolias/nuradio-pipeline-demo,mchadolias/nuradio-pipeline-demo,workflow_repo,demo,topic,
mchadolias/nuradio-pipeline-demo,mchadolias/nuradio-pipeline-demo,workflow_repo,neutrinos,topic,
mchadolias/nuradio-pipeline-demo,mchadolias/nuradio-pipeline-demo,workflow_repo,snakemake,topic,
mchadolias/nuradio-pipeline-demo,mchadolias/nuradio-pipeline-demo,workflow_repo,workflow,topic,
mchadolias/nuradio-pipeline-demo,mchadolias/nuradio-pipeline-demo,workflow_repo,nuradiomc,topic,
mckellardw/ref_snake,mckellardw/ref_snake,workflow_repo,genomics,topic,
mckellardw/ref_snake,mckellardw/ref_snake,workflow_repo,rna-seq,topic,
mckellardw/slide_snake,mckellardw/slide_snake,workflow_repo,rna-seq,topic,
mckellardw/slide_snake,mckellardw/slide_snake,workflow_repo,spatial-transcriptomics,topic,
mcvickerlab/varCA,mcvickerlab/varCA,workflow_repo,random-forest,topic,
mcvickerlab/varCA,mcvickerlab/varCA,workflow_repo,machine-learning,topic,
mcvickerlab/varCA,mcvickerlab/varCA,workflow_repo,snakemake,topic,
mcvickerlab/varCA,mcvickerlab/varCA,workflow_repo,atac-seq-data,topic,
mcvickerlab/varCA,mcvickerlab/varCA,workflow_repo,variant-calling,topic,
mdelcorvo/TOSCA,mdelcorvo/TOSCA,workflow_repo,workflow,topic,
mdelcorvo/TOSCA,mdelcorvo/TOSCA,workflow_repo,snakemake,topic,
mdelcorvo/TOSCA,mdelcorvo/TOSCA,workflow_repo,somatic-mutations,topic,
mdondrup/gromacs_workflow,mdondrup/gromacs_workflow,workflow_repo,bio/fastqc,wrapper,
mdondrup/gromacs_workflow,mdondrup/gromacs_workflow,workflow_repo,bio/multiqc,wrapper,
mdondrup/mytemplate_wf,mdondrup/mytemplate_wf,workflow_repo,bio/fastqc,wrapper,
mdondrup/mytemplate_wf,mdondrup/mytemplate_wf,workflow_repo,bio/multiqc,wrapper,
mdondrup/sealice_assemblies,mdondrup/sealice_assemblies,workflow_repo,bio/fastqc,wrapper,
mdondrup/sealice_assemblies,mdondrup/sealice_assemblies,workflow_repo,bio/multiqc,wrapper,
meeranhussain/Population_genomic_analysis,meeranhussain/Population_genomic_analysis,workflow_repo,genome-analysis,topic,
meeranhussain/Population_genomic_analysis,meeranhussain/Population_genomic_analysis,workflow_repo,ngs,topic,
meeranhussain/Population_genomic_analysis,meeranhussain/Population_genomic_analysis,workflow_repo,ngs-analysis,topic,
meeranhussain/Population_genomic_analysis,meeranhussain/Population_genomic_analysis,workflow_repo,population,topic,
meeranhussain/Population_genomic_analysis,meeranhussain/Population_genomic_analysis,workflow_repo,population-genomics,topic,
meeranhussain/Population_genomic_analysis,meeranhussain/Population_genomic_analysis,workflow_repo,snakemake-workflow,topic,
meeranhussain/Population_genomic_analysis,meeranhussain/Population_genomic_analysis,workflow_repo,variant-calling,topic,
meeranhussain/Population_genomic_analysis,meeranhussain/Population_genomic_analysis,workflow_repo,whole,topic,
meeranhussain/Population_genomic_analysis,meeranhussain/Population_genomic_analysis,workflow_repo,rprogramming,topic,
meeranhussain/RNASeq_DEGseq_Snakemake_NO-REPLICATES,meeranhussain/RNASeq_DEGseq_Snakemake_NO-REPLICATES,workflow_repo,differential-gene-expression,topic,
meeranhussain/RNASeq_DEGseq_Snakemake_NO-REPLICATES,meeranhussain/RNASeq_DEGseq_Snakemake_NO-REPLICATES,workflow_repo,rna-seq-analysis,topic,
meeranhussain/RNASeq_DEGseq_Snakemake_NO-REPLICATES,meeranhussain/RNASeq_DEGseq_Snakemake_NO-REPLICATES,workflow_repo,rna-seq-pipeline,topic,
meeranhussain/RNASeq_DEGseq_Snakemake_NO-REPLICATES,meeranhussain/RNASeq_DEGseq_Snakemake_NO-REPLICATES,workflow_repo,snakemake-workflow,topic,
meeranhussain/RNASeq_DEGseq_Snakemake_NO-REPLICATES,meeranhussain/RNASeq_DEGseq_Snakemake_NO-REPLICATES,workflow_repo,star-aligner,topic,
meeranhussain/RNASeq_Deseq2_Snakemake,meeranhussain/RNASeq_Deseq2_Snakemake,workflow_repo,deseq2-analysis,topic,
meeranhussain/RNASeq_Deseq2_Snakemake,meeranhussain/RNASeq_Deseq2_Snakemake,workflow_repo,rna,topic,
meeranhussain/RNASeq_Deseq2_Snakemake,meeranhussain/RNASeq_Deseq2_Snakemake,workflow_repo,rna-seq-analysis,topic,
meeranhussain/RNASeq_Deseq2_Snakemake,meeranhussain/RNASeq_Deseq2_Snakemake,workflow_repo,rna-seq-pipeline,topic,
meeranhussain/RNASeq_Deseq2_Snakemake,meeranhussain/RNASeq_Deseq2_Snakemake,workflow_repo,snakemake-workflow,topic,
meeranhussain/RNASeq_Deseq2_Snakemake,meeranhussain/RNASeq_Deseq2_Snakemake,workflow_repo,star-aligner,topic,
meeranhussain/RNASeq_Deseq2_Snakemake,meeranhussain/RNASeq_Deseq2_Snakemake,workflow_repo,differential-gene-expression,topic,
merfishtools/merfishtools-evaluation,merfishtools/merfishtools-evaluation,workflow_repo,snakemake,topic,
merfishtools/merfishtools-evaluation,merfishtools/merfishtools-evaluation,workflow_repo,workflow,topic,
merfishtools/merfishtools-evaluation,merfishtools/merfishtools-evaluation,workflow_repo,snakemake-workflows,topic,
metagenome-atlas/atlas,metagenome-atlas/atlas,workflow_repo,metagenomics,topic,
metagenome-atlas/atlas,metagenome-atlas/atlas,workflow_repo,annotation,topic,
metagenome-atlas/atlas,metagenome-atlas/atlas,workflow_repo,snakemake,topic,
metagenome-atlas/atlas,metagenome-atlas/atlas,workflow_repo,assembly,topic,
metagenome-atlas/atlas,metagenome-atlas/atlas,workflow_repo,genomic-binning,topic,
metagenome-atlas/atlas,metagenome-atlas/atlas,workflow_repo,functional-annotation,topic,
metagenome-atlas/atlas,metagenome-atlas/atlas,workflow_repo,taxonomic-classifications,topic,
metagenome-atlas/atlas,metagenome-atlas/atlas,workflow_repo,bio/bwa-mem2/index,wrapper,
metagenome-atlas/atlas,metagenome-atlas/atlas,workflow_repo,bio/bwa-mem2/mem,wrapper,
metagenome-atlas/atlas,metagenome-atlas/atlas,workflow_repo,bio/minimap2/aligner,wrapper,
metagenome-atlas/atlas,metagenome-atlas/atlas,workflow_repo,bio/minimap2/index,wrapper,
metagenome-atlas/atlas,metagenome-atlas/atlas,workflow_repo,bio/multiqc,wrapper,
metagenome-atlas/atlas,metagenome-atlas/atlas,workflow_repo,bio/samtools/stats,wrapper,
metavannier/Microbiome-Analysis-Workflow,metavannier/Microbiome-Analysis-Workflow,workflow_repo,metabarcoding,topic,
metavannier/Microbiome-Analysis-Workflow,metavannier/Microbiome-Analysis-Workflow,workflow_repo,16srrna,topic,
metavannier/Microbiome-Analysis-Workflow,metavannier/Microbiome-Analysis-Workflow,workflow_repo,qiime2-environment,topic,
metavannier/metatranscriptomics-bulkrnaseq_workflow,metavannier/metatranscriptomics-bulkrnaseq_workflow,workflow_repo,bioinformatics,topic,
metavannier/metatranscriptomics-bulkrnaseq_workflow,metavannier/metatranscriptomics-bulkrnaseq_workflow,workflow_repo,bulk-rna-seq,topic,
metavannier/metatranscriptomics-bulkrnaseq_workflow,metavannier/metatranscriptomics-bulkrnaseq_workflow,workflow_repo,conda-environment,topic,
metavannier/metatranscriptomics-bulkrnaseq_workflow,metavannier/metatranscriptomics-bulkrnaseq_workflow,workflow_repo,docker,topic,
metavannier/metatranscriptomics-bulkrnaseq_workflow,metavannier/metatranscriptomics-bulkrnaseq_workflow,workflow_repo,metatranscriptomics,topic,
metavannier/metatranscriptomics-bulkrnaseq_workflow,metavannier/metatranscriptomics-bulkrnaseq_workflow,workflow_repo,singularity,topic,
metavannier/metatranscriptomics-bulkrnaseq_workflow,metavannier/metatranscriptomics-bulkrnaseq_workflow,workflow_repo,slurm-cluster,topic,
metavannier/metatranscriptomics-bulkrnaseq_workflow,metavannier/metatranscriptomics-bulkrnaseq_workflow,workflow_repo,snakemake,topic,
metavannier/scRNAseq_analysis_workflow,metavannier/scRNAseq_analysis_workflow,workflow_repo,bioinformatics,topic,
metavannier/scRNAseq_analysis_workflow,metavannier/scRNAseq_analysis_workflow,workflow_repo,sc-rna-seq,topic,
metavannier/scRNAseq_analysis_workflow,metavannier/scRNAseq_analysis_workflow,workflow_repo,seurat,topic,
metavannier/scRNAseq_analysis_workflow,metavannier/scRNAseq_analysis_workflow,workflow_repo,10xgenomics,topic,
metavannier/scRNAseq_analysis_workflow,metavannier/scRNAseq_analysis_workflow,workflow_repo,snakemake,topic,
metavannier/scRNAseq_analysis_workflow,metavannier/scRNAseq_analysis_workflow,workflow_repo,differential-expression,topic,
mgildea87/CUT-RUN,mgildea87/CUT-RUN,workflow_repo,workflow,topic,
mgildea87/CUT-RUN,mgildea87/CUT-RUN,workflow_repo,cutandrun-seq,topic,
mgildea87/ChIPseq,mgildea87/ChIPseq,workflow_repo,pipeline,topic,
mgildea87/ChIPseq,mgildea87/ChIPseq,workflow_repo,workflow,topic,
mgildea87/ChIPseq,mgildea87/ChIPseq,workflow_repo,chip-seq-pipelines,topic,
mgildea87/RNAseq_PE,mgildea87/RNAseq_PE,workflow_repo,pipeline,topic,
mgildea87/RNAseq_PE,mgildea87/RNAseq_PE,workflow_repo,rna-seq,topic,
mgildea87/RNAseq_PE_HISAT2_stringtie,mgildea87/RNAseq_PE_HISAT2_stringtie,workflow_repo,rna-seq,topic,
mgildea87/RNAseq_PE_HISAT2_stringtie,mgildea87/RNAseq_PE_HISAT2_stringtie,workflow_repo,pipeline,topic,
mgildea87/RNAseq_PE_HISAT2_stringtie_novel_transcripts,mgildea87/RNAseq_PE_HISAT2_stringtie_novel_transcripts,workflow_repo,rna-seq,topic,
mgildea87/RNAseq_PE_HISAT2_stringtie_novel_transcripts,mgildea87/RNAseq_PE_HISAT2_stringtie_novel_transcripts,workflow_repo,pipeline,topic,
milesroberts-123/slim-sweep-cnn,milesroberts-123/slim-sweep-cnn,workflow_repo,evolutionary-biology,topic,
milesroberts-123/slim-sweep-cnn,milesroberts-123/slim-sweep-cnn,workflow_repo,machine-learning,topic,
milesroberts-123/slim-sweep-cnn,milesroberts-123/slim-sweep-cnn,workflow_repo,population-genetics,topic,
mishaploid/AA-GenomicPrediction,mishaploid/AA-GenomicPrediction,workflow_repo,genomic-prediction,topic,
mishaploid/AA-GenomicPrediction,mishaploid/AA-GenomicPrediction,workflow_repo,amino-acids,topic,
mishaploid/AA-GenomicPrediction,mishaploid/AA-GenomicPrediction,workflow_repo,arabidopsis,topic,
mishaploid/AA-GenomicPrediction,mishaploid/AA-GenomicPrediction,workflow_repo,genomic-partitioning,topic,
mishaploid/AA-GenomicPrediction,mishaploid/AA-GenomicPrediction,workflow_repo,snakemake,topic,
mishaploid/AA-GenomicPrediction,mishaploid/AA-GenomicPrediction,workflow_repo,cookiecutter-data-science,topic,
mitoNGS/MToolBox_snakemake,mitoNGS/MToolBox_snakemake,workflow_repo,mitochondria,topic,
mitoNGS/MToolBox_snakemake,mitoNGS/MToolBox_snakemake,workflow_repo,genomics,topic,
mitoNGS/MToolBox_snakemake,mitoNGS/MToolBox_snakemake,workflow_repo,snakemake,topic,
mitoNGS/MToolBox_snakemake,mitoNGS/MToolBox_snakemake,workflow_repo,mtoolbox,topic,
mja/tech-talk-workflows,mja/tech-talk-workflows,workflow_repo,data-science,topic,
mja/tech-talk-workflows,mja/tech-talk-workflows,workflow_repo,nextflow,topic,
mja/tech-talk-workflows,mja/tech-talk-workflows,workflow_repo,reproducible-research,topic,
mja/tech-talk-workflows,mja/tech-talk-workflows,workflow_repo,snakemake,topic,
mja/tech-talk-workflows,mja/tech-talk-workflows,workflow_repo,workflow,topic,
mkkoshkina/wf_denovo_sequencing,mkkoshkina/wf_denovo_sequencing,workflow_repo,bioinformatics,topic,
mkkoshkina/wf_denovo_sequencing,mkkoshkina/wf_denovo_sequencing,workflow_repo,mass-spectrometry,topic,
mkkoshkina/wf_denovo_sequencing,mkkoshkina/wf_denovo_sequencing,workflow_repo,peptidomics,topic,
mkkoshkina/wf_denovo_sequencing,mkkoshkina/wf_denovo_sequencing,workflow_repo,singularity,topic,
mkkoshkina/wf_denovo_sequencing,mkkoshkina/wf_denovo_sequencing,workflow_repo,snakemake,topic,
mlhollestelle/aibm,mlhollestelle/aibm,workflow_repo,agent-based-modeling,topic,
mlhollestelle/aibm,mlhollestelle/aibm,workflow_repo,llm,topic,
mlhollestelle/aibm,mlhollestelle/aibm,workflow_repo,transport-modelling,topic,
moiexpositoalonsolab/grenepipe,moiexpositoalonsolab/grenepipe,workflow_repo,variant-calls,topic,
moiexpositoalonsolab/grenepipe,moiexpositoalonsolab/grenepipe,workflow_repo,snakemake,topic,
moiexpositoalonsolab/grenepipe,moiexpositoalonsolab/grenepipe,workflow_repo,evolve-and-resequence,topic,
moiexpositoalonsolab/grenepipe,moiexpositoalonsolab/grenepipe,workflow_repo,population-genetics,topic,
moiexpositoalonsolab/grenepipe,moiexpositoalonsolab/grenepipe,workflow_repo,ancient-dna,topic,
moiexpositoalonsolab/grenepipe,moiexpositoalonsolab/grenepipe,workflow_repo,variant-calling,topic,
moiexpositoalonsolab/grenepipe,moiexpositoalonsolab/grenepipe,workflow_repo,pool-sequencing,topic,
moiexpositoalonsolab/grenepipe,moiexpositoalonsolab/grenepipe,workflow_repo,genomic-variant-calling,topic,
moiexpositoalonsolab/grenepipe,moiexpositoalonsolab/grenepipe,workflow_repo,snakemake-workflow,topic,
mozilla/translations,mozilla/translations,workflow_repo,machine-translation,topic,
mozilla/translations,mozilla/translations,workflow_repo,neural-machine-translation,topic,
mozilla/translations,mozilla/translations,workflow_repo,machine-learning,topic,
mozilla/translations,mozilla/translations,workflow_repo,ml,topic,
munaberhe/clinical_variant_triage,munaberhe/clinical_variant_triage,workflow_repo,bioinformatics,topic,
munaberhe/clinical_variant_triage,munaberhe/clinical_variant_triage,workflow_repo,clinical-bioinformatics,topic,
munaberhe/clinical_variant_triage,munaberhe/clinical_variant_triage,workflow_repo,genomics,topic,
munaberhe/clinical_variant_triage,munaberhe/clinical_variant_triage,workflow_repo,rare-disease,topic,
munaberhe/clinical_variant_triage,munaberhe/clinical_variant_triage,workflow_repo,snakemake,topic,
munaberhe/clinical_variant_triage,munaberhe/clinical_variant_triage,workflow_repo,workflow,topic,
muzafferarikan/gNOMO2,muzafferarikan/gNOMO2,workflow_repo,amplicon-sequencing,topic,
muzafferarikan/gNOMO2,muzafferarikan/gNOMO2,workflow_repo,metagenomics,topic,
muzafferarikan/gNOMO2,muzafferarikan/gNOMO2,workflow_repo,metaproteomics,topic,
muzafferarikan/gNOMO2,muzafferarikan/gNOMO2,workflow_repo,metatranscriptomics,topic,
muzafferarikan/gNOMO2,muzafferarikan/gNOMO2,workflow_repo,microbiome,topic,
muzafferarikan/gNOMO2,muzafferarikan/gNOMO2,workflow_repo,multi-omics,topic,
mv-lab/dna-proto-workflow,mv-lab/dna-proto-workflow,workflow_repo,snakemake,topic,
mv-lab/dna-proto-workflow,mv-lab/dna-proto-workflow,workflow_repo,dna,topic,
mv-lab/dna-proto-workflow,mv-lab/dna-proto-workflow,workflow_repo,bioconda,topic,
myonaung/sm-SNIPER,myonaung/sm-SNIPER,workflow_repo,genomics,topic,
myonaung/sm-SNIPER,myonaung/sm-SNIPER,workflow_repo,bioinformatics-pipeline,topic,
myonaung/sm-SNIPER,myonaung/sm-SNIPER,workflow_repo,snakemake-workflows,topic,
myonaung/sm-SNIPER,myonaung/sm-SNIPER,workflow_repo,snvs,topic,
myonaung/sm-SNIPER,myonaung/sm-SNIPER,workflow_repo,variant,topic,
myonaung/sm-SNIPER,myonaung/sm-SNIPER,workflow_repo,variant-calling,topic,
nadinepi/dxy,nadinepi/dxy,workflow_repo,bio/bcftools/view,wrapper,
nadinepi/dxy,nadinepi/dxy,workflow_repo,bio/bgzip,wrapper,
nadinepi/dxy,nadinepi/dxy,workflow_repo,bio/tabix/index,wrapper,
nadinepi/dxy,nadinepi/dxy,workflow_repo,bio/vcftools/filter,wrapper,
nanoporetech/pipeline-nanopore-denovo-isoforms,nanoporetech/pipeline-nanopore-denovo-isoforms,workflow_repo,cdna,topic,
nanoporetech/pipeline-nanopore-denovo-isoforms,nanoporetech/pipeline-nanopore-denovo-isoforms,workflow_repo,rna-seq,topic,
nanoporetech/pipeline-nanopore-denovo-isoforms,nanoporetech/pipeline-nanopore-denovo-isoforms,workflow_repo,rna,topic,
nanoporetech/pipeline-nanopore-denovo-isoforms,nanoporetech/pipeline-nanopore-denovo-isoforms,workflow_repo,transcriptomics,topic,
nanoporetech/pipeline-transcriptome-de,nanoporetech/pipeline-transcriptome-de,workflow_repo,rna-seq,topic,
nanoporetech/pipeline-transcriptome-de,nanoporetech/pipeline-transcriptome-de,workflow_repo,cdna,topic,
nanoporetech/pipeline-transcriptome-de,nanoporetech/pipeline-transcriptome-de,workflow_repo,differential-gene-expression,topic,
nanoporetech/pipeline-transcriptome-de,nanoporetech/pipeline-transcriptome-de,workflow_repo,differential-transcript-usage,topic,
nanoporetech/pipeline-transcriptome-de,nanoporetech/pipeline-transcriptome-de,workflow_repo,nanopore,topic,
nanzhen102/16SfastLAB,nanzhen102/16SfastLAB,workflow_repo,16s-rrna,topic,
nanzhen102/16SfastLAB,nanzhen102/16SfastLAB,workflow_repo,taxonomic-classification,topic,
nanzhen102/16SfastLAB,nanzhen102/16SfastLAB,workflow_repo,lactobacillaceae,topic,
nanzhen102/16SfastLAB,nanzhen102/16SfastLAB,workflow_repo,lactobacillus,topic,
nathanhaigh/ronin_snakemake_demo,nathanhaigh/ronin_snakemake_demo,workflow_repo,snakemake,topic,
nathanhaigh/ronin_snakemake_demo,nathanhaigh/ronin_snakemake_demo,workflow_repo,ronin,topic,
nathanhaigh/ronin_snakemake_demo,nathanhaigh/ronin_snakemake_demo,workflow_repo,aws,topic,
nathanhaigh/ronin_snakemake_demo,nathanhaigh/ronin_snakemake_demo,workflow_repo,aws-parallelcluster,topic,
naturalis/barcode-constrained-phylogeny,naturalis/barcode-constrained-phylogeny,workflow_repo,dna-barcoding,topic,
naturalis/barcode-constrained-phylogeny,naturalis/barcode-constrained-phylogeny,workflow_repo,metabarcoding,topic,
naturalis/barcode-constrained-phylogeny,naturalis/barcode-constrained-phylogeny,workflow_repo,phylogenetic-diversity,topic,
naturalis/barcode-constrained-phylogeny,naturalis/barcode-constrained-phylogeny,workflow_repo,phylogenetic-placement,topic,
naturalis/barcode-constrained-phylogeny,naturalis/barcode-constrained-phylogeny,workflow_repo,phylogenetics,topic,
ncherric/Iliad,ncherric/Iliad,workflow_repo,automatic,topic,
ncherric/Iliad,ncherric/Iliad,workflow_repo,genetics,topic,
ncherric/Iliad,ncherric/Iliad,workflow_repo,genomics-data,topic,
ncherric/Iliad,ncherric/Iliad,workflow_repo,snakemake,topic,
ncherric/Iliad,ncherric/Iliad,workflow_repo,workflow,topic,
ncherric/Iliad,ncherric/Iliad,workflow_repo,bioinformatics,topic,
ncherric/Iliad,ncherric/Iliad,workflow_repo,fastq,topic,
ncherric/Iliad,ncherric/Iliad,workflow_repo,genomics,topic,
ncherric/Iliad,ncherric/Iliad,workflow_repo,modularization,topic,
ncherric/Iliad,ncherric/Iliad,workflow_repo,cram,topic,
ncherric/Iliad,ncherric/Iliad,workflow_repo,idat,topic,
ncherric/Iliad,ncherric/Iliad,workflow_repo,vcf,topic,
ndreey/FluctSel-Ischnura,ndreey/FluctSel-Ischnura,workflow_repo,bio/bwa/aln,wrapper,
ndreey/FluctSel-Ischnura,ndreey/FluctSel-Ischnura,workflow_repo,bio/bwa/index,wrapper,
ndreey/FluctSel-Ischnura,ndreey/FluctSel-Ischnura,workflow_repo,bio/bwa/mem,wrapper,
ndreey/FluctSel-Ischnura,ndreey/FluctSel-Ischnura,workflow_repo,bio/bwa/samse,wrapper,
ndreey/FluctSel-Ischnura,ndreey/FluctSel-Ischnura,workflow_repo,bio/fastp,wrapper,
ndreey/FluctSel-Ischnura,ndreey/FluctSel-Ischnura,workflow_repo,bio/gatk3/indelrealigner,wrapper,
ndreey/FluctSel-Ischnura,ndreey/FluctSel-Ischnura,workflow_repo,bio/gatk3/realignertargetcreator,wrapper,
ndreey/FluctSel-Ischnura,ndreey/FluctSel-Ischnura,workflow_repo,bio/mapdamage2,wrapper,
ndreey/FluctSel-Ischnura,ndreey/FluctSel-Ischnura,workflow_repo,bio/picard/createsequencedictionary,wrapper,
ndreey/FluctSel-Ischnura,ndreey/FluctSel-Ischnura,workflow_repo,bio/picard/markduplicates,wrapper,
ndreey/FluctSel-Ischnura,ndreey/FluctSel-Ischnura,workflow_repo,bio/samtools/merge,wrapper,
ndreey/FluctSel-Ischnura,ndreey/FluctSel-Ischnura,workflow_repo,bio/sra-tools/fasterq-dump,wrapper,
neon-ninja/crash_prediction,neon-ninja/crash_prediction,workflow_repo,crash-prediction,topic,
neon-ninja/crash_prediction,neon-ninja/crash_prediction,workflow_repo,nzta,topic,
neon-ninja/crash_prediction,neon-ninja/crash_prediction,workflow_repo,cas,topic,
neon-ninja/crash_prediction,neon-ninja/crash_prediction,workflow_repo,road,topic,
neon-ninja/crash_prediction,neon-ninja/crash_prediction,workflow_repo,traffic,topic,
neon-ninja/crash_prediction,neon-ninja/crash_prediction,workflow_repo,safety,topic,
nesirli/msc-project,nesirli/msc-project,workflow_repo,bioinformatics,topic,
nesirli/msc-project,nesirli/msc-project,workflow_repo,bioinformatics-pipeline,topic,
nesirli/msc-project,nesirli/msc-project,workflow_repo,machine-learning,topic,
nesirli/msc-project,nesirli/msc-project,workflow_repo,snakemake,topic,
nextstrain/avian-flu,nextstrain/avian-flu,workflow_repo,nextstrain,topic,
nextstrain/avian-flu,nextstrain/avian-flu,workflow_repo,pathogen,topic,
nextstrain/chikv,nextstrain/chikv,workflow_repo,nextstrain,topic,
nextstrain/chikv,nextstrain/chikv,workflow_repo,pathogen,topic,
nextstrain/flu_frequencies,nextstrain/flu_frequencies,workflow_repo,clades,topic,
nextstrain/flu_frequencies,nextstrain/flu_frequencies,workflow_repo,flu,topic,
nextstrain/flu_frequencies,nextstrain/flu_frequencies,workflow_repo,influenza,topic,
nextstrain/flu_frequencies,nextstrain/flu_frequencies,workflow_repo,mutations,topic,
nfdi4health/docker-vambn,nfdi4health/docker-vambn,workflow_repo,data-generation,topic,
nfdi4health/docker-vambn,nfdi4health/docker-vambn,workflow_repo,differential-privacy,topic,
nfdi4health/docker-vambn,nfdi4health/docker-vambn,workflow_repo,synthetic-data,topic,
niaid/NCF1_variant_calling,niaid/NCF1_variant_calling,workflow_repo,bio/bwa/mem,wrapper,
niaid/virome-pipeline,niaid/virome-pipeline,workflow_repo,bcbb-training,topic,
niaid/virome-pipeline,niaid/virome-pipeline,workflow_repo,metagenomics,topic,
niaid/virome-pipeline,niaid/virome-pipeline,workflow_repo,virus,topic,
niaid/virome-pipeline,niaid/virome-pipeline,workflow_repo,bioinformatics,topic,
nickhir/GermlineMutationCalling,nickhir/GermlineMutationCalling,workflow_repo,bioinformatics-pipeline,topic,
nickhir/GermlineMutationCalling,nickhir/GermlineMutationCalling,workflow_repo,snakemake,topic,
nickhir/GermlineMutationCalling,nickhir/GermlineMutationCalling,workflow_repo,gatk4,topic,
nickhir/GermlineMutationCalling,nickhir/GermlineMutationCalling,workflow_repo,gatk-bestpractices,topic,
niekwit/atac-seq,niekwit/atac-seq,workflow_repo,bio/bedtools/intersect,wrapper,
niekwit/atac-seq,niekwit/atac-seq,workflow_repo,bio/bwa-mem2/index,wrapper,
niekwit/atac-seq,niekwit/atac-seq,workflow_repo,bio/bwa-mem2/mem,wrapper,
niekwit/atac-seq,niekwit/atac-seq,workflow_repo,bio/deeptools/bamcoverage,wrapper,
niekwit/atac-seq,niekwit/atac-seq,workflow_repo,bio/fastqc,wrapper,
niekwit/atac-seq,niekwit/atac-seq,workflow_repo,bio/macs2/callpeak,wrapper,
niekwit/atac-seq,niekwit/atac-seq,workflow_repo,bio/multiqc,wrapper,
niekwit/atac-seq,niekwit/atac-seq,workflow_repo,bio/picard/markduplicates,wrapper,
niekwit/atac-seq,niekwit/atac-seq,workflow_repo,bio/samtools/index,wrapper,
niekwit/atac-seq,niekwit/atac-seq,workflow_repo,bio/samtools/stats,wrapper,
niekwit/atac-seq,niekwit/atac-seq,workflow_repo,bio/trim_galore/pe,wrapper,
niekwit/crispr-screens,niekwit/crispr-screens,workflow_repo,bioinformatics-pipeline,topic,
niekwit/crispr-screens,niekwit/crispr-screens,workflow_repo,crispr-screen-analysis,topic,
niekwit/crispr-screens,niekwit/crispr-screens,workflow_repo,snakemake-workflow,topic,
niekwit/crispr-screens,niekwit/crispr-screens,workflow_repo,bio/cutadapt/se,wrapper,
niekwit/crispr-screens,niekwit/crispr-screens,workflow_repo,bio/fastqc,wrapper,
niekwit/crispr-screens,niekwit/crispr-screens,workflow_repo,bio/hisat2/index,wrapper,
niekwit/crispr-screens,niekwit/crispr-screens,workflow_repo,bio/multiqc,wrapper,
niekwit/cut_and_run,niekwit/cut_and_run,workflow_repo,bioinformatics,topic,
niekwit/cut_and_run,niekwit/cut_and_run,workflow_repo,ngs-analysis,topic,
niekwit/cut_and_run,niekwit/cut_and_run,workflow_repo,snakemake,topic,
niekwit/cut_and_run,niekwit/cut_and_run,workflow_repo,snakemake-workflow,topic,
niekwit/cut_and_run,niekwit/cut_and_run,workflow_repo,bio/bedtools/intersect,wrapper,
niekwit/cut_and_run,niekwit/cut_and_run,workflow_repo,bio/bowtie2/build,wrapper,
niekwit/cut_and_run,niekwit/cut_and_run,workflow_repo,bio/cutadapt/pe,wrapper,
niekwit/cut_and_run,niekwit/cut_and_run,workflow_repo,bio/fastqc,wrapper,
niekwit/cut_and_run,niekwit/cut_and_run,workflow_repo,bio/picard/markduplicates,wrapper,
niekwit/cut_and_run,niekwit/cut_and_run,workflow_repo,bio/samtools/faidx,wrapper,
niekwit/cut_and_run,niekwit/cut_and_run,workflow_repo,bio/samtools/index,wrapper,
niekwit/cut_and_run,niekwit/cut_and_run,workflow_repo,bio/samtools/sort,wrapper,
niekwit/cut_and_run,niekwit/cut_and_run,workflow_repo,bio/trim_galore/pe,wrapper,
niekwit/damid-seq,niekwit/damid-seq,workflow_repo,bioinformatics-pipeline,topic,
niekwit/damid-seq,niekwit/damid-seq,workflow_repo,damid,topic,
niekwit/damid-seq,niekwit/damid-seq,workflow_repo,snakemake-workflow,topic,
niekwit/damid-seq,niekwit/damid-seq,workflow_repo,bio/bedtools/sort,wrapper,
niekwit/damid-seq,niekwit/damid-seq,workflow_repo,bio/bowtie2/align,wrapper,
niekwit/damid-seq,niekwit/damid-seq,workflow_repo,bio/bowtie2/build,wrapper,
niekwit/damid-seq,niekwit/damid-seq,workflow_repo,bio/fastqc,wrapper,
niekwit/damid-seq,niekwit/damid-seq,workflow_repo,bio/multiqc,wrapper,
niekwit/damid-seq,niekwit/damid-seq,workflow_repo,bio/samtools/faidx,wrapper,
niekwit/damid-seq,niekwit/damid-seq,workflow_repo,bio/samtools/index,wrapper,
niekwit/damid-seq,niekwit/damid-seq,workflow_repo,bio/samtools/sort,wrapper,
niekwit/damid-seq,niekwit/damid-seq,workflow_repo,bio/trim_galore/pe,wrapper,
niekwit/damid-seq,niekwit/damid-seq,workflow_repo,bio/trim_galore/se,wrapper,
niekwit/gps-orfeome,niekwit/gps-orfeome,workflow_repo,bioinformatics,topic,
niekwit/gps-orfeome,niekwit/gps-orfeome,workflow_repo,protein-stability,topic,
niekwit/gps-orfeome,niekwit/gps-orfeome,workflow_repo,snakemake,topic,
niekwit/gps-orfeome,niekwit/gps-orfeome,workflow_repo,snakemake-workflow,topic,
niekwit/methyl-seq,niekwit/methyl-seq,workflow_repo,bio/fastqc,wrapper,
niekwit/methyl-seq,niekwit/methyl-seq,workflow_repo,bio/multiqc,wrapper,
niekwit/methyl-seq,niekwit/methyl-seq,workflow_repo,bio/trim_galore/pe,wrapper,
niekwit/methyl-seq,niekwit/methyl-seq,workflow_repo,bio/trim_galore/se,wrapper,
niekwit/rna-seq-salmon-deseq2,niekwit/rna-seq-salmon-deseq2,workflow_repo,bioinformatics,topic,
niekwit/rna-seq-salmon-deseq2,niekwit/rna-seq-salmon-deseq2,workflow_repo,snakemake,topic,
niekwit/rna-seq-salmon-deseq2,niekwit/rna-seq-salmon-deseq2,workflow_repo,snakemake-workflow,topic,
niekwit/rna-seq-star-deseq2,niekwit/rna-seq-star-deseq2,workflow_repo,bio/fastqc,wrapper,
niekwit/rna-seq-star-deseq2,niekwit/rna-seq-star-deseq2,workflow_repo,bio/trim_galore/pe,wrapper,
niekwit/rna-seq-star-tetranscripts,niekwit/rna-seq-star-tetranscripts,workflow_repo,ngs-pipeline,topic,
niekwit/rna-seq-star-tetranscripts,niekwit/rna-seq-star-tetranscripts,workflow_repo,rna-seq-pipeline,topic,
niekwit/rna-seq-star-tetranscripts,niekwit/rna-seq-star-tetranscripts,workflow_repo,snakemake-workflow,topic,
niekwit/rna-seq-star-tetranscripts,niekwit/rna-seq-star-tetranscripts,workflow_repo,transposable-elements,topic,
niekwit/rna-seq-star-tetranscripts,niekwit/rna-seq-star-tetranscripts,workflow_repo,bio/fastqc,wrapper,
niekwit/rna-seq-star-tetranscripts,niekwit/rna-seq-star-tetranscripts,workflow_repo,bio/samtools/index,wrapper,
niekwit/rna-seq-star-tetranscripts,niekwit/rna-seq-star-tetranscripts,workflow_repo,bio/samtools/view,wrapper,
niekwit/rna-seq-star-tetranscripts,niekwit/rna-seq-star-tetranscripts,workflow_repo,bio/trim_galore/pe,wrapper,
niekwit/smallRNA-seq,niekwit/smallRNA-seq,workflow_repo,bio/cutadapt/se,wrapper,
nikostr/dna-seq-deepvariant-glnexus-variant-calling,nikostr/dna-seq-deepvariant-glnexus-variant-calling,workflow_repo,genomic-variant-calling,topic,
nikostr/dna-seq-deepvariant-glnexus-variant-calling,nikostr/dna-seq-deepvariant-glnexus-variant-calling,workflow_repo,deepvariant,topic,
nikostr/dna-seq-deepvariant-glnexus-variant-calling,nikostr/dna-seq-deepvariant-glnexus-variant-calling,workflow_repo,sciworkflows,topic,
nikostr/dna-seq-deepvariant-glnexus-variant-calling,nikostr/dna-seq-deepvariant-glnexus-variant-calling,workflow_repo,snakemake,topic,
nikostr/dna-seq-deepvariant-glnexus-variant-calling,nikostr/dna-seq-deepvariant-glnexus-variant-calling,workflow_repo,reproducibility,topic,
nikostr/read-mapping,nikostr/read-mapping,workflow_repo,bio/bwa-memx/index,wrapper,
nikostr/read-mapping,nikostr/read-mapping,workflow_repo,bio/bwa-memx/mem,wrapper,
nikostr/read-mapping,nikostr/read-mapping,workflow_repo,bio/deeptools/bamcoverage,wrapper,
nikostr/read-mapping,nikostr/read-mapping,workflow_repo,bio/deeptools/plotcoverage,wrapper,
nikostr/read-mapping,nikostr/read-mapping,workflow_repo,bio/fastp,wrapper,
nikostr/read-mapping,nikostr/read-mapping,workflow_repo,bio/fastqc,wrapper,
nikostr/read-mapping,nikostr/read-mapping,workflow_repo,bio/minimap2/aligner,wrapper,
nikostr/read-mapping,nikostr/read-mapping,workflow_repo,bio/multiqc,wrapper,
nikostr/read-mapping,nikostr/read-mapping,workflow_repo,bio/pbmm2/align,wrapper,
nikostr/read-mapping,nikostr/read-mapping,workflow_repo,bio/samtools/index,wrapper,
nikostr/read-mapping,nikostr/read-mapping,workflow_repo,bio/samtools/merge,wrapper,
nikostr/read-mapping,nikostr/read-mapping,workflow_repo,bio/samtools/stats,wrapper,
nodrogluap/tamor,nodrogluap/tamor,workflow_repo,cancer-genomics,topic,
nodrogluap/tamor,nodrogluap/tamor,workflow_repo,dragen,topic,
nodrogluap/tamor,nodrogluap/tamor,workflow_repo,mutation-analysis,topic,
nodrogluap/tamor,nodrogluap/tamor,workflow_repo,pcgr,topic,
nodrogluap/tamor,nodrogluap/tamor,workflow_repo,ruo,topic,
nodrogluap/tamor,nodrogluap/tamor,workflow_repo,sciworkflows,topic,
nodrogluap/tamor,nodrogluap/tamor,workflow_repo,bioinformatics-pipeline,topic,
ntnn19/AlphaFold3_workflow,ntnn19/AlphaFold3_workflow,workflow_repo,alphafold3,topic,
ntnn19/AlphaFold3_workflow,ntnn19/AlphaFold3_workflow,workflow_repo,bioinformatics,topic,
ntnn19/AlphaFold3_workflow,ntnn19/AlphaFold3_workflow,workflow_repo,snakemake-workflow,topic,
ntnn19/AlphaFold3_workflow,ntnn19/AlphaFold3_workflow,workflow_repo,structure-prediction,topic,
o-william-white/skim2mito,o-william-white/skim2mito,workflow_repo,bio/fastp,wrapper,
o-william-white/skim2mito,o-william-white/skim2mito,workflow_repo,bio/fastqc,wrapper,
o-william-white/skim2rrna,o-william-white/skim2rrna,workflow_repo,bio/fastp,wrapper,
o-william-white/skim2rrna,o-william-white/skim2rrna,workflow_repo,bio/fastqc,wrapper,
odcambc/FUSILLI,odcambc/FUSILLI,workflow_repo,bio/fastqc,wrapper,
odcambc/FUSILLI,odcambc/FUSILLI,workflow_repo,bio/multiqc,wrapper,
okartal/workflow_sci-atac-seq,okartal/workflow_sci-atac-seq,workflow_repo,atac-seq,topic,
okartal/workflow_sci-atac-seq,okartal/workflow_sci-atac-seq,workflow_repo,snakemake,topic,
okartal/workflow_sci-atac-seq,okartal/workflow_sci-atac-seq,workflow_repo,single-cell,topic,
olabiyi/qiime1-scripts,olabiyi/qiime1-scripts,workflow_repo,microbiome-analysis,topic,
olabiyi/qiime1-scripts,olabiyi/qiime1-scripts,workflow_repo,qiime,topic,
olabiyi/qiime1-scripts,olabiyi/qiime1-scripts,workflow_repo,singularity-containers,topic,
olabiyi/snakemake-workflow-qiime2,olabiyi/snakemake-workflow-qiime2,workflow_repo,conda,topic,
olabiyi/snakemake-workflow-qiime2,olabiyi/snakemake-workflow-qiime2,workflow_repo,microbiome,topic,
olabiyi/snakemake-workflow-qiime2,olabiyi/snakemake-workflow-qiime2,workflow_repo,picrust2,topic,
olabiyi/snakemake-workflow-qiime2,olabiyi/snakemake-workflow-qiime2,workflow_repo,qiime2,topic,
ombystoma-young/evolutionary-constraint-within-orf,ombystoma-young/evolutionary-constraint-within-orf,workflow_repo,population-evolution,topic,
open2c/distiller-sm,open2c/distiller-sm,workflow_repo,bioinformatics,topic,
open2c/distiller-sm,open2c/distiller-sm,workflow_repo,bioinformatics-pipeline,topic,
open2c/distiller-sm,open2c/distiller-sm,workflow_repo,hi-c,topic,
open2c/distiller-sm,open2c/distiller-sm,workflow_repo,hic,topic,
open2c/distiller-sm,open2c/distiller-sm,workflow_repo,snakemake,topic,
open2c/distiller-sm,open2c/distiller-sm,workflow_repo,snakemake-pipeline,topic,
open2c/distiller-sm,open2c/distiller-sm,workflow_repo,snakemake-workflow,topic,
open2c/distiller-sm,open2c/distiller-sm,workflow_repo,bio/bwa-memx/index,wrapper,
open2c/distiller-sm,open2c/distiller-sm,workflow_repo,bio/bwa-memx/mem,wrapper,
open2c/distiller-sm,open2c/distiller-sm,workflow_repo,bio/fastp,wrapper,
open2c/distiller-sm,open2c/distiller-sm,workflow_repo,bio/fastqc,wrapper,
open2c/quaich,open2c/quaich,workflow_repo,workflow,topic,
open2c/quaich,open2c/quaich,workflow_repo,snakemake,topic,
open2c/quaich,open2c/quaich,workflow_repo,analysis,topic,
open2c/quaich,open2c/quaich,workflow_repo,hi-c,topic,
orthanq/orthanq-hla-quantification,orthanq/orthanq-hla-quantification,workflow_repo,bio/bwa/index,wrapper,
orthanq/orthanq-hla-quantification,orthanq/orthanq-hla-quantification,workflow_repo,bio/reference/ensembl-sequence,wrapper,
orthanq/orthanq-hla-quantification,orthanq/orthanq-hla-quantification,workflow_repo,bio/samtools/faidx,wrapper,
oskarvid/Selma,oskarvid/Selma,workflow_repo,bwa,topic,
oskarvid/Selma,oskarvid/Selma,workflow_repo,snakemake,topic,
oskarvid/Selma,oskarvid/Selma,workflow_repo,pipeline,topic,
palomnyk/SCINET_Snakemake_tutorial,palomnyk/SCINET_Snakemake_tutorial,workflow_repo,hpc-clusters,topic,
palomnyk/SCINET_Snakemake_tutorial,palomnyk/SCINET_Snakemake_tutorial,workflow_repo,snakemake,topic,
palomnyk/SCINET_Snakemake_tutorial,palomnyk/SCINET_Snakemake_tutorial,workflow_repo,tutorial,topic,
pangeo-data/WeatherBench,pangeo-data/WeatherBench,workflow_repo,dataset,topic,
pangeo-data/WeatherBench,pangeo-data/WeatherBench,workflow_repo,benchmark,topic,
pangeo-data/WeatherBench,pangeo-data/WeatherBench,workflow_repo,weather-forecast,topic,
pangeo-data/WeatherBench,pangeo-data/WeatherBench,workflow_repo,deep-learning,topic,
pbradleylab/2023-anvio-comparison,pbradleylab/2023-anvio-comparison,workflow_repo,annotation,topic,
pbradleylab/2023-anvio-comparison,pbradleylab/2023-anvio-comparison,workflow_repo,bioinformatics,topic,
pbradleylab/2023-anvio-comparison,pbradleylab/2023-anvio-comparison,workflow_repo,bioinformatics-pipeline,topic,
pbradleylab/2023-anvio-comparison,pbradleylab/2023-anvio-comparison,workflow_repo,methods,topic,
pbradleylab/2023-anvio-comparison,pbradleylab/2023-anvio-comparison,workflow_repo,snakemake,topic,
pd321/chipseq,pd321/chipseq,workflow_repo,snakemake,topic,
pd321/chipseq,pd321/chipseq,workflow_repo,snakemake-workflows,topic,
pd321/chipseq,pd321/chipseq,workflow_repo,chipseq,topic,
pd321/create-reference-indices,pd321/create-reference-indices,workflow_repo,snakemake,topic,
pd321/create-reference-indices,pd321/create-reference-indices,workflow_repo,snakemake-workflow,topic,
pedricolino/cnakepit,pedricolino/cnakepit,workflow_repo,bioinformatics,topic,
pedricolino/cnakepit,pedricolino/cnakepit,workflow_repo,bwa,topic,
pedricolino/cnakepit,pedricolino/cnakepit,workflow_repo,cna,topic,
pedricolino/cnakepit,pedricolino/cnakepit,workflow_repo,cnv,topic,
pedricolino/cnakepit,pedricolino/cnakepit,workflow_repo,cnvkit,topic,
pedricolino/cnakepit,pedricolino/cnakepit,workflow_repo,conda,topic,
pedricolino/cnakepit,pedricolino/cnakepit,workflow_repo,copynumbervariation,topic,
pedricolino/cnakepit,pedricolino/cnakepit,workflow_repo,mutect2,topic,
pedricolino/cnakepit,pedricolino/cnakepit,workflow_repo,panels,topic,
pedricolino/cnakepit,pedricolino/cnakepit,workflow_repo,purecn,topic,
pedricolino/cnakepit,pedricolino/cnakepit,workflow_repo,sequencing-data,topic,
pedricolino/cnakepit,pedricolino/cnakepit,workflow_repo,snakemake,topic,
pedricolino/cnakepit,pedricolino/cnakepit,workflow_repo,targeted-sequencing,topic,
pedricolino/cnakepit,pedricolino/cnakepit,workflow_repo,bio/bcftools/call,wrapper,
pedricolino/cnakepit,pedricolino/cnakepit,workflow_repo,bio/bcftools/stats,wrapper,
pedricolino/cnakepit,pedricolino/cnakepit,workflow_repo,bio/bowtie2/build,wrapper,
pedricolino/cnakepit,pedricolino/cnakepit,workflow_repo,bio/bwa-mem2/index,wrapper,
pedricolino/cnakepit,pedricolino/cnakepit,workflow_repo,bio/bwa/index,wrapper,
pedricolino/cnakepit,pedricolino/cnakepit,workflow_repo,bio/bwa/mem,wrapper,
pedricolino/cnakepit,pedricolino/cnakepit,workflow_repo,bio/fastqc,wrapper,
pedricolino/cnakepit,pedricolino/cnakepit,workflow_repo,bio/sambamba/markdup,wrapper,
pedricolino/cnakepit,pedricolino/cnakepit,workflow_repo,bio/samtools/index,wrapper,
pmenzel/ont-assembly-snake-MIT,pmenzel/ont-assembly-snake-MIT,workflow_repo,bacterial-genome-analysis,topic,
pmenzel/ont-assembly-snake-MIT,pmenzel/ont-assembly-snake-MIT,workflow_repo,bioinformatics,topic,
pmenzel/ont-assembly-snake-MIT,pmenzel/ont-assembly-snake-MIT,workflow_repo,bioinformatics-pipeline,topic,
pmenzel/ont-assembly-snake-MIT,pmenzel/ont-assembly-snake-MIT,workflow_repo,nanopore-sequencing,topic,
pmenzel/ont-assembly-snake-MIT,pmenzel/ont-assembly-snake-MIT,workflow_repo,snakemake,topic,
pmenzel/ont-assembly-snake-MIT,pmenzel/ont-assembly-snake-MIT,workflow_repo,snakemake-workflow,topic,
pmenzel/score-assemblies-MIT,pmenzel/score-assemblies-MIT,workflow_repo,bacterial-genome-analysis,topic,
pmenzel/score-assemblies-MIT,pmenzel/score-assemblies-MIT,workflow_repo,bioinformatics-pipeline,topic,
pmenzel/score-assemblies-MIT,pmenzel/score-assemblies-MIT,workflow_repo,nanopore-sequencing,topic,
pmenzel/score-assemblies-MIT,pmenzel/score-assemblies-MIT,workflow_repo,snakemake,topic,
pommevilla/one_week_ahead,pommevilla/one_week_ahead,workflow_repo,data-science,topic,
pommevilla/one_week_ahead,pommevilla/one_week_ahead,workflow_repo,harmful-algal-blooms,topic,
pommevilla/one_week_ahead,pommevilla/one_week_ahead,workflow_repo,iowa,topic,
pommevilla/one_week_ahead,pommevilla/one_week_ahead,workflow_repo,iowastateuniversity,topic,
pommevilla/one_week_ahead,pommevilla/one_week_ahead,workflow_repo,snakemake,topic,
pommevilla/one_week_ahead,pommevilla/one_week_ahead,workflow_repo,machine-learning,topic,
pommevilla/one_week_ahead,pommevilla/one_week_ahead,workflow_repo,python,topic,
pommevilla/one_week_ahead,pommevilla/one_week_ahead,workflow_repo,r,topic,
pommevilla/one_week_ahead,pommevilla/one_week_ahead,workflow_repo,tidymodels,topic,
pommevilla/one_week_ahead,pommevilla/one_week_ahead,workflow_repo,classimbalance,topic,
pommevilla/one_week_ahead,pommevilla/one_week_ahead,workflow_repo,ensemble,topic,
pommevilla/one_week_ahead,pommevilla/one_week_ahead,workflow_repo,logistic-regression,topic,
pommevilla/one_week_ahead,pommevilla/one_week_ahead,workflow_repo,neural-network,topic,
pommevilla/one_week_ahead,pommevilla/one_week_ahead,workflow_repo,xgboost,topic,
pommevilla/sbfp,pommevilla/sbfp,workflow_repo,biofilm,topic,
pommevilla/sbfp,pommevilla/sbfp,workflow_repo,bioinformatics,topic,
pommevilla/sbfp,pommevilla/sbfp,workflow_repo,feature-selection,topic,
pommevilla/sbfp,pommevilla/sbfp,workflow_repo,kmer-counting,topic,
pommevilla/sbfp,pommevilla/sbfp,workflow_repo,machine-learning,topic,
pommevilla/sbfp,pommevilla/sbfp,workflow_repo,population-structure,topic,
pommevilla/sbfp,pommevilla/sbfp,workflow_repo,salmonella,topic,
pommevilla/sbfp,pommevilla/sbfp,workflow_repo,snakemake,topic,
pommevilla/sbfp,pommevilla/sbfp,workflow_repo,xgboost,topic,
pommevilla/snakemake-genome-assembly-practice,pommevilla/snakemake-genome-assembly-practice,workflow_repo,bioinformatics,topic,
pommevilla/snakemake-genome-assembly-practice,pommevilla/snakemake-genome-assembly-practice,workflow_repo,genome-assembly,topic,
pommevilla/snakemake-genome-assembly-practice,pommevilla/snakemake-genome-assembly-practice,workflow_repo,snakemake,topic,
pommevilla/snakemake-genome-assembly-practice,pommevilla/snakemake-genome-assembly-practice,workflow_repo,bbduk,topic,
pommevilla/snakemake-genome-assembly-practice,pommevilla/snakemake-genome-assembly-practice,workflow_repo,fastp,topic,
pommevilla/snakemake-genome-assembly-practice,pommevilla/snakemake-genome-assembly-practice,workflow_repo,unicycler,topic,
pommevilla/snakemake-genome-assembly-practice,pommevilla/snakemake-genome-assembly-practice,workflow_repo,checkm2,topic,
pooranibcbb/virome-pipeline,pooranibcbb/virome-pipeline,workflow_repo,bioinformatics-pipeline,topic,
pooranibcbb/virome-pipeline,pooranibcbb/virome-pipeline,workflow_repo,snakemake-workflow,topic,
pooranibcbb/virome-pipeline,pooranibcbb/virome-pipeline,workflow_repo,viral-metagenomics,topic,
prokischlab/omicsDiagnostics,prokischlab/omicsDiagnostics,workflow_repo,hpo,topic,
prokischlab/omicsDiagnostics,prokischlab/omicsDiagnostics,workflow_repo,multiomics,topic,
prokischlab/omicsDiagnostics,prokischlab/omicsDiagnostics,workflow_repo,proteomics,topic,
prokischlab/omicsDiagnostics,prokischlab/omicsDiagnostics,workflow_repo,rare-disease,topic,
prokischlab/omicsDiagnostics,prokischlab/omicsDiagnostics,workflow_repo,rna-seq,topic,
prokischlab/omicsDiagnostics,prokischlab/omicsDiagnostics,workflow_repo,diagnostics,topic,
prokischlab/omicsDiagnostics,prokischlab/omicsDiagnostics,workflow_repo,outlier-detection,topic,
pweidner/bamqc-pipeline,pweidner/bamqc-pipeline,workflow_repo,bam,topic,
pweidner/bamqc-pipeline,pweidner/bamqc-pipeline,workflow_repo,hg38,topic,
pweidner/bamqc-pipeline,pweidner/bamqc-pipeline,workflow_repo,mm10,topic,
pweidner/bamqc-pipeline,pweidner/bamqc-pipeline,workflow_repo,quality-control,topic,
pweidner/bamqc-pipeline,pweidner/bamqc-pipeline,workflow_repo,t2t,topic,
pweidner/bamqc-pipeline,pweidner/bamqc-pipeline,workflow_repo,snakemake,topic,
pweidner/bamqc-pipeline,pweidner/bamqc-pipeline,workflow_repo,sequencing,topic,
pypsa-meets-earth/pypsa-earth,pypsa-meets-earth/pypsa-earth,workflow_repo,pypsa-africa,topic,
pypsa-meets-earth/pypsa-earth,pypsa-meets-earth/pypsa-earth,workflow_repo,pypsa-earth,topic,
pypsa-meets-earth/pypsa-earth,pypsa-meets-earth/pypsa-earth,workflow_repo,energy-system-model,topic,
pypsa-meets-earth/pypsa-earth,pypsa-meets-earth/pypsa-earth,workflow_repo,python,topic,
pypsa-meets-earth/pypsa-earth,pypsa-meets-earth/pypsa-earth,workflow_repo,investment-optimization,topic,
pypsa-meets-earth/pypsa-earth,pypsa-meets-earth/pypsa-earth,workflow_repo,operational-optimization,topic,
pypsa-meets-earth/pypsa-earth,pypsa-meets-earth/pypsa-earth,workflow_repo,power-system-model,topic,
pypsa-meets-earth/pypsa-earth,pypsa-meets-earth/pypsa-earth,workflow_repo,scenario-analysis,topic,
pypsa-meets-earth/pypsa-earth,pypsa-meets-earth/pypsa-earth,workflow_repo,energy-system-planning,topic,
pypsa-meets-earth/pypsa-earth,pypsa-meets-earth/pypsa-earth,workflow_repo,power-system-planning,topic,
qbicsoftware-archive/exomseq,qbicsoftware-archive/exomseq,workflow_repo,workflow,topic,
qbicsoftware-archive/exomseq,qbicsoftware-archive/exomseq,workflow_repo,dna,topic,
qbicsoftware-archive/exomseq,qbicsoftware-archive/exomseq,workflow_repo,ngs,topic,
qbicsoftware-archive/qcprot,qbicsoftware-archive/qcprot,workflow_repo,workflow,topic,
qbicsoftware-archive/qcprot,qbicsoftware-archive/qcprot,workflow_repo,ms,topic,
qbicsoftware-archive/qcprot,qbicsoftware-archive/qcprot,workflow_repo,px,topic,
qbicsoftware-archive/rnaseq,qbicsoftware-archive/rnaseq,workflow_repo,workflow,topic,
qbicsoftware-archive/rnaseq,qbicsoftware-archive/rnaseq,workflow_repo,ngs,topic,
qbicsoftware-archive/rnaseq,qbicsoftware-archive/rnaseq,workflow_repo,rna,topic,
rabiafidan/pure-faf,rabiafidan/pure-faf,workflow_repo,cancer-genomics,topic,
rabiafidan/pure-faf,rabiafidan/pure-faf,workflow_repo,ffpe,topic,
rabiafidan/pure-faf,rabiafidan/pure-faf,workflow_repo,variant-filtration,topic,
razofz/DB_AKC_citeseq,razofz/DB_AKC_citeseq,workflow_repo,bioinformatics,topic,
razofz/DB_AKC_citeseq,razofz/DB_AKC_citeseq,workflow_repo,cite-seq,topic,
razofz/DB_AKC_citeseq,razofz/DB_AKC_citeseq,workflow_repo,jupyter,topic,
razofz/DB_AKC_citeseq,razofz/DB_AKC_citeseq,workflow_repo,multiome,topic,
razofz/DB_AKC_citeseq,razofz/DB_AKC_citeseq,workflow_repo,quarto,topic,
razofz/DB_AKC_citeseq,razofz/DB_AKC_citeseq,workflow_repo,rna-seq,topic,
regulatory-genomics/RNA-sm,regulatory-genomics/RNA-sm,workflow_repo,bio/samtools/index,wrapper,
regulatory-genomics/RNA-sm,regulatory-genomics/RNA-sm,workflow_repo,bio/star/index,wrapper,
regulatory-genomics/cuttag_sm,regulatory-genomics/cuttag_sm,workflow_repo,bio/macs2/callpeak,wrapper,
regulatory-genomics/hic_sm,regulatory-genomics/hic_sm,workflow_repo,bio/bowtie2/build,wrapper,
rgomez-AI/3DChromTrans,rgomez-AI/3DChromTrans,workflow_repo,bioimage-analysis,topic,
rgomez-AI/3DChromTrans,rgomez-AI/3DChromTrans,workflow_repo,cellprofiler-pipeline,topic,
rgomez-AI/3DChromTrans,rgomez-AI/3DChromTrans,workflow_repo,distance-calculation,topic,
rgomez-AI/3DChromTrans,rgomez-AI/3DChromTrans,workflow_repo,napari-visualization,topic,
rgomez-AI/3DChromTrans,rgomez-AI/3DChromTrans,workflow_repo,snakemake-workflow,topic,
rgomez-AI/3DChromTrans,rgomez-AI/3DChromTrans,workflow_repo,workflow-automation,topic,
rgomez-AI/CellOrientation,rgomez-AI/CellOrientation,workflow_repo,bioimage-analysis,topic,
rgomez-AI/CellOrientation,rgomez-AI/CellOrientation,workflow_repo,cellprofiler-pipeline,topic,
rgomez-AI/CellOrientation,rgomez-AI/CellOrientation,workflow_repo,fiji-macro-language,topic,
rgomez-AI/CellOrientation,rgomez-AI/CellOrientation,workflow_repo,snakemake-workflow,topic,
rgomez-AI/CellOrientation,rgomez-AI/CellOrientation,workflow_repo,workflow-automation,topic,
rgomez-AI/CellOrientation,rgomez-AI/CellOrientation,workflow_repo,uniformity-tests,topic,
rkuzya/rnaseq_snakemake_singularity_leomed_slurm,rkuzya/rnaseq_snakemake_singularity_leomed_slurm,workflow_repo,python,topic,
rnabioco/aa-tRNA-seq-pipeline,rnabioco/aa-tRNA-seq-pipeline,workflow_repo,nanopore-sequencing,topic,
rnabioco/aa-tRNA-seq-pipeline,rnabioco/aa-tRNA-seq-pipeline,workflow_repo,rna-seq,topic,
rnabioco/aa-tRNA-seq-pipeline,rnabioco/aa-tRNA-seq-pipeline,workflow_repo,snakemake,topic,
rohan-ibn-tariq/Estimate-MSI-Workflow,rohan-ibn-tariq/Estimate-MSI-Workflow,workflow_repo,bio/bcftools/norm,wrapper,
rohan-ibn-tariq/Estimate-MSI-Workflow,rohan-ibn-tariq/Estimate-MSI-Workflow,workflow_repo,bio/bcftools/view,wrapper,
rohan-ibn-tariq/Estimate-MSI-Workflow,rohan-ibn-tariq/Estimate-MSI-Workflow,workflow_repo,bio/bedtools/intersect,wrapper,
rohan-ibn-tariq/Estimate-MSI-Workflow,rohan-ibn-tariq/Estimate-MSI-Workflow,workflow_repo,bio/bedtools/sort,wrapper,
rohan-ibn-tariq/Estimate-MSI-Workflow,rohan-ibn-tariq/Estimate-MSI-Workflow,workflow_repo,bio/bwa/index,wrapper,
rohan-ibn-tariq/Estimate-MSI-Workflow,rohan-ibn-tariq/Estimate-MSI-Workflow,workflow_repo,bio/bwa/mem,wrapper,
rohan-ibn-tariq/Estimate-MSI-Workflow,rohan-ibn-tariq/Estimate-MSI-Workflow,workflow_repo,bio/freebayes,wrapper,
rohan-ibn-tariq/Estimate-MSI-Workflow,rohan-ibn-tariq/Estimate-MSI-Workflow,workflow_repo,bio/picard/markduplicates,wrapper,
rohan-ibn-tariq/Estimate-MSI-Workflow,rohan-ibn-tariq/Estimate-MSI-Workflow,workflow_repo,bio/reference/ensembl-annotation,wrapper,
rohan-ibn-tariq/Estimate-MSI-Workflow,rohan-ibn-tariq/Estimate-MSI-Workflow,workflow_repo,bio/reference/ensembl-sequence,wrapper,
rohan-ibn-tariq/Estimate-MSI-Workflow,rohan-ibn-tariq/Estimate-MSI-Workflow,workflow_repo,bio/samtools/faidx,wrapper,
rohan-ibn-tariq/Estimate-MSI-Workflow,rohan-ibn-tariq/Estimate-MSI-Workflow,workflow_repo,bio/samtools/index,wrapper,
rohan-ibn-tariq/Estimate-MSI-Workflow,rohan-ibn-tariq/Estimate-MSI-Workflow,workflow_repo,bio/varlociraptor/call-variants,wrapper,
rohan-ibn-tariq/Estimate-MSI-Workflow,rohan-ibn-tariq/Estimate-MSI-Workflow,workflow_repo,bio/varlociraptor/estimate-alignment-properties,wrapper,
rohan-ibn-tariq/Estimate-MSI-Workflow,rohan-ibn-tariq/Estimate-MSI-Workflow,workflow_repo,bio/varlociraptor/preprocess-variants,wrapper,
rohan-ibn-tariq/MSI-Snakemake-Workflow,rohan-ibn-tariq/MSI-Snakemake-Workflow,workflow_repo,bio/reference/ensembl-annotation,wrapper,
rohan-ibn-tariq/MSI-Snakemake-Workflow,rohan-ibn-tariq/MSI-Snakemake-Workflow,workflow_repo,bio/reference/ensembl-sequence,wrapper,
rohitsuratekar/CardioPipeLine,rohitsuratekar/CardioPipeLine,workflow_repo,rna-seq,topic,
rohitsuratekar/CardioPipeLine,rohitsuratekar/CardioPipeLine,workflow_repo,ngs,topic,
rohitsuratekar/CardioPipeLine,rohitsuratekar/CardioPipeLine,workflow_repo,deseq2-analysis,topic,
rohitsuratekar/CardioPipeLine,rohitsuratekar/CardioPipeLine,workflow_repo,quantification,topic,
rohitsuratekar/CardioPipeLine,rohitsuratekar/CardioPipeLine,workflow_repo,pipeline,topic,
rohitsuratekar/CardioPipeLine,rohitsuratekar/CardioPipeLine,workflow_repo,ncbi,topic,
rohitsuratekar/CardioPipeLine,rohitsuratekar/CardioPipeLine,workflow_repo,sra,topic,
rrouz/AncFlow,rrouz/AncFlow,workflow_repo,ancestral-sequence-reconstruction,topic,
rrouz/AncFlow,rrouz/AncFlow,workflow_repo,bioinformatics,topic,
rrouz/AncFlow,rrouz/AncFlow,workflow_repo,multiple-sequence-alignment,topic,
rrouz/AncFlow,rrouz/AncFlow,workflow_repo,phylogenetics,topic,
rstats-tartu/geo-htseq,rstats-tartu/geo-htseq,workflow_repo,p-values,topic,
rstats-tartu/geo-htseq,rstats-tartu/geo-htseq,workflow_repo,reproducibility,topic,
rstats-tartu/geo-htseq,rstats-tartu/geo-htseq,workflow_repo,ht-seq,topic,
rstats-tartu/geo-htseq,rstats-tartu/geo-htseq,workflow_repo,differential-expression,topic,
rstats-tartu/geo-htseq,rstats-tartu/geo-htseq,workflow_repo,snakemake,topic,
ruppinlab/tcga-wgs-kraken-microbial-quant,ruppinlab/tcga-wgs-kraken-microbial-quant,workflow_repo,bioinformatics-pipeline,topic,
ruppinlab/tcga-wgs-kraken-microbial-quant,ruppinlab/tcga-wgs-kraken-microbial-quant,workflow_repo,bioinformatics-workflow,topic,
ruppinlab/tcga-wgs-kraken-microbial-quant,ruppinlab/tcga-wgs-kraken-microbial-quant,workflow_repo,metagenomic-pipeline,topic,
ruppinlab/tcga-wgs-kraken-microbial-quant,ruppinlab/tcga-wgs-kraken-microbial-quant,workflow_repo,metagenomics,topic,
ruppinlab/tcga-wgs-kraken-microbial-quant,ruppinlab/tcga-wgs-kraken-microbial-quant,workflow_repo,metagenomics-taxon-profiling,topic,
ruppinlab/tcga-wgs-kraken-microbial-quant,ruppinlab/tcga-wgs-kraken-microbial-quant,workflow_repo,snakemake-pipeline,topic,
ruppinlab/tcga-wgs-kraken-microbial-quant,ruppinlab/tcga-wgs-kraken-microbial-quant,workflow_repo,snakemake-workflow,topic,
rx32940/BactAsm,rx32940/BactAsm,workflow_repo,bacterial-genomes,topic,
rx32940/BactAsm,rx32940/BactAsm,workflow_repo,snakemake,topic,
rx32940/BactAsm,rx32940/BactAsm,workflow_repo,whole-genome-sequencing,topic,
sabowler/cancer-omics-pipeline,sabowler/cancer-omics-pipeline,workflow_repo,bioinformatics,topic,
sabowler/cancer-omics-pipeline,sabowler/cancer-omics-pipeline,workflow_repo,deseq2,topic,
sabowler/cancer-omics-pipeline,sabowler/cancer-omics-pipeline,workflow_repo,gatk,topic,
sabowler/cancer-omics-pipeline,sabowler/cancer-omics-pipeline,workflow_repo,hpc,topic,
sabowler/cancer-omics-pipeline,sabowler/cancer-omics-pipeline,workflow_repo,pan-cancer,topic,
sabowler/cancer-omics-pipeline,sabowler/cancer-omics-pipeline,workflow_repo,python,topic,
sabowler/cancer-omics-pipeline,sabowler/cancer-omics-pipeline,workflow_repo,r,topic,
sabowler/cancer-omics-pipeline,sabowler/cancer-omics-pipeline,workflow_repo,rna-seq,topic,
sabowler/cancer-omics-pipeline,sabowler/cancer-omics-pipeline,workflow_repo,snakemake,topic,
sabowler/cancer-omics-pipeline,sabowler/cancer-omics-pipeline,workflow_repo,variant-calling,topic,
sambitmishra0628/RNA-Seq-1,sambitmishra0628/RNA-Seq-1,workflow_repo,rna-seq,topic,
sambitmishra0628/RNA-Seq-1,sambitmishra0628/RNA-Seq-1,workflow_repo,rna-seq-pipeline,topic,
sandragodinhosilva/melange,sandragodinhosilva/melange,workflow_repo,genomics,topic,
sandragodinhosilva/melange,sandragodinhosilva/melange,workflow_repo,snakemake-workflows,topic,
sandragodinhosilva/melange,sandragodinhosilva/melange,workflow_repo,snakemake,topic,
sandragodinhosilva/melange,sandragodinhosilva/melange,workflow_repo,workflow,topic,
sanjaynagi/AmpSeeker,sanjaynagi/AmpSeeker,workflow_repo,amplicon-sequencing,topic,
sanjaynagi/AmpSeeker,sanjaynagi/AmpSeeker,workflow_repo,gene-drive,topic,
sanjaynagi/AmpSeeker,sanjaynagi/AmpSeeker,workflow_repo,genomic-surveillance,topic,
sanjaynagi/AmpSeeker,sanjaynagi/AmpSeeker,workflow_repo,illumina,topic,
sanjaynagi/AmpSeeker,sanjaynagi/AmpSeeker,workflow_repo,insecticide-resistance,topic,
sanjaynagi/AmpSeeker,sanjaynagi/AmpSeeker,workflow_repo,snakemake-workflow,topic,
sanjaynagi/AmpSeeker,sanjaynagi/AmpSeeker,workflow_repo,bio/bgzip,wrapper,
sanjaynagi/AmpSeeker,sanjaynagi/AmpSeeker,workflow_repo,bio/fastp,wrapper,
sanjaynagi/AmpSeeker,sanjaynagi/AmpSeeker,workflow_repo,bio/multiqc,wrapper,
sanjaynagi/rna-seq-pop,sanjaynagi/rna-seq-pop,workflow_repo,snakemake-workflow,topic,
sanjaynagi/rna-seq-pop,sanjaynagi/rna-seq-pop,workflow_repo,rna-seq,topic,
sanjaynagi/rna-seq-pop,sanjaynagi/rna-seq-pop,workflow_repo,variant-calling,topic,
sanjaynagi/rna-seq-pop,sanjaynagi/rna-seq-pop,workflow_repo,differential-expression,topic,
sanjaynagi/rna-seq-pop,sanjaynagi/rna-seq-pop,workflow_repo,population-genomics,topic,
sanjaynagi/rna-seq-pop,sanjaynagi/rna-seq-pop,workflow_repo,snakemake,topic,
sanjaynagi/rna-seq-pop,sanjaynagi/rna-seq-pop,workflow_repo,transcriptomics,topic,
sanjaynagi/rna-seq-pop,sanjaynagi/rna-seq-pop,workflow_repo,workflow,topic,
sanjaynagi/rna-seq-pop,sanjaynagi/rna-seq-pop,workflow_repo,population-genetics,topic,
sanjaynagi/rna-seq-pop,sanjaynagi/rna-seq-pop,workflow_repo,selection,topic,
sanjaynagi/rna-seq-pop,sanjaynagi/rna-seq-pop,workflow_repo,karyotype,topic,
sanjaynagi/rna-seq-pop,sanjaynagi/rna-seq-pop,workflow_repo,ancestry,topic,
sanjaynagi/rna-seq-pop,sanjaynagi/rna-seq-pop,workflow_repo,genomic-surveillance,topic,
sanjaynagi/rna-seq-pop,sanjaynagi/rna-seq-pop,workflow_repo,bio/bcftools/view,wrapper,
sanjaynagi/rna-seq-pop,sanjaynagi/rna-seq-pop,workflow_repo,bio/bgzip,wrapper,
sanjaynagi/rna-seq-pop,sanjaynagi/rna-seq-pop,workflow_repo,bio/fastp,wrapper,
sanjaynagi/rna-seq-pop,sanjaynagi/rna-seq-pop,workflow_repo,bio/gatk/combinegvcfs,wrapper,
sanjaynagi/rna-seq-pop,sanjaynagi/rna-seq-pop,workflow_repo,bio/kallisto/index,wrapper,
sanjaynagi/rna-seq-pop,sanjaynagi/rna-seq-pop,workflow_repo,bio/kallisto/quant,wrapper,
sanjaynagi/rna-seq-pop,sanjaynagi/rna-seq-pop,workflow_repo,bio/multiqc,wrapper,
sanjaynagi/rna-seq-pop,sanjaynagi/rna-seq-pop,workflow_repo,bio/picard/createsequencedictionary,wrapper,
sanjaynagi/rna-seq-pop,sanjaynagi/rna-seq-pop,workflow_repo,bio/samtools/faidx,wrapper,
sanjaynagi/rna-seq-pop,sanjaynagi/rna-seq-pop,workflow_repo,bio/samtools/flagstat,wrapper,
sanjaynagi/rna-seq-pop,sanjaynagi/rna-seq-pop,workflow_repo,bio/samtools/index,wrapper,
sanjaynagi/rna-seq-pop,sanjaynagi/rna-seq-pop,workflow_repo,bio/tabix/index,wrapper,
sanjaysgk/WES_RNA_Pipeline,sanjaysgk/WES_RNA_Pipeline,workflow_repo,bio/bwa-mem2/mem,wrapper,
sanjaysgk/WES_RNA_Pipeline,sanjaysgk/WES_RNA_Pipeline,workflow_repo,bio/fastqc,wrapper,
sanjaysgk/WES_RNA_Pipeline,sanjaysgk/WES_RNA_Pipeline,workflow_repo,bio/multiqc,wrapper,
scholl-lab/variantcentrifuge,scholl-lab/variantcentrifuge,workflow_repo,bcftools,topic,
scholl-lab/variantcentrifuge,scholl-lab/variantcentrifuge,workflow_repo,genetics,topic,
scholl-lab/variantcentrifuge,scholl-lab/variantcentrifuge,workflow_repo,kidney-disease,topic,
scholl-lab/variantcentrifuge,scholl-lab/variantcentrifuge,workflow_repo,rare-disease,topic,
scholl-lab/variantcentrifuge,scholl-lab/variantcentrifuge,workflow_repo,rare-variant-analysis,topic,
scholl-lab/variantcentrifuge,scholl-lab/variantcentrifuge,workflow_repo,snpeff,topic,
scholl-lab/variantcentrifuge,scholl-lab/variantcentrifuge,workflow_repo,snpsift,topic,
scholl-lab/variantcentrifuge,scholl-lab/variantcentrifuge,workflow_repo,vcf,topic,
seb-mueller/snakemake-bisulfite,seb-mueller/snakemake-bisulfite,workflow_repo,wgbs,topic,
seb-mueller/snakemake-bisulfite,seb-mueller/snakemake-bisulfite,workflow_repo,snakemake,topic,
seb-mueller/snakemake-bisulfite,seb-mueller/snakemake-bisulfite,workflow_repo,bisulfite-sequencing,topic,
seb-mueller/snakemake-bisulfite,seb-mueller/snakemake-bisulfite,workflow_repo,pipeline,topic,
seb-mueller/snakemake-bisulfite,seb-mueller/snakemake-bisulfite,workflow_repo,bismark,topic,
seb-mueller/snakemake-bisulfite,seb-mueller/snakemake-bisulfite,workflow_repo,epigenetics,topic,
seb-mueller/snakemake-bisulfite,seb-mueller/snakemake-bisulfite,workflow_repo,dna-methylation,topic,
seb-mueller/snakemake-bisulfite,seb-mueller/snakemake-bisulfite,workflow_repo,em-seq,topic,
seb-mueller/snakemake-bisulfite,seb-mueller/snakemake-bisulfite,workflow_repo,conda,topic,
seb-mueller/snakemake-bisulfite,seb-mueller/snakemake-bisulfite,workflow_repo,snakemake-bisulfite,topic,
sebgra/hicberg,sebgra/hicberg,workflow_repo,bioinformatics,topic,
sebgra/hicberg,sebgra/hicberg,workflow_repo,genomics,topic,
sebgra/hicberg,sebgra/hicberg,workflow_repo,hi-c,topic,
sebgra/hicberg,sebgra/hicberg,workflow_repo,statistics,topic,
semenko/serpent-methylation-pipeline,semenko/serpent-methylation-pipeline,workflow_repo,bsseq,topic,
semenko/serpent-methylation-pipeline,semenko/serpent-methylation-pipeline,workflow_repo,methylation,topic,
semenko/serpent-methylation-pipeline,semenko/serpent-methylation-pipeline,workflow_repo,pipeline,topic,
semenko/serpent-methylation-pipeline,semenko/serpent-methylation-pipeline,workflow_repo,snakemake,topic,
semenko/serpent-methylation-pipeline,semenko/serpent-methylation-pipeline,workflow_repo,emseq,topic,
semenko/serpent-methylation-pipeline,semenko/serpent-methylation-pipeline,workflow_repo,bisulfite,topic,
semenko/serpent-methylation-pipeline,semenko/serpent-methylation-pipeline,workflow_repo,bs-seq,topic,
semenko/serpent-methylation-pipeline,semenko/serpent-methylation-pipeline,workflow_repo,em-seq,topic,
semenko/serpent-methylation-pipeline,semenko/serpent-methylation-pipeline,workflow_repo,epigenetics,topic,
sergio2447/Tick-determination,sergio2447/Tick-determination,workflow_repo,bioinformatics-pipeline,topic,
sergio2447/Tick-determination,sergio2447/Tick-determination,workflow_repo,snakemake,topic,
sergio2447/Tick-determination,sergio2447/Tick-determination,workflow_repo,species-identification,topic,
sergio2447/Tick-determination,sergio2447/Tick-determination,workflow_repo,whole-genome-sequencing,topic,
sgallegosperez8/practice,sgallegosperez8/practice,workflow_repo,bio/fastqc,wrapper,
sgallegosperez8/practice,sgallegosperez8/practice,workflow_repo,bio/multiqc,wrapper,
sgavril/AllegroVariantCalling,sgavril/AllegroVariantCalling,workflow_repo,bioinformatics,topic,
sgavril/AllegroVariantCalling,sgavril/AllegroVariantCalling,workflow_repo,ngs,topic,
sgavril/AllegroVariantCalling,sgavril/AllegroVariantCalling,workflow_repo,pipeline,topic,
sgavril/AllegroVariantCalling,sgavril/AllegroVariantCalling,workflow_repo,workflow,topic,
showyourwork/showyourwork,showyourwork/showyourwork,workflow_repo,latex,topic,
showyourwork/showyourwork,showyourwork/showyourwork,workflow_repo,open-source,topic,
showyourwork/showyourwork,showyourwork/showyourwork,workflow_repo,reproducible-science,topic,
showyourwork/showyourwork,showyourwork/showyourwork,workflow_repo,continuous-integration,topic,
showyourwork/showyourwork,showyourwork/showyourwork,workflow_repo,reproducible-research,topic,
showyourwork/showyourwork,showyourwork/showyourwork,workflow_repo,scientific-papers,topic,
showyourwork/showyourwork,showyourwork/showyourwork,workflow_repo,scientific-workflows,topic,
sid-sethi/PSQAN,sid-sethi/PSQAN,workflow_repo,long-read-sequencing,topic,
sid-sethi/PSQAN,sid-sethi/PSQAN,workflow_repo,transcriptomics,topic,
sikcoder/SnakeMakeWorkFlow,sikcoder/SnakeMakeWorkFlow,workflow_repo,configuration-files,topic,
sikcoder/SnakeMakeWorkFlow,sikcoder/SnakeMakeWorkFlow,workflow_repo,fastq,topic,
sikcoder/SnakeMakeWorkFlow,sikcoder/SnakeMakeWorkFlow,workflow_repo,snakemake-workflows,topic,
simonlabcode/bam2bakR,simonlabcode/bam2bakR,workflow_repo,bio/cutadapt/pe,wrapper,
simonlabcode/bam2bakR,simonlabcode/bam2bakR,workflow_repo,bio/cutadapt/se,wrapper,
simonlabcode/bam2bakR,simonlabcode/bam2bakR,workflow_repo,bio/hisat2/align,wrapper,
simonlabcode/bam2bakR,simonlabcode/bam2bakR,workflow_repo,bio/rsem/prepare-reference,wrapper,
simonlabcode/bam2bakR,simonlabcode/bam2bakR,workflow_repo,bio/star/index,wrapper,
simonlabcode/bam2bakR,simonlabcode/bam2bakR,workflow_repo,bio/subread/featurecounts,wrapper,
simpsondl/pairwise-colocalization-smk,simpsondl/pairwise-colocalization-smk,workflow_repo,colocalization,topic,
simpsondl/pairwise-colocalization-smk,simpsondl/pairwise-colocalization-smk,workflow_repo,gwas-summary-statistics,topic,
simpsondl/pairwise-colocalization-smk,simpsondl/pairwise-colocalization-smk,workflow_repo,snakemake,topic,
simpsondl/parpi-manuscript,simpsondl/parpi-manuscript,workflow_repo,crispr,topic,
simpsondl/parpi-manuscript,simpsondl/parpi-manuscript,workflow_repo,genetic-interactions,topic,
simpsondl/parpi-manuscript,simpsondl/parpi-manuscript,workflow_repo,snakemake,topic,
sims-lab/snakemake-cncb-genetic-demultiplexing,sims-lab/snakemake-cncb-genetic-demultiplexing,workflow_repo,bio/bcftools/index,wrapper,
sims-lab/snakemake-cncb-genetic-demultiplexing,sims-lab/snakemake-cncb-genetic-demultiplexing,workflow_repo,bio/bcftools/merge,wrapper,
sims-lab/snakemake-cncb-genetic-demultiplexing,sims-lab/snakemake-cncb-genetic-demultiplexing,workflow_repo,bio/bcftools/view,wrapper,
sims-lab/snakemake-cncb-genetic-demultiplexing,sims-lab/snakemake-cncb-genetic-demultiplexing,workflow_repo,bio/bwa/mem,wrapper,
sims-lab/snakemake-cncb-genetic-demultiplexing,sims-lab/snakemake-cncb-genetic-demultiplexing,workflow_repo,bio/gatk/haplotypecaller,wrapper,
sims-lab/snakemake-cncb-genetic-demultiplexing,sims-lab/snakemake-cncb-genetic-demultiplexing,workflow_repo,bio/multiqc,wrapper,
sims-lab/snakemake-cncb-genetic-demultiplexing,sims-lab/snakemake-cncb-genetic-demultiplexing,workflow_repo,bio/picard/markduplicates,wrapper,
sims-lab/snakemake-cncb-genetic-demultiplexing,sims-lab/snakemake-cncb-genetic-demultiplexing,workflow_repo,bio/samtools/flagstat,wrapper,
sims-lab/snakemake-cncb-genetic-demultiplexing,sims-lab/snakemake-cncb-genetic-demultiplexing,workflow_repo,bio/samtools/idxstats,wrapper,
sims-lab/snakemake-cncb-genetic-demultiplexing,sims-lab/snakemake-cncb-genetic-demultiplexing,workflow_repo,bio/samtools/index,wrapper,
sims-lab/snakemake-cncb-genetic-demultiplexing,sims-lab/snakemake-cncb-genetic-demultiplexing,workflow_repo,bio/samtools/sort,wrapper,
sims-lab/snakemake-cncb-index-ensembl-genome,sims-lab/snakemake-cncb-index-ensembl-genome,workflow_repo,bio/bwa/index,wrapper,
sims-lab/snakemake-cncb-index-ensembl-genome,sims-lab/snakemake-cncb-index-ensembl-genome,workflow_repo,bio/samtools/faidx,wrapper,
skchronicles/RNA-seek,skchronicles/RNA-seek,workflow_repo,rna-seq,topic,
skchronicles/RNA-seek,skchronicles/RNA-seek,workflow_repo,singularity,topic,
skchronicles/RNA-seek,skchronicles/RNA-seek,workflow_repo,quality-control,topic,
skchronicles/RNA-seek,skchronicles/RNA-seek,workflow_repo,gene-expression,topic,
skchronicles/RNA-seek,skchronicles/RNA-seek,workflow_repo,gene-fusions,topic,
skchronicles/RNA-seek,skchronicles/RNA-seek,workflow_repo,snakemake-pipeline,topic,
smargasyuk/RNAcontacts,smargasyuk/RNAcontacts,workflow_repo,bioinformatics,topic,
smargasyuk/RNAcontacts,smargasyuk/RNAcontacts,workflow_repo,pipeline,topic,
smargasyuk/RNAcontacts,smargasyuk/RNAcontacts,workflow_repo,ric-seq,topic,
snakemake-workflows/dna-seq-benchmark,snakemake-workflows/dna-seq-benchmark,workflow_repo,bio/bcftools/index,wrapper,
snakemake-workflows/dna-seq-benchmark,snakemake-workflows/dna-seq-benchmark,workflow_repo,bio/bcftools/norm,wrapper,
snakemake-workflows/dna-seq-benchmark,snakemake-workflows/dna-seq-benchmark,workflow_repo,bio/bcftools/sort,wrapper,
snakemake-workflows/dna-seq-benchmark,snakemake-workflows/dna-seq-benchmark,workflow_repo,bio/bcftools/view,wrapper,
snakemake-workflows/dna-seq-benchmark,snakemake-workflows/dna-seq-benchmark,workflow_repo,bio/bwa/index,wrapper,
snakemake-workflows/dna-seq-benchmark,snakemake-workflows/dna-seq-benchmark,workflow_repo,bio/bwa/mem,wrapper,
snakemake-workflows/dna-seq-benchmark,snakemake-workflows/dna-seq-benchmark,workflow_repo,bio/mosdepth,wrapper,
snakemake-workflows/dna-seq-benchmark,snakemake-workflows/dna-seq-benchmark,workflow_repo,bio/picard/markduplicates,wrapper,
snakemake-workflows/dna-seq-benchmark,snakemake-workflows/dna-seq-benchmark,workflow_repo,bio/reference/ensembl-sequence,wrapper,
snakemake-workflows/dna-seq-benchmark,snakemake-workflows/dna-seq-benchmark,workflow_repo,bio/samtools/faidx,wrapper,
snakemake-workflows/dna-seq-benchmark,snakemake-workflows/dna-seq-benchmark,workflow_repo,bio/samtools/index,wrapper,
snakemake-workflows/dna-seq-benchmark,snakemake-workflows/dna-seq-benchmark,workflow_repo,bio/tabix/index,wrapper,
snakemake-workflows/dna-seq-benchmark,snakemake-workflows/dna-seq-benchmark,workflow_repo,bio/vembrane/table,wrapper,
snakemake-workflows/dna-seq-benchmark,snakemake-workflows/dna-seq-benchmark,workflow_repo,bio/vep/annotate,wrapper,
snakemake-workflows/dna-seq-benchmark,snakemake-workflows/dna-seq-benchmark,workflow_repo,bio/vep/cache,wrapper,
snakemake-workflows/dna-seq-benchmark,snakemake-workflows/dna-seq-benchmark,workflow_repo,bio/vep/plugins,wrapper,
snakemake-workflows/dna-seq-benchmark,snakemake-workflows/dna-seq-benchmark,workflow_repo,utils/datavzrd,wrapper,
snakemake-workflows/dna-seq-gatk-variant-calling,snakemake-workflows/dna-seq-gatk-variant-calling,workflow_repo,reproducibility,topic,
snakemake-workflows/dna-seq-gatk-variant-calling,snakemake-workflows/dna-seq-gatk-variant-calling,workflow_repo,snakemake,topic,
snakemake-workflows/dna-seq-gatk-variant-calling,snakemake-workflows/dna-seq-gatk-variant-calling,workflow_repo,sciworkflows,topic,
snakemake-workflows/dna-seq-gatk-variant-calling,snakemake-workflows/dna-seq-gatk-variant-calling,workflow_repo,genomic-variant-calling,topic,
snakemake-workflows/dna-seq-gatk-variant-calling,snakemake-workflows/dna-seq-gatk-variant-calling,workflow_repo,gatk,topic,
snakemake-workflows/dna-seq-varlociraptor,snakemake-workflows/dna-seq-varlociraptor,workflow_repo,varlociraptor,topic,
snakemake-workflows/dna-seq-varlociraptor,snakemake-workflows/dna-seq-varlociraptor,workflow_repo,sciworkflows,topic,
snakemake-workflows/dna-seq-varlociraptor,snakemake-workflows/dna-seq-varlociraptor,workflow_repo,snakemake,topic,
snakemake-workflows/dna-seq-varlociraptor,snakemake-workflows/dna-seq-varlociraptor,workflow_repo,reproducibility,topic,
snakemake-workflows/dna-seq-varlociraptor,snakemake-workflows/dna-seq-varlociraptor,workflow_repo,genomic-variant-calling,topic,
snakemake-workflows/dna-seq-varlociraptor,snakemake-workflows/dna-seq-varlociraptor,workflow_repo,bio/bcftools/concat,wrapper,
snakemake-workflows/dna-seq-varlociraptor,snakemake-workflows/dna-seq-varlociraptor,workflow_repo,bio/bcftools/filter,wrapper,
snakemake-workflows/dna-seq-varlociraptor,snakemake-workflows/dna-seq-varlociraptor,workflow_repo,bio/bcftools/sort,wrapper,
snakemake-workflows/dna-seq-varlociraptor,snakemake-workflows/dna-seq-varlociraptor,workflow_repo,bio/bcftools/view,wrapper,
snakemake-workflows/dna-seq-varlociraptor,snakemake-workflows/dna-seq-varlociraptor,workflow_repo,bio/bedtools/intersect,wrapper,
snakemake-workflows/dna-seq-varlociraptor,snakemake-workflows/dna-seq-varlociraptor,workflow_repo,bio/benchmark/chm-eval,wrapper,
snakemake-workflows/dna-seq-varlociraptor,snakemake-workflows/dna-seq-varlociraptor,workflow_repo,bio/benchmark/chm-eval-kit,wrapper,
snakemake-workflows/dna-seq-varlociraptor,snakemake-workflows/dna-seq-varlociraptor,workflow_repo,bio/benchmark/chm-eval-sample,wrapper,
snakemake-workflows/dna-seq-varlociraptor,snakemake-workflows/dna-seq-varlociraptor,workflow_repo,bio/bwa/index,wrapper,
snakemake-workflows/dna-seq-varlociraptor,snakemake-workflows/dna-seq-varlociraptor,workflow_repo,bio/bwa/mem,wrapper,
snakemake-workflows/dna-seq-varlociraptor,snakemake-workflows/dna-seq-varlociraptor,workflow_repo,bio/delly,wrapper,
snakemake-workflows/dna-seq-varlociraptor,snakemake-workflows/dna-seq-varlociraptor,workflow_repo,bio/fastp,wrapper,
snakemake-workflows/dna-seq-varlociraptor,snakemake-workflows/dna-seq-varlociraptor,workflow_repo,bio/fastqc,wrapper,
snakemake-workflows/dna-seq-varlociraptor,snakemake-workflows/dna-seq-varlociraptor,workflow_repo,bio/freebayes,wrapper,
snakemake-workflows/dna-seq-varlociraptor,snakemake-workflows/dna-seq-varlociraptor,workflow_repo,bio/gatk/applybqsr,wrapper,
snakemake-workflows/dna-seq-varlociraptor,snakemake-workflows/dna-seq-varlociraptor,workflow_repo,bio/gatk/baserecalibratorspark,wrapper,
snakemake-workflows/dna-seq-varlociraptor,snakemake-workflows/dna-seq-varlociraptor,workflow_repo,bio/gatk/splitncigarreads,wrapper,
snakemake-workflows/dna-seq-varlociraptor,snakemake-workflows/dna-seq-varlociraptor,workflow_repo,bio/mosdepth,wrapper,
snakemake-workflows/dna-seq-varlociraptor,snakemake-workflows/dna-seq-varlociraptor,workflow_repo,bio/multiqc,wrapper,
snakemake-workflows/dna-seq-varlociraptor,snakemake-workflows/dna-seq-varlociraptor,workflow_repo,bio/picard/markduplicates,wrapper,
snakemake-workflows/dna-seq-varlociraptor,snakemake-workflows/dna-seq-varlociraptor,workflow_repo,bio/reference/ensembl-annotation,wrapper,
snakemake-workflows/dna-seq-varlociraptor,snakemake-workflows/dna-seq-varlociraptor,workflow_repo,bio/reference/ensembl-sequence,wrapper,
snakemake-workflows/dna-seq-varlociraptor,snakemake-workflows/dna-seq-varlociraptor,workflow_repo,bio/reference/ensembl-variation,wrapper,
snakemake-workflows/dna-seq-varlociraptor,snakemake-workflows/dna-seq-varlociraptor,workflow_repo,bio/samtools/faidx,wrapper,
snakemake-workflows/dna-seq-varlociraptor,snakemake-workflows/dna-seq-varlociraptor,workflow_repo,bio/samtools/fixmate,wrapper,
snakemake-workflows/dna-seq-varlociraptor,snakemake-workflows/dna-seq-varlociraptor,workflow_repo,bio/samtools/idxstats,wrapper,
snakemake-workflows/dna-seq-varlociraptor,snakemake-workflows/dna-seq-varlociraptor,workflow_repo,bio/samtools/index,wrapper,
snakemake-workflows/dna-seq-varlociraptor,snakemake-workflows/dna-seq-varlociraptor,workflow_repo,bio/samtools/merge,wrapper,
snakemake-workflows/dna-seq-varlociraptor,snakemake-workflows/dna-seq-varlociraptor,workflow_repo,bio/samtools/sort,wrapper,
snakemake-workflows/dna-seq-varlociraptor,snakemake-workflows/dna-seq-varlociraptor,workflow_repo,bio/samtools/stats,wrapper,
snakemake-workflows/dna-seq-varlociraptor,snakemake-workflows/dna-seq-varlociraptor,workflow_repo,bio/samtools/view,wrapper,
snakemake-workflows/dna-seq-varlociraptor,snakemake-workflows/dna-seq-varlociraptor,workflow_repo,bio/sra-tools/fasterq-dump,wrapper,
snakemake-workflows/dna-seq-varlociraptor,snakemake-workflows/dna-seq-varlociraptor,workflow_repo,bio/tabix/index,wrapper,
snakemake-workflows/dna-seq-varlociraptor,snakemake-workflows/dna-seq-varlociraptor,workflow_repo,bio/vep/annotate,wrapper,
snakemake-workflows/dna-seq-varlociraptor,snakemake-workflows/dna-seq-varlociraptor,workflow_repo,bio/vep/cache,wrapper,
snakemake-workflows/dna-seq-varlociraptor,snakemake-workflows/dna-seq-varlociraptor,workflow_repo,bio/vep/plugins,wrapper,
snakemake-workflows/dna-seq-varlociraptor,snakemake-workflows/dna-seq-varlociraptor,workflow_repo,bio/vg/giraffe,wrapper,
snakemake-workflows/dna-seq-varlociraptor,snakemake-workflows/dna-seq-varlociraptor,workflow_repo,utils/datavzrd,wrapper,
snakemake-workflows/effect-size-estimation,snakemake-workflows/effect-size-estimation,workflow_repo,utils/datavzrd,wrapper,
snakemake-workflows/microsatellite-instability-detection-with-msisensor-pro,snakemake-workflows/microsatellite-instability-detection-with-msisensor-pro,workflow_repo,bio/reference/ensembl-sequence,wrapper,
snakemake-workflows/microsatellite-instability-detection-with-msisensor-pro,snakemake-workflows/microsatellite-instability-detection-with-msisensor-pro,workflow_repo,bio/samtools/index,wrapper,
snakemake-workflows/ngs-test-data,snakemake-workflows/ngs-test-data,workflow_repo,snakemake,topic,
snakemake-workflows/ngs-test-data,snakemake-workflows/ngs-test-data,workflow_repo,snakemake-workflows,topic,
snakemake-workflows/ngs-test-data,snakemake-workflows/ngs-test-data,workflow_repo,ngs,topic,
snakemake-workflows/read-alignment-pangenome,snakemake-workflows/read-alignment-pangenome,workflow_repo,bio/bwa/index,wrapper,
snakemake-workflows/read-alignment-pangenome,snakemake-workflows/read-alignment-pangenome,workflow_repo,bio/bwa/mem,wrapper,
snakemake-workflows/read-alignment-pangenome,snakemake-workflows/read-alignment-pangenome,workflow_repo,bio/fastp,wrapper,
snakemake-workflows/read-alignment-pangenome,snakemake-workflows/read-alignment-pangenome,workflow_repo,bio/gatk/applybqsr,wrapper,
snakemake-workflows/read-alignment-pangenome,snakemake-workflows/read-alignment-pangenome,workflow_repo,bio/gatk/baserecalibratorspark,wrapper,
snakemake-workflows/read-alignment-pangenome,snakemake-workflows/read-alignment-pangenome,workflow_repo,bio/picard/markduplicates,wrapper,
snakemake-workflows/read-alignment-pangenome,snakemake-workflows/read-alignment-pangenome,workflow_repo,bio/reference/ensembl-sequence,wrapper,
snakemake-workflows/read-alignment-pangenome,snakemake-workflows/read-alignment-pangenome,workflow_repo,bio/reference/ensembl-variation,wrapper,
snakemake-workflows/read-alignment-pangenome,snakemake-workflows/read-alignment-pangenome,workflow_repo,bio/samtools/faidx,wrapper,
snakemake-workflows/read-alignment-pangenome,snakemake-workflows/read-alignment-pangenome,workflow_repo,bio/samtools/fixmate,wrapper,
snakemake-workflows/read-alignment-pangenome,snakemake-workflows/read-alignment-pangenome,workflow_repo,bio/samtools/index,wrapper,
snakemake-workflows/read-alignment-pangenome,snakemake-workflows/read-alignment-pangenome,workflow_repo,bio/samtools/merge,wrapper,
snakemake-workflows/read-alignment-pangenome,snakemake-workflows/read-alignment-pangenome,workflow_repo,bio/samtools/sort,wrapper,
snakemake-workflows/read-alignment-pangenome,snakemake-workflows/read-alignment-pangenome,workflow_repo,bio/samtools/view,wrapper,
snakemake-workflows/read-alignment-pangenome,snakemake-workflows/read-alignment-pangenome,workflow_repo,bio/sra-tools/fasterq-dump,wrapper,
snakemake-workflows/read-alignment-pangenome,snakemake-workflows/read-alignment-pangenome,workflow_repo,bio/tabix/index,wrapper,
snakemake-workflows/read-alignment-pangenome,snakemake-workflows/read-alignment-pangenome,workflow_repo,bio/vg/giraffe,wrapper,
snakemake-workflows/rna-longseq-de-isoform,snakemake-workflows/rna-longseq-de-isoform,workflow_repo,differential-expression,topic,
snakemake-workflows/rna-longseq-de-isoform,snakemake-workflows/rna-longseq-de-isoform,workflow_repo,gene-annotation,topic,
snakemake-workflows/rna-longseq-de-isoform,snakemake-workflows/rna-longseq-de-isoform,workflow_repo,isoform-quantification,topic,
snakemake-workflows/rna-longseq-de-isoform,snakemake-workflows/rna-longseq-de-isoform,workflow_repo,bio/minimap2/aligner,wrapper,
snakemake-workflows/rna-longseq-de-isoform,snakemake-workflows/rna-longseq-de-isoform,workflow_repo,bio/minimap2/index,wrapper,
snakemake-workflows/rna-longseq-de-isoform,snakemake-workflows/rna-longseq-de-isoform,workflow_repo,bio/qualimap/bamqc,wrapper,
snakemake-workflows/rna-longseq-de-isoform,snakemake-workflows/rna-longseq-de-isoform,workflow_repo,bio/reference/ensembl-annotation,wrapper,
snakemake-workflows/rna-longseq-de-isoform,snakemake-workflows/rna-longseq-de-isoform,workflow_repo,bio/reference/ensembl-sequence,wrapper,
snakemake-workflows/rna-longseq-de-isoform,snakemake-workflows/rna-longseq-de-isoform,workflow_repo,bio/samtools/index,wrapper,
snakemake-workflows/rna-longseq-de-isoform,snakemake-workflows/rna-longseq-de-isoform,workflow_repo,bio/samtools/sort,wrapper,
snakemake-workflows/rna-longseq-de-isoform,snakemake-workflows/rna-longseq-de-isoform,workflow_repo,bio/samtools/stats,wrapper,
snakemake-workflows/rna-longseq-de-isoform,snakemake-workflows/rna-longseq-de-isoform,workflow_repo,bio/samtools/view,wrapper,
snakemake-workflows/rna-seq-kallisto-sleuth,snakemake-workflows/rna-seq-kallisto-sleuth,workflow_repo,snakemake,topic,
snakemake-workflows/rna-seq-kallisto-sleuth,snakemake-workflows/rna-seq-kallisto-sleuth,workflow_repo,kallisto,topic,
snakemake-workflows/rna-seq-kallisto-sleuth,snakemake-workflows/rna-seq-kallisto-sleuth,workflow_repo,sleuth,topic,
snakemake-workflows/rna-seq-kallisto-sleuth,snakemake-workflows/rna-seq-kallisto-sleuth,workflow_repo,rna-seq,topic,
snakemake-workflows/rna-seq-kallisto-sleuth,snakemake-workflows/rna-seq-kallisto-sleuth,workflow_repo,differential-expression,topic,
snakemake-workflows/rna-seq-kallisto-sleuth,snakemake-workflows/rna-seq-kallisto-sleuth,workflow_repo,sciworkflows,topic,
snakemake-workflows/rna-seq-kallisto-sleuth,snakemake-workflows/rna-seq-kallisto-sleuth,workflow_repo,reproducibility,topic,
snakemake-workflows/rna-seq-kallisto-sleuth,snakemake-workflows/rna-seq-kallisto-sleuth,workflow_repo,bio/bwa/index,wrapper,
snakemake-workflows/rna-seq-kallisto-sleuth,snakemake-workflows/rna-seq-kallisto-sleuth,workflow_repo,bio/bwa/mem,wrapper,
snakemake-workflows/rna-seq-kallisto-sleuth,snakemake-workflows/rna-seq-kallisto-sleuth,workflow_repo,bio/fastp,wrapper,
snakemake-workflows/rna-seq-kallisto-sleuth,snakemake-workflows/rna-seq-kallisto-sleuth,workflow_repo,bio/kallisto/index,wrapper,
snakemake-workflows/rna-seq-kallisto-sleuth,snakemake-workflows/rna-seq-kallisto-sleuth,workflow_repo,bio/kallisto/quant,wrapper,
snakemake-workflows/rna-seq-kallisto-sleuth,snakemake-workflows/rna-seq-kallisto-sleuth,workflow_repo,bio/reference/ensembl-annotation,wrapper,
snakemake-workflows/rna-seq-kallisto-sleuth,snakemake-workflows/rna-seq-kallisto-sleuth,workflow_repo,bio/reference/ensembl-sequence,wrapper,
snakemake-workflows/rna-seq-kallisto-sleuth,snakemake-workflows/rna-seq-kallisto-sleuth,workflow_repo,bio/samtools/index,wrapper,
snakemake-workflows/rna-seq-kallisto-sleuth,snakemake-workflows/rna-seq-kallisto-sleuth,workflow_repo,utils/datavzrd,wrapper,
snakemake-workflows/rna-seq-star-deseq2,snakemake-workflows/rna-seq-star-deseq2,workflow_repo,snakemake,topic,
snakemake-workflows/rna-seq-star-deseq2,snakemake-workflows/rna-seq-star-deseq2,workflow_repo,sciworkflows,topic,
snakemake-workflows/rna-seq-star-deseq2,snakemake-workflows/rna-seq-star-deseq2,workflow_repo,reproducibility,topic,
snakemake-workflows/rna-seq-star-deseq2,snakemake-workflows/rna-seq-star-deseq2,workflow_repo,gene-expression-analysis,topic,
snakemake-workflows/rna-seq-star-deseq2,snakemake-workflows/rna-seq-star-deseq2,workflow_repo,deseq2,topic,
snakemake-workflows/rna-seq-star-deseq2,snakemake-workflows/rna-seq-star-deseq2,workflow_repo,bio/bwa/index,wrapper,
snakemake-workflows/rna-seq-star-deseq2,snakemake-workflows/rna-seq-star-deseq2,workflow_repo,bio/fastp,wrapper,
snakemake-workflows/rna-seq-star-deseq2,snakemake-workflows/rna-seq-star-deseq2,workflow_repo,bio/multiqc,wrapper,
snakemake-workflows/rna-seq-star-deseq2,snakemake-workflows/rna-seq-star-deseq2,workflow_repo,bio/reference/ensembl-annotation,wrapper,
snakemake-workflows/rna-seq-star-deseq2,snakemake-workflows/rna-seq-star-deseq2,workflow_repo,bio/reference/ensembl-sequence,wrapper,
snakemake-workflows/rna-seq-star-deseq2,snakemake-workflows/rna-seq-star-deseq2,workflow_repo,bio/samtools/faidx,wrapper,
snakemake-workflows/rna-seq-star-deseq2,snakemake-workflows/rna-seq-star-deseq2,workflow_repo,bio/sra-tools/fasterq-dump,wrapper,
snakemake-workflows/rna-seq-star-deseq2,snakemake-workflows/rna-seq-star-deseq2,workflow_repo,bio/star/align,wrapper,
snakemake-workflows/rna-seq-star-deseq2,snakemake-workflows/rna-seq-star-deseq2,workflow_repo,bio/star/index,wrapper,
snakemake-workflows/snakemake-workflow-template,snakemake-workflows/snakemake-workflow-template,workflow_repo,bio/fastqc,wrapper,
snakemake-workflows/snakemake-workflow-template,snakemake-workflows/snakemake-workflow-template,workflow_repo,bio/multiqc,wrapper,
snakemake-workflows/star-arriba-fusion-calling,snakemake-workflows/star-arriba-fusion-calling,workflow_repo,bio/arriba,wrapper,
snakemake-workflows/star-arriba-fusion-calling,snakemake-workflows/star-arriba-fusion-calling,workflow_repo,bio/reference/ensembl-annotation,wrapper,
snakemake-workflows/star-arriba-fusion-calling,snakemake-workflows/star-arriba-fusion-calling,workflow_repo,bio/reference/ensembl-sequence,wrapper,
snakemake-workflows/star-arriba-fusion-calling,snakemake-workflows/star-arriba-fusion-calling,workflow_repo,bio/star/align,wrapper,
snakemake-workflows/star-arriba-fusion-calling,snakemake-workflows/star-arriba-fusion-calling,workflow_repo,bio/star/index,wrapper,
snek5000/snek5000,snek5000/snek5000,workflow_repo,python,topic,
snek5000/snek5000,snek5000/snek5000,workflow_repo,nek5000,topic,
snek5000/snek5000,snek5000/snek5000,workflow_repo,snek5000,topic,
snek5000/snek5000,snek5000/snek5000,workflow_repo,fluidsim,topic,
snek5000/snek5000,snek5000/snek5000,workflow_repo,snakemake,topic,
snek5000/snek5000,snek5000/snek5000,workflow_repo,jinja2,topic,
snek5000/snek5000,snek5000/snek5000,workflow_repo,fluiddyn,topic,
snek5000/snek5000,snek5000/snek5000,workflow_repo,cfd,topic,
snek5000/snek5000,snek5000/snek5000,workflow_repo,simulation,topic,
snek5000/snek5000,snek5000/snek5000,workflow_repo,closember,topic,
snek5000/snek5000,snek5000/snek5000,workflow_repo,workflow,topic,
sneuensc/mapache,sneuensc/mapache,workflow_repo,adna,topic,
sneuensc/mapache,sneuensc/mapache,workflow_repo,ancient-dna,topic,
sneuensc/mapache,sneuensc/mapache,workflow_repo,genomics,topic,
sneuensc/mapache,sneuensc/mapache,workflow_repo,mapping,topic,
sneuensc/mapache,sneuensc/mapache,workflow_repo,mapper,topic,
sneuensc/mapache,sneuensc/mapache,workflow_repo,pipeline,topic,
sneuensc/mapache,sneuensc/mapache,workflow_repo,workflow,topic,
sneuensc/mapache,sneuensc/mapache,workflow_repo,snakemake,topic,
sneuensc/mapache,sneuensc/mapache,workflow_repo,fastq,topic,
sneuensc/mapache,sneuensc/mapache,workflow_repo,bam,topic,
sofienilen/FluctSel-Ischnura,sofienilen/FluctSel-Ischnura,workflow_repo,bio/bwa/aln,wrapper,
sofienilen/FluctSel-Ischnura,sofienilen/FluctSel-Ischnura,workflow_repo,bio/bwa/index,wrapper,
sofienilen/FluctSel-Ischnura,sofienilen/FluctSel-Ischnura,workflow_repo,bio/bwa/mem,wrapper,
sofienilen/FluctSel-Ischnura,sofienilen/FluctSel-Ischnura,workflow_repo,bio/bwa/samse,wrapper,
sofienilen/FluctSel-Ischnura,sofienilen/FluctSel-Ischnura,workflow_repo,bio/fastp,wrapper,
sofienilen/FluctSel-Ischnura,sofienilen/FluctSel-Ischnura,workflow_repo,bio/gatk3/indelrealigner,wrapper,
sofienilen/FluctSel-Ischnura,sofienilen/FluctSel-Ischnura,workflow_repo,bio/gatk3/realignertargetcreator,wrapper,
sofienilen/FluctSel-Ischnura,sofienilen/FluctSel-Ischnura,workflow_repo,bio/mapdamage2,wrapper,
sofienilen/FluctSel-Ischnura,sofienilen/FluctSel-Ischnura,workflow_repo,bio/picard/createsequencedictionary,wrapper,
sofienilen/FluctSel-Ischnura,sofienilen/FluctSel-Ischnura,workflow_repo,bio/picard/markduplicates,wrapper,
sofienilen/FluctSel-Ischnura,sofienilen/FluctSel-Ischnura,workflow_repo,bio/samtools/merge,wrapper,
sofienilen/FluctSel-Ischnura,sofienilen/FluctSel-Ischnura,workflow_repo,bio/sra-tools/fasterq-dump,wrapper,
solida-core/dima,solida-core/dima,workflow_repo,snakemake,topic,
solida-core/dima,solida-core/dima,workflow_repo,snakemake-workflows,topic,
solida-core/dima,solida-core/dima,workflow_repo,genomics,topic,
solida-core/dima,solida-core/dima,workflow_repo,bioinformatics,topic,
solida-core/dima,solida-core/dima,workflow_repo,ngs-pipeline,topic,
solida-core/dima,solida-core/dima,workflow_repo,workflows,topic,
solida-core/diva,solida-core/diva,workflow_repo,bioinformatics,topic,
solida-core/diva,solida-core/diva,workflow_repo,snakemake,topic,
solida-core/diva,solida-core/diva,workflow_repo,genomics,topic,
solida-core/diva,solida-core/diva,workflow_repo,workflow,topic,
solida-core/diva,solida-core/diva,workflow_repo,variant-calling,topic,
solida-core/diva,solida-core/diva,workflow_repo,variant-annotations,topic,
solida-core/ride,solida-core/ride,workflow_repo,bioinformatics,topic,
solida-core/ride,solida-core/ride,workflow_repo,snakemake,topic,
solida-core/ride,solida-core/ride,workflow_repo,genomics,topic,
solida-core/ride,solida-core/ride,workflow_repo,rna-seq-analysis,topic,
songlab-cal/TraitGym,songlab-cal/TraitGym,workflow_repo,dna,topic,
songlab-cal/TraitGym,songlab-cal/TraitGym,workflow_repo,genomics,topic,
songlab-cal/TraitGym,songlab-cal/TraitGym,workflow_repo,variant-effect-prediction,topic,
spectrseq/spectrseqtools-evaluation,spectrseq/spectrseqtools-evaluation,workflow_repo,utils/datavzrd,wrapper,
spraeger/mutational-patterns-analysis,spraeger/mutational-patterns-analysis,workflow_repo,bio/fastqc,wrapper,
spraeger/mutational-patterns-analysis,spraeger/mutational-patterns-analysis,workflow_repo,bio/multiqc,wrapper,
sreichl/ds_setup_example,sreichl/ds_setup_example,workflow_repo,conda,topic,
sreichl/ds_setup_example,sreichl/ds_setup_example,workflow_repo,data-science,topic,
sreichl/ds_setup_example,sreichl/ds_setup_example,workflow_repo,github,topic,
sreichl/ds_setup_example,sreichl/ds_setup_example,workflow_repo,jupyterlab,topic,
sreichl/ds_setup_example,sreichl/ds_setup_example,workflow_repo,reproducibility,topic,
sreichl/ds_setup_example,sreichl/ds_setup_example,workflow_repo,snakem,topic,
sschmutz/thesis-workflow,sschmutz/thesis-workflow,workflow_repo,bioinformatics,topic,
sschmutz/thesis-workflow,sschmutz/thesis-workflow,workflow_repo,metagenomics,topic,
stalbrec/FLARE,stalbrec/FLARE,workflow_repo,antimicrobial-resistance,topic,
stalbrec/FLARE,stalbrec/FLARE,workflow_repo,metagenomics,topic,
stalbrec/FLARE,stalbrec/FLARE,workflow_repo,snakemake,topic,
stalbrec/WGS-EPIPE,stalbrec/WGS-EPIPE,workflow_repo,antimicrobial-resistance,topic,
stalbrec/WGS-EPIPE,stalbrec/WGS-EPIPE,workflow_repo,snakemake,topic,
stalbrec/WGS-EPIPE,stalbrec/WGS-EPIPE,workflow_repo,whole-genome-sequencing,topic,
stefanpeidli/scperturb_snakemake_example,stefanpeidli/scperturb_snakemake_example,workflow_repo,perturbation-methods,topic,
stefanpeidli/scperturb_snakemake_example,stefanpeidli/scperturb_snakemake_example,workflow_repo,single-cell,topic,
stefanpeidli/scperturb_snakemake_example,stefanpeidli/scperturb_snakemake_example,workflow_repo,transcriptomics,topic,
supermaxiste/ARPEGGIO,supermaxiste/ARPEGGIO,workflow_repo,snakemake,topic,
supermaxiste/ARPEGGIO,supermaxiste/ARPEGGIO,workflow_repo,bisulfite-sequencing,topic,
supermaxiste/ARPEGGIO,supermaxiste/ARPEGGIO,workflow_repo,plants,topic,
supermaxiste/ARPEGGIO,supermaxiste/ARPEGGIO,workflow_repo,allopolyploid,topic,
supermaxiste/ARPEGGIO,supermaxiste/ARPEGGIO,workflow_repo,reproducibility,topic,
supermaxiste/ARPEGGIO,supermaxiste/ARPEGGIO,workflow_repo,automation,topic,
supermaxiste/ARPEGGIO,supermaxiste/ARPEGGIO,workflow_repo,workflow,topic,
supermaxiste/ARPEGGIO,supermaxiste/ARPEGGIO,workflow_repo,dna-methylation,topic,
supermaxiste/ARPEGGIO,supermaxiste/ARPEGGIO,workflow_repo,whole-genome-sequencing,topic,
supermaxiste/ARPEGGIO,supermaxiste/ARPEGGIO,workflow_repo,epigenetics,topic,
svsuresh/salmon_deseq2_snakemake,svsuresh/salmon_deseq2_snakemake,workflow_repo,salmon-deseq2,topic,
svsuresh/salmon_deseq2_snakemake,svsuresh/salmon_deseq2_snakemake,workflow_repo,snakemake-workflow,topic,
sylvainschmitt/transcriptoAechmea,sylvainschmitt/transcriptoAechmea,workflow_repo,transcriptomics,topic,
tacazares/snakeATAC,tacazares/snakeATAC,workflow_repo,snakemake,topic,
tacazares/snakeATAC,tacazares/snakeATAC,workflow_repo,atac-seq,topic,
tahiri-lab/aPhyloGeo-pipeline,tahiri-lab/aPhyloGeo-pipeline,workflow_repo,fasttree,topic,
tahiri-lab/aPhyloGeo-pipeline,tahiri-lab/aPhyloGeo-pipeline,workflow_repo,neighbor-joining,topic,
tahiri-lab/aPhyloGeo-pipeline,tahiri-lab/aPhyloGeo-pipeline,workflow_repo,phylogenetics,topic,
tahiri-lab/aPhyloGeo-pipeline,tahiri-lab/aPhyloGeo-pipeline,workflow_repo,phylogeography,topic,
tahiri-lab/aPhyloGeo-pipeline,tahiri-lab/aPhyloGeo-pipeline,workflow_repo,raxml,topic,
tahiri-lab/aPhyloGeo-pipeline,tahiri-lab/aPhyloGeo-pipeline,workflow_repo,robinson-foulds,topic,
tahiri-lab/aPhyloGeo-pipeline,tahiri-lab/aPhyloGeo-pipeline,workflow_repo,sliding-windows,topic,
tahiri-lab/aPhyloGeo-pipeline,tahiri-lab/aPhyloGeo-pipeline,workflow_repo,workflow,topic,
tallgran/conifer-long-read-polishing,tallgran/conifer-long-read-polishing,workflow_repo,workflow,topic,
tallgran/conifer-long-read-polishing,tallgran/conifer-long-read-polishing,workflow_repo,snakemake,topic,
tallgran/conifer-long-read-polishing,tallgran/conifer-long-read-polishing,workflow_repo,bioinformatics,topic,
tallgran/conifer-short-read-polishing,tallgran/conifer-short-read-polishing,workflow_repo,workflow,topic,
tallgran/conifer-short-read-polishing,tallgran/conifer-short-read-polishing,workflow_repo,snakemake,topic,
tallgran/conifer-short-read-polishing,tallgran/conifer-short-read-polishing,workflow_repo,bioinformatics,topic,
tatonetti-lab/indirect-gwas-analysis,tatonetti-lab/indirect-gwas-analysis,workflow_repo,genetics,topic,
tatonetti-lab/indirect-gwas-analysis,tatonetti-lab/indirect-gwas-analysis,workflow_repo,gwas,topic,
tatonetti-lab/indirect-gwas-analysis,tatonetti-lab/indirect-gwas-analysis,workflow_repo,phenotypes,topic,
tavareshugo/smk-indexer,tavareshugo/smk-indexer,workflow_repo,bio/bowtie2/build,wrapper,
tavareshugo/smk-indexer,tavareshugo/smk-indexer,workflow_repo,bio/bwa-mem2/index,wrapper,
tavareshugo/smk-indexer,tavareshugo/smk-indexer,workflow_repo,bio/bwa/index,wrapper,
tavareshugo/smk-indexer,tavareshugo/smk-indexer,workflow_repo,bio/gffread,wrapper,
tavareshugo/smk-indexer,tavareshugo/smk-indexer,workflow_repo,bio/hisat2/index,wrapper,
tavareshugo/smk-indexer,tavareshugo/smk-indexer,workflow_repo,bio/salmon/decoys,wrapper,
tavareshugo/smk-indexer,tavareshugo/smk-indexer,workflow_repo,bio/salmon/index,wrapper,
tavareshugo/smk-indexer,tavareshugo/smk-indexer,workflow_repo,bio/samtools/faidx,wrapper,
tavareshugo/smk-indexer,tavareshugo/smk-indexer,workflow_repo,bio/star/index,wrapper,
tdayris-perso/bam-msisensor,tdayris-perso/bam-msisensor,workflow_repo,bioinformatics-pipeline,topic,
tdayris-perso/bam-msisensor,tdayris-perso/bam-msisensor,workflow_repo,snakemake-workflows,topic,
tdayris-perso/bam-msisensor,tdayris-perso/bam-msisensor,workflow_repo,reproducible-workflows,topic,
tdayris-perso/bam-msisensor,tdayris-perso/bam-msisensor,workflow_repo,microsatellite-instability,topic,
tdayris/fair_bowtie2_mapping,tdayris/fair_bowtie2_mapping,workflow_repo,bowtie2,topic,
tdayris/fair_bowtie2_mapping,tdayris/fair_bowtie2_mapping,workflow_repo,multiqc,topic,
tdayris/fair_bowtie2_mapping,tdayris/fair_bowtie2_mapping,workflow_repo,sambamba,topic,
tdayris/fair_bowtie2_mapping,tdayris/fair_bowtie2_mapping,workflow_repo,snakemake,topic,
tdayris/fair_bowtie2_mapping,tdayris/fair_bowtie2_mapping,workflow_repo,snakemake-workflow,topic,
tdayris/fair_bowtie2_mapping,tdayris/fair_bowtie2_mapping,workflow_repo,snakemake-wrappers,topic,
tdayris/fair_fastqc_multiqc,tdayris/fair_fastqc_multiqc,workflow_repo,fair,topic,
tdayris/fair_fastqc_multiqc,tdayris/fair_fastqc_multiqc,workflow_repo,fastqc,topic,
tdayris/fair_fastqc_multiqc,tdayris/fair_fastqc_multiqc,workflow_repo,fastqscreen,topic,
tdayris/fair_fastqc_multiqc,tdayris/fair_fastqc_multiqc,workflow_repo,reproducible-workflows,topic,
tdayris/fair_fastqc_multiqc,tdayris/fair_fastqc_multiqc,workflow_repo,snakemake,topic,
tdayris/fair_gatk_mutect2,tdayris/fair_gatk_mutect2,workflow_repo,fair,topic,
tdayris/fair_gatk_mutect2,tdayris/fair_gatk_mutect2,workflow_repo,gatk-bestpractices,topic,
tdayris/fair_gatk_mutect2,tdayris/fair_gatk_mutect2,workflow_repo,mutect2,topic,
tdayris/fair_gatk_mutect2,tdayris/fair_gatk_mutect2,workflow_repo,reproducible-workflows,topic,
tdayris/fair_gatk_mutect2,tdayris/fair_gatk_mutect2,workflow_repo,snakemake,topic,
tdayris/fair_gatk_mutect2,tdayris/fair_gatk_mutect2,workflow_repo,snakemake-workflow,topic,
tdayris/fair_gatk_mutect2,tdayris/fair_gatk_mutect2,workflow_repo,variant-calling,topic,
tdayris/fair_genome_indexer,tdayris/fair_genome_indexer,workflow_repo,ensembl,topic,
tdayris/fair_genome_indexer,tdayris/fair_genome_indexer,workflow_repo,fair,topic,
tdayris/fair_genome_indexer,tdayris/fair_genome_indexer,workflow_repo,snakemake,topic,
tdayris/fair_genome_indexer,tdayris/fair_genome_indexer,workflow_repo,snakemake-workflow,topic,
tdayris/fair_genome_indexer,tdayris/fair_genome_indexer,workflow_repo,snakemake-wrappers,topic,
tdayris/fair_macs2_calling,tdayris/fair_macs2_calling,workflow_repo,bowtie2,topic,
tdayris/fair_macs2_calling,tdayris/fair_macs2_calling,workflow_repo,homer,topic,
tdayris/fair_macs2_calling,tdayris/fair_macs2_calling,workflow_repo,macs2,topic,
tdayris/fair_macs2_calling,tdayris/fair_macs2_calling,workflow_repo,sambamba,topic,
tdayris/fair_macs2_calling,tdayris/fair_macs2_calling,workflow_repo,snakemake,topic,
tdayris/fair_macs2_calling,tdayris/fair_macs2_calling,workflow_repo,snakemake-workflow,topic,
tdayris/fair_macs2_calling,tdayris/fair_macs2_calling,workflow_repo,snakemake-wrappers,topic,
tdayris/fair_recount_pump,tdayris/fair_recount_pump,workflow_repo,bio/samtools/view,wrapper,
tdayris/fair_rnaseq_salmon_quant,tdayris/fair_rnaseq_salmon_quant,workflow_repo,fair,topic,
tdayris/fair_rnaseq_salmon_quant,tdayris/fair_rnaseq_salmon_quant,workflow_repo,rnaseq-pipeline,topic,
tdayris/fair_rnaseq_salmon_quant,tdayris/fair_rnaseq_salmon_quant,workflow_repo,snakemake,topic,
tdayris/fair_rnaseq_salmon_quant,tdayris/fair_rnaseq_salmon_quant,workflow_repo,snakemake-workflow,topic,
tdayris/fair_rnaseq_salmon_quant,tdayris/fair_rnaseq_salmon_quant,workflow_repo,reproducible-science,topic,
thomasbtf/document-anonymization,thomasbtf/document-anonymization,workflow_repo,document,topic,
thomasbtf/document-anonymization,thomasbtf/document-anonymization,workflow_repo,pseudonymization,topic,
thomasbtf/document-anonymization,thomasbtf/document-anonymization,workflow_repo,fhir,topic,
thomasbtf/document-anonymization,thomasbtf/document-anonymization,workflow_repo,snakemake-workflow,topic,
thomasbtf/sars-cov-2-wbe,thomasbtf/sars-cov-2-wbe,workflow_repo,sars-cov-2,topic,
thomasbtf/sars-cov-2-wbe,thomasbtf/sars-cov-2-wbe,workflow_repo,lineage,topic,
thomasbtf/sars-cov-2-wbe,thomasbtf/sars-cov-2-wbe,workflow_repo,abundance,topic,
thomasbtf/sars-cov-2-wbe,thomasbtf/sars-cov-2-wbe,workflow_repo,wastewater,topic,
thomasmulvaney/snakemake-gromacs-workflow,thomasmulvaney/snakemake-gromacs-workflow,workflow_repo,bio/fastqc,wrapper,
thomasmulvaney/snakemake-gromacs-workflow,thomasmulvaney/snakemake-gromacs-workflow,workflow_repo,bio/multiqc,wrapper,
thyagoleal/mleprae-genomics_workflow,thyagoleal/mleprae-genomics_workflow,workflow_repo,bacterial-genomes,topic,
thyagoleal/mleprae-genomics_workflow,thyagoleal/mleprae-genomics_workflow,workflow_repo,genomics,topic,
thyagoleal/mleprae-genomics_workflow,thyagoleal/mleprae-genomics_workflow,workflow_repo,mycobacteria,topic,
timtroendle/possibility-for-electricity-autarky,timtroendle/possibility-for-electricity-autarky,workflow_repo,research,topic,
timtroendle/possibility-for-electricity-autarky,timtroendle/possibility-for-electricity-autarky,workflow_repo,renewable-energy,topic,
timtroendle/possibility-for-electricity-autarky,timtroendle/possibility-for-electricity-autarky,workflow_repo,paper,topic,
timtroendle/possibility-for-electricity-autarky,timtroendle/possibility-for-electricity-autarky,workflow_repo,europe,topic,
timtroendle/possibility-for-electricity-autarky,timtroendle/possibility-for-electricity-autarky,workflow_repo,analysis,topic,
timtroendle/possibility-for-electricity-autarky,timtroendle/possibility-for-electricity-autarky,workflow_repo,electricity-autarky,topic,
timtroendle/possibility-for-electricity-autarky,timtroendle/possibility-for-electricity-autarky,workflow_repo,reproducible-research,topic,
tjbencomo/ngs-pipeline,tjbencomo/ngs-pipeline,workflow_repo,snakemake,topic,
tjbencomo/ngs-pipeline,tjbencomo/ngs-pipeline,workflow_repo,bioinformatics,topic,
tjbencomo/ngs-pipeline,tjbencomo/ngs-pipeline,workflow_repo,somatic-variants,topic,
tjbencomo/ngs-pipeline,tjbencomo/ngs-pipeline,workflow_repo,exome-sequencing,topic,
tjgibson/NGS-workflow-ATACseq,tjgibson/NGS-workflow-ATACseq,workflow_repo,bio/bowtie2/align,wrapper,
tjgibson/NGS-workflow-ATACseq,tjgibson/NGS-workflow-ATACseq,workflow_repo,bio/bowtie2/build,wrapper,
tjgibson/NGS-workflow-ATACseq,tjgibson/NGS-workflow-ATACseq,workflow_repo,bio/macs2/callpeak,wrapper,
tjgibson/NGS-workflow-ATACseq,tjgibson/NGS-workflow-ATACseq,workflow_repo,bio/sambamba/view,wrapper,
tjgibson/NGS-workflow-ATACseq,tjgibson/NGS-workflow-ATACseq,workflow_repo,bio/samtools/idxstats,wrapper,
tjgibson/NGS-workflow-ATACseq,tjgibson/NGS-workflow-ATACseq,workflow_repo,bio/samtools/index,wrapper,
tjgibson/NGS-workflow-ATACseq,tjgibson/NGS-workflow-ATACseq,workflow_repo,bio/samtools/merge,wrapper,
tjgibson/NGS-workflow-ATACseq,tjgibson/NGS-workflow-ATACseq,workflow_repo,bio/samtools/sort,wrapper,
tjgibson/NGS-workflow-ATACseq,tjgibson/NGS-workflow-ATACseq,workflow_repo,bio/subread/featurecounts,wrapper,
tjgibson/NGS-workflow-CUTandRUN,tjgibson/NGS-workflow-CUTandRUN,workflow_repo,bio/bowtie2/align,wrapper,
tjgibson/NGS-workflow-CUTandRUN,tjgibson/NGS-workflow-CUTandRUN,workflow_repo,bio/bowtie2/build,wrapper,
tjgibson/NGS-workflow-CUTandRUN,tjgibson/NGS-workflow-CUTandRUN,workflow_repo,bio/macs2/callpeak,wrapper,
tjgibson/NGS-workflow-CUTandRUN,tjgibson/NGS-workflow-CUTandRUN,workflow_repo,bio/sambamba/view,wrapper,
tjgibson/NGS-workflow-CUTandRUN,tjgibson/NGS-workflow-CUTandRUN,workflow_repo,bio/samtools/idxstats,wrapper,
tjgibson/NGS-workflow-CUTandRUN,tjgibson/NGS-workflow-CUTandRUN,workflow_repo,bio/samtools/index,wrapper,
tjgibson/NGS-workflow-CUTandRUN,tjgibson/NGS-workflow-CUTandRUN,workflow_repo,bio/samtools/merge,wrapper,
tjgibson/NGS-workflow-CUTandRUN,tjgibson/NGS-workflow-CUTandRUN,workflow_repo,bio/samtools/sort,wrapper,
trangle1302/2D_shapespace,trangle1302/2D_shapespace,workflow_repo,shape-analysis,topic,
trangle1302/2D_shapespace,trangle1302/2D_shapespace,workflow_repo,snakemake-workflow,topic,
tucca-cellag/tucca-rna-seq,tucca-cellag/tucca-rna-seq,workflow_repo,bioinformatics,topic,
tucca-cellag/tucca-rna-seq,tucca-cellag/tucca-rna-seq,workflow_repo,conda,topic,
tucca-cellag/tucca-rna-seq,tucca-cellag/tucca-rna-seq,workflow_repo,high-throughput,topic,
tucca-cellag/tucca-rna-seq,tucca-cellag/tucca-rna-seq,workflow_repo,reproducibility,topic,
tucca-cellag/tucca-rna-seq,tucca-cellag/tucca-rna-seq,workflow_repo,rna-seq,topic,
tucca-cellag/tucca-rna-seq,tucca-cellag/tucca-rna-seq,workflow_repo,singularity,topic,
tucca-cellag/tucca-rna-seq,tucca-cellag/tucca-rna-seq,workflow_repo,snakemake,topic,
tucca-cellag/tucca-rna-seq,tucca-cellag/tucca-rna-seq,workflow_repo,snakemake-workflow,topic,
tucca-cellag/tucca-rna-seq,tucca-cellag/tucca-rna-seq,workflow_repo,transcriptomics,topic,
tucca-cellag/tucca-rna-seq,tucca-cellag/tucca-rna-seq,workflow_repo,apptainer,topic,
tucca-cellag/tucca-rna-seq,tucca-cellag/tucca-rna-seq,workflow_repo,ideal,topic,
tucca-cellag/tucca-rna-seq,tucca-cellag/tucca-rna-seq,workflow_repo,renv,topic,
tucca-cellag/tucca-rna-seq,tucca-cellag/tucca-rna-seq,workflow_repo,genetonic,topic,
tucca-cellag/tucca-rna-seq,tucca-cellag/tucca-rna-seq,workflow_repo,pcaexplorer,topic,
tucca-cellag/tucca-rna-seq,tucca-cellag/tucca-rna-seq,workflow_repo,clusterprofiler,topic,
tucca-cellag/tucca-rna-seq,tucca-cellag/tucca-rna-seq,workflow_repo,deseq2,topic,
tucca-cellag/tucca-rna-seq,tucca-cellag/tucca-rna-seq,workflow_repo,differential-expression,topic,
tucca-cellag/tucca-rna-seq,tucca-cellag/tucca-rna-seq,workflow_repo,salmon,topic,
tucca-cellag/tucca-rna-seq,tucca-cellag/tucca-rna-seq,workflow_repo,pathway-enrichment-analysis,topic,
tucca-cellag/tucca-rna-seq,tucca-cellag/tucca-rna-seq,workflow_repo,quality-control,topic,
tucca-cellag/tucca-rna-seq,tucca-cellag/tucca-rna-seq,workflow_repo,bio/deseq2/deseqdataset,wrapper,
tucca-cellag/tucca-rna-seq,tucca-cellag/tucca-rna-seq,workflow_repo,bio/deseq2/wald,wrapper,
tucca-cellag/tucca-rna-seq,tucca-cellag/tucca-rna-seq,workflow_repo,bio/multiqc,wrapper,
tucca-cellag/tucca-rna-seq,tucca-cellag/tucca-rna-seq,workflow_repo,bio/reference/ensembl-annotation,wrapper,
tucca-cellag/tucca-rna-seq,tucca-cellag/tucca-rna-seq,workflow_repo,bio/reference/ensembl-sequence,wrapper,
tucca-cellag/tucca-rna-seq,tucca-cellag/tucca-rna-seq,workflow_repo,bio/salmon/decoys,wrapper,
tucca-cellag/tucca-rna-seq,tucca-cellag/tucca-rna-seq,workflow_repo,bio/salmon/index,wrapper,
tucca-cellag/tucca-rna-seq,tucca-cellag/tucca-rna-seq,workflow_repo,bio/salmon/quant,wrapper,
tucca-cellag/tucca-rna-seq,tucca-cellag/tucca-rna-seq,workflow_repo,bio/star/align,wrapper,
tucca-cellag/tucca-rna-seq,tucca-cellag/tucca-rna-seq,workflow_repo,bio/star/index,wrapper,
uci-cbcl/esm-efficient,uci-cbcl/esm-efficient,workflow_repo,esm,topic,
uci-cbcl/esm-efficient,uci-cbcl/esm-efficient,workflow_repo,protein,topic,
uci-cbcl/esm-efficient,uci-cbcl/esm-efficient,workflow_repo,protein-language-models,topic,
uio-bmi/VirMake,uio-bmi/VirMake,workflow_repo,masterthesis,topic,
usnistgov/defrabb,usnistgov/defrabb,workflow_repo,bio/assembly-stats,wrapper,
usnistgov/defrabb,usnistgov/defrabb,workflow_repo,bio/bcftools/index,wrapper,
usnistgov/defrabb,usnistgov/defrabb,workflow_repo,bio/bcftools/sort,wrapper,
usnistgov/defrabb,usnistgov/defrabb,workflow_repo,bio/bedtools/intersect,wrapper,
usnistgov/defrabb,usnistgov/defrabb,workflow_repo,bio/bwa/index,wrapper,
usnistgov/defrabb,usnistgov/defrabb,workflow_repo,bio/samtools/faidx,wrapper,
usnistgov/defrabb,usnistgov/defrabb,workflow_repo,bio/samtools/index,wrapper,
vallenderlab/rnaseq-tuxedo-suite,vallenderlab/rnaseq-tuxedo-suite,workflow_repo,rnaseq-tuxedo,topic,
vallenderlab/rnaseq-tuxedo-suite,vallenderlab/rnaseq-tuxedo-suite,workflow_repo,rnaseq-pipeline,topic,
vallenderlab/rnaseq-tuxedo-suite,vallenderlab/rnaseq-tuxedo-suite,workflow_repo,rna-seq-pipeline,topic,
vallenderlab/rnaseq-tuxedo-suite,vallenderlab/rnaseq-tuxedo-suite,workflow_repo,rna-seq-snakemake,topic,
vallenderlab/rnaseq-tuxedo-suite,vallenderlab/rnaseq-tuxedo-suite,workflow_repo,snakemake,topic,
vallenderlab/rnaseq-tuxedo-suite,vallenderlab/rnaseq-tuxedo-suite,workflow_repo,snakemake-workflow,topic,
varfish-org/mehari-data-tx,varfish-org/mehari-data-tx,workflow_repo,bio/reference/ensembl-sequence,wrapper,
varfish-org/mehari-data-tx,varfish-org/mehari-data-tx,workflow_repo,utils/datavzrd,wrapper,
varfish-org/varfish-data-igsr,varfish-org/varfish-data-igsr,workflow_repo,genetics,topic,
varfish-org/varfish-data-igsr,varfish-org/varfish-data-igsr,workflow_repo,varfish,topic,
varfish-org/varfish-data-igsr,varfish-org/varfish-data-igsr,workflow_repo,variant-filtration,topic,
varfish-org/varfish-data-igsr,varfish-org/varfish-data-igsr,workflow_repo,variant-prioritization,topic,
varfish-org/varfish-data-igsr,varfish-org/varfish-data-igsr,workflow_repo,vcf,topic,
varfish-org/varfish-db-downloader,varfish-org/varfish-db-downloader,workflow_repo,genetics,topic,
varfish-org/varfish-db-downloader,varfish-org/varfish-db-downloader,workflow_repo,varfish,topic,
varfish-org/varfish-db-downloader,varfish-org/varfish-db-downloader,workflow_repo,variant-filtration,topic,
varfish-org/varfish-db-downloader,varfish-org/varfish-db-downloader,workflow_repo,variant-prioritization,topic,
varfish-org/varfish-db-downloader,varfish-org/varfish-db-downloader,workflow_repo,vcf,topic,
vari-bbc/rnaseq_workflow,vari-bbc/rnaseq_workflow,workflow_repo,snakemake,topic,
vari-bbc/rnaseq_workflow,vari-bbc/rnaseq_workflow,workflow_repo,rnaseq,topic,
vari-bbc/rnaseq_workflow,vari-bbc/rnaseq_workflow,workflow_repo,pipeline,topic,
varlociraptor/varlociraptor-evaluation,varlociraptor/varlociraptor-evaluation,workflow_repo,snakemake,topic,
varlociraptor/varlociraptor-evaluation,varlociraptor/varlociraptor-evaluation,workflow_repo,workflow,topic,
varlociraptor/varlociraptor-evaluation,varlociraptor/varlociraptor-evaluation,workflow_repo,reproducible-research,topic,
varlociraptor/varlociraptor-methylation-evaluation,varlociraptor/varlociraptor-methylation-evaluation,workflow_repo,bio/bismark/bismark,wrapper,
varlociraptor/varlociraptor-methylation-evaluation,varlociraptor/varlociraptor-methylation-evaluation,workflow_repo,bio/bismark/deduplicate_bismark,wrapper,
varlociraptor/varlociraptor-methylation-evaluation,varlociraptor/varlociraptor-methylation-evaluation,workflow_repo,bio/bwameth/index,wrapper,
varlociraptor/varlociraptor-methylation-evaluation,varlociraptor/varlociraptor-methylation-evaluation,workflow_repo,bio/mosdepth,wrapper,
varlociraptor/varlociraptor-methylation-evaluation,varlociraptor/varlociraptor-methylation-evaluation,workflow_repo,bio/picard/markduplicates,wrapper,
varlociraptor/varlociraptor-methylation-evaluation,varlociraptor/varlociraptor-methylation-evaluation,workflow_repo,bio/reference/ensembl-sequence,wrapper,
varlociraptor/varlociraptor-methylation-evaluation,varlociraptor/varlociraptor-methylation-evaluation,workflow_repo,bio/samtools/merge,wrapper,
varlociraptor/varlociraptor-methylation-evaluation,varlociraptor/varlociraptor-methylation-evaluation,workflow_repo,bio/samtools/sort,wrapper,
varlociraptor/varlociraptor-methylation-evaluation,varlociraptor/varlociraptor-methylation-evaluation,workflow_repo,bio/sra-tools/fasterq-dump,wrapper,
vhgauto/sameep,vhgauto/sameep,workflow_repo,github-actions,topic,
vhgauto/sameep,vhgauto/sameep,workflow_repo,modeling,topic,
vhgauto/sameep,vhgauto/sameep,workflow_repo,python,topic,
vhgauto/sameep,vhgauto/sameep,workflow_repo,r,topic,
vhgauto/sameep,vhgauto/sameep,workflow_repo,random-forest,topic,
vhgauto/sameep,vhgauto/sameep,workflow_repo,sentinel-2,topic,
vhgauto/sameep,vhgauto/sameep,workflow_repo,snakemake,topic,
vhgauto/sameep,vhgauto/sameep,workflow_repo,turbidity,topic,
vhgauto/sameep,vhgauto/sameep,workflow_repo,water,topic,
vhgauto/sameep,vhgauto/sameep,workflow_repo,water-quality,topic,
vhgauto/sameep,vhgauto/sameep,workflow_repo,calidad-agua,topic,
vhgauto/sameep,vhgauto/sameep,workflow_repo,gistaq,topic,
vhgauto/sameep,vhgauto/sameep,workflow_repo,s2-msi,topic,
vhgauto/sameep,vhgauto/sameep,workflow_repo,turbidez,topic,
vibaotram/baseDmux,vibaotram/baseDmux,workflow_repo,snakemake-workflow,topic,
vibaotram/baseDmux,vibaotram/baseDmux,workflow_repo,basecalling,topic,
vibaotram/baseDmux,vibaotram/baseDmux,workflow_repo,demultiplexing,topic,
vibaotram/baseDmux,vibaotram/baseDmux,workflow_repo,nanopore,topic,
vivekbhr/cage_pipeline,vivekbhr/cage_pipeline,workflow_repo,cage-seq,topic,
vjcitn/rnaseqSnake,vjcitn/rnaseqSnake,workflow_repo,bio/fastqc,wrapper,
vjcitn/rnaseqSnake,vjcitn/rnaseqSnake,workflow_repo,bio/multiqc,wrapper,
vlmathieu/trade_network_analysis,vlmathieu/trade_network_analysis,workflow_repo,globalization,topic,
vlmathieu/trade_network_analysis,vlmathieu/trade_network_analysis,workflow_repo,market-concentration,topic,
vlmathieu/trade_network_analysis,vlmathieu/trade_network_analysis,workflow_repo,network-theory,topic,
vlmathieu/trade_network_analysis,vlmathieu/trade_network_analysis,workflow_repo,trade,topic,
vlmathieu/trade_network_analysis,vlmathieu/trade_network_analysis,workflow_repo,wood-products,topic,
vlmathieu/trade_network_analysis,vlmathieu/trade_network_analysis,workflow_repo,forest-policy,topic,
vlmathieu/trade_network_analysis,vlmathieu/trade_network_analysis,workflow_repo,structural-resilience,topic,
vojdam/idat_to_graph,vojdam/idat_to_graph,workflow_repo,idat,topic,
vojdam/idat_to_graph,vojdam/idat_to_graph,workflow_repo,illumina,topic,
vojdam/idat_to_graph,vojdam/idat_to_graph,workflow_repo,methylation,topic,
vojdam/idat_to_graph,vojdam/idat_to_graph,workflow_repo,methylation-analysis,topic,
vsoch/encode-demo-workflow,vsoch/encode-demo-workflow,workflow_repo,encode-dcc,topic,
vsoch/encode-demo-workflow,vsoch/encode-demo-workflow,workflow_repo,snakemake,topic,
vsoch/encode-demo-workflow,vsoch/encode-demo-workflow,workflow_repo,snakemake-workflows,topic,
wassimsalam01/snakemake-arctic-pulicaria-pipeline,wassimsalam01/snakemake-arctic-pulicaria-pipeline,workflow_repo,alternate-reference-genome,topic,
wassimsalam01/snakemake-arctic-pulicaria-pipeline,wassimsalam01/snakemake-arctic-pulicaria-pipeline,workflow_repo,arctic,topic,
wassimsalam01/snakemake-arctic-pulicaria-pipeline,wassimsalam01/snakemake-arctic-pulicaria-pipeline,workflow_repo,daphnia-pulex,topic,
wassimsalam01/snakemake-arctic-pulicaria-pipeline,wassimsalam01/snakemake-arctic-pulicaria-pipeline,workflow_repo,daphnia-pulicaria,topic,
wassimsalam01/snakemake-arctic-pulicaria-pipeline,wassimsalam01/snakemake-arctic-pulicaria-pipeline,workflow_repo,snakemake,topic,
wassimsalam01/snakemake-arctic-pulicaria-pipeline,wassimsalam01/snakemake-arctic-pulicaria-pipeline,workflow_repo,triploid,topic,
wegnerce/smk_rnaseq,wegnerce/smk_rnaseq,workflow_repo,rna-seq-analysis,topic,
wegnerce/smk_rnaseq,wegnerce/smk_rnaseq,workflow_repo,rna-seq-pipeline,topic,
wegnerce/smk_rnaseq,wegnerce/smk_rnaseq,workflow_repo,rnaseq,topic,
wegnerce/smk_rnaseq,wegnerce/smk_rnaseq,workflow_repo,snakemake,topic,
weinstockj/SNP_annotations,weinstockj/SNP_annotations,workflow_repo,genetics,topic,
weinstockj/SNP_annotations,weinstockj/SNP_annotations,workflow_repo,python,topic,
weinstockj/SNP_annotations,weinstockj/SNP_annotations,workflow_repo,snakemake-workflow,topic,
williamjeong2/snakemake_RNA-seq,williamjeong2/snakemake_RNA-seq,workflow_repo,snakemake-rna-seq,topic,
williamjeong2/snakemake_RNA-seq,williamjeong2/snakemake_RNA-seq,workflow_repo,fpkm,topic,
williamjeong2/snakemake_RNA-seq,williamjeong2/snakemake_RNA-seq,workflow_repo,gene,topic,
williamjeong2/snakemake_RNA-seq,williamjeong2/snakemake_RNA-seq,workflow_repo,snakemake-pipeline,topic,
williamjeong2/snakemake_RNA-seq,williamjeong2/snakemake_RNA-seq,workflow_repo,rna-seq-data,topic,
williamjeong2/snakemake_RNA-seq,williamjeong2/snakemake_RNA-seq,workflow_repo,rna-seq-analysis,topic,
williamjeong2/snakemake_RNA-seq,williamjeong2/snakemake_RNA-seq,workflow_repo,rna-seq-pipeline,topic,
wuaipinglab/covSampler,wuaipinglab/covSampler,workflow_repo,sars-cov-2,topic,
wuaipinglab/covSampler,wuaipinglab/covSampler,workflow_repo,subsampling,topic,
xin-huang/selscape,xin-huang/selscape,workflow_repo,balancing-selection,topic,
xin-huang/selscape,xin-huang/selscape,workflow_repo,distribution-of-fitness-effects,topic,
xin-huang/selscape,xin-huang/selscape,workflow_repo,natural-selection,topic,
xin-huang/selscape,xin-huang/selscape,workflow_repo,population-genomics,topic,
xin-huang/selscape,xin-huang/selscape,workflow_repo,positive-selection,topic,
ylab-hi/ScanNeo2,ylab-hi/ScanNeo2,workflow_repo,epitope,topic,
ylab-hi/ScanNeo2,ylab-hi/ScanNeo2,workflow_repo,gene-fusion,topic,
ylab-hi/ScanNeo2,ylab-hi/ScanNeo2,workflow_repo,indels,topic,
ylab-hi/ScanNeo2,ylab-hi/ScanNeo2,workflow_repo,neoantigens,topic,
ylab-hi/ScanNeo2,ylab-hi/ScanNeo2,workflow_repo,peptide,topic,
ylab-hi/ScanNeo2,ylab-hi/ScanNeo2,workflow_repo,snakemake,topic,
ylab-hi/ScanNeo2,ylab-hi/ScanNeo2,workflow_repo,snakemake-workflow,topic,
ylab-hi/ScanNeo2,ylab-hi/ScanNeo2,workflow_repo,splicing,topic,
ylab-hi/ScanNeo2,ylab-hi/ScanNeo2,workflow_repo,exitron,topic,
ylab-hi/ScanNeo2,ylab-hi/ScanNeo2,workflow_repo,neoepitope,topic,
ylab-hi/ScanNeo2,ylab-hi/ScanNeo2,workflow_repo,immunotherapy,topic,
ylab-hi/ScanNeo2,ylab-hi/ScanNeo2,workflow_repo,vaccine,topic,
ylab-hi/ScanNeo2,ylab-hi/ScanNeo2,workflow_repo,bio/arriba,wrapper,
ylab-hi/ScanNeo2,ylab-hi/ScanNeo2,workflow_repo,bio/bowtie2/align,wrapper,
ylab-hi/ScanNeo2,ylab-hi/ScanNeo2,workflow_repo,bio/bowtie2/build,wrapper,
ylab-hi/ScanNeo2,ylab-hi/ScanNeo2,workflow_repo,bio/bwa/index,wrapper,
ylab-hi/ScanNeo2,ylab-hi/ScanNeo2,workflow_repo,bio/fastp,wrapper,
ylab-hi/ScanNeo2,ylab-hi/ScanNeo2,workflow_repo,bio/fastqc,wrapper,
ylab-hi/ScanNeo2,ylab-hi/ScanNeo2,workflow_repo,bio/gatk/applybqsr,wrapper,
ylab-hi/ScanNeo2,ylab-hi/ScanNeo2,workflow_repo,bio/gatk/applyvqsr,wrapper,
ylab-hi/ScanNeo2,ylab-hi/ScanNeo2,workflow_repo,bio/gatk/baserecalibrator,wrapper,
ylab-hi/ScanNeo2,ylab-hi/ScanNeo2,workflow_repo,bio/gatk/filtermutectcalls,wrapper,
ylab-hi/ScanNeo2,ylab-hi/ScanNeo2,workflow_repo,bio/gatk/haplotypecaller,wrapper,
ylab-hi/ScanNeo2,ylab-hi/ScanNeo2,workflow_repo,bio/gatk/mutect,wrapper,
ylab-hi/ScanNeo2,ylab-hi/ScanNeo2,workflow_repo,bio/gatk/selectvariants,wrapper,
ylab-hi/ScanNeo2,ylab-hi/ScanNeo2,workflow_repo,bio/gatk/variantrecalibrator,wrapper,
ylab-hi/ScanNeo2,ylab-hi/ScanNeo2,workflow_repo,bio/picard/createsequencedictionary,wrapper,
ylab-hi/ScanNeo2,ylab-hi/ScanNeo2,workflow_repo,bio/samtools/faidx,wrapper,
ylab-hi/ScanNeo2,ylab-hi/ScanNeo2,workflow_repo,bio/samtools/index,wrapper,
ylab-hi/ScanNeo2,ylab-hi/ScanNeo2,workflow_repo,bio/samtools/merge,wrapper,
ylab-hi/ScanNeo2,ylab-hi/ScanNeo2,workflow_repo,bio/star/align,wrapper,
ylab-hi/ScanNeo2,ylab-hi/ScanNeo2,workflow_repo,bio/star/index,wrapper,
ylab-hi/ScanNeo2,ylab-hi/ScanNeo2,workflow_repo,bio/tabix/index,wrapper,
ylab-hi/ScanNeo2,ylab-hi/ScanNeo2,workflow_repo,bio/vep/annotate,wrapper,
yousra291987/PCHiC_workflow,yousra291987/PCHiC_workflow,workflow_repo,3d-genomics,topic,
yousra291987/PCHiC_workflow,yousra291987/PCHiC_workflow,workflow_repo,bioinformatics,topic,
yousra291987/PCHiC_workflow,yousra291987/PCHiC_workflow,workflow_repo,chromatin,topic,
yousra291987/PCHiC_workflow,yousra291987/PCHiC_workflow,workflow_repo,epigenomics,topic,
yousra291987/PCHiC_workflow,yousra291987/PCHiC_workflow,workflow_repo,pipeline,topic,
yousra291987/PCHiC_workflow,yousra291987/PCHiC_workflow,workflow_repo,snakemake,topic,
yousra291987/PCHiC_workflow,yousra291987/PCHiC_workflow,workflow_repo,capture-hic,topic,
zavolanlab/PAQR2,zavolanlab/PAQR2,workflow_repo,bioinformatics,topic,
zavolanlab/PAQR2,zavolanlab/PAQR2,workflow_repo,snakemake,topic,
zavolanlab/PAQR2,zavolanlab/PAQR2,workflow_repo,rna-seq-pipeline,topic,
zavolanlab/PAQR2,zavolanlab/PAQR2,workflow_repo,polyadenylation,topic,
zavolanlab/RCRUNCH,zavolanlab/RCRUNCH,workflow_repo,bioinformatics,topic,
zavolanlab/RCRUNCH,zavolanlab/RCRUNCH,workflow_repo,clip,topic,
zavolanlab/RCRUNCH,zavolanlab/RCRUNCH,workflow_repo,rna-binding-proteins,topic,
zavolanlab/SCUREL,zavolanlab/SCUREL,workflow_repo,scrnaseq,topic,
zavolanlab/SCUREL,zavolanlab/SCUREL,workflow_repo,bioinformatics,topic,
zavolanlab/SCUREL,zavolanlab/SCUREL,workflow_repo,snakemake-workflow,topic,
zavolanlab/bindz-rbp,zavolanlab/bindz-rbp,workflow_repo,rna,topic,
zavolanlab/bindz-rbp,zavolanlab/bindz-rbp,workflow_repo,rna-binding-proteins,topic,
zavolanlab/bindz-rbp,zavolanlab/bindz-rbp,workflow_repo,bioinformatics-tool,topic,
zavolanlab/bindz-rbp,zavolanlab/bindz-rbp,workflow_repo,bioinformatics,topic,
zavolanlab/bindz-rbp,zavolanlab/bindz-rbp,workflow_repo,snakemake-workflows,topic,
zavolanlab/mirflowz,zavolanlab/mirflowz,workflow_repo,bioinformatics,topic,
zavolanlab/mirflowz,zavolanlab/mirflowz,workflow_repo,isomirs,topic,
zavolanlab/mirflowz,zavolanlab/mirflowz,workflow_repo,mirna,topic,
zavolanlab/mirflowz,zavolanlab/mirflowz,workflow_repo,snakemake,topic,
zavolanlab/mirflowz,zavolanlab/mirflowz,workflow_repo,workflow,topic,
zavolanlab/tandem-pas,zavolanlab/tandem-pas,workflow_repo,bioinformatics,topic,
zavolanlab/tandem-pas,zavolanlab/tandem-pas,workflow_repo,snakemake,topic,
zavolanlab/tandem-pas,zavolanlab/tandem-pas,workflow_repo,polyadenylation,topic,
zavolanlab/zarp,zavolanlab/zarp,workflow_repo,bioinformatics,topic,
zavolanlab/zarp,zavolanlab/zarp,workflow_repo,rna-seq,topic,
zavolanlab/zarp,zavolanlab/zarp,workflow_repo,snakemake,topic,
zavolanlab/zarp,zavolanlab/zarp,workflow_repo,conda,topic,
zavolanlab/zarp,zavolanlab/zarp,workflow_repo,docker,topic,
zavolanlab/zarp,zavolanlab/zarp,workflow_repo,fair,topic,
zavolanlab/zarp,zavolanlab/zarp,workflow_repo,high-throughput,topic,
zavolanlab/zarp,zavolanlab/zarp,workflow_repo,pipeline,topic,
zavolanlab/zarp,zavolanlab/zarp,workflow_repo,reproducible-research,topic,
zavolanlab/zarp,zavolanlab/zarp,workflow_repo,singularity,topic,
zavolanlab/zarp,zavolanlab/zarp,workflow_repo,transcriptomics,topic,
zavolanlab/zarp,zavolanlab/zarp,workflow_repo,workflow,topic,
zerostwo/scrna-seq,zerostwo/scrna-seq,workflow_repo,scrna-seq,topic,
zerostwo/scrna-seq,zerostwo/scrna-seq,workflow_repo,snakemake,topic,
zerostwo/scrna-seq,zerostwo/scrna-seq,workflow_repo,workflow,topic,
zhaoc1/nanoflow,zhaoc1/nanoflow,workflow_repo,snakemake-workflows,topic,
zhaoc1/nanoflow,zhaoc1/nanoflow,workflow_repo,nanopore-sequencing,topic,
zhaoc1/nanoflow,zhaoc1/nanoflow,workflow_repo,bioinformatics-pipeline,topic,
zhaoc1/nanoflow,zhaoc1/nanoflow,workflow_repo,bacterial-genomes,topic,
zhukovanadezhda/bioinformatics-software,zhukovanadezhda/bioinformatics-software,workflow_repo,bioinformatics,topic,
zhukovanadezhda/bioinformatics-software,zhukovanadezhda/bioinformatics-software,workflow_repo,development,topic,
zhukovanadezhda/bioinformatics-software,zhukovanadezhda/bioinformatics-software,workflow_repo,github,topic,
zhukovanadezhda/bioinformatics-software,zhukovanadezhda/bioinformatics-software,workflow_repo,pubmed,topic,
zhukovanadezhda/bioinformatics-software,zhukovanadezhda/bioinformatics-software,workflow_repo,software,topic,
zhukovanadezhda/cnv-psychosis,zhukovanadezhda/cnv-psychosis,workflow_repo,cnv,topic,
zhukovanadezhda/cnv-psychosis,zhukovanadezhda/cnv-psychosis,workflow_repo,cnv-analysis,topic,
zhukovanadezhda/cnv-psychosis,zhukovanadezhda/cnv-psychosis,workflow_repo,outcome-prediction,topic,
zhukovanadezhda/cnv-psychosis,zhukovanadezhda/cnv-psychosis,workflow_repo,psychosis,topic,
zhukovanadezhda/cnv-psychosis,zhukovanadezhda/cnv-psychosis,workflow_repo,wgs,topic,
zifornd/arrays,zifornd/arrays,workflow_repo,snakemake,topic,
zifornd/arrays,zifornd/arrays,workflow_repo,microarray,topic,
ziyaipek/snakemake,ziyaipek/snakemake,workflow_repo,bio/fastqc,wrapper,
ziyaipek/snakemake,ziyaipek/snakemake,workflow_repo,bio/multiqc,wrapper,
zjnolen/PopGLen,zjnolen/PopGLen,workflow_repo,snakemake,topic,
zjnolen/PopGLen,zjnolen/PopGLen,workflow_repo,bioinformatics,topic,
zjnolen/PopGLen,zjnolen/PopGLen,workflow_repo,bioinformatics-pipeline,topic,
zjnolen/PopGLen,zjnolen/PopGLen,workflow_repo,genotype-likelihoods,topic,
zjnolen/PopGLen,zjnolen/PopGLen,workflow_repo,population-genomics,topic,
zjnolen/PopGLen,zjnolen/PopGLen,workflow_repo,whole-genome-sequencing,topic,
zjnolen/PopGLen,zjnolen/PopGLen,workflow_repo,museomics,topic,
zjnolen/PopGLen,zjnolen/PopGLen,workflow_repo,angsd,topic,
zjnolen/PopGLen,zjnolen/PopGLen,workflow_repo,bio/bwa/aln,wrapper,
zjnolen/PopGLen,zjnolen/PopGLen,workflow_repo,bio/bwa/index,wrapper,
zjnolen/PopGLen,zjnolen/PopGLen,workflow_repo,bio/bwa/mem,wrapper,
zjnolen/PopGLen,zjnolen/PopGLen,workflow_repo,bio/bwa/samse,wrapper,
zjnolen/PopGLen,zjnolen/PopGLen,workflow_repo,bio/fastp,wrapper,
zjnolen/PopGLen,zjnolen/PopGLen,workflow_repo,bio/gatk3/indelrealigner,wrapper,
zjnolen/PopGLen,zjnolen/PopGLen,workflow_repo,bio/gatk3/realignertargetcreator,wrapper,
zjnolen/PopGLen,zjnolen/PopGLen,workflow_repo,bio/mapdamage2,wrapper,
zjnolen/PopGLen,zjnolen/PopGLen,workflow_repo,bio/picard/createsequencedictionary,wrapper,
zjnolen/PopGLen,zjnolen/PopGLen,workflow_repo,bio/picard/markduplicates,wrapper,
zjnolen/PopGLen,zjnolen/PopGLen,workflow_repo,bio/samtools/merge,wrapper,
zjnolen/PopGLen,zjnolen/PopGLen,workflow_repo,bio/sra-tools/fasterq-dump,wrapper,
