model_id,source_node,source_type,target_node,target_type,condition
src/main/resources/data/dataset1/Cologne_no_layout.bpmn,sid-321FA3C6-D9DF-46B4-85AC-4E9E7310BCC7,startEvent,sid-B11703D1-08C3-416B-8947-76CE10A27978,task,
src/main/resources/data/dataset1/Cologne_no_layout.bpmn,sid-B11703D1-08C3-416B-8947-76CE10A27978,task,sid-2A61C308-48B4-4C26-9CB3-D489A0BBC1E3,task,
src/main/resources/data/dataset1/Cologne_no_layout.bpmn,sid-2A61C308-48B4-4C26-9CB3-D489A0BBC1E3,task,sid-4C4748D1-DBC6-4155-91C8-F71F3796A768,task,
src/main/resources/data/dataset1/Cologne_no_layout.bpmn,sid-435C2233-B6DF-44D9-B7BF-36461549F53D,parallelGateway,sid-A3568080-F469-4D86-BB96-7A5C48342857,task,
src/main/resources/data/dataset1/Cologne_no_layout.bpmn,sid-435C2233-B6DF-44D9-B7BF-36461549F53D,parallelGateway,sid-F6E821C8-4300-4AA0-B6D1-6BA5D15FA7DE,task,
src/main/resources/data/dataset1/Cologne_no_layout.bpmn,sid-A3568080-F469-4D86-BB96-7A5C48342857,task,sid-EBFCC664-88E4-4A1C-98AB-4CDC6394D1C8,parallelGateway,
src/main/resources/data/dataset1/Cologne_no_layout.bpmn,sid-F6E821C8-4300-4AA0-B6D1-6BA5D15FA7DE,task,sid-EBFCC664-88E4-4A1C-98AB-4CDC6394D1C8,parallelGateway,
src/main/resources/data/dataset1/Cologne_no_layout.bpmn,sid-4C4748D1-DBC6-4155-91C8-F71F3796A768,task,sid-521803CC-D6CB-4D35-96B4-15506606ED69,exclusiveGateway,
src/main/resources/data/dataset1/Cologne_no_layout.bpmn,sid-521803CC-D6CB-4D35-96B4-15506606ED69,exclusiveGateway,sid-435C2233-B6DF-44D9-B7BF-36461549F53D,parallelGateway,
src/main/resources/data/dataset1/Cologne_no_layout.bpmn,sid-EBFCC664-88E4-4A1C-98AB-4CDC6394D1C8,parallelGateway,sid-11FBC760-4A87-41FD-8F9F-208E733E7D3C,exclusiveGateway,
src/main/resources/data/dataset1/Cologne_no_layout.bpmn,sid-521803CC-D6CB-4D35-96B4-15506606ED69,exclusiveGateway,sid-11FBC760-4A87-41FD-8F9F-208E733E7D3C,exclusiveGateway,
src/main/resources/data/dataset1/Cologne_no_layout.bpmn,sid-11FBC760-4A87-41FD-8F9F-208E733E7D3C,exclusiveGateway,sid-DF0BF153-C7B8-47A6-9436-2217B6A02FB9,task,
src/main/resources/data/dataset1/Cologne_no_layout.bpmn,sid-DF0BF153-C7B8-47A6-9436-2217B6A02FB9,task,sid-91F2DA29-96C0-431D-B3F6-5E9C53B3EAB0,eventBasedGateway,
src/main/resources/data/dataset1/Cologne_no_layout.bpmn,sid-91F2DA29-96C0-431D-B3F6-5E9C53B3EAB0,eventBasedGateway,sid-FF649B0C-30F0-4E43-9BEC-02E1B22AA554,intermediateCatchEvent,
src/main/resources/data/dataset1/Cologne_no_layout.bpmn,sid-91F2DA29-96C0-431D-B3F6-5E9C53B3EAB0,eventBasedGateway,sid-8712EF38-01F5-4812-ACB7-8F0EF759F38C,intermediateCatchEvent,
src/main/resources/data/dataset1/Cologne_no_layout.bpmn,sid-FF649B0C-30F0-4E43-9BEC-02E1B22AA554,intermediateCatchEvent,sid-E1B754B8-CD68-4BAD-A98D-0E1093BE66EF,exclusiveGateway,
src/main/resources/data/dataset1/Cologne_no_layout.bpmn,sid-8712EF38-01F5-4812-ACB7-8F0EF759F38C,intermediateCatchEvent,sid-E1B754B8-CD68-4BAD-A98D-0E1093BE66EF,exclusiveGateway,
src/main/resources/data/dataset1/Cologne_no_layout.bpmn,sid-E1B754B8-CD68-4BAD-A98D-0E1093BE66EF,exclusiveGateway,sid-01574AFD-EC38-403C-8733-445D2455CA33,endEvent,
src/main/resources/data/dataset1/Cologne_no_layout.bpmn,sid-F9ECE62B-5298-4EFD-A35C-453E9DEBF1DA,exclusiveGateway,sid-7657E804-205F-446E-A919-FE7008355206,task,
src/main/resources/data/dataset1/Cologne_no_layout.bpmn,sid-F9ECE62B-5298-4EFD-A35C-453E9DEBF1DA,exclusiveGateway,sid-257EB9F2-1203-4F54-8E2E-43FE6ABA096E,task,
src/main/resources/data/dataset1/Cologne_no_layout.bpmn,sid-7657E804-205F-446E-A919-FE7008355206,task,sid-F305E07B-5093-44D6-85E7-A243FC6CFD54,exclusiveGateway,
src/main/resources/data/dataset1/Cologne_no_layout.bpmn,sid-B41B5C8F-D1D5-4641-943B-DB396FD69D0B,task,sid-885F9233-8A3A-470C-90D9-FA7F483D69CA,task,
src/main/resources/data/dataset1/Cologne_no_layout.bpmn,sid-885F9233-8A3A-470C-90D9-FA7F483D69CA,task,sid-F9ECE62B-5298-4EFD-A35C-453E9DEBF1DA,exclusiveGateway,
src/main/resources/data/dataset1/Cologne_no_layout.bpmn,sid-D4F6E283-16FB-458A-830A-03336924C1D2,task,sid-AAB2EB07-C773-4B25-80B2-C5153B2F2AAA,exclusiveGateway,
src/main/resources/data/dataset1/Cologne_no_layout.bpmn,sid-AAB2EB07-C773-4B25-80B2-C5153B2F2AAA,exclusiveGateway,sid-50620B60-4F01-4DFD-8EB8-BBCAAECE6026,task,
src/main/resources/data/dataset1/Cologne_no_layout.bpmn,sid-50620B60-4F01-4DFD-8EB8-BBCAAECE6026,task,sid-EDA347BD-B66E-45E3-9F18-1782FC618F31,exclusiveGateway,
src/main/resources/data/dataset1/Cologne_no_layout.bpmn,sid-EDA347BD-B66E-45E3-9F18-1782FC618F31,exclusiveGateway,sid-422C6AE3-ACB5-4801-B6D1-C2A5495EF03D,endEvent,
src/main/resources/data/dataset1/Cologne_no_layout.bpmn,sid-B91C87CE-C2CD-4CEF-B652-B83414A123D7,startEvent,sid-B41B5C8F-D1D5-4641-943B-DB396FD69D0B,task,
src/main/resources/data/dataset1/Cologne_no_layout.bpmn,sid-257EB9F2-1203-4F54-8E2E-43FE6ABA096E,task,sid-F305E07B-5093-44D6-85E7-A243FC6CFD54,exclusiveGateway,
src/main/resources/data/dataset1/Cologne_no_layout.bpmn,sid-F305E07B-5093-44D6-85E7-A243FC6CFD54,exclusiveGateway,sid-D4F6E283-16FB-458A-830A-03336924C1D2,task,
src/main/resources/data/dataset1/Cologne_no_layout.bpmn,sid-AAB2EB07-C773-4B25-80B2-C5153B2F2AAA,exclusiveGateway,sid-400B2392-557D-41E3-AD14-C95E3B135E45,task,
src/main/resources/data/dataset1/Cologne_no_layout.bpmn,sid-400B2392-557D-41E3-AD14-C95E3B135E45,task,sid-EDA347BD-B66E-45E3-9F18-1782FC618F31,exclusiveGateway,
src/main/resources/data/dataset1/many2one.bpmn,StartEvent_1,startEvent,Task_0339o94,task,
src/main/resources/data/dataset1/many2one.bpmn,Task_0339o94,task,ExclusiveGateway_1pzts6x,parallelGateway,
src/main/resources/data/dataset1/many2one.bpmn,ExclusiveGateway_1pzts6x,parallelGateway,Task_0r092co,task,
src/main/resources/data/dataset1/many2one.bpmn,ExclusiveGateway_1pzts6x,parallelGateway,Task_18u4z43,task,
src/main/resources/data/dataset1/many2one.bpmn,ExclusiveGateway_1pzts6x,parallelGateway,Task_181vtgm,task,
src/main/resources/data/dataset1/many2one.bpmn,Task_0r092co,task,ExclusiveGateway_0tsvqhc,parallelGateway,
src/main/resources/data/dataset1/many2one.bpmn,Task_18u4z43,task,ExclusiveGateway_0tsvqhc,parallelGateway,
src/main/resources/data/dataset1/many2one.bpmn,Task_181vtgm,task,ExclusiveGateway_0tsvqhc,parallelGateway,
src/main/resources/data/dataset1/many2one.bpmn,ExclusiveGateway_0tsvqhc,parallelGateway,Task_0z18rqq,task,
src/main/resources/data/dataset1/many2one.bpmn,Task_0z18rqq,task,EndEvent_0zp939k,endEvent,
src/main/resources/data/dataset1/models/Cologne.bpmn,sid-321FA3C6-D9DF-46B4-85AC-4E9E7310BCC7,startEvent,sid-B11703D1-08C3-416B-8947-76CE10A27978,task,
src/main/resources/data/dataset1/models/Cologne.bpmn,sid-B11703D1-08C3-416B-8947-76CE10A27978,task,sid-2A61C308-48B4-4C26-9CB3-D489A0BBC1E3,task,
src/main/resources/data/dataset1/models/Cologne.bpmn,sid-2A61C308-48B4-4C26-9CB3-D489A0BBC1E3,task,sid-4C4748D1-DBC6-4155-91C8-F71F3796A768,task,
src/main/resources/data/dataset1/models/Cologne.bpmn,sid-435C2233-B6DF-44D9-B7BF-36461549F53D,parallelGateway,sid-A3568080-F469-4D86-BB96-7A5C48342857,task,
src/main/resources/data/dataset1/models/Cologne.bpmn,sid-435C2233-B6DF-44D9-B7BF-36461549F53D,parallelGateway,sid-F6E821C8-4300-4AA0-B6D1-6BA5D15FA7DE,task,
src/main/resources/data/dataset1/models/Cologne.bpmn,sid-A3568080-F469-4D86-BB96-7A5C48342857,task,sid-EBFCC664-88E4-4A1C-98AB-4CDC6394D1C8,parallelGateway,
src/main/resources/data/dataset1/models/Cologne.bpmn,sid-F6E821C8-4300-4AA0-B6D1-6BA5D15FA7DE,task,sid-EBFCC664-88E4-4A1C-98AB-4CDC6394D1C8,parallelGateway,
src/main/resources/data/dataset1/models/Cologne.bpmn,sid-4C4748D1-DBC6-4155-91C8-F71F3796A768,task,sid-521803CC-D6CB-4D35-96B4-15506606ED69,exclusiveGateway,
src/main/resources/data/dataset1/models/Cologne.bpmn,sid-521803CC-D6CB-4D35-96B4-15506606ED69,exclusiveGateway,sid-435C2233-B6DF-44D9-B7BF-36461549F53D,parallelGateway,
src/main/resources/data/dataset1/models/Cologne.bpmn,sid-EBFCC664-88E4-4A1C-98AB-4CDC6394D1C8,parallelGateway,sid-11FBC760-4A87-41FD-8F9F-208E733E7D3C,exclusiveGateway,
src/main/resources/data/dataset1/models/Cologne.bpmn,sid-521803CC-D6CB-4D35-96B4-15506606ED69,exclusiveGateway,sid-11FBC760-4A87-41FD-8F9F-208E733E7D3C,exclusiveGateway,
src/main/resources/data/dataset1/models/Cologne.bpmn,sid-11FBC760-4A87-41FD-8F9F-208E733E7D3C,exclusiveGateway,sid-DF0BF153-C7B8-47A6-9436-2217B6A02FB9,task,
src/main/resources/data/dataset1/models/Cologne.bpmn,sid-DF0BF153-C7B8-47A6-9436-2217B6A02FB9,task,sid-91F2DA29-96C0-431D-B3F6-5E9C53B3EAB0,eventBasedGateway,
src/main/resources/data/dataset1/models/Cologne.bpmn,sid-91F2DA29-96C0-431D-B3F6-5E9C53B3EAB0,eventBasedGateway,sid-FF649B0C-30F0-4E43-9BEC-02E1B22AA554,intermediateCatchEvent,
src/main/resources/data/dataset1/models/Cologne.bpmn,sid-91F2DA29-96C0-431D-B3F6-5E9C53B3EAB0,eventBasedGateway,sid-8712EF38-01F5-4812-ACB7-8F0EF759F38C,intermediateCatchEvent,
src/main/resources/data/dataset1/models/Cologne.bpmn,sid-FF649B0C-30F0-4E43-9BEC-02E1B22AA554,intermediateCatchEvent,sid-E1B754B8-CD68-4BAD-A98D-0E1093BE66EF,exclusiveGateway,
src/main/resources/data/dataset1/models/Cologne.bpmn,sid-8712EF38-01F5-4812-ACB7-8F0EF759F38C,intermediateCatchEvent,sid-E1B754B8-CD68-4BAD-A98D-0E1093BE66EF,exclusiveGateway,
src/main/resources/data/dataset1/models/Cologne.bpmn,sid-E1B754B8-CD68-4BAD-A98D-0E1093BE66EF,exclusiveGateway,sid-01574AFD-EC38-403C-8733-445D2455CA33,endEvent,
src/main/resources/data/dataset1/models/Cologne.bpmn,sid-F9ECE62B-5298-4EFD-A35C-453E9DEBF1DA,exclusiveGateway,sid-7657E804-205F-446E-A919-FE7008355206,task,
src/main/resources/data/dataset1/models/Cologne.bpmn,sid-F9ECE62B-5298-4EFD-A35C-453E9DEBF1DA,exclusiveGateway,sid-257EB9F2-1203-4F54-8E2E-43FE6ABA096E,task,
src/main/resources/data/dataset1/models/Cologne.bpmn,sid-7657E804-205F-446E-A919-FE7008355206,task,sid-F305E07B-5093-44D6-85E7-A243FC6CFD54,exclusiveGateway,
src/main/resources/data/dataset1/models/Cologne.bpmn,sid-B41B5C8F-D1D5-4641-943B-DB396FD69D0B,task,sid-885F9233-8A3A-470C-90D9-FA7F483D69CA,task,
src/main/resources/data/dataset1/models/Cologne.bpmn,sid-885F9233-8A3A-470C-90D9-FA7F483D69CA,task,sid-F9ECE62B-5298-4EFD-A35C-453E9DEBF1DA,exclusiveGateway,
src/main/resources/data/dataset1/models/Cologne.bpmn,sid-D4F6E283-16FB-458A-830A-03336924C1D2,task,sid-AAB2EB07-C773-4B25-80B2-C5153B2F2AAA,exclusiveGateway,
src/main/resources/data/dataset1/models/Cologne.bpmn,sid-AAB2EB07-C773-4B25-80B2-C5153B2F2AAA,exclusiveGateway,sid-50620B60-4F01-4DFD-8EB8-BBCAAECE6026,task,
src/main/resources/data/dataset1/models/Cologne.bpmn,sid-50620B60-4F01-4DFD-8EB8-BBCAAECE6026,task,sid-EDA347BD-B66E-45E3-9F18-1782FC618F31,exclusiveGateway,
src/main/resources/data/dataset1/models/Cologne.bpmn,sid-EDA347BD-B66E-45E3-9F18-1782FC618F31,exclusiveGateway,sid-422C6AE3-ACB5-4801-B6D1-C2A5495EF03D,endEvent,
src/main/resources/data/dataset1/models/Cologne.bpmn,sid-B91C87CE-C2CD-4CEF-B652-B83414A123D7,startEvent,sid-B41B5C8F-D1D5-4641-943B-DB396FD69D0B,task,
src/main/resources/data/dataset1/models/Cologne.bpmn,sid-257EB9F2-1203-4F54-8E2E-43FE6ABA096E,task,sid-F305E07B-5093-44D6-85E7-A243FC6CFD54,exclusiveGateway,
src/main/resources/data/dataset1/models/Cologne.bpmn,sid-F305E07B-5093-44D6-85E7-A243FC6CFD54,exclusiveGateway,sid-D4F6E283-16FB-458A-830A-03336924C1D2,task,
src/main/resources/data/dataset1/models/Cologne.bpmn,sid-AAB2EB07-C773-4B25-80B2-C5153B2F2AAA,exclusiveGateway,sid-400B2392-557D-41E3-AD14-C95E3B135E45,task,
src/main/resources/data/dataset1/models/Cologne.bpmn,sid-400B2392-557D-41E3-AD14-C95E3B135E45,task,sid-EDA347BD-B66E-45E3-9F18-1782FC618F31,exclusiveGateway,
src/main/resources/data/dataset1/models/FU_Berlin.bpmn,sid-9A65FD49-6403-457D-9C83-F96DD7B2451B,parallelGateway,sid-D870966A-1714-46FD-A32E-DE8D32F6F111,task,
src/main/resources/data/dataset1/models/FU_Berlin.bpmn,sid-9A65FD49-6403-457D-9C83-F96DD7B2451B,parallelGateway,sid-8FEB2C82-D8BE-4C3B-892E-2259C76329B3,task,
src/main/resources/data/dataset1/models/FU_Berlin.bpmn,sid-D870966A-1714-46FD-A32E-DE8D32F6F111,task,sid-3D70AE85-8D3B-4AEC-A493-B2141D2C2C42,parallelGateway,
src/main/resources/data/dataset1/models/FU_Berlin.bpmn,sid-8FEB2C82-D8BE-4C3B-892E-2259C76329B3,task,sid-3D70AE85-8D3B-4AEC-A493-B2141D2C2C42,parallelGateway,
src/main/resources/data/dataset1/models/FU_Berlin.bpmn,sid-3D70AE85-8D3B-4AEC-A493-B2141D2C2C42,parallelGateway,sid-3E692DD1-4791-4433-BF07-42EB367D9E89,exclusiveGateway,
src/main/resources/data/dataset1/models/FU_Berlin.bpmn,sid-3E692DD1-4791-4433-BF07-42EB367D9E89,exclusiveGateway,sid-3F0D094B-1A34-41E6-A506-54B5EA5939BC,task,
src/main/resources/data/dataset1/models/FU_Berlin.bpmn,sid-E8AD3C41-2A2F-47FA-879A-648F728C4D17,task,sid-FF0EE32C-8502-4C6E-8195-3AC98AD69D19,exclusiveGateway,
src/main/resources/data/dataset1/models/FU_Berlin.bpmn,sid-C8972681-3E1C-408F-8595-59226D48CF52,task,sid-EF11E3A2-82B3-4A49-9746-BC177544660E,exclusiveGateway,
src/main/resources/data/dataset1/models/FU_Berlin.bpmn,sid-EF11E3A2-82B3-4A49-9746-BC177544660E,exclusiveGateway,sid-3572686C-9AEC-4B27-85AC-6A1F1C28883C,task,
src/main/resources/data/dataset1/models/FU_Berlin.bpmn,sid-3572686C-9AEC-4B27-85AC-6A1F1C28883C,task,sid-44151813-3081-4DA9-B8F8-4657F7CA39FD,exclusiveGateway,
src/main/resources/data/dataset1/models/FU_Berlin.bpmn,sid-06E1C87D-D774-4427-A288-8B143E08E392,task,sid-4C4F7701-49EF-41A8-946A-88EF52B17794,task,
src/main/resources/data/dataset1/models/FU_Berlin.bpmn,sid-4C4F7701-49EF-41A8-946A-88EF52B17794,task,sid-9D9B9D3B-B540-465D-9CAC-AFE4A96DE279,task,
src/main/resources/data/dataset1/models/FU_Berlin.bpmn,sid-9D9B9D3B-B540-465D-9CAC-AFE4A96DE279,task,sid-DB1169F0-5D3C-4463-9A95-B77636938DB3,task,
src/main/resources/data/dataset1/models/FU_Berlin.bpmn,sid-DB1169F0-5D3C-4463-9A95-B77636938DB3,task,sid-159F8867-2DFD-461D-A73A-5E9FEA6837BE,exclusiveGateway,
src/main/resources/data/dataset1/models/FU_Berlin.bpmn,sid-3175E9DC-C1B0-40B3-8A44-1011CCE6F0DE,exclusiveGateway,sid-C7F816A3-51CD-4003-959F-D7334F288544,task,
src/main/resources/data/dataset1/models/FU_Berlin.bpmn,sid-584F1F3E-3CB2-47EE-811F-C1B7261F9EEC,exclusiveGateway,sid-110728C7-A18D-4D6E-9468-19E1A2524ED5,task,
src/main/resources/data/dataset1/models/FU_Berlin.bpmn,sid-FF0EE32C-8502-4C6E-8195-3AC98AD69D19,exclusiveGateway,sid-C8972681-3E1C-408F-8595-59226D48CF52,task,
src/main/resources/data/dataset1/models/FU_Berlin.bpmn,sid-44151813-3081-4DA9-B8F8-4657F7CA39FD,exclusiveGateway,sid-584F1F3E-3CB2-47EE-811F-C1B7261F9EEC,exclusiveGateway,
src/main/resources/data/dataset1/models/FU_Berlin.bpmn,sid-159F8867-2DFD-461D-A73A-5E9FEA6837BE,exclusiveGateway,sid-584F1F3E-3CB2-47EE-811F-C1B7261F9EEC,exclusiveGateway,
src/main/resources/data/dataset1/models/FU_Berlin.bpmn,sid-B1ED0E40-6C5F-46A1-AC8A-24FF4796CECB,startEvent,sid-9A65FD49-6403-457D-9C83-F96DD7B2451B,parallelGateway,
src/main/resources/data/dataset1/models/FU_Berlin.bpmn,sid-3E692DD1-4791-4433-BF07-42EB367D9E89,exclusiveGateway,sid-3175E9DC-C1B0-40B3-8A44-1011CCE6F0DE,exclusiveGateway,
src/main/resources/data/dataset1/models/FU_Berlin.bpmn,sid-3F0D094B-1A34-41E6-A506-54B5EA5939BC,task,sid-E8AD3C41-2A2F-47FA-879A-648F728C4D17,task,
src/main/resources/data/dataset1/models/FU_Berlin.bpmn,sid-110728C7-A18D-4D6E-9468-19E1A2524ED5,task,sid-CD73DC9E-786E-464D-B7BE-E785AD8FC2BD,exclusiveGateway,
src/main/resources/data/dataset1/models/FU_Berlin.bpmn,sid-C7F816A3-51CD-4003-959F-D7334F288544,task,sid-CD73DC9E-786E-464D-B7BE-E785AD8FC2BD,exclusiveGateway,
src/main/resources/data/dataset1/models/FU_Berlin.bpmn,sid-CD73DC9E-786E-464D-B7BE-E785AD8FC2BD,exclusiveGateway,sid-D7AE1C5C-ACB4-44B0-BAD0-8910612B76C3,endEvent,
src/main/resources/data/dataset1/models/FU_Berlin.bpmn,sid-FF0EE32C-8502-4C6E-8195-3AC98AD69D19,exclusiveGateway,sid-EF11E3A2-82B3-4A49-9746-BC177544660E,exclusiveGateway,
src/main/resources/data/dataset1/models/FU_Berlin.bpmn,sid-44151813-3081-4DA9-B8F8-4657F7CA39FD,exclusiveGateway,sid-06E1C87D-D774-4427-A288-8B143E08E392,task,
src/main/resources/data/dataset1/models/FU_Berlin.bpmn,sid-159F8867-2DFD-461D-A73A-5E9FEA6837BE,exclusiveGateway,sid-3175E9DC-C1B0-40B3-8A44-1011CCE6F0DE,exclusiveGateway,
src/main/resources/data/dataset1/models/FU_Berlin.bpmn,sid-FF0EE32C-8502-4C6E-8195-3AC98AD69D19,exclusiveGateway,sid-3175E9DC-C1B0-40B3-8A44-1011CCE6F0DE,exclusiveGateway,
src/main/resources/data/dataset1/models/FU_Berlin.bpmn,sid-4A630293-416D-4F7C-AE94-5339E756F16E,parallelGateway,sid-0808AB0B-C7D9-4CE3-9CEE-16F184F8A6EF,task,
src/main/resources/data/dataset1/models/FU_Berlin.bpmn,sid-763D7DE3-1ADD-404F-92AB-3B3AF0A449AC,startEvent,sid-B6AB9BD8-F756-41D5-9C17-8E03673B22CC,task,
src/main/resources/data/dataset1/models/FU_Berlin.bpmn,sid-B6AB9BD8-F756-41D5-9C17-8E03673B22CC,task,sid-4A630293-416D-4F7C-AE94-5339E756F16E,parallelGateway,
src/main/resources/data/dataset1/models/FU_Berlin.bpmn,sid-4A630293-416D-4F7C-AE94-5339E756F16E,parallelGateway,sid-890CC5F9-3B28-4110-9018-1423B4D2DEBF,task,
src/main/resources/data/dataset1/models/FU_Berlin.bpmn,sid-4A630293-416D-4F7C-AE94-5339E756F16E,parallelGateway,sid-36C73AB9-4DC6-4E9C-A098-8A3274ACF1A4,exclusiveGateway,
src/main/resources/data/dataset1/models/FU_Berlin.bpmn,sid-36C73AB9-4DC6-4E9C-A098-8A3274ACF1A4,exclusiveGateway,sid-39052081-B4CE-4F1A-89CD-22BD3C7BD282,task,
src/main/resources/data/dataset1/models/FU_Berlin.bpmn,sid-36C73AB9-4DC6-4E9C-A098-8A3274ACF1A4,exclusiveGateway,sid-6FFB5838-379F-4C79-9709-2D5A5028E53D,exclusiveGateway,
src/main/resources/data/dataset1/models/FU_Berlin.bpmn,sid-39052081-B4CE-4F1A-89CD-22BD3C7BD282,task,sid-6FFB5838-379F-4C79-9709-2D5A5028E53D,exclusiveGateway,
src/main/resources/data/dataset1/models/FU_Berlin.bpmn,sid-6FFB5838-379F-4C79-9709-2D5A5028E53D,exclusiveGateway,sid-E46A038D-8122-4432-9AAC-41349D58EA07,parallelGateway,
src/main/resources/data/dataset1/models/FU_Berlin.bpmn,sid-890CC5F9-3B28-4110-9018-1423B4D2DEBF,task,sid-E46A038D-8122-4432-9AAC-41349D58EA07,parallelGateway,
src/main/resources/data/dataset1/models/FU_Berlin.bpmn,sid-0808AB0B-C7D9-4CE3-9CEE-16F184F8A6EF,task,sid-E46A038D-8122-4432-9AAC-41349D58EA07,parallelGateway,
src/main/resources/data/dataset1/models/FU_Berlin.bpmn,sid-E46A038D-8122-4432-9AAC-41349D58EA07,parallelGateway,sid-8CD99AE0-12FB-4062-AEDC-AA4457745B90,task,
src/main/resources/data/dataset1/models/FU_Berlin.bpmn,sid-DBE82358-A50E-45CA-AB6B-F0EF44F8B668,task,sid-DE9CF07D-82A8-441D-91E7-CDB2C718E87B,exclusiveGateway,
src/main/resources/data/dataset1/models/FU_Berlin.bpmn,sid-B7F2DD16-6741-4CB0-BFF4-42A20B9731FC,task,sid-DBE82358-A50E-45CA-AB6B-F0EF44F8B668,task,
src/main/resources/data/dataset1/models/FU_Berlin.bpmn,sid-40E8C5AF-D744-4471-A64D-96313973FB7E,task,sid-DE9CF07D-82A8-441D-91E7-CDB2C718E87B,exclusiveGateway,
src/main/resources/data/dataset1/models/FU_Berlin.bpmn,sid-DE9CF07D-82A8-441D-91E7-CDB2C718E87B,exclusiveGateway,sid-362F322E-45E5-401A-B408-23B250540876,endEvent,
src/main/resources/data/dataset1/models/FU_Berlin.bpmn,sid-A93755C2-BBC7-4F6F-BE4F-3D5CB0207242,exclusiveGateway,sid-BFBA010C-0F58-4883-B428-A7FE60EBB720,intermediateCatchEvent,
src/main/resources/data/dataset1/models/FU_Berlin.bpmn,sid-BFBA010C-0F58-4883-B428-A7FE60EBB720,intermediateCatchEvent,sid-9C365BD2-58D0-443D-9FD4-AC287BF377F6,task,
src/main/resources/data/dataset1/models/FU_Berlin.bpmn,sid-9C365BD2-58D0-443D-9FD4-AC287BF377F6,task,sid-E5E26433-B84F-41AF-A8F4-F6076B0F65A4,exclusiveGateway,
src/main/resources/data/dataset1/models/FU_Berlin.bpmn,sid-E5E26433-B84F-41AF-A8F4-F6076B0F65A4,exclusiveGateway,sid-F13D3467-999C-4254-8FC3-2AB623138600,exclusiveGateway,
src/main/resources/data/dataset1/models/FU_Berlin.bpmn,sid-E5E26433-B84F-41AF-A8F4-F6076B0F65A4,exclusiveGateway,sid-A4709442-8D11-4E2C-A956-FEDF0AE6641B,exclusiveGateway,
src/main/resources/data/dataset1/models/FU_Berlin.bpmn,sid-A93755C2-BBC7-4F6F-BE4F-3D5CB0207242,exclusiveGateway,sid-F13D3467-999C-4254-8FC3-2AB623138600,exclusiveGateway,
src/main/resources/data/dataset1/models/FU_Berlin.bpmn,sid-F13D3467-999C-4254-8FC3-2AB623138600,exclusiveGateway,sid-40E8C5AF-D744-4471-A64D-96313973FB7E,task,
src/main/resources/data/dataset1/models/FU_Berlin.bpmn,sid-A93755C2-BBC7-4F6F-BE4F-3D5CB0207242,exclusiveGateway,sid-A4709442-8D11-4E2C-A956-FEDF0AE6641B,exclusiveGateway,
src/main/resources/data/dataset1/models/FU_Berlin.bpmn,sid-A4709442-8D11-4E2C-A956-FEDF0AE6641B,exclusiveGateway,sid-B7F2DD16-6741-4CB0-BFF4-42A20B9731FC,task,
src/main/resources/data/dataset1/models/FU_Berlin.bpmn,sid-8CD99AE0-12FB-4062-AEDC-AA4457745B90,task,sid-A93755C2-BBC7-4F6F-BE4F-3D5CB0207242,exclusiveGateway,
src/main/resources/data/dataset1/models/Frankfurt.bpmn,sid-ADD682EC-3708-48C9-B271-FD15F17C58F0,startEvent,sid-6952982C-0D18-4456-93A2-B60B5B3BA047,task,
src/main/resources/data/dataset1/models/Frankfurt.bpmn,sid-6952982C-0D18-4456-93A2-B60B5B3BA047,task,sid-234E99B4-0E97-4770-B2CF-AD0DACDF6888,task,
src/main/resources/data/dataset1/models/Frankfurt.bpmn,sid-D9DD3286-4567-4496-B76F-9524D6E26F74,exclusiveGateway,sid-F8721ADF-795E-4C7B-948F-5ED530B82492,intermediateCatchEvent,
src/main/resources/data/dataset1/models/Frankfurt.bpmn,sid-234E99B4-0E97-4770-B2CF-AD0DACDF6888,task,sid-58F17951-0C3A-4F0B-AA1F-8DF389EF4B40,exclusiveGateway,
src/main/resources/data/dataset1/models/Frankfurt.bpmn,sid-0FB8FB77-B1AF-4D8C-A203-3730AA67E6A4,task,sid-FDE49817-6778-497E-9DAF-C4B8D4BE5766,exclusiveGateway,
src/main/resources/data/dataset1/models/Frankfurt.bpmn,sid-58F17951-0C3A-4F0B-AA1F-8DF389EF4B40,exclusiveGateway,sid-0FB8FB77-B1AF-4D8C-A203-3730AA67E6A4,task,
src/main/resources/data/dataset1/models/Frankfurt.bpmn,sid-FDE49817-6778-497E-9DAF-C4B8D4BE5766,exclusiveGateway,sid-B296B105-D85C-47FE-A200-50F7C64E65CF,task,
src/main/resources/data/dataset1/models/Frankfurt.bpmn,sid-B296B105-D85C-47FE-A200-50F7C64E65CF,task,sid-732F12B0-6350-4614-B374-F2332F5E7CC4,eventBasedGateway,
src/main/resources/data/dataset1/models/Frankfurt.bpmn,sid-732F12B0-6350-4614-B374-F2332F5E7CC4,eventBasedGateway,sid-6C177C18-D980-435B-AC7A-75C5A274BBE7,intermediateCatchEvent,
src/main/resources/data/dataset1/models/Frankfurt.bpmn,sid-732F12B0-6350-4614-B374-F2332F5E7CC4,eventBasedGateway,sid-56CF457C-E58D-4519-AD80-5EDE6DD9E302,intermediateCatchEvent,
src/main/resources/data/dataset1/models/Frankfurt.bpmn,sid-732F12B0-6350-4614-B374-F2332F5E7CC4,eventBasedGateway,sid-445A78A6-1CA7-40BF-B7BF-B8CCCAAEF703,intermediateCatchEvent,
src/main/resources/data/dataset1/models/Frankfurt.bpmn,sid-6C177C18-D980-435B-AC7A-75C5A274BBE7,intermediateCatchEvent,sid-66591B2F-F075-4F41-84CF-13A13B315189,task,
src/main/resources/data/dataset1/models/Frankfurt.bpmn,sid-66591B2F-F075-4F41-84CF-13A13B315189,task,sid-2F605FEA-CFEA-443C-8787-D5D523BA1F84,intermediateCatchEvent,
src/main/resources/data/dataset1/models/Frankfurt.bpmn,sid-2F605FEA-CFEA-443C-8787-D5D523BA1F84,intermediateCatchEvent,sid-E78FA99D-E060-476F-B663-312E3503890F,task,
src/main/resources/data/dataset1/models/Frankfurt.bpmn,sid-E78FA99D-E060-476F-B663-312E3503890F,task,sid-D9DD3286-4567-4496-B76F-9524D6E26F74,exclusiveGateway,
src/main/resources/data/dataset1/models/Frankfurt.bpmn,sid-F8721ADF-795E-4C7B-948F-5ED530B82492,intermediateCatchEvent,sid-C07C865B-6407-4469-A70C-7532977E3C4B,intermediateCatchEvent,
src/main/resources/data/dataset1/models/Frankfurt.bpmn,sid-D9DD3286-4567-4496-B76F-9524D6E26F74,exclusiveGateway,sid-C2288BE1-52A0-40D8-9C62-4521FD4FFDC1,intermediateCatchEvent,
src/main/resources/data/dataset1/models/Frankfurt.bpmn,sid-C2288BE1-52A0-40D8-9C62-4521FD4FFDC1,intermediateCatchEvent,sid-DC50F673-8DC0-46AE-AAAD-A31A7E02D1F8,exclusiveGateway,
src/main/resources/data/dataset1/models/Frankfurt.bpmn,sid-C07C865B-6407-4469-A70C-7532977E3C4B,intermediateCatchEvent,sid-DC50F673-8DC0-46AE-AAAD-A31A7E02D1F8,exclusiveGateway,
src/main/resources/data/dataset1/models/Frankfurt.bpmn,sid-DC50F673-8DC0-46AE-AAAD-A31A7E02D1F8,exclusiveGateway,sid-2D893722-0AD2-4013-8625-113B0B368A4A,exclusiveGateway,
src/main/resources/data/dataset1/models/Frankfurt.bpmn,sid-445A78A6-1CA7-40BF-B7BF-B8CCCAAEF703,intermediateCatchEvent,sid-2D893722-0AD2-4013-8625-113B0B368A4A,exclusiveGateway,
src/main/resources/data/dataset1/models/Frankfurt.bpmn,sid-56CF457C-E58D-4519-AD80-5EDE6DD9E302,intermediateCatchEvent,sid-2D893722-0AD2-4013-8625-113B0B368A4A,exclusiveGateway,
src/main/resources/data/dataset1/models/Frankfurt.bpmn,sid-2D893722-0AD2-4013-8625-113B0B368A4A,exclusiveGateway,sid-8222F1C9-9A52-4643-89C9-8D2FD634B4FC,endEvent,
src/main/resources/data/dataset1/models/Frankfurt.bpmn,sid-58F17951-0C3A-4F0B-AA1F-8DF389EF4B40,exclusiveGateway,sid-FDE49817-6778-497E-9DAF-C4B8D4BE5766,exclusiveGateway,
src/main/resources/data/dataset1/models/Frankfurt.bpmn,sid-5108D3F6-5D84-4ECB-B826-1A54D3D17B20,task,sid-6B885086-8957-456F-9CD2-FAB0079105AC,exclusiveGateway,
src/main/resources/data/dataset1/models/Frankfurt.bpmn,sid-43925F5A-DAD1-42BD-AC8F-91C80B2E59CE,exclusiveGateway,sid-6A55CE80-9951-465C-B375-41109E798BF7,task,
src/main/resources/data/dataset1/models/Frankfurt.bpmn,sid-6A55CE80-9951-465C-B375-41109E798BF7,task,sid-FFE07FA1-2BFD-42DA-9798-9268408A6922,exclusiveGateway,
src/main/resources/data/dataset1/models/Frankfurt.bpmn,sid-FFE07FA1-2BFD-42DA-9798-9268408A6922,exclusiveGateway,sid-02B39B7C-7C88-4BCC-AD34-FEED3A2D9E42,task,
src/main/resources/data/dataset1/models/Frankfurt.bpmn,sid-FFE07FA1-2BFD-42DA-9798-9268408A6922,exclusiveGateway,sid-F856F1D3-207E-406C-A104-712444AEBD27,task,
src/main/resources/data/dataset1/models/Frankfurt.bpmn,sid-FFE07FA1-2BFD-42DA-9798-9268408A6922,exclusiveGateway,sid-F35D58FD-3344-495B-8646-DAAF7C4167B4,task,
src/main/resources/data/dataset1/models/Frankfurt.bpmn,sid-E076442F-11C4-477F-B2AD-1996636182C2,exclusiveGateway,sid-D50FC0D3-33D1-4CFC-9758-95D48B97F462,endEvent,
src/main/resources/data/dataset1/models/Frankfurt.bpmn,sid-F35D58FD-3344-495B-8646-DAAF7C4167B4,task,sid-615665EB-F5E5-4CD2-BD68-B38C319DEAE1,task,
src/main/resources/data/dataset1/models/Frankfurt.bpmn,sid-615665EB-F5E5-4CD2-BD68-B38C319DEAE1,task,sid-A58AAB48-437F-4F96-9126-BA4140870AE8,intermediateCatchEvent,
src/main/resources/data/dataset1/models/Frankfurt.bpmn,sid-F243A888-9B6B-42BC-A182-1A489EF962CE,startEvent,sid-5108D3F6-5D84-4ECB-B826-1A54D3D17B20,task,
src/main/resources/data/dataset1/models/Frankfurt.bpmn,sid-6B885086-8957-456F-9CD2-FAB0079105AC,exclusiveGateway,sid-64E18B0C-527B-4E00-97A1-DD9A8EA9FEB5,task,
src/main/resources/data/dataset1/models/Frankfurt.bpmn,sid-64E18B0C-527B-4E00-97A1-DD9A8EA9FEB5,task,sid-43925F5A-DAD1-42BD-AC8F-91C80B2E59CE,exclusiveGateway,
src/main/resources/data/dataset1/models/Frankfurt.bpmn,sid-6B885086-8957-456F-9CD2-FAB0079105AC,exclusiveGateway,sid-43925F5A-DAD1-42BD-AC8F-91C80B2E59CE,exclusiveGateway,
src/main/resources/data/dataset1/models/Frankfurt.bpmn,sid-02B39B7C-7C88-4BCC-AD34-FEED3A2D9E42,task,sid-E076442F-11C4-477F-B2AD-1996636182C2,exclusiveGateway,
src/main/resources/data/dataset1/models/Frankfurt.bpmn,sid-F856F1D3-207E-406C-A104-712444AEBD27,task,sid-E076442F-11C4-477F-B2AD-1996636182C2,exclusiveGateway,
src/main/resources/data/dataset1/models/Frankfurt.bpmn,sid-A58AAB48-437F-4F96-9126-BA4140870AE8,intermediateCatchEvent,sid-49E84080-A4FA-4017-BF10-1BD0B878AC4A,task,
src/main/resources/data/dataset1/models/Frankfurt.bpmn,sid-49E84080-A4FA-4017-BF10-1BD0B878AC4A,task,sid-1134553C-216C-432B-8138-E34ABDAAB4E1,exclusiveGateway,
src/main/resources/data/dataset1/models/Frankfurt.bpmn,sid-1134553C-216C-432B-8138-E34ABDAAB4E1,exclusiveGateway,sid-35577374-6299-4B8E-90A5-5D7C1D89477B,task,
src/main/resources/data/dataset1/models/Frankfurt.bpmn,sid-1134553C-216C-432B-8138-E34ABDAAB4E1,exclusiveGateway,sid-55151873-6F3B-47B9-8E13-CC1D36A2D6C6,task,
src/main/resources/data/dataset1/models/Frankfurt.bpmn,sid-55151873-6F3B-47B9-8E13-CC1D36A2D6C6,task,sid-3590CD83-5E47-4CA9-8220-336C8E77DEA0,exclusiveGateway,
src/main/resources/data/dataset1/models/Frankfurt.bpmn,sid-35577374-6299-4B8E-90A5-5D7C1D89477B,task,sid-3590CD83-5E47-4CA9-8220-336C8E77DEA0,exclusiveGateway,
src/main/resources/data/dataset1/models/Frankfurt.bpmn,sid-3590CD83-5E47-4CA9-8220-336C8E77DEA0,exclusiveGateway,sid-E076442F-11C4-477F-B2AD-1996636182C2,exclusiveGateway,
src/main/resources/data/dataset1/models/Hohenheim.bpmn,sid-1EAC4C57-4836-4ED6-9350-63C2DFB7EB2B,startEvent,sid-24D47A96-E6D1-472F-9C6F-24BFBA55CE27,task,
src/main/resources/data/dataset1/models/Hohenheim.bpmn,sid-24D47A96-E6D1-472F-9C6F-24BFBA55CE27,task,sid-F5DF9B8C-3421-4AD8-8E35-862722F230D5,task,
src/main/resources/data/dataset1/models/Hohenheim.bpmn,sid-AE4B14E4-923C-4AE1-AF9F-2B02AEF2A2E0,task,sid-3E77CE95-FBC7-4DB1-8C1E-D4A42D0ECD73,exclusiveGateway,
src/main/resources/data/dataset1/models/Hohenheim.bpmn,sid-3E77CE95-FBC7-4DB1-8C1E-D4A42D0ECD73,exclusiveGateway,sid-3B362D2A-94FE-433F-B46F-E57F6F296CD2,task,
src/main/resources/data/dataset1/models/Hohenheim.bpmn,sid-3E77CE95-FBC7-4DB1-8C1E-D4A42D0ECD73,exclusiveGateway,sid-5F59D760-9062-4ECA-A984-61D03B97FDE6,task,
src/main/resources/data/dataset1/models/Hohenheim.bpmn,sid-1E435901-9A27-452E-9E24-901C20BE71C9,exclusiveGateway,sid-127FF88D-82B1-497C-810F-A233C9815279,task,
src/main/resources/data/dataset1/models/Hohenheim.bpmn,sid-5F59D760-9062-4ECA-A984-61D03B97FDE6,task,sid-1E435901-9A27-452E-9E24-901C20BE71C9,exclusiveGateway,
src/main/resources/data/dataset1/models/Hohenheim.bpmn,sid-3B362D2A-94FE-433F-B46F-E57F6F296CD2,task,sid-1E435901-9A27-452E-9E24-901C20BE71C9,exclusiveGateway,
src/main/resources/data/dataset1/models/Hohenheim.bpmn,sid-187E5054-B47B-44AB-9535-84A310079681,exclusiveGateway,sid-A0F4F7A5-C581-456C-85EE-0EA5E831BBB3,task,
src/main/resources/data/dataset1/models/Hohenheim.bpmn,sid-187E5054-B47B-44AB-9535-84A310079681,exclusiveGateway,sid-6DBC219A-37E9-4A00-BA46-CC730CDC9B75,task,
src/main/resources/data/dataset1/models/Hohenheim.bpmn,sid-187E5054-B47B-44AB-9535-84A310079681,exclusiveGateway,sid-0018F174-AA16-4850-98AB-1FB3C0AE4DA8,task,
src/main/resources/data/dataset1/models/Hohenheim.bpmn,sid-6DBC219A-37E9-4A00-BA46-CC730CDC9B75,task,sid-76EC3699-B839-4B75-AF80-197D104E8181,task,
src/main/resources/data/dataset1/models/Hohenheim.bpmn,sid-76EC3699-B839-4B75-AF80-197D104E8181,task,sid-660B02DE-B63E-4621-AD99-1CA9B0A192E4,exclusiveGateway,
src/main/resources/data/dataset1/models/Hohenheim.bpmn,sid-A0F4F7A5-C581-456C-85EE-0EA5E831BBB3,task,sid-660B02DE-B63E-4621-AD99-1CA9B0A192E4,exclusiveGateway,
src/main/resources/data/dataset1/models/Hohenheim.bpmn,sid-16C5EDE2-242D-446A-B150-5E1A5D3F6ED2,task,sid-BCF30BB0-0BC9-4FE4-9844-7C59AAEC9232,exclusiveGateway,
src/main/resources/data/dataset1/models/Hohenheim.bpmn,sid-660B02DE-B63E-4621-AD99-1CA9B0A192E4,exclusiveGateway,sid-16C5EDE2-242D-446A-B150-5E1A5D3F6ED2,task,
src/main/resources/data/dataset1/models/Hohenheim.bpmn,sid-0018F174-AA16-4850-98AB-1FB3C0AE4DA8,task,sid-BCF30BB0-0BC9-4FE4-9844-7C59AAEC9232,exclusiveGateway,
src/main/resources/data/dataset1/models/Hohenheim.bpmn,sid-BCF30BB0-0BC9-4FE4-9844-7C59AAEC9232,exclusiveGateway,sid-680BA0E5-EFA2-49BA-B860-3372FC768817,endEvent,
src/main/resources/data/dataset1/models/Hohenheim.bpmn,sid-F5DF9B8C-3421-4AD8-8E35-862722F230D5,task,sid-AE4B14E4-923C-4AE1-AF9F-2B02AEF2A2E0,task,
src/main/resources/data/dataset1/models/Hohenheim.bpmn,sid-127FF88D-82B1-497C-810F-A233C9815279,task,sid-EA76CC8B-DB97-46CB-A2A0-5F44667C8B2E,task,
src/main/resources/data/dataset1/models/Hohenheim.bpmn,sid-EA76CC8B-DB97-46CB-A2A0-5F44667C8B2E,task,sid-187E5054-B47B-44AB-9535-84A310079681,exclusiveGateway,
src/main/resources/data/dataset1/models/Hohenheim.bpmn,sid-11376430-8BD2-40A7-82AB-FD1004325874,task,sid-A97AE491-6B19-4324-BD17-C20A427A542D,parallelGateway,
src/main/resources/data/dataset1/models/Hohenheim.bpmn,sid-A97AE491-6B19-4324-BD17-C20A427A542D,parallelGateway,sid-BEB61ACC-4977-43FF-BA82-A8D400C1FDB3,task,
src/main/resources/data/dataset1/models/Hohenheim.bpmn,sid-A97AE491-6B19-4324-BD17-C20A427A542D,parallelGateway,sid-DB4C0A6E-9FFA-4DA6-9DBA-94407BADD758,task,
src/main/resources/data/dataset1/models/Hohenheim.bpmn,sid-BEB61ACC-4977-43FF-BA82-A8D400C1FDB3,task,sid-FAD5B123-D649-46C9-B694-C6D266C5CFFE,parallelGateway,
src/main/resources/data/dataset1/models/Hohenheim.bpmn,sid-DB4C0A6E-9FFA-4DA6-9DBA-94407BADD758,task,sid-FAD5B123-D649-46C9-B694-C6D266C5CFFE,parallelGateway,
src/main/resources/data/dataset1/models/Hohenheim.bpmn,sid-FAD5B123-D649-46C9-B694-C6D266C5CFFE,parallelGateway,sid-F2FECD0C-E424-4F07-AB6B-EED3E237E56F,exclusiveGateway,
src/main/resources/data/dataset1/models/Hohenheim.bpmn,sid-F2FECD0C-E424-4F07-AB6B-EED3E237E56F,exclusiveGateway,sid-F53E1042-76C5-4315-B652-DB962450B711,task,
src/main/resources/data/dataset1/models/Hohenheim.bpmn,sid-F2FECD0C-E424-4F07-AB6B-EED3E237E56F,exclusiveGateway,sid-0B43A1DC-9CD7-4082-82F3-B012CAF55B53,task,
src/main/resources/data/dataset1/models/Hohenheim.bpmn,sid-F2FECD0C-E424-4F07-AB6B-EED3E237E56F,exclusiveGateway,sid-27040690-579E-40A1-AC4E-2EBD869C1E60,task,
src/main/resources/data/dataset1/models/Hohenheim.bpmn,sid-27040690-579E-40A1-AC4E-2EBD869C1E60,task,sid-09FD9E11-6B6F-4776-AD6F-840EA15E0FBF,task,
src/main/resources/data/dataset1/models/Hohenheim.bpmn,sid-F53E1042-76C5-4315-B652-DB962450B711,task,sid-25635C69-73FA-4931-BF4D-B75DEC60B4DB,task,
src/main/resources/data/dataset1/models/Hohenheim.bpmn,sid-0B43A1DC-9CD7-4082-82F3-B012CAF55B53,task,sid-B5436D2E-8B89-442C-9DB9-340A5ADFFB00,task,
src/main/resources/data/dataset1/models/Hohenheim.bpmn,sid-25635C69-73FA-4931-BF4D-B75DEC60B4DB,task,sid-CCE2D480-D515-4E78-80D8-DA6C7BAB750B,exclusiveGateway,
src/main/resources/data/dataset1/models/Hohenheim.bpmn,sid-B5436D2E-8B89-442C-9DB9-340A5ADFFB00,task,sid-CCE2D480-D515-4E78-80D8-DA6C7BAB750B,exclusiveGateway,
src/main/resources/data/dataset1/models/Hohenheim.bpmn,sid-09FD9E11-6B6F-4776-AD6F-840EA15E0FBF,task,sid-CCE2D480-D515-4E78-80D8-DA6C7BAB750B,exclusiveGateway,
src/main/resources/data/dataset1/models/Hohenheim.bpmn,sid-CCE2D480-D515-4E78-80D8-DA6C7BAB750B,exclusiveGateway,sid-A9A47E33-0D7E-4826-B8C9-F2AA528EE59B,task,
src/main/resources/data/dataset1/models/Hohenheim.bpmn,sid-AF8A1306-75A0-44C7-92BB-F87F1BC37CF4,startEvent,sid-11376430-8BD2-40A7-82AB-FD1004325874,task,
src/main/resources/data/dataset1/models/Hohenheim.bpmn,sid-A9A47E33-0D7E-4826-B8C9-F2AA528EE59B,task,sid-454388DB-7C87-4062-83B6-7A3809AA9039,endEvent,
src/main/resources/data/dataset1/models/Hohenheim.bpmn,sid-2F047787-FB05-403C-8F37-ED7C914BEBF8,task,sid-9487E693-D9A1-4049-A90C-371724878D5A,task,
src/main/resources/data/dataset1/models/Hohenheim.bpmn,sid-9487E693-D9A1-4049-A90C-371724878D5A,task,sid-645F4BB6-08C3-4A2B-A0DC-19FEA4C0DB4D,exclusiveGateway,
src/main/resources/data/dataset1/models/Hohenheim.bpmn,sid-645F4BB6-08C3-4A2B-A0DC-19FEA4C0DB4D,exclusiveGateway,sid-B1EBF238-7E8F-4B1D-A4A8-4D43C1982F64,task,
src/main/resources/data/dataset1/models/Hohenheim.bpmn,sid-645F4BB6-08C3-4A2B-A0DC-19FEA4C0DB4D,exclusiveGateway,sid-BF91EE3E-9FA5-4B2D-A047-0C6E672FE0E5,task,
src/main/resources/data/dataset1/models/Hohenheim.bpmn,sid-B1EBF238-7E8F-4B1D-A4A8-4D43C1982F64,task,sid-9763AC57-5734-4494-A201-418849E6371F,task,
src/main/resources/data/dataset1/models/Hohenheim.bpmn,sid-BF91EE3E-9FA5-4B2D-A047-0C6E672FE0E5,task,sid-65B886A3-3075-4605-961B-5C2FB73ED1B3,task,
src/main/resources/data/dataset1/models/Hohenheim.bpmn,sid-65B886A3-3075-4605-961B-5C2FB73ED1B3,task,sid-DAE141EC-FB80-463D-9E62-344A65687045,exclusiveGateway,
src/main/resources/data/dataset1/models/Hohenheim.bpmn,sid-DAE141EC-FB80-463D-9E62-344A65687045,exclusiveGateway,sid-3C65937D-4315-4E2E-AAFE-D95C92B76167,parallelGateway,
src/main/resources/data/dataset1/models/Hohenheim.bpmn,sid-3C65937D-4315-4E2E-AAFE-D95C92B76167,parallelGateway,sid-4811DA9B-DECF-4423-95F9-DF9AE5A3053E,task,
src/main/resources/data/dataset1/models/Hohenheim.bpmn,sid-3C65937D-4315-4E2E-AAFE-D95C92B76167,parallelGateway,sid-29CFE8F0-3D84-478E-A27A-9FD962B466DB,task,
src/main/resources/data/dataset1/models/Hohenheim.bpmn,sid-29CFE8F0-3D84-478E-A27A-9FD962B466DB,task,sid-08FE76C9-2800-4403-9EB1-FE438BE50166,parallelGateway,
src/main/resources/data/dataset1/models/Hohenheim.bpmn,sid-4811DA9B-DECF-4423-95F9-DF9AE5A3053E,task,sid-08FE76C9-2800-4403-9EB1-FE438BE50166,parallelGateway,
src/main/resources/data/dataset1/models/Hohenheim.bpmn,sid-E2256D2B-797E-47A7-BAC0-8939CAA8E477,startEvent,sid-2F047787-FB05-403C-8F37-ED7C914BEBF8,task,
src/main/resources/data/dataset1/models/Hohenheim.bpmn,sid-9763AC57-5734-4494-A201-418849E6371F,task,sid-5E0A59CE-C34E-49B0-A738-57B0B541C36F,intermediateCatchEvent,
src/main/resources/data/dataset1/models/Hohenheim.bpmn,sid-5E0A59CE-C34E-49B0-A738-57B0B541C36F,intermediateCatchEvent,sid-DAE141EC-FB80-463D-9E62-344A65687045,exclusiveGateway,
src/main/resources/data/dataset1/models/Hohenheim.bpmn,sid-08FE76C9-2800-4403-9EB1-FE438BE50166,parallelGateway,sid-B544BB10-D717-42EF-8B8C-A49222E0F45B,endEvent,
src/main/resources/data/dataset1/models/Hohenheim.bpmn,sid-4F885112-0FEB-40B6-81F6-577438355F3E,task,sid-C4B9A0D4-3335-4527-B339-DC83E05D5E30,task,
src/main/resources/data/dataset1/models/Hohenheim.bpmn,sid-D7EB2D47-C78E-483B-BA5C-93383F71A967,startEvent,sid-4F885112-0FEB-40B6-81F6-577438355F3E,task,
src/main/resources/data/dataset1/models/Hohenheim.bpmn,sid-C4B9A0D4-3335-4527-B339-DC83E05D5E30,task,sid-FF4C2BFD-3AC6-4FF5-9B27-ADF292A2BC33,intermediateCatchEvent,
src/main/resources/data/dataset1/models/Hohenheim.bpmn,sid-FF4C2BFD-3AC6-4FF5-9B27-ADF292A2BC33,intermediateCatchEvent,sid-A1481118-B7ED-4F86-BDC4-2479FD46AEB5,endEvent,
src/main/resources/data/dataset1/models/IIS_Erlangen.bpmn,sid-61C63143-A3D1-43D6-BE5A-8526C6794B43,task,sid-763BE8D7-C7AB-4A6A-8408-C26BDBBE5572,parallelGateway,
src/main/resources/data/dataset1/models/IIS_Erlangen.bpmn,sid-763BE8D7-C7AB-4A6A-8408-C26BDBBE5572,parallelGateway,sid-AD174F93-7C65-4F21-8791-2C91779F9457,task,
src/main/resources/data/dataset1/models/IIS_Erlangen.bpmn,sid-763BE8D7-C7AB-4A6A-8408-C26BDBBE5572,parallelGateway,sid-52FC6F9A-BE98-410C-AB76-1D1C4D44EFAF,task,
src/main/resources/data/dataset1/models/IIS_Erlangen.bpmn,sid-AD174F93-7C65-4F21-8791-2C91779F9457,task,sid-9BCADA69-A656-4F69-AD49-BAAE6AF33EB2,parallelGateway,
src/main/resources/data/dataset1/models/IIS_Erlangen.bpmn,sid-52FC6F9A-BE98-410C-AB76-1D1C4D44EFAF,task,sid-9BCADA69-A656-4F69-AD49-BAAE6AF33EB2,parallelGateway,
src/main/resources/data/dataset1/models/IIS_Erlangen.bpmn,sid-9BCADA69-A656-4F69-AD49-BAAE6AF33EB2,parallelGateway,sid-418151D5-C5B4-4B1B-91D1-3C7B4EC5FAF1,exclusiveGateway,
src/main/resources/data/dataset1/models/IIS_Erlangen.bpmn,sid-418151D5-C5B4-4B1B-91D1-3C7B4EC5FAF1,exclusiveGateway,sid-9966DEA0-43B5-40A7-926C-5EA6653A5516,task,
src/main/resources/data/dataset1/models/IIS_Erlangen.bpmn,sid-A212088C-053D-4D7B-B952-B396934B4817,task,sid-6503DDEA-5AA0-40AD-A12B-C27F178EC251,parallelGateway,
src/main/resources/data/dataset1/models/IIS_Erlangen.bpmn,sid-6503DDEA-5AA0-40AD-A12B-C27F178EC251,parallelGateway,sid-6DFE0930-0501-4B8A-A303-C56864B1E852,task,
src/main/resources/data/dataset1/models/IIS_Erlangen.bpmn,sid-6503DDEA-5AA0-40AD-A12B-C27F178EC251,parallelGateway,sid-BD8FD14C-DB01-4B07-AD11-AF2417ACE06C,task,
src/main/resources/data/dataset1/models/IIS_Erlangen.bpmn,sid-6503DDEA-5AA0-40AD-A12B-C27F178EC251,parallelGateway,sid-F7DEFF89-0D0A-4BC8-B024-1361C31D3C9B,task,
src/main/resources/data/dataset1/models/IIS_Erlangen.bpmn,sid-6DFE0930-0501-4B8A-A303-C56864B1E852,task,sid-1488AF8D-6B8D-4724-906A-4DA7FC862B1E,parallelGateway,
src/main/resources/data/dataset1/models/IIS_Erlangen.bpmn,sid-BD8FD14C-DB01-4B07-AD11-AF2417ACE06C,task,sid-1488AF8D-6B8D-4724-906A-4DA7FC862B1E,parallelGateway,
src/main/resources/data/dataset1/models/IIS_Erlangen.bpmn,sid-F7DEFF89-0D0A-4BC8-B024-1361C31D3C9B,task,sid-1488AF8D-6B8D-4724-906A-4DA7FC862B1E,parallelGateway,
src/main/resources/data/dataset1/models/IIS_Erlangen.bpmn,sid-1488AF8D-6B8D-4724-906A-4DA7FC862B1E,parallelGateway,sid-7FE86054-7714-47D1-B91A-7215AC3688B0,task,
src/main/resources/data/dataset1/models/IIS_Erlangen.bpmn,sid-9966DEA0-43B5-40A7-926C-5EA6653A5516,task,sid-A212088C-053D-4D7B-B952-B396934B4817,task,
src/main/resources/data/dataset1/models/IIS_Erlangen.bpmn,sid-7FE86054-7714-47D1-B91A-7215AC3688B0,task,sid-9968BFBD-7E75-4EE8-B171-84A1B29EDA4C,exclusiveGateway,
src/main/resources/data/dataset1/models/IIS_Erlangen.bpmn,sid-98F36DFD-F030-436E-9C1C-541AB22E5D0E,task,sid-053A0B4D-160A-4953-B0D9-298A22FAD4CE,task,
src/main/resources/data/dataset1/models/IIS_Erlangen.bpmn,sid-053A0B4D-160A-4953-B0D9-298A22FAD4CE,task,sid-66EBC702-0667-40E6-892E-CC76E7810F79,task,
src/main/resources/data/dataset1/models/IIS_Erlangen.bpmn,sid-66EBC702-0667-40E6-892E-CC76E7810F79,task,sid-1132E13F-3F58-4B9D-B8B5-C8AD5844B833,exclusiveGateway,
src/main/resources/data/dataset1/models/IIS_Erlangen.bpmn,sid-A299CC84-9C2B-455C-A11C-098B24016330,exclusiveGateway,sid-A5F778C1-162A-4616-BF72-B27C8D984B7C,task,
src/main/resources/data/dataset1/models/IIS_Erlangen.bpmn,sid-78628E68-D703-4407-AD30-7895057B7981,task,sid-A299CC84-9C2B-455C-A11C-098B24016330,exclusiveGateway,
src/main/resources/data/dataset1/models/IIS_Erlangen.bpmn,sid-1132E13F-3F58-4B9D-B8B5-C8AD5844B833,exclusiveGateway,sid-78628E68-D703-4407-AD30-7895057B7981,task,
src/main/resources/data/dataset1/models/IIS_Erlangen.bpmn,sid-1132E13F-3F58-4B9D-B8B5-C8AD5844B833,exclusiveGateway,sid-6CCE8462-2957-4D1A-997B-4827D275A8E6,exclusiveGateway,
src/main/resources/data/dataset1/models/IIS_Erlangen.bpmn,sid-6CCE8462-2957-4D1A-997B-4827D275A8E6,exclusiveGateway,sid-C849D28D-C573-445E-B502-9555E993FFE6,task,
src/main/resources/data/dataset1/models/IIS_Erlangen.bpmn,sid-418151D5-C5B4-4B1B-91D1-3C7B4EC5FAF1,exclusiveGateway,sid-AD44B6DA-297E-440D-A063-B1E351DDCB77,exclusiveGateway,
src/main/resources/data/dataset1/models/IIS_Erlangen.bpmn,sid-C849D28D-C573-445E-B502-9555E993FFE6,task,sid-AD44B6DA-297E-440D-A063-B1E351DDCB77,exclusiveGateway,
src/main/resources/data/dataset1/models/IIS_Erlangen.bpmn,sid-AD44B6DA-297E-440D-A063-B1E351DDCB77,exclusiveGateway,sid-CD0AAA0A-DA33-49A7-9210-91A50CE637A4,task,
src/main/resources/data/dataset1/models/IIS_Erlangen.bpmn,sid-A5F778C1-162A-4616-BF72-B27C8D984B7C,task,sid-57341183-918C-47F1-866B-736494086EBB,task,
src/main/resources/data/dataset1/models/IIS_Erlangen.bpmn,sid-C2086AD8-E97F-4572-9FEC-F59283F31B56,startEvent,sid-61C63143-A3D1-43D6-BE5A-8526C6794B43,task,
src/main/resources/data/dataset1/models/IIS_Erlangen.bpmn,sid-1132E13F-3F58-4B9D-B8B5-C8AD5844B833,exclusiveGateway,sid-A299CC84-9C2B-455C-A11C-098B24016330,exclusiveGateway,
src/main/resources/data/dataset1/models/IIS_Erlangen.bpmn,sid-9968BFBD-7E75-4EE8-B171-84A1B29EDA4C,exclusiveGateway,sid-6CCE8462-2957-4D1A-997B-4827D275A8E6,exclusiveGateway,
src/main/resources/data/dataset1/models/IIS_Erlangen.bpmn,sid-9968BFBD-7E75-4EE8-B171-84A1B29EDA4C,exclusiveGateway,sid-A299CC84-9C2B-455C-A11C-098B24016330,exclusiveGateway,
src/main/resources/data/dataset1/models/IIS_Erlangen.bpmn,sid-9968BFBD-7E75-4EE8-B171-84A1B29EDA4C,exclusiveGateway,sid-98F36DFD-F030-436E-9C1C-541AB22E5D0E,task,
src/main/resources/data/dataset1/models/IIS_Erlangen.bpmn,sid-57341183-918C-47F1-866B-736494086EBB,task,sid-3E5035AF-990F-464D-839D-490656B47303,exclusiveGateway,
src/main/resources/data/dataset1/models/IIS_Erlangen.bpmn,sid-CD0AAA0A-DA33-49A7-9210-91A50CE637A4,task,sid-3E5035AF-990F-464D-839D-490656B47303,exclusiveGateway,
src/main/resources/data/dataset1/models/IIS_Erlangen.bpmn,sid-3E5035AF-990F-464D-839D-490656B47303,exclusiveGateway,sid-918344E5-97C8-4839-ADB2-C6E697FD21C6,endEvent,
src/main/resources/data/dataset1/models/IIS_Erlangen.bpmn,sid-F2A767AB-0DF8-465D-A27D-4A228B4A187E,startEvent,sid-5655D4E3-47A7-4059-9E04-F9BFCFE28EAF,task,
src/main/resources/data/dataset1/models/IIS_Erlangen.bpmn,sid-5655D4E3-47A7-4059-9E04-F9BFCFE28EAF,task,sid-68DB10D6-FDB8-44F5-A1EF-CDC37C5E1C38,parallelGateway,
src/main/resources/data/dataset1/models/IIS_Erlangen.bpmn,sid-68DB10D6-FDB8-44F5-A1EF-CDC37C5E1C38,parallelGateway,sid-2494BD3D-C2F2-4D7B-AF79-05A20B0F8365,task,
src/main/resources/data/dataset1/models/IIS_Erlangen.bpmn,sid-68DB10D6-FDB8-44F5-A1EF-CDC37C5E1C38,parallelGateway,sid-CB26DB0C-6BB2-4959-BA80-63FE44D0FFEC,task,
src/main/resources/data/dataset1/models/IIS_Erlangen.bpmn,sid-68DB10D6-FDB8-44F5-A1EF-CDC37C5E1C38,parallelGateway,sid-405700D2-A6F9-4EC4-904F-D0611611EAF5,task,
src/main/resources/data/dataset1/models/IIS_Erlangen.bpmn,sid-68DB10D6-FDB8-44F5-A1EF-CDC37C5E1C38,parallelGateway,sid-36CD8B1D-483C-4AB0-B548-C8E82A6C993A,task,
src/main/resources/data/dataset1/models/IIS_Erlangen.bpmn,sid-68DB10D6-FDB8-44F5-A1EF-CDC37C5E1C38,parallelGateway,sid-8EBE9433-CCB5-41EF-A5DB-A76BE4A374E7,task,
src/main/resources/data/dataset1/models/IIS_Erlangen.bpmn,sid-68DB10D6-FDB8-44F5-A1EF-CDC37C5E1C38,parallelGateway,sid-2D063C08-DCC9-44BB-A11E-AE9E49F798E6,exclusiveGateway,
src/main/resources/data/dataset1/models/IIS_Erlangen.bpmn,sid-9E6AC1EE-583E-4DF0-86A9-2756FA0FE7E2,task,sid-AD07E723-E2BE-4C40-947B-C01BF25E072B,exclusiveGateway,
src/main/resources/data/dataset1/models/IIS_Erlangen.bpmn,sid-2D063C08-DCC9-44BB-A11E-AE9E49F798E6,exclusiveGateway,sid-AD07E723-E2BE-4C40-947B-C01BF25E072B,exclusiveGateway,
src/main/resources/data/dataset1/models/IIS_Erlangen.bpmn,sid-2D063C08-DCC9-44BB-A11E-AE9E49F798E6,exclusiveGateway,sid-9E6AC1EE-583E-4DF0-86A9-2756FA0FE7E2,task,
src/main/resources/data/dataset1/models/IIS_Erlangen.bpmn,sid-2494BD3D-C2F2-4D7B-AF79-05A20B0F8365,task,sid-29B41724-2032-478D-B1B1-283728D3CC87,parallelGateway,
src/main/resources/data/dataset1/models/IIS_Erlangen.bpmn,sid-CB26DB0C-6BB2-4959-BA80-63FE44D0FFEC,task,sid-29B41724-2032-478D-B1B1-283728D3CC87,parallelGateway,
src/main/resources/data/dataset1/models/IIS_Erlangen.bpmn,sid-405700D2-A6F9-4EC4-904F-D0611611EAF5,task,sid-29B41724-2032-478D-B1B1-283728D3CC87,parallelGateway,
src/main/resources/data/dataset1/models/IIS_Erlangen.bpmn,sid-36CD8B1D-483C-4AB0-B548-C8E82A6C993A,task,sid-29B41724-2032-478D-B1B1-283728D3CC87,parallelGateway,
src/main/resources/data/dataset1/models/IIS_Erlangen.bpmn,sid-8EBE9433-CCB5-41EF-A5DB-A76BE4A374E7,task,sid-29B41724-2032-478D-B1B1-283728D3CC87,parallelGateway,
src/main/resources/data/dataset1/models/IIS_Erlangen.bpmn,sid-AD07E723-E2BE-4C40-947B-C01BF25E072B,exclusiveGateway,sid-29B41724-2032-478D-B1B1-283728D3CC87,parallelGateway,
src/main/resources/data/dataset1/models/IIS_Erlangen.bpmn,sid-29B41724-2032-478D-B1B1-283728D3CC87,parallelGateway,sid-89B6BF64-0FAC-4667-9076-57FF0A1AFA32,parallelGateway,
src/main/resources/data/dataset1/models/IIS_Erlangen.bpmn,sid-89B6BF64-0FAC-4667-9076-57FF0A1AFA32,parallelGateway,sid-9DB224C8-5553-4B5C-AA53-A922BD84757D,exclusiveGateway,
src/main/resources/data/dataset1/models/IIS_Erlangen.bpmn,sid-9DB224C8-5553-4B5C-AA53-A922BD84757D,exclusiveGateway,sid-76FD78B4-8C32-4F37-9D83-35146093AA72,task,
src/main/resources/data/dataset1/models/IIS_Erlangen.bpmn,sid-76FD78B4-8C32-4F37-9D83-35146093AA72,task,sid-9C2AC899-6165-4F52-AA7D-DA57CAF987CD,exclusiveGateway,
src/main/resources/data/dataset1/models/IIS_Erlangen.bpmn,sid-9DB224C8-5553-4B5C-AA53-A922BD84757D,exclusiveGateway,sid-9C2AC899-6165-4F52-AA7D-DA57CAF987CD,exclusiveGateway,
src/main/resources/data/dataset1/models/IIS_Erlangen.bpmn,sid-89B6BF64-0FAC-4667-9076-57FF0A1AFA32,parallelGateway,sid-FBBB0239-27E6-42C2-8ADD-585D2D7BE8BB,exclusiveGateway,
src/main/resources/data/dataset1/models/IIS_Erlangen.bpmn,sid-121FB47D-8E7F-4575-8475-845CE385DEBE,task,sid-35FA5DB4-80C3-45F0-879E-66B7C3E5A5FF,exclusiveGateway,
src/main/resources/data/dataset1/models/IIS_Erlangen.bpmn,sid-FBBB0239-27E6-42C2-8ADD-585D2D7BE8BB,exclusiveGateway,sid-121FB47D-8E7F-4575-8475-845CE385DEBE,task,
src/main/resources/data/dataset1/models/IIS_Erlangen.bpmn,sid-FBBB0239-27E6-42C2-8ADD-585D2D7BE8BB,exclusiveGateway,sid-35FA5DB4-80C3-45F0-879E-66B7C3E5A5FF,exclusiveGateway,
src/main/resources/data/dataset1/models/IIS_Erlangen.bpmn,sid-35FA5DB4-80C3-45F0-879E-66B7C3E5A5FF,exclusiveGateway,sid-050D0B24-E930-4EAD-AC34-B9882090141D,parallelGateway,
src/main/resources/data/dataset1/models/IIS_Erlangen.bpmn,sid-9C2AC899-6165-4F52-AA7D-DA57CAF987CD,exclusiveGateway,sid-050D0B24-E930-4EAD-AC34-B9882090141D,parallelGateway,
src/main/resources/data/dataset1/models/IIS_Erlangen.bpmn,sid-050D0B24-E930-4EAD-AC34-B9882090141D,parallelGateway,sid-E326A826-24F7-4033-96F3-C5842831A3D7,task,
src/main/resources/data/dataset1/models/IIS_Erlangen.bpmn,sid-ECB2E4CE-141A-4D17-A9AF-35EC03B08FB9,task,sid-D7E06C39-96E0-4A30-8AE0-008D0F5FEDD5,exclusiveGateway,
src/main/resources/data/dataset1/models/IIS_Erlangen.bpmn,sid-E1B48426-0D24-401B-8294-62FB8A9118DF,task,sid-ECB2E4CE-141A-4D17-A9AF-35EC03B08FB9,task,
src/main/resources/data/dataset1/models/IIS_Erlangen.bpmn,sid-C2CD7A77-DD54-4B76-9226-22C848009BB6,task,sid-D7E06C39-96E0-4A30-8AE0-008D0F5FEDD5,exclusiveGateway,
src/main/resources/data/dataset1/models/IIS_Erlangen.bpmn,sid-D7E06C39-96E0-4A30-8AE0-008D0F5FEDD5,exclusiveGateway,sid-50BDF8A3-0818-414A-B1FC-961A7B22A91A,endEvent,
src/main/resources/data/dataset1/models/IIS_Erlangen.bpmn,sid-E326A826-24F7-4033-96F3-C5842831A3D7,task,sid-74E5A712-E886-4F17-AF17-039B5651D745,exclusiveGateway,
src/main/resources/data/dataset1/models/IIS_Erlangen.bpmn,sid-74E5A712-E886-4F17-AF17-039B5651D745,exclusiveGateway,sid-FA93142A-FE95-4305-A044-FAE99A79008F,intermediateCatchEvent,
src/main/resources/data/dataset1/models/IIS_Erlangen.bpmn,sid-FA93142A-FE95-4305-A044-FAE99A79008F,intermediateCatchEvent,sid-E80393E3-80C1-4412-9317-635EBAC3AE26,task,
src/main/resources/data/dataset1/models/IIS_Erlangen.bpmn,sid-E80393E3-80C1-4412-9317-635EBAC3AE26,task,sid-0ACAE880-3F15-419F-AF55-E8FA0FEC8FC5,exclusiveGateway,
src/main/resources/data/dataset1/models/IIS_Erlangen.bpmn,sid-0ACAE880-3F15-419F-AF55-E8FA0FEC8FC5,exclusiveGateway,sid-33257439-C59F-433D-9465-9FD6FD02E1E6,exclusiveGateway,
src/main/resources/data/dataset1/models/IIS_Erlangen.bpmn,sid-0ACAE880-3F15-419F-AF55-E8FA0FEC8FC5,exclusiveGateway,sid-05968A04-3836-4B1D-9AA6-8D316EC4EC3C,exclusiveGateway,
src/main/resources/data/dataset1/models/IIS_Erlangen.bpmn,sid-74E5A712-E886-4F17-AF17-039B5651D745,exclusiveGateway,sid-33257439-C59F-433D-9465-9FD6FD02E1E6,exclusiveGateway,
src/main/resources/data/dataset1/models/IIS_Erlangen.bpmn,sid-33257439-C59F-433D-9465-9FD6FD02E1E6,exclusiveGateway,sid-C2CD7A77-DD54-4B76-9226-22C848009BB6,task,
src/main/resources/data/dataset1/models/IIS_Erlangen.bpmn,sid-74E5A712-E886-4F17-AF17-039B5651D745,exclusiveGateway,sid-05968A04-3836-4B1D-9AA6-8D316EC4EC3C,exclusiveGateway,
src/main/resources/data/dataset1/models/IIS_Erlangen.bpmn,sid-05968A04-3836-4B1D-9AA6-8D316EC4EC3C,exclusiveGateway,sid-E1B48426-0D24-401B-8294-62FB8A9118DF,task,
src/main/resources/data/dataset1/models/Muenster.bpmn,sid-95275F35-4DF7-49A2-9320-16104EDF0522,startEvent,sid-4DC6FB4E-153C-422A-8896-193087C5AD07,task,
src/main/resources/data/dataset1/models/Muenster.bpmn,sid-4DC6FB4E-153C-422A-8896-193087C5AD07,task,sid-3680E18B-E26C-4B7E-8462-F4CAD48F4985,task,
src/main/resources/data/dataset1/models/Muenster.bpmn,sid-E3B35EE1-AB9A-4510-8933-07800ED87FDF,task,sid-EA420F07-167A-4D8F-B562-3FD25322E4EF,parallelGateway,
src/main/resources/data/dataset1/models/Muenster.bpmn,sid-EA420F07-167A-4D8F-B562-3FD25322E4EF,parallelGateway,sid-F1349441-49AF-4AC2-8A31-EB0BA9BACB9D,task,
src/main/resources/data/dataset1/models/Muenster.bpmn,sid-EA420F07-167A-4D8F-B562-3FD25322E4EF,parallelGateway,sid-6AC1166A-C7A0-46B7-99D0-8BE2D24163BB,task,
src/main/resources/data/dataset1/models/Muenster.bpmn,sid-EA420F07-167A-4D8F-B562-3FD25322E4EF,parallelGateway,sid-E82C3C01-40A1-4E7D-B642-E6FFFA9008E8,task,
src/main/resources/data/dataset1/models/Muenster.bpmn,sid-EA420F07-167A-4D8F-B562-3FD25322E4EF,parallelGateway,sid-8CEAA5CC-554F-4A5D-9682-F91D35CB7059,task,
src/main/resources/data/dataset1/models/Muenster.bpmn,sid-EA420F07-167A-4D8F-B562-3FD25322E4EF,parallelGateway,sid-33682718-7112-4EDA-A52B-5D1891DFD6EE,task,
src/main/resources/data/dataset1/models/Muenster.bpmn,sid-33682718-7112-4EDA-A52B-5D1891DFD6EE,task,sid-105B3D18-F279-4C07-AA20-143CE65F97C6,parallelGateway,
src/main/resources/data/dataset1/models/Muenster.bpmn,sid-8CEAA5CC-554F-4A5D-9682-F91D35CB7059,task,sid-105B3D18-F279-4C07-AA20-143CE65F97C6,parallelGateway,
src/main/resources/data/dataset1/models/Muenster.bpmn,sid-E82C3C01-40A1-4E7D-B642-E6FFFA9008E8,task,sid-105B3D18-F279-4C07-AA20-143CE65F97C6,parallelGateway,
src/main/resources/data/dataset1/models/Muenster.bpmn,sid-6AC1166A-C7A0-46B7-99D0-8BE2D24163BB,task,sid-105B3D18-F279-4C07-AA20-143CE65F97C6,parallelGateway,
src/main/resources/data/dataset1/models/Muenster.bpmn,sid-F1349441-49AF-4AC2-8A31-EB0BA9BACB9D,task,sid-105B3D18-F279-4C07-AA20-143CE65F97C6,parallelGateway,
src/main/resources/data/dataset1/models/Muenster.bpmn,sid-ADC31BF6-B98E-4ECC-9EED-6E5AEB7A60D0,task,sid-9A29A84C-2585-4881-BF8E-731841D73207,exclusiveGateway,
src/main/resources/data/dataset1/models/Muenster.bpmn,sid-C780E0C9-0D08-42F8-B351-FBB93D6C52C3,exclusiveGateway,sid-ADC31BF6-B98E-4ECC-9EED-6E5AEB7A60D0,task,
src/main/resources/data/dataset1/models/Muenster.bpmn,sid-C780E0C9-0D08-42F8-B351-FBB93D6C52C3,exclusiveGateway,sid-9A29A84C-2585-4881-BF8E-731841D73207,exclusiveGateway,
src/main/resources/data/dataset1/models/Muenster.bpmn,sid-EA420F07-167A-4D8F-B562-3FD25322E4EF,parallelGateway,sid-C780E0C9-0D08-42F8-B351-FBB93D6C52C3,exclusiveGateway,
src/main/resources/data/dataset1/models/Muenster.bpmn,sid-9A29A84C-2585-4881-BF8E-731841D73207,exclusiveGateway,sid-105B3D18-F279-4C07-AA20-143CE65F97C6,parallelGateway,
src/main/resources/data/dataset1/models/Muenster.bpmn,sid-105B3D18-F279-4C07-AA20-143CE65F97C6,parallelGateway,sid-E75E22AB-D608-459B-A125-3089B5FC6608,task,
src/main/resources/data/dataset1/models/Muenster.bpmn,sid-E75E22AB-D608-459B-A125-3089B5FC6608,task,sid-222C84E3-5DAD-480E-B504-E79874210FEA,task,
src/main/resources/data/dataset1/models/Muenster.bpmn,sid-222C84E3-5DAD-480E-B504-E79874210FEA,task,sid-4811BF85-FF42-4251-8F8A-7C9A07E6EC55,task,
src/main/resources/data/dataset1/models/Muenster.bpmn,sid-43352001-F941-4A79-9A19-3EC97DCA3441,exclusiveGateway,sid-F9A6F1EC-F304-4C5B-82ED-8D6EA3D6B670,endEvent,
src/main/resources/data/dataset1/models/Muenster.bpmn,sid-58820A80-B650-4F8E-8F61-7912B328820E,task,sid-43352001-F941-4A79-9A19-3EC97DCA3441,exclusiveGateway,
src/main/resources/data/dataset1/models/Muenster.bpmn,sid-3680E18B-E26C-4B7E-8462-F4CAD48F4985,task,sid-533D6D05-2051-4B7C-AD8D-B5474F09FF8E,exclusiveGateway,
src/main/resources/data/dataset1/models/Muenster.bpmn,sid-533D6D05-2051-4B7C-AD8D-B5474F09FF8E,exclusiveGateway,sid-58820A80-B650-4F8E-8F61-7912B328820E,task,
src/main/resources/data/dataset1/models/Muenster.bpmn,sid-533D6D05-2051-4B7C-AD8D-B5474F09FF8E,exclusiveGateway,sid-E3B35EE1-AB9A-4510-8933-07800ED87FDF,task,
src/main/resources/data/dataset1/models/Muenster.bpmn,sid-4811BF85-FF42-4251-8F8A-7C9A07E6EC55,task,sid-31E0DC45-A87A-4892-9384-C49494FC5E49,eventBasedGateway,
src/main/resources/data/dataset1/models/Muenster.bpmn,sid-31E0DC45-A87A-4892-9384-C49494FC5E49,eventBasedGateway,sid-235C6504-1B5D-4320-BF68-84381B64CC61,intermediateCatchEvent,
src/main/resources/data/dataset1/models/Muenster.bpmn,sid-31E0DC45-A87A-4892-9384-C49494FC5E49,eventBasedGateway,sid-05EAFCA1-9780-430B-A392-520E44DBFAA8,intermediateCatchEvent,
src/main/resources/data/dataset1/models/Muenster.bpmn,sid-235C6504-1B5D-4320-BF68-84381B64CC61,intermediateCatchEvent,sid-4D07C3D2-C294-4361-8953-C9B20482673A,exclusiveGateway,
src/main/resources/data/dataset1/models/Muenster.bpmn,sid-05EAFCA1-9780-430B-A392-520E44DBFAA8,intermediateCatchEvent,sid-923F1391-19DA-4DB4-A590-DBC9ECB3E300,exclusiveGateway,
src/main/resources/data/dataset1/models/Muenster.bpmn,sid-923F1391-19DA-4DB4-A590-DBC9ECB3E300,exclusiveGateway,sid-D972785F-B737-4B22-ABAE-23B52642FCEA,task,
src/main/resources/data/dataset1/models/Muenster.bpmn,sid-D972785F-B737-4B22-ABAE-23B52642FCEA,task,sid-4D07C3D2-C294-4361-8953-C9B20482673A,exclusiveGateway,
src/main/resources/data/dataset1/models/Muenster.bpmn,sid-923F1391-19DA-4DB4-A590-DBC9ECB3E300,exclusiveGateway,sid-653B2E61-D08D-4038-A632-603B74BAAD45,task,
src/main/resources/data/dataset1/models/Muenster.bpmn,sid-4D07C3D2-C294-4361-8953-C9B20482673A,exclusiveGateway,sid-8745214E-7176-49CA-B6B1-B42FF5D7E4A8,exclusiveGateway,
src/main/resources/data/dataset1/models/Muenster.bpmn,sid-E18EBAD6-A7C4-46B1-9239-B53902A7DD94,exclusiveGateway,sid-8745214E-7176-49CA-B6B1-B42FF5D7E4A8,exclusiveGateway,
src/main/resources/data/dataset1/models/Muenster.bpmn,sid-8745214E-7176-49CA-B6B1-B42FF5D7E4A8,exclusiveGateway,sid-A91510C7-052B-42D7-AE79-5117D98E57B7,task,
src/main/resources/data/dataset1/models/Muenster.bpmn,sid-E18EBAD6-A7C4-46B1-9239-B53902A7DD94,exclusiveGateway,sid-182346E3-C3CF-4CF6-B8E6-4D3D4BDA3D1B,task,
src/main/resources/data/dataset1/models/Muenster.bpmn,sid-182346E3-C3CF-4CF6-B8E6-4D3D4BDA3D1B,task,sid-0A8BD8F6-562C-4872-8FE8-5244B2F536E7,task,
src/main/resources/data/dataset1/models/Muenster.bpmn,sid-0A8BD8F6-562C-4872-8FE8-5244B2F536E7,task,sid-D0EE0197-BA45-4062-A491-DE6AA74595F7,exclusiveGateway,
src/main/resources/data/dataset1/models/Muenster.bpmn,sid-A91510C7-052B-42D7-AE79-5117D98E57B7,task,sid-D0EE0197-BA45-4062-A491-DE6AA74595F7,exclusiveGateway,
src/main/resources/data/dataset1/models/Muenster.bpmn,sid-D0EE0197-BA45-4062-A491-DE6AA74595F7,exclusiveGateway,sid-43352001-F941-4A79-9A19-3EC97DCA3441,exclusiveGateway,
src/main/resources/data/dataset1/models/Muenster.bpmn,sid-653B2E61-D08D-4038-A632-603B74BAAD45,task,sid-E18EBAD6-A7C4-46B1-9239-B53902A7DD94,exclusiveGateway,
src/main/resources/data/dataset1/models/Muenster.bpmn,sid-44A1166A-B085-4824-B038-02F1987DD012,task,sid-0D3C1362-6C82-4C0F-A9DD-1A5F15C026EE,parallelGateway,
src/main/resources/data/dataset1/models/Muenster.bpmn,sid-0D3C1362-6C82-4C0F-A9DD-1A5F15C026EE,parallelGateway,sid-91E6E18C-CEDF-403F-9E17-73231413E6D4,task,
src/main/resources/data/dataset1/models/Muenster.bpmn,sid-0D3C1362-6C82-4C0F-A9DD-1A5F15C026EE,parallelGateway,sid-66E14D25-5238-4638-AB88-E366DA178D51,task,
src/main/resources/data/dataset1/models/Muenster.bpmn,sid-66E14D25-5238-4638-AB88-E366DA178D51,task,sid-928F9EAA-ABBE-42DD-9736-493684141304,parallelGateway,
src/main/resources/data/dataset1/models/Muenster.bpmn,sid-91E6E18C-CEDF-403F-9E17-73231413E6D4,task,sid-928F9EAA-ABBE-42DD-9736-493684141304,parallelGateway,
src/main/resources/data/dataset1/models/Muenster.bpmn,sid-928F9EAA-ABBE-42DD-9736-493684141304,parallelGateway,sid-BDCFC466-A624-4FD3-B69D-D5C08CEC4BC9,task,
src/main/resources/data/dataset1/models/Muenster.bpmn,sid-BDCFC466-A624-4FD3-B69D-D5C08CEC4BC9,task,sid-22E582CA-CF21-4C72-B4CB-7F63F61150A6,exclusiveGateway,
src/main/resources/data/dataset1/models/Muenster.bpmn,sid-22E582CA-CF21-4C72-B4CB-7F63F61150A6,exclusiveGateway,sid-F744D08B-981B-48A8-A2FE-0AB7DF15995E,task,
src/main/resources/data/dataset1/models/Muenster.bpmn,sid-22E582CA-CF21-4C72-B4CB-7F63F61150A6,exclusiveGateway,sid-BF267B00-F4BC-4BA0-AB88-90783AB25EC0,task,
src/main/resources/data/dataset1/models/Muenster.bpmn,sid-22E582CA-CF21-4C72-B4CB-7F63F61150A6,exclusiveGateway,sid-C28F8767-5ADE-4467-9F6B-92B0B07939A5,task,
src/main/resources/data/dataset1/models/Muenster.bpmn,sid-F744D08B-981B-48A8-A2FE-0AB7DF15995E,task,sid-D74A9C66-5C0B-4652-A995-FAEDA52B6085,exclusiveGateway,
src/main/resources/data/dataset1/models/Muenster.bpmn,sid-D116AE7C-E3B4-4C29-974D-303416C670E5,task,sid-9E507984-EF28-4C6E-99A7-68D77A3A222B,exclusiveGateway,
src/main/resources/data/dataset1/models/Muenster.bpmn,sid-9E507984-EF28-4C6E-99A7-68D77A3A222B,exclusiveGateway,sid-2ABBD369-5AD6-42A5-A7B7-57F843E8408C,task,
src/main/resources/data/dataset1/models/Muenster.bpmn,sid-9E507984-EF28-4C6E-99A7-68D77A3A222B,exclusiveGateway,sid-4B4ACC7F-2693-4332-B9F2-231F292E9DB9,task,
src/main/resources/data/dataset1/models/Muenster.bpmn,sid-4B4ACC7F-2693-4332-B9F2-231F292E9DB9,task,sid-48EB35CD-0B15-48AC-92DD-ADDDE7DE29C0,exclusiveGateway,
src/main/resources/data/dataset1/models/Muenster.bpmn,sid-48EB35CD-0B15-48AC-92DD-ADDDE7DE29C0,exclusiveGateway,sid-FF0DB83C-2CF0-4E75-BED9-7BC93C57F5E5,task,
src/main/resources/data/dataset1/models/Muenster.bpmn,sid-2ABBD369-5AD6-42A5-A7B7-57F843E8408C,task,sid-D74A9C66-5C0B-4652-A995-FAEDA52B6085,exclusiveGateway,
src/main/resources/data/dataset1/models/Muenster.bpmn,sid-D74A9C66-5C0B-4652-A995-FAEDA52B6085,exclusiveGateway,sid-7A3C1CD7-9190-48A3-A21E-58EAA921B7C7,task,
src/main/resources/data/dataset1/models/Muenster.bpmn,sid-FF0DB83C-2CF0-4E75-BED9-7BC93C57F5E5,task,sid-31E1D869-21F3-4C91-BE91-99DB7B73CAFB,exclusiveGateway,
src/main/resources/data/dataset1/models/Muenster.bpmn,sid-7A3C1CD7-9190-48A3-A21E-58EAA921B7C7,task,sid-31E1D869-21F3-4C91-BE91-99DB7B73CAFB,exclusiveGateway,
src/main/resources/data/dataset1/models/Muenster.bpmn,sid-31E1D869-21F3-4C91-BE91-99DB7B73CAFB,exclusiveGateway,sid-F82549DA-EE9A-45E6-A7A2-CD07DEAA9769,task,
src/main/resources/data/dataset1/models/Muenster.bpmn,sid-BD2CA7AB-92D1-4F79-806A-FC7BD040CDCB,startEvent,sid-44A1166A-B085-4824-B038-02F1987DD012,task,
src/main/resources/data/dataset1/models/Muenster.bpmn,sid-F82549DA-EE9A-45E6-A7A2-CD07DEAA9769,task,sid-FC2D1657-1745-4054-A502-9BBFC5437B88,endEvent,
src/main/resources/data/dataset1/models/Muenster.bpmn,sid-BF267B00-F4BC-4BA0-AB88-90783AB25EC0,task,sid-48EB35CD-0B15-48AC-92DD-ADDDE7DE29C0,exclusiveGateway,
src/main/resources/data/dataset1/models/Muenster.bpmn,sid-C28F8767-5ADE-4467-9F6B-92B0B07939A5,task,sid-5D36CFBD-36D5-4A2F-81E6-83F468923C4B,task,
src/main/resources/data/dataset1/models/Muenster.bpmn,sid-5D36CFBD-36D5-4A2F-81E6-83F468923C4B,task,sid-D116AE7C-E3B4-4C29-974D-303416C670E5,task,
src/main/resources/data/dataset1/models/Muenster.bpmn,sid-39727343-F5AF-48D3-B725-C0DBDC0EC15D,task,sid-FA818A39-9A60-4A73-9DB3-536ECED36803,task,
src/main/resources/data/dataset1/models/Muenster.bpmn,sid-FA818A39-9A60-4A73-9DB3-536ECED36803,task,sid-D61AAEF3-15C1-42D7-A3C1-4343AC4542CB,exclusiveGateway,
src/main/resources/data/dataset1/models/Muenster.bpmn,sid-D61AAEF3-15C1-42D7-A3C1-4343AC4542CB,exclusiveGateway,sid-2EE898C6-0225-4E13-B997-2D8DE74463E8,task,
src/main/resources/data/dataset1/models/Muenster.bpmn,sid-D61AAEF3-15C1-42D7-A3C1-4343AC4542CB,exclusiveGateway,sid-AC882752-8183-4B69-A4D5-0F42117E1465,task,
src/main/resources/data/dataset1/models/Muenster.bpmn,sid-2EE898C6-0225-4E13-B997-2D8DE74463E8,task,sid-AF4C4DDB-B5AE-4952-A849-F2D77FAEC4A9,exclusiveGateway,
src/main/resources/data/dataset1/models/Muenster.bpmn,sid-AC882752-8183-4B69-A4D5-0F42117E1465,task,sid-AF4C4DDB-B5AE-4952-A849-F2D77FAEC4A9,exclusiveGateway,
src/main/resources/data/dataset1/models/Muenster.bpmn,sid-AF4C4DDB-B5AE-4952-A849-F2D77FAEC4A9,exclusiveGateway,sid-DBE90E3B-5E43-4547-9B98-113924F80654,exclusiveGateway,
src/main/resources/data/dataset1/models/Muenster.bpmn,sid-DBE90E3B-5E43-4547-9B98-113924F80654,exclusiveGateway,sid-C628CE94-B90E-4241-A127-3B3B09BE4046,exclusiveGateway,
src/main/resources/data/dataset1/models/Muenster.bpmn,sid-DBE90E3B-5E43-4547-9B98-113924F80654,exclusiveGateway,sid-5DD3A49E-7B3D-47D1-AFA8-0B84AF735F72,task,
src/main/resources/data/dataset1/models/Muenster.bpmn,sid-D6BC3955-839D-470A-8A50-A4451AEE32FC,exclusiveGateway,sid-F59710DB-8CBF-4502-9691-7ED26F1BA3B3,task,
src/main/resources/data/dataset1/models/Muenster.bpmn,sid-F59710DB-8CBF-4502-9691-7ED26F1BA3B3,task,sid-14C2E013-B398-46C7-9650-D84B9D48B04D,exclusiveGateway,
src/main/resources/data/dataset1/models/Muenster.bpmn,sid-14C2E013-B398-46C7-9650-D84B9D48B04D,exclusiveGateway,sid-5DBF77E5-6F45-462A-9589-8B8A202D5C1A,task,
src/main/resources/data/dataset1/models/Muenster.bpmn,sid-14C2E013-B398-46C7-9650-D84B9D48B04D,exclusiveGateway,sid-13F8AF16-C3E3-42BC-95BB-98450FD7603D,task,
src/main/resources/data/dataset1/models/Muenster.bpmn,sid-5273C4DC-79CA-4173-86C1-15F27626FBFC,startEvent,sid-39727343-F5AF-48D3-B725-C0DBDC0EC15D,task,
src/main/resources/data/dataset1/models/Muenster.bpmn,sid-04580F97-3E04-4CFC-9904-FF4A851B560C,task,sid-18924AE7-2264-44C8-9145-08480BE89EC1,intermediateCatchEvent,
src/main/resources/data/dataset1/models/Muenster.bpmn,sid-5DD3A49E-7B3D-47D1-AFA8-0B84AF735F72,task,sid-AB696A11-A512-4231-95E0-B185811315C4,exclusiveGateway,
src/main/resources/data/dataset1/models/Muenster.bpmn,sid-AB696A11-A512-4231-95E0-B185811315C4,exclusiveGateway,sid-04580F97-3E04-4CFC-9904-FF4A851B560C,task,
src/main/resources/data/dataset1/models/Muenster.bpmn,sid-AB696A11-A512-4231-95E0-B185811315C4,exclusiveGateway,sid-C628CE94-B90E-4241-A127-3B3B09BE4046,exclusiveGateway,
src/main/resources/data/dataset1/models/Muenster.bpmn,sid-C628CE94-B90E-4241-A127-3B3B09BE4046,exclusiveGateway,sid-D6BC3955-839D-470A-8A50-A4451AEE32FC,exclusiveGateway,
src/main/resources/data/dataset1/models/Muenster.bpmn,sid-18924AE7-2264-44C8-9145-08480BE89EC1,intermediateCatchEvent,sid-D6BC3955-839D-470A-8A50-A4451AEE32FC,exclusiveGateway,
src/main/resources/data/dataset1/models/Muenster.bpmn,sid-13F8AF16-C3E3-42BC-95BB-98450FD7603D,task,sid-EF4E094C-FADF-4DC5-B4E6-6BAEC9E51F6A,exclusiveGateway,
src/main/resources/data/dataset1/models/Muenster.bpmn,sid-5DBF77E5-6F45-462A-9589-8B8A202D5C1A,task,sid-EF4E094C-FADF-4DC5-B4E6-6BAEC9E51F6A,exclusiveGateway,
src/main/resources/data/dataset1/models/Muenster.bpmn,sid-EF4E094C-FADF-4DC5-B4E6-6BAEC9E51F6A,exclusiveGateway,sid-9741C230-F624-4192-AD4C-3952D5538D7E,endEvent,
src/main/resources/data/dataset1/models/Muenster.bpmn,sid-FE06EA88-2FF3-4061-AF0C-2C43FADCDB8E,task,sid-52A80A5C-69BE-4759-9E66-AA9CD4A7269B,exclusiveGateway,
src/main/resources/data/dataset1/models/Muenster.bpmn,sid-52A80A5C-69BE-4759-9E66-AA9CD4A7269B,exclusiveGateway,sid-AA30AF0A-8581-4B06-B9CC-377FCB426BA2,task,
src/main/resources/data/dataset1/models/Muenster.bpmn,sid-52A80A5C-69BE-4759-9E66-AA9CD4A7269B,exclusiveGateway,sid-8049BBB8-0B3A-4E42-95C7-4781418558DE,task,
src/main/resources/data/dataset1/models/Muenster.bpmn,sid-702DA106-0539-4012-A07D-F42B04C76F25,startEvent,sid-FE06EA88-2FF3-4061-AF0C-2C43FADCDB8E,task,
src/main/resources/data/dataset1/models/Muenster.bpmn,sid-8049BBB8-0B3A-4E42-95C7-4781418558DE,task,sid-7673FEFD-5CF2-43ED-9C19-3F2CAAB55004,exclusiveGateway,
src/main/resources/data/dataset1/models/Muenster.bpmn,sid-AA30AF0A-8581-4B06-B9CC-377FCB426BA2,task,sid-7673FEFD-5CF2-43ED-9C19-3F2CAAB55004,exclusiveGateway,
src/main/resources/data/dataset1/models/Muenster.bpmn,sid-7673FEFD-5CF2-43ED-9C19-3F2CAAB55004,exclusiveGateway,sid-1C42D3C1-4173-4C74-BE79-81D28B7ADC3E,exclusiveGateway,
src/main/resources/data/dataset1/models/Muenster.bpmn,sid-1C42D3C1-4173-4C74-BE79-81D28B7ADC3E,exclusiveGateway,sid-6CEC9018-8549-4CC1-A04C-89C55ACCFEF0,task,
src/main/resources/data/dataset1/models/Muenster.bpmn,sid-6CEC9018-8549-4CC1-A04C-89C55ACCFEF0,task,sid-C32EE003-A3D7-4D23-9D08-1413F2A04DBD,exclusiveGateway,
src/main/resources/data/dataset1/models/Muenster.bpmn,sid-C32EE003-A3D7-4D23-9D08-1413F2A04DBD,exclusiveGateway,sid-4F07E4F6-56E2-4C3A-B08B-6505766782A3,intermediateCatchEvent,
src/main/resources/data/dataset1/models/Muenster.bpmn,sid-C32EE003-A3D7-4D23-9D08-1413F2A04DBD,exclusiveGateway,sid-B12B5760-2755-40E3-A28D-EF05D450E0A9,endEvent,
src/main/resources/data/dataset1/models/Muenster.bpmn,sid-4F07E4F6-56E2-4C3A-B08B-6505766782A3,intermediateCatchEvent,sid-1C42D3C1-4173-4C74-BE79-81D28B7ADC3E,exclusiveGateway,
src/main/resources/data/dataset1/models/Potsdam.bpmn,sid-A48031B4-A182-4EEC-9095-D407D1D2BD89,parallelGateway,sid-5D9439A1-1455-4570-A9BE-34EFA757CA6A,task,
src/main/resources/data/dataset1/models/Potsdam.bpmn,sid-A48031B4-A182-4EEC-9095-D407D1D2BD89,parallelGateway,sid-D762B700-0BF5-4E53-95E1-C1150CFB8FB9,task,
src/main/resources/data/dataset1/models/Potsdam.bpmn,sid-5D9439A1-1455-4570-A9BE-34EFA757CA6A,task,sid-29541DC3-8302-4507-992E-699D1FBE7201,parallelGateway,
src/main/resources/data/dataset1/models/Potsdam.bpmn,sid-D762B700-0BF5-4E53-95E1-C1150CFB8FB9,task,sid-29541DC3-8302-4507-992E-699D1FBE7201,parallelGateway,
src/main/resources/data/dataset1/models/Potsdam.bpmn,sid-29541DC3-8302-4507-992E-699D1FBE7201,parallelGateway,sid-FA87376C-E81A-47B4-865C-1FE9BA0DA416,exclusiveGateway,
src/main/resources/data/dataset1/models/Potsdam.bpmn,sid-FA87376C-E81A-47B4-865C-1FE9BA0DA416,exclusiveGateway,sid-16CD6E68-2B7E-4A56-B195-076C7072930A,task,
src/main/resources/data/dataset1/models/Potsdam.bpmn,sid-15689096-B676-4EFE-87E9-AC7E50725AB8,task,sid-4D98AF1F-2E07-4857-AF10-9B9EC7B034C5,exclusiveGateway,
src/main/resources/data/dataset1/models/Potsdam.bpmn,sid-4D98AF1F-2E07-4857-AF10-9B9EC7B034C5,exclusiveGateway,sid-CBF7C869-D493-4C33-95CC-B6E0DCC0C95B,task,
src/main/resources/data/dataset1/models/Potsdam.bpmn,sid-4D98AF1F-2E07-4857-AF10-9B9EC7B034C5,exclusiveGateway,sid-1B23EDD1-844B-4CB4-8FF7-435643D4B483,exclusiveGateway,
src/main/resources/data/dataset1/models/Potsdam.bpmn,sid-C9129B38-BB66-415E-95BB-BFBDB37E4C45,exclusiveGateway,sid-D257B8C8-40C7-45B7-81BC-074AA5772C45,task,
src/main/resources/data/dataset1/models/Potsdam.bpmn,sid-1B23EDD1-844B-4CB4-8FF7-435643D4B483,exclusiveGateway,sid-987CEAFB-3A0B-4E94-BD1F-EFAF5ADA9D83,exclusiveGateway,
src/main/resources/data/dataset1/models/Potsdam.bpmn,sid-EE37906A-5B71-4916-AE86-E4CE3BD97C11,task,sid-D7658520-8A4B-46D9-BB8D-80F3B449FC85,exclusiveGateway,
src/main/resources/data/dataset1/models/Potsdam.bpmn,sid-987CEAFB-3A0B-4E94-BD1F-EFAF5ADA9D83,exclusiveGateway,sid-51008667-89C1-4EF4-8B71-1D6A3EC234CE,exclusiveGateway,
src/main/resources/data/dataset1/models/Potsdam.bpmn,sid-AE4EEED8-B2F5-41EC-BD7F-F67D3CD0B57F,parallelGateway,sid-2134BCB7-AA6C-4D36-98BD-96A11AA724F7,task,
src/main/resources/data/dataset1/models/Potsdam.bpmn,sid-CBF7C869-D493-4C33-95CC-B6E0DCC0C95B,task,sid-1B23EDD1-844B-4CB4-8FF7-435643D4B483,exclusiveGateway,
src/main/resources/data/dataset1/models/Potsdam.bpmn,sid-D7658520-8A4B-46D9-BB8D-80F3B449FC85,exclusiveGateway,sid-F58FCB1F-C255-424A-8007-C76925176B96,exclusiveGateway,
src/main/resources/data/dataset1/models/Potsdam.bpmn,sid-D7658520-8A4B-46D9-BB8D-80F3B449FC85,exclusiveGateway,sid-51008667-89C1-4EF4-8B71-1D6A3EC234CE,exclusiveGateway,
src/main/resources/data/dataset1/models/Potsdam.bpmn,sid-AE4EEED8-B2F5-41EC-BD7F-F67D3CD0B57F,parallelGateway,sid-27F26039-B6AE-470D-A325-A997E655AC70,task,
src/main/resources/data/dataset1/models/Potsdam.bpmn,sid-AE4EEED8-B2F5-41EC-BD7F-F67D3CD0B57F,parallelGateway,sid-997AFA4D-FFA4-45FD-9E52-B2D45BD24785,task,
src/main/resources/data/dataset1/models/Potsdam.bpmn,sid-997AFA4D-FFA4-45FD-9E52-B2D45BD24785,task,sid-4E5CEF83-C2BF-4222-A084-80D636BAD378,parallelGateway,
src/main/resources/data/dataset1/models/Potsdam.bpmn,sid-27F26039-B6AE-470D-A325-A997E655AC70,task,sid-4E5CEF83-C2BF-4222-A084-80D636BAD378,parallelGateway,
src/main/resources/data/dataset1/models/Potsdam.bpmn,sid-2134BCB7-AA6C-4D36-98BD-96A11AA724F7,task,sid-4E5CEF83-C2BF-4222-A084-80D636BAD378,parallelGateway,
src/main/resources/data/dataset1/models/Potsdam.bpmn,sid-4E5CEF83-C2BF-4222-A084-80D636BAD378,parallelGateway,sid-B969BD21-9ED6-4153-9A4A-16D3FF6EB8E6,task,
src/main/resources/data/dataset1/models/Potsdam.bpmn,sid-B969BD21-9ED6-4153-9A4A-16D3FF6EB8E6,task,sid-3A8AA25F-3425-4F2A-9728-7435CA202359,exclusiveGateway,
src/main/resources/data/dataset1/models/Potsdam.bpmn,sid-F58FCB1F-C255-424A-8007-C76925176B96,exclusiveGateway,sid-7E31973F-0987-4E8B-B586-05886C31EBD7,task,
src/main/resources/data/dataset1/models/Potsdam.bpmn,sid-3A8AA25F-3425-4F2A-9728-7435CA202359,exclusiveGateway,sid-C9129B38-BB66-415E-95BB-BFBDB37E4C45,exclusiveGateway,
src/main/resources/data/dataset1/models/Potsdam.bpmn,sid-79C5C5F5-012F-4213-B2A9-AE2CC0FA2095,exclusiveGateway,sid-913A36A0-2F12-42FE-B791-904D6E57BF46,task,
src/main/resources/data/dataset1/models/Potsdam.bpmn,sid-913A36A0-2F12-42FE-B791-904D6E57BF46,task,sid-90363946-E42C-4A1C-B05C-FE941E2AB214,exclusiveGateway,
src/main/resources/data/dataset1/models/Potsdam.bpmn,sid-79C5C5F5-012F-4213-B2A9-AE2CC0FA2095,exclusiveGateway,sid-90363946-E42C-4A1C-B05C-FE941E2AB214,exclusiveGateway,
src/main/resources/data/dataset1/models/Potsdam.bpmn,sid-3A8AA25F-3425-4F2A-9728-7435CA202359,exclusiveGateway,sid-79C5C5F5-012F-4213-B2A9-AE2CC0FA2095,exclusiveGateway,
src/main/resources/data/dataset1/models/Potsdam.bpmn,sid-90363946-E42C-4A1C-B05C-FE941E2AB214,exclusiveGateway,sid-F58FCB1F-C255-424A-8007-C76925176B96,exclusiveGateway,
src/main/resources/data/dataset1/models/Potsdam.bpmn,sid-7E31973F-0987-4E8B-B586-05886C31EBD7,task,sid-17FDBB39-FBFF-46F5-A2AE-DAEC97FF32AD,task,
src/main/resources/data/dataset1/models/Potsdam.bpmn,sid-D257B8C8-40C7-45B7-81BC-074AA5772C45,task,sid-D6F6FE73-9224-4FA6-9826-C13A0C20FA8D,task,
src/main/resources/data/dataset1/models/Potsdam.bpmn,sid-A7E4C91F-DC75-47DD-9E25-CE6D91C6CD14,startEvent,sid-000A0B1A-81B1-47A9-AA69-7A50FC11468A,task,
src/main/resources/data/dataset1/models/Potsdam.bpmn,sid-000A0B1A-81B1-47A9-AA69-7A50FC11468A,task,sid-A48031B4-A182-4EEC-9095-D407D1D2BD89,parallelGateway,
src/main/resources/data/dataset1/models/Potsdam.bpmn,sid-16CD6E68-2B7E-4A56-B195-076C7072930A,task,sid-15689096-B676-4EFE-87E9-AC7E50725AB8,task,
src/main/resources/data/dataset1/models/Potsdam.bpmn,sid-4D98AF1F-2E07-4857-AF10-9B9EC7B034C5,exclusiveGateway,sid-C9129B38-BB66-415E-95BB-BFBDB37E4C45,exclusiveGateway,
src/main/resources/data/dataset1/models/Potsdam.bpmn,sid-987CEAFB-3A0B-4E94-BD1F-EFAF5ADA9D83,exclusiveGateway,sid-EE37906A-5B71-4916-AE86-E4CE3BD97C11,task,
src/main/resources/data/dataset1/models/Potsdam.bpmn,sid-51008667-89C1-4EF4-8B71-1D6A3EC234CE,exclusiveGateway,sid-AE4EEED8-B2F5-41EC-BD7F-F67D3CD0B57F,parallelGateway,
src/main/resources/data/dataset1/models/Potsdam.bpmn,sid-D6F6FE73-9224-4FA6-9826-C13A0C20FA8D,task,sid-DD6D8085-9FC6-4F41-B959-94C46AF12F03,exclusiveGateway,
src/main/resources/data/dataset1/models/Potsdam.bpmn,sid-17FDBB39-FBFF-46F5-A2AE-DAEC97FF32AD,task,sid-DD6D8085-9FC6-4F41-B959-94C46AF12F03,exclusiveGateway,
src/main/resources/data/dataset1/models/Potsdam.bpmn,sid-DD6D8085-9FC6-4F41-B959-94C46AF12F03,exclusiveGateway,sid-17A2E5B7-B06D-4302-A6FD-AC9612142FDF,endEvent,
src/main/resources/data/dataset1/models/Potsdam.bpmn,sid-2F1B5E15-2C23-46DF-82E6-958211C1D0DD,startEvent,sid-7A2F2AA8-E50F-40F2-B7ED-CDEDB810D97C,task,
src/main/resources/data/dataset1/models/Potsdam.bpmn,sid-7A2F2AA8-E50F-40F2-B7ED-CDEDB810D97C,task,sid-656C1B30-6B6B-4140-8297-7CFD075F72EF,parallelGateway,
src/main/resources/data/dataset1/models/Potsdam.bpmn,sid-656C1B30-6B6B-4140-8297-7CFD075F72EF,parallelGateway,sid-F0B6060E-1460-4CFF-8D94-1181081F4671,task,
src/main/resources/data/dataset1/models/Potsdam.bpmn,sid-656C1B30-6B6B-4140-8297-7CFD075F72EF,parallelGateway,sid-4636DE79-328E-4C1B-8BE3-F0D5FF00E69C,task,
src/main/resources/data/dataset1/models/Potsdam.bpmn,sid-656C1B30-6B6B-4140-8297-7CFD075F72EF,parallelGateway,sid-D3AE1325-5912-4B94-9B35-72D7EBE6BE16,task,
src/main/resources/data/dataset1/models/Potsdam.bpmn,sid-656C1B30-6B6B-4140-8297-7CFD075F72EF,parallelGateway,sid-8DA2CA7E-99ED-4CF8-955B-FA96DD526870,task,
src/main/resources/data/dataset1/models/Potsdam.bpmn,sid-656C1B30-6B6B-4140-8297-7CFD075F72EF,parallelGateway,sid-12F965D2-744D-4C57-8FBD-EB9B25968938,exclusiveGateway,
src/main/resources/data/dataset1/models/Potsdam.bpmn,sid-D7986EB7-2220-4C30-A486-42454F049BCB,task,sid-CBE09DCA-7966-4018-B5CA-D433E5F4795D,exclusiveGateway,
src/main/resources/data/dataset1/models/Potsdam.bpmn,sid-12F965D2-744D-4C57-8FBD-EB9B25968938,exclusiveGateway,sid-CBE09DCA-7966-4018-B5CA-D433E5F4795D,exclusiveGateway,
src/main/resources/data/dataset1/models/Potsdam.bpmn,sid-12F965D2-744D-4C57-8FBD-EB9B25968938,exclusiveGateway,sid-D7986EB7-2220-4C30-A486-42454F049BCB,task,
src/main/resources/data/dataset1/models/Potsdam.bpmn,sid-F0B6060E-1460-4CFF-8D94-1181081F4671,task,sid-C46D7B4F-8D66-485F-9F7E-2B10F9598D70,parallelGateway,
src/main/resources/data/dataset1/models/Potsdam.bpmn,sid-4636DE79-328E-4C1B-8BE3-F0D5FF00E69C,task,sid-C46D7B4F-8D66-485F-9F7E-2B10F9598D70,parallelGateway,
src/main/resources/data/dataset1/models/Potsdam.bpmn,sid-D3AE1325-5912-4B94-9B35-72D7EBE6BE16,task,sid-C46D7B4F-8D66-485F-9F7E-2B10F9598D70,parallelGateway,
src/main/resources/data/dataset1/models/Potsdam.bpmn,sid-8DA2CA7E-99ED-4CF8-955B-FA96DD526870,task,sid-C46D7B4F-8D66-485F-9F7E-2B10F9598D70,parallelGateway,
src/main/resources/data/dataset1/models/Potsdam.bpmn,sid-CBE09DCA-7966-4018-B5CA-D433E5F4795D,exclusiveGateway,sid-C46D7B4F-8D66-485F-9F7E-2B10F9598D70,parallelGateway,
src/main/resources/data/dataset1/models/Potsdam.bpmn,sid-71E7DBD7-F76C-42AD-8388-CD8D59CF88D4,parallelGateway,sid-813795F6-9B7A-4D33-BEF1-7A04F3B3F050,exclusiveGateway,
src/main/resources/data/dataset1/models/Potsdam.bpmn,sid-813795F6-9B7A-4D33-BEF1-7A04F3B3F050,exclusiveGateway,sid-9460F7EB-5D0E-4C9A-933C-91EAEDFF6B1F,task,
src/main/resources/data/dataset1/models/Potsdam.bpmn,sid-9460F7EB-5D0E-4C9A-933C-91EAEDFF6B1F,task,sid-35EE4631-A52E-4C34-B85A-415458C47917,exclusiveGateway,
src/main/resources/data/dataset1/models/Potsdam.bpmn,sid-813795F6-9B7A-4D33-BEF1-7A04F3B3F050,exclusiveGateway,sid-35EE4631-A52E-4C34-B85A-415458C47917,exclusiveGateway,
src/main/resources/data/dataset1/models/Potsdam.bpmn,sid-71E7DBD7-F76C-42AD-8388-CD8D59CF88D4,parallelGateway,sid-76E01A89-B4C3-4FCC-8940-5C76E0A5F2B1,exclusiveGateway,
src/main/resources/data/dataset1/models/Potsdam.bpmn,sid-FB567539-2B9F-4B9C-A2A8-4C8A9097CE89,task,sid-76AC77BA-5CD0-41DF-9390-DF136510982B,exclusiveGateway,
src/main/resources/data/dataset1/models/Potsdam.bpmn,sid-76E01A89-B4C3-4FCC-8940-5C76E0A5F2B1,exclusiveGateway,sid-FB567539-2B9F-4B9C-A2A8-4C8A9097CE89,task,
src/main/resources/data/dataset1/models/Potsdam.bpmn,sid-76E01A89-B4C3-4FCC-8940-5C76E0A5F2B1,exclusiveGateway,sid-76AC77BA-5CD0-41DF-9390-DF136510982B,exclusiveGateway,
src/main/resources/data/dataset1/models/Potsdam.bpmn,sid-76AC77BA-5CD0-41DF-9390-DF136510982B,exclusiveGateway,sid-3BF978A8-1BCC-4246-AE60-FE251E328AF3,parallelGateway,
src/main/resources/data/dataset1/models/Potsdam.bpmn,sid-35EE4631-A52E-4C34-B85A-415458C47917,exclusiveGateway,sid-3BF978A8-1BCC-4246-AE60-FE251E328AF3,parallelGateway,
src/main/resources/data/dataset1/models/Potsdam.bpmn,sid-C46D7B4F-8D66-485F-9F7E-2B10F9598D70,parallelGateway,sid-71E7DBD7-F76C-42AD-8388-CD8D59CF88D4,parallelGateway,
src/main/resources/data/dataset1/models/Potsdam.bpmn,sid-AFD38E5A-3438-44ED-87A9-63EAE7A744DD,task,sid-FB461E09-F2C0-4232-AF49-76E090FCADA6,exclusiveGateway,
src/main/resources/data/dataset1/models/Potsdam.bpmn,sid-372AB00E-AC90-4B84-9642-AB11FC4C21AB,exclusiveGateway,sid-AFD38E5A-3438-44ED-87A9-63EAE7A744DD,task,
src/main/resources/data/dataset1/models/Potsdam.bpmn,sid-372AB00E-AC90-4B84-9642-AB11FC4C21AB,exclusiveGateway,sid-FB461E09-F2C0-4232-AF49-76E090FCADA6,exclusiveGateway,
src/main/resources/data/dataset1/models/Potsdam.bpmn,sid-71E7DBD7-F76C-42AD-8388-CD8D59CF88D4,parallelGateway,sid-372AB00E-AC90-4B84-9642-AB11FC4C21AB,exclusiveGateway,
src/main/resources/data/dataset1/models/Potsdam.bpmn,sid-FB461E09-F2C0-4232-AF49-76E090FCADA6,exclusiveGateway,sid-3BF978A8-1BCC-4246-AE60-FE251E328AF3,parallelGateway,
src/main/resources/data/dataset1/models/Potsdam.bpmn,sid-3BF978A8-1BCC-4246-AE60-FE251E328AF3,parallelGateway,sid-1181CC8B-F6CE-4E13-A25C-93BDF75B71B7,task,
src/main/resources/data/dataset1/models/Potsdam.bpmn,sid-162937B1-3998-44B9-BB0A-840A43001E88,task,sid-8331F5EE-D58A-48EC-BC26-C10543262F66,task,
src/main/resources/data/dataset1/models/Potsdam.bpmn,sid-8331F5EE-D58A-48EC-BC26-C10543262F66,task,sid-BA2A1CD8-D482-4E29-A529-3216DA67B38E,exclusiveGateway,
src/main/resources/data/dataset1/models/Potsdam.bpmn,sid-BA2A1CD8-D482-4E29-A529-3216DA67B38E,exclusiveGateway,sid-DD67CB92-3E08-49D9-9F91-90E5C8602C4E,endEvent,
src/main/resources/data/dataset1/models/Potsdam.bpmn,sid-2A9C0ECA-8F9F-4329-9023-8A4B3332F463,task,sid-BA2A1CD8-D482-4E29-A529-3216DA67B38E,exclusiveGateway,
src/main/resources/data/dataset1/models/Potsdam.bpmn,sid-1181CC8B-F6CE-4E13-A25C-93BDF75B71B7,task,sid-DE999B42-85D4-4D1C-874D-BC5CEC34C806,exclusiveGateway,
src/main/resources/data/dataset1/models/Potsdam.bpmn,sid-DE999B42-85D4-4D1C-874D-BC5CEC34C806,exclusiveGateway,sid-2A9C0ECA-8F9F-4329-9023-8A4B3332F463,task,
src/main/resources/data/dataset1/models/Potsdam.bpmn,sid-DE999B42-85D4-4D1C-874D-BC5CEC34C806,exclusiveGateway,sid-162937B1-3998-44B9-BB0A-840A43001E88,task,
src/main/resources/data/dataset1/models/TU_Munich.bpmn,sid-40C33EDB-612C-481C-926B-D0FFABA5B170,task,sid-19CCA345-9885-400E-9CCF-DB4F4018B707,exclusiveGateway,
src/main/resources/data/dataset1/models/TU_Munich.bpmn,sid-906427E0-F446-4C6B-851B-F3872CE2302E,task,sid-465F693F-A9A4-43B7-86FB-B6F16EAD8DE7,task,
src/main/resources/data/dataset1/models/TU_Munich.bpmn,sid-465F693F-A9A4-43B7-86FB-B6F16EAD8DE7,task,sid-8C188CB2-5CD5-451F-B76D-B14C777E9556,task,
src/main/resources/data/dataset1/models/TU_Munich.bpmn,sid-8C188CB2-5CD5-451F-B76D-B14C777E9556,task,sid-67420D3D-922F-4178-A728-6893D4C13972,exclusiveGateway,
src/main/resources/data/dataset1/models/TU_Munich.bpmn,sid-67420D3D-922F-4178-A728-6893D4C13972,exclusiveGateway,sid-AFB67B06-BDE2-40B6-B3C2-A3665192D791,task,
src/main/resources/data/dataset1/models/TU_Munich.bpmn,sid-DFAB4855-32CC-4502-805E-32558E512ADD,startEvent,sid-40C33EDB-612C-481C-926B-D0FFABA5B170,task,
src/main/resources/data/dataset1/models/TU_Munich.bpmn,sid-19CCA345-9885-400E-9CCF-DB4F4018B707,exclusiveGateway,sid-906427E0-F446-4C6B-851B-F3872CE2302E,task,
src/main/resources/data/dataset1/models/TU_Munich.bpmn,sid-67420D3D-922F-4178-A728-6893D4C13972,exclusiveGateway,sid-A050A33E-6163-44B5-965A-614CBFDB17C2,task,
src/main/resources/data/dataset1/models/TU_Munich.bpmn,sid-67420D3D-922F-4178-A728-6893D4C13972,exclusiveGateway,sid-5CAA1911-2EA6-4A98-87A7-9BD000B0A191,task,
src/main/resources/data/dataset1/models/TU_Munich.bpmn,sid-A050A33E-6163-44B5-965A-614CBFDB17C2,task,sid-1E1AE77E-D431-40D0-931A-5570B9D4A8FE,exclusiveGateway,
src/main/resources/data/dataset1/models/TU_Munich.bpmn,sid-5CAA1911-2EA6-4A98-87A7-9BD000B0A191,task,sid-1E1AE77E-D431-40D0-931A-5570B9D4A8FE,exclusiveGateway,
src/main/resources/data/dataset1/models/TU_Munich.bpmn,sid-AFB67B06-BDE2-40B6-B3C2-A3665192D791,task,sid-1E1AE77E-D431-40D0-931A-5570B9D4A8FE,exclusiveGateway,
src/main/resources/data/dataset1/models/TU_Munich.bpmn,sid-1E1AE77E-D431-40D0-931A-5570B9D4A8FE,exclusiveGateway,sid-86BEFE55-806A-4B19-9DF6-EB0B403B6890,task,
src/main/resources/data/dataset1/models/TU_Munich.bpmn,sid-86BEFE55-806A-4B19-9DF6-EB0B403B6890,task,sid-0EB94A47-DC22-4D81-A9FC-DC7E5AC00118,exclusiveGateway,
src/main/resources/data/dataset1/models/TU_Munich.bpmn,sid-0EB94A47-DC22-4D81-A9FC-DC7E5AC00118,exclusiveGateway,sid-3386F438-4F0F-4407-9E98-F7968B1BBA95,task,
src/main/resources/data/dataset1/models/TU_Munich.bpmn,sid-0EB94A47-DC22-4D81-A9FC-DC7E5AC00118,exclusiveGateway,sid-B46A6E9A-CBC8-4796-B15D-B3862F31937E,task,
src/main/resources/data/dataset1/models/TU_Munich.bpmn,sid-B46A6E9A-CBC8-4796-B15D-B3862F31937E,task,sid-74B83E22-7595-4FBB-B830-06D69458AF3F,exclusiveGateway,
src/main/resources/data/dataset1/models/TU_Munich.bpmn,sid-3386F438-4F0F-4407-9E98-F7968B1BBA95,task,sid-74B83E22-7595-4FBB-B830-06D69458AF3F,exclusiveGateway,
src/main/resources/data/dataset1/models/TU_Munich.bpmn,sid-74B83E22-7595-4FBB-B830-06D69458AF3F,exclusiveGateway,sid-6EACC209-418C-4430-84C6-3FE429357A4A,exclusiveGateway,
src/main/resources/data/dataset1/models/TU_Munich.bpmn,sid-6EACC209-418C-4430-84C6-3FE429357A4A,exclusiveGateway,sid-9F841E14-97A9-4C1C-B96A-1451697D180E,endEvent,
src/main/resources/data/dataset1/models/TU_Munich.bpmn,sid-19CCA345-9885-400E-9CCF-DB4F4018B707,exclusiveGateway,sid-6EACC209-418C-4430-84C6-3FE429357A4A,exclusiveGateway,
src/main/resources/data/dataset1/models/TU_Munich.bpmn,sid-4BC64E5F-17AA-4A7C-AAF7-C0C5AAC49682,startEvent,sid-3B9A1679-D9C0-48D4-B6EB-EE354AB529F2,task,
src/main/resources/data/dataset1/models/TU_Munich.bpmn,sid-3B9A1679-D9C0-48D4-B6EB-EE354AB529F2,task,sid-B9C01B9A-294C-4E27-A0A8-DB69025E4284,task,
src/main/resources/data/dataset1/models/TU_Munich.bpmn,sid-B9C01B9A-294C-4E27-A0A8-DB69025E4284,task,sid-40FCF57B-44A4-443F-80D6-D2778D1045CD,task,
src/main/resources/data/dataset1/models/TU_Munich.bpmn,sid-40FCF57B-44A4-443F-80D6-D2778D1045CD,task,sid-89EB0BD4-5311-43BF-BD7D-5B16EF67D9B3,eventBasedGateway,
src/main/resources/data/dataset1/models/TU_Munich.bpmn,sid-C35B2287-57A3-420B-A8B3-86E1FBC12BDA,task,sid-E654C2FF-9DEA-44ED-B904-206DC8E52297,eventBasedGateway,
src/main/resources/data/dataset1/models/TU_Munich.bpmn,sid-E654C2FF-9DEA-44ED-B904-206DC8E52297,eventBasedGateway,sid-A8E1C7F2-D9A4-4669-9A5E-A39015D04BE2,intermediateCatchEvent,
src/main/resources/data/dataset1/models/TU_Munich.bpmn,sid-E654C2FF-9DEA-44ED-B904-206DC8E52297,eventBasedGateway,sid-701A0B1D-BFF0-482A-A658-A6713BC21F13,intermediateCatchEvent,
src/main/resources/data/dataset1/models/TU_Munich.bpmn,sid-701A0B1D-BFF0-482A-A658-A6713BC21F13,intermediateCatchEvent,sid-BDA19998-F73B-42E3-A22F-8401F85701F1,exclusiveGateway,
src/main/resources/data/dataset1/models/TU_Munich.bpmn,sid-A8E1C7F2-D9A4-4669-9A5E-A39015D04BE2,intermediateCatchEvent,sid-BDA19998-F73B-42E3-A22F-8401F85701F1,exclusiveGateway,
src/main/resources/data/dataset1/models/TU_Munich.bpmn,sid-BDA19998-F73B-42E3-A22F-8401F85701F1,exclusiveGateway,sid-714C5B0A-CC06-4710-9866-EC2280EA282E,exclusiveGateway,
src/main/resources/data/dataset1/models/TU_Munich.bpmn,sid-714C5B0A-CC06-4710-9866-EC2280EA282E,exclusiveGateway,sid-EC00EA7C-CDFF-441C-A544-92E423EE8803,endEvent,
src/main/resources/data/dataset1/models/TU_Munich.bpmn,sid-89EB0BD4-5311-43BF-BD7D-5B16EF67D9B3,eventBasedGateway,sid-BB1C4222-40C6-4013-A9C7-11BD25E18C16,intermediateCatchEvent,
src/main/resources/data/dataset1/models/TU_Munich.bpmn,sid-89EB0BD4-5311-43BF-BD7D-5B16EF67D9B3,eventBasedGateway,sid-AC0658EC-033D-491F-8BD3-B3EAFB7DA704,intermediateCatchEvent,
src/main/resources/data/dataset1/models/TU_Munich.bpmn,sid-AC0658EC-033D-491F-8BD3-B3EAFB7DA704,intermediateCatchEvent,sid-714C5B0A-CC06-4710-9866-EC2280EA282E,exclusiveGateway,
src/main/resources/data/dataset1/models/TU_Munich.bpmn,sid-BB1C4222-40C6-4013-A9C7-11BD25E18C16,intermediateCatchEvent,sid-714C5B0A-CC06-4710-9866-EC2280EA282E,exclusiveGateway,
src/main/resources/data/dataset1/models/TU_Munich.bpmn,sid-1FA0C09B-0884-4125-92CE-05A78B2F104C,intermediateCatchEvent,sid-C35B2287-57A3-420B-A8B3-86E1FBC12BDA,task,
src/main/resources/data/dataset1/models/TU_Munich.bpmn,sid-89EB0BD4-5311-43BF-BD7D-5B16EF67D9B3,eventBasedGateway,sid-1FA0C09B-0884-4125-92CE-05A78B2F104C,intermediateCatchEvent,
src/main/resources/data/dataset1/models/Wuerzburg.bpmn,sid-EEC31819-F1F0-4A9F-8EE8-D442CF2E2622,task,sid-063234AB-C5D3-4363-A7C0-CC96846DBC4A,exclusiveGateway,
src/main/resources/data/dataset1/models/Wuerzburg.bpmn,sid-03231681-FE58-415D-AECB-BC1143526ED5,task,sid-34CDD616-BB52-41B7-AE78-0E3DFF7DF80E,exclusiveGateway,
src/main/resources/data/dataset1/models/Wuerzburg.bpmn,sid-7CE86B77-22F4-48FE-9208-86063463AB6C,task,sid-F949DDEA-DC0F-4F5D-BBC2-21709CB573A9,exclusiveGateway,
src/main/resources/data/dataset1/models/Wuerzburg.bpmn,sid-DABBB18A-B1F9-4770-843F-BD675AA90790,exclusiveGateway,sid-4905EF0C-869A-4E84-B972-D562472547A0,task,
src/main/resources/data/dataset1/models/Wuerzburg.bpmn,sid-34CDD616-BB52-41B7-AE78-0E3DFF7DF80E,exclusiveGateway,sid-DABBB18A-B1F9-4770-843F-BD675AA90790,exclusiveGateway,
src/main/resources/data/dataset1/models/Wuerzburg.bpmn,sid-4C472B5F-9246-41F6-8544-E43B5C588540,task,sid-B405DE8E-83CA-4FE9-8BBC-2E0252DA8286,intermediateCatchEvent,
src/main/resources/data/dataset1/models/Wuerzburg.bpmn,sid-B405DE8E-83CA-4FE9-8BBC-2E0252DA8286,intermediateCatchEvent,sid-EEC31819-F1F0-4A9F-8EE8-D442CF2E2622,task,
src/main/resources/data/dataset1/models/Wuerzburg.bpmn,sid-5545318C-6215-4794-ACBD-3A422064C54E,task,sid-C4C6D588-0528-4877-85BE-DC8258EFC7E7,exclusiveGateway,
src/main/resources/data/dataset1/models/Wuerzburg.bpmn,sid-C4C6D588-0528-4877-85BE-DC8258EFC7E7,exclusiveGateway,sid-E459E6BA-F48A-4F8E-8A47-99BE46DE565E,endEvent,
src/main/resources/data/dataset1/models/Wuerzburg.bpmn,sid-4905EF0C-869A-4E84-B972-D562472547A0,task,sid-C4C6D588-0528-4877-85BE-DC8258EFC7E7,exclusiveGateway,
src/main/resources/data/dataset1/models/Wuerzburg.bpmn,sid-A59CEA48-F409-46BE-8553-3C2E4012B25A,startEvent,sid-D907C706-22D7-436E-87CF-191CC8E8DD1E,exclusiveGateway,
src/main/resources/data/dataset1/models/Wuerzburg.bpmn,sid-D907C706-22D7-436E-87CF-191CC8E8DD1E,exclusiveGateway,sid-07022D95-CDB4-4D5B-A9F8-FAA60D322C7E,intermediateCatchEvent,
src/main/resources/data/dataset1/models/Wuerzburg.bpmn,sid-D907C706-22D7-436E-87CF-191CC8E8DD1E,exclusiveGateway,sid-C583433D-A7B4-47FE-9B68-EEB7E514DB1E,task,
src/main/resources/data/dataset1/models/Wuerzburg.bpmn,sid-C583433D-A7B4-47FE-9B68-EEB7E514DB1E,task,sid-4829B4DD-533B-49BC-A348-D1BD7C0253DE,exclusiveGateway,
src/main/resources/data/dataset1/models/Wuerzburg.bpmn,sid-34CDD616-BB52-41B7-AE78-0E3DFF7DF80E,exclusiveGateway,sid-7CE86B77-22F4-48FE-9208-86063463AB6C,task,
src/main/resources/data/dataset1/models/Wuerzburg.bpmn,sid-5A0807EA-8206-4037-A55F-0A3C9605ABF7,task,sid-34A94033-8C97-4853-8B89-2B0F8DFF8C43,exclusiveGateway,
src/main/resources/data/dataset1/models/Wuerzburg.bpmn,sid-F949DDEA-DC0F-4F5D-BBC2-21709CB573A9,exclusiveGateway,sid-A87817A6-51B9-4CDD-8C3E-FFCBD18C7D0D,exclusiveGateway,
src/main/resources/data/dataset1/models/Wuerzburg.bpmn,sid-A87817A6-51B9-4CDD-8C3E-FFCBD18C7D0D,exclusiveGateway,sid-5545318C-6215-4794-ACBD-3A422064C54E,task,
src/main/resources/data/dataset1/models/Wuerzburg.bpmn,sid-063234AB-C5D3-4363-A7C0-CC96846DBC4A,exclusiveGateway,sid-5A0807EA-8206-4037-A55F-0A3C9605ABF7,task,
src/main/resources/data/dataset1/models/Wuerzburg.bpmn,sid-34A94033-8C97-4853-8B89-2B0F8DFF8C43,exclusiveGateway,sid-DABBB18A-B1F9-4770-843F-BD675AA90790,exclusiveGateway,
src/main/resources/data/dataset1/models/Wuerzburg.bpmn,sid-063234AB-C5D3-4363-A7C0-CC96846DBC4A,exclusiveGateway,sid-DABBB18A-B1F9-4770-843F-BD675AA90790,exclusiveGateway,
src/main/resources/data/dataset1/models/Wuerzburg.bpmn,sid-F949DDEA-DC0F-4F5D-BBC2-21709CB573A9,exclusiveGateway,sid-DABBB18A-B1F9-4770-843F-BD675AA90790,exclusiveGateway,
src/main/resources/data/dataset1/models/Wuerzburg.bpmn,sid-4829B4DD-533B-49BC-A348-D1BD7C0253DE,exclusiveGateway,sid-DABBB18A-B1F9-4770-843F-BD675AA90790,exclusiveGateway,
src/main/resources/data/dataset1/models/Wuerzburg.bpmn,sid-4829B4DD-533B-49BC-A348-D1BD7C0253DE,exclusiveGateway,sid-03231681-FE58-415D-AECB-BC1143526ED5,task,
src/main/resources/data/dataset1/models/Wuerzburg.bpmn,sid-34A94033-8C97-4853-8B89-2B0F8DFF8C43,exclusiveGateway,sid-A87817A6-51B9-4CDD-8C3E-FFCBD18C7D0D,exclusiveGateway,
src/main/resources/data/dataset1/models/Wuerzburg.bpmn,sid-07022D95-CDB4-4D5B-A9F8-FAA60D322C7E,intermediateCatchEvent,sid-4C472B5F-9246-41F6-8544-E43B5C588540,task,
src/main/resources/data/dataset1/models/Wuerzburg.bpmn,sid-3AE34340-B40D-4A61-99AB-3EF1D830EF28,startEvent,sid-7334C78B-F3F1-449E-9B9B-D39C17261BD9,task,
src/main/resources/data/dataset1/models/Wuerzburg.bpmn,sid-7334C78B-F3F1-449E-9B9B-D39C17261BD9,task,sid-01A67757-E183-4D3D-B853-46D44F41B388,exclusiveGateway,
src/main/resources/data/dataset1/models/Wuerzburg.bpmn,sid-01A67757-E183-4D3D-B853-46D44F41B388,exclusiveGateway,sid-48539062-6B70-468F-BF19-F74EEE12F0EB,task,
src/main/resources/data/dataset1/models/Wuerzburg.bpmn,sid-48539062-6B70-468F-BF19-F74EEE12F0EB,task,sid-925591B8-59CC-4806-B43B-3B5F10D7794F,task,
src/main/resources/data/dataset1/models/Wuerzburg.bpmn,sid-31ACAFC9-DEA8-4F26-8AC2-16751B0B91A2,task,sid-880B7840-7F46-4A0A-BC36-C030808969F9,exclusiveGateway,
src/main/resources/data/dataset1/models/Wuerzburg.bpmn,sid-925591B8-59CC-4806-B43B-3B5F10D7794F,task,sid-880B7840-7F46-4A0A-BC36-C030808969F9,exclusiveGateway,
src/main/resources/data/dataset1/models/Wuerzburg.bpmn,sid-8C069EC3-1A91-4327-9C7C-364898A9A6BF,task,sid-A7409099-EFAC-47F3-9672-000E46553889,exclusiveGateway,
src/main/resources/data/dataset1/models/Wuerzburg.bpmn,sid-A7409099-EFAC-47F3-9672-000E46553889,exclusiveGateway,sid-ED4EDE4D-F2A7-415C-87FE-98379131F244,endEvent,
src/main/resources/data/dataset1/models/Wuerzburg.bpmn,sid-9A5FD3B9-73DF-4C23-9E85-6298D3E6685F,task,sid-BE11AE1D-B085-42FA-B004-A17ABBDB94F0,task,
src/main/resources/data/dataset1/models/Wuerzburg.bpmn,sid-8C628809-B4AD-4A0E-9BB9-E3AFAB22381C,task,sid-31ACAFC9-DEA8-4F26-8AC2-16751B0B91A2,task,
src/main/resources/data/dataset1/models/Wuerzburg.bpmn,sid-880B7840-7F46-4A0A-BC36-C030808969F9,exclusiveGateway,sid-B06626EF-C70E-4D70-B20F-BA3DAC313DD9,task,
src/main/resources/data/dataset1/models/Wuerzburg.bpmn,sid-B06626EF-C70E-4D70-B20F-BA3DAC313DD9,task,sid-C5E0F5F7-15E6-48F7-85E7-638C776A412F,exclusiveGateway,
src/main/resources/data/dataset1/models/Wuerzburg.bpmn,sid-C5E0F5F7-15E6-48F7-85E7-638C776A412F,exclusiveGateway,sid-9A5FD3B9-73DF-4C23-9E85-6298D3E6685F,task,
src/main/resources/data/dataset1/models/Wuerzburg.bpmn,sid-BE11AE1D-B085-42FA-B004-A17ABBDB94F0,task,sid-A7409099-EFAC-47F3-9672-000E46553889,exclusiveGateway,
src/main/resources/data/dataset1/models/Wuerzburg.bpmn,sid-C5E0F5F7-15E6-48F7-85E7-638C776A412F,exclusiveGateway,sid-8C069EC3-1A91-4327-9C7C-364898A9A6BF,task,
src/main/resources/data/dataset1/models/Wuerzburg.bpmn,sid-01A67757-E183-4D3D-B853-46D44F41B388,exclusiveGateway,sid-8C628809-B4AD-4A0E-9BB9-E3AFAB22381C,task,
src/main/resources/data/dataset1/synthesizer/1ab_tests_insert/many2One/many2One_original.bpmn,StartEvent_1,startEvent,Task_0w1pt40,task,
src/main/resources/data/dataset1/synthesizer/1ab_tests_insert/many2One/many2One_original.bpmn,Task_1yuuw5z,task,EndEvent_1b8td0h,endEvent,
src/main/resources/data/dataset1/synthesizer/1ab_tests_insert/many2One/many2One_original.bpmn,Task_0w1pt40,task,ExclusiveGateway_1p48ccd,parallelGateway,
src/main/resources/data/dataset1/synthesizer/1ab_tests_insert/many2One/many2One_original.bpmn,ExclusiveGateway_1p48ccd,parallelGateway,Task_0et9ryz,task,
src/main/resources/data/dataset1/synthesizer/1ab_tests_insert/many2One/many2One_original.bpmn,Task_0et9ryz,task,ExclusiveGateway_1gazk9j,parallelGateway,
src/main/resources/data/dataset1/synthesizer/1ab_tests_insert/many2One/many2One_original.bpmn,ExclusiveGateway_1gazk9j,parallelGateway,Task_1yuuw5z,task,
src/main/resources/data/dataset1/synthesizer/1ab_tests_insert/many2One/many2One_original.bpmn,ExclusiveGateway_1p48ccd,parallelGateway,Task_1yn0bki,task,
src/main/resources/data/dataset1/synthesizer/1ab_tests_insert/many2One/many2One_original.bpmn,ExclusiveGateway_1p48ccd,parallelGateway,Task_06istns,task,
src/main/resources/data/dataset1/synthesizer/1ab_tests_insert/many2One/many2One_original.bpmn,Task_1yn0bki,task,ExclusiveGateway_1gazk9j,parallelGateway,
src/main/resources/data/dataset1/synthesizer/1ab_tests_insert/many2One/many2One_original.bpmn,Task_06istns,task,ExclusiveGateway_1gazk9j,parallelGateway,
src/main/resources/data/dataset1/synthesizer/1ab_tests_insert/many2One/many2One_transformed.bpmn,StartEvent_1,startEvent,Task_0w1pt40,task,
src/main/resources/data/dataset1/synthesizer/1ab_tests_insert/many2One/many2One_transformed.bpmn,Task_1yuuw5z,task,EndEvent_1b8td0h,endEvent,
src/main/resources/data/dataset1/synthesizer/1ab_tests_insert/many2One/many2One_transformed.bpmn,Task_0w1pt40,task,userTask_6ae8fb8a-9c9a-4be8-b67d-d942de94f344,userTask,
src/main/resources/data/dataset1/synthesizer/1ab_tests_insert/many2One/many2One_transformed.bpmn,userTask_6ae8fb8a-9c9a-4be8-b67d-d942de94f344,userTask,Task_1yuuw5z,task,
src/main/resources/data/dataset1/synthesizer/1ab_tests_insert/many2one.bpmn,StartEvent_1,startEvent,Task_0w1pt40,task,
src/main/resources/data/dataset1/synthesizer/1ab_tests_insert/many2one.bpmn,Task_1yuuw5z,task,EndEvent_1b8td0h,endEvent,
src/main/resources/data/dataset1/synthesizer/1ab_tests_insert/many2one.bpmn,Task_0w1pt40,task,ExclusiveGateway_1p48ccd,parallelGateway,
src/main/resources/data/dataset1/synthesizer/1ab_tests_insert/many2one.bpmn,ExclusiveGateway_1p48ccd,parallelGateway,Task_0et9ryz,task,
src/main/resources/data/dataset1/synthesizer/1ab_tests_insert/many2one.bpmn,Task_0et9ryz,task,ExclusiveGateway_1gazk9j,parallelGateway,
src/main/resources/data/dataset1/synthesizer/1ab_tests_insert/many2one.bpmn,ExclusiveGateway_1gazk9j,parallelGateway,Task_1yuuw5z,task,
src/main/resources/data/dataset1/synthesizer/1ab_tests_insert/many2one.bpmn,ExclusiveGateway_1p48ccd,parallelGateway,Task_1yn0bki,task,
src/main/resources/data/dataset1/synthesizer/1ab_tests_insert/many2one.bpmn,ExclusiveGateway_1p48ccd,parallelGateway,Task_06istns,task,
src/main/resources/data/dataset1/synthesizer/1ab_tests_insert/many2one.bpmn,Task_1yn0bki,task,ExclusiveGateway_1gazk9j,parallelGateway,
src/main/resources/data/dataset1/synthesizer/1ab_tests_insert/many2one.bpmn,Task_06istns,task,ExclusiveGateway_1gazk9j,parallelGateway,
src/main/resources/data/dataset1/synthesizer/1ab_tests_insert/one2many.bpmn,StartEvent_1,startEvent,Task_0w1pt40,task,
src/main/resources/data/dataset1/synthesizer/1ab_tests_insert/one2many.bpmn,Task_0w1pt40,task,Task_0et9ryz,task,
src/main/resources/data/dataset1/synthesizer/1ab_tests_insert/one2many.bpmn,Task_0et9ryz,task,Task_1yuuw5z,task,
src/main/resources/data/dataset1/synthesizer/1ab_tests_insert/one2many.bpmn,Task_1yuuw5z,task,EndEvent_1b8td0h,endEvent,
src/main/resources/data/dataset1/synthesizer/1ab_tests_insert/one2many/one2many_original.bpmn,StartEvent_1,startEvent,Task_0w1pt40,task,
src/main/resources/data/dataset1/synthesizer/1ab_tests_insert/one2many/one2many_original.bpmn,Task_0w1pt40,task,Task_0et9ryz,task,
src/main/resources/data/dataset1/synthesizer/1ab_tests_insert/one2many/one2many_original.bpmn,Task_0et9ryz,task,Task_1yuuw5z,task,
src/main/resources/data/dataset1/synthesizer/1ab_tests_insert/one2many/one2many_original.bpmn,Task_1yuuw5z,task,EndEvent_1b8td0h,endEvent,
src/main/resources/data/dataset1/synthesizer/1ab_tests_insert/one2many/one2many_transformed.bpmn,Task_1yuuw5z,task,EndEvent_1b8td0h,endEvent,
src/main/resources/data/dataset1/synthesizer/1ab_tests_insert/one2many/one2many_transformed.bpmn,parallelGateway_6bb942f6-5f79-44a6-8150-62d54ae56205,parallelGateway,Task_1yuuw5z,task,
src/main/resources/data/dataset1/synthesizer/1ab_tests_insert/one2many/one2many_transformed.bpmn,parallelGateway_df7cbae2-7269-4667-9592-e858b5ae70f3,parallelGateway,userTask_64000e05-79fd-4ff0-80ac-4d93d6439c1c,userTask,
src/main/resources/data/dataset1/synthesizer/1ab_tests_insert/one2many/one2many_transformed.bpmn,userTask_64000e05-79fd-4ff0-80ac-4d93d6439c1c,userTask,parallelGateway_6bb942f6-5f79-44a6-8150-62d54ae56205,parallelGateway,
src/main/resources/data/dataset1/synthesizer/1ab_tests_insert/one2many/one2many_transformed.bpmn,parallelGateway_df7cbae2-7269-4667-9592-e858b5ae70f3,parallelGateway,userTask_114a74dd-6271-4824-90af-063e8475ba98,userTask,
src/main/resources/data/dataset1/synthesizer/1ab_tests_insert/one2many/one2many_transformed.bpmn,userTask_114a74dd-6271-4824-90af-063e8475ba98,userTask,parallelGateway_6bb942f6-5f79-44a6-8150-62d54ae56205,parallelGateway,
src/main/resources/data/dataset1/synthesizer/1ab_tests_insert/one2many/one2many_transformed.bpmn,parallelGateway_df7cbae2-7269-4667-9592-e858b5ae70f3,parallelGateway,userTask_a0e400f9-99db-4488-a961-53cc667ca3f8,userTask,
src/main/resources/data/dataset1/synthesizer/1ab_tests_insert/one2many/one2many_transformed.bpmn,userTask_a0e400f9-99db-4488-a961-53cc667ca3f8,userTask,parallelGateway_6bb942f6-5f79-44a6-8150-62d54ae56205,parallelGateway,
src/main/resources/data/dataset1/synthesizer/1ab_tests_insert/one2many/one2many_transformed.bpmn,StartEvent_1,startEvent,parallelGateway_624e0e28-3019-4c0f-85b1-7518b2f771ac,parallelGateway,
src/main/resources/data/dataset1/synthesizer/1ab_tests_insert/one2many/one2many_transformed.bpmn,parallelGateway_1241a3bd-1fcb-4e19-bf11-8fba5ff3c89f,parallelGateway,parallelGateway_df7cbae2-7269-4667-9592-e858b5ae70f3,parallelGateway,
src/main/resources/data/dataset1/synthesizer/1ab_tests_insert/one2many/one2many_transformed.bpmn,parallelGateway_624e0e28-3019-4c0f-85b1-7518b2f771ac,parallelGateway,userTask_1648a378-5fe4-47af-9a10-e74ae7f62f40,userTask,
src/main/resources/data/dataset1/synthesizer/1ab_tests_insert/one2many/one2many_transformed.bpmn,userTask_1648a378-5fe4-47af-9a10-e74ae7f62f40,userTask,parallelGateway_1241a3bd-1fcb-4e19-bf11-8fba5ff3c89f,parallelGateway,
src/main/resources/data/dataset1/synthesizer/1ab_tests_insert/one2many/one2many_transformed.bpmn,parallelGateway_624e0e28-3019-4c0f-85b1-7518b2f771ac,parallelGateway,userTask_68c03fc0-f686-4c41-b07d-9279329b86d2,userTask,
src/main/resources/data/dataset1/synthesizer/1ab_tests_insert/one2many/one2many_transformed.bpmn,userTask_68c03fc0-f686-4c41-b07d-9279329b86d2,userTask,parallelGateway_1241a3bd-1fcb-4e19-bf11-8fba5ff3c89f,parallelGateway,
src/main/resources/data/dataset1/synthesizer/2_tests_addirrelevant/addirrelevant.bpmn,StartEvent_1,startEvent,Task_0w1pt40,task,
src/main/resources/data/dataset1/synthesizer/2_tests_addirrelevant/addirrelevant.bpmn,Task_1yuuw5z,task,EndEvent_1b8td0h,endEvent,
src/main/resources/data/dataset1/synthesizer/2_tests_addirrelevant/addirrelevant.bpmn,ExclusiveGateway_1p48ccd,parallelGateway,Task_0et9ryz,task,
src/main/resources/data/dataset1/synthesizer/2_tests_addirrelevant/addirrelevant.bpmn,Task_0et9ryz,task,ExclusiveGateway_1gazk9j,parallelGateway,
src/main/resources/data/dataset1/synthesizer/2_tests_addirrelevant/addirrelevant.bpmn,ExclusiveGateway_1gazk9j,parallelGateway,Task_1yuuw5z,task,
src/main/resources/data/dataset1/synthesizer/2_tests_addirrelevant/addirrelevant.bpmn,ExclusiveGateway_1p48ccd,parallelGateway,Task_1yn0bki,task,
src/main/resources/data/dataset1/synthesizer/2_tests_addirrelevant/addirrelevant.bpmn,ExclusiveGateway_1p48ccd,parallelGateway,Task_06istns,task,
src/main/resources/data/dataset1/synthesizer/2_tests_addirrelevant/addirrelevant.bpmn,Task_1yn0bki,task,ExclusiveGateway_1gazk9j,parallelGateway,
src/main/resources/data/dataset1/synthesizer/2_tests_addirrelevant/addirrelevant.bpmn,Task_06istns,task,ExclusiveGateway_1gazk9j,parallelGateway,
src/main/resources/data/dataset1/synthesizer/2_tests_addirrelevant/addirrelevant.bpmn,Task_0w1pt40,task,Task_1j1hz6i,task,
src/main/resources/data/dataset1/synthesizer/2_tests_addirrelevant/addirrelevant.bpmn,Task_1j1hz6i,task,ExclusiveGateway_1p48ccd,parallelGateway,
src/main/resources/data/dataset1/synthesizer/2_tests_addirrelevant/addirrelevant/addirrelevant_original.bpmn,StartEvent_1,startEvent,Task_0w1pt40,task,
src/main/resources/data/dataset1/synthesizer/2_tests_addirrelevant/addirrelevant/addirrelevant_original.bpmn,Task_1yuuw5z,task,EndEvent_1b8td0h,endEvent,
src/main/resources/data/dataset1/synthesizer/2_tests_addirrelevant/addirrelevant/addirrelevant_original.bpmn,ExclusiveGateway_1p48ccd,parallelGateway,Task_0et9ryz,task,
src/main/resources/data/dataset1/synthesizer/2_tests_addirrelevant/addirrelevant/addirrelevant_original.bpmn,Task_0et9ryz,task,ExclusiveGateway_1gazk9j,parallelGateway,
src/main/resources/data/dataset1/synthesizer/2_tests_addirrelevant/addirrelevant/addirrelevant_original.bpmn,ExclusiveGateway_1gazk9j,parallelGateway,Task_1yuuw5z,task,
src/main/resources/data/dataset1/synthesizer/2_tests_addirrelevant/addirrelevant/addirrelevant_original.bpmn,ExclusiveGateway_1p48ccd,parallelGateway,Task_1yn0bki,task,
src/main/resources/data/dataset1/synthesizer/2_tests_addirrelevant/addirrelevant/addirrelevant_original.bpmn,ExclusiveGateway_1p48ccd,parallelGateway,Task_06istns,task,
src/main/resources/data/dataset1/synthesizer/2_tests_addirrelevant/addirrelevant/addirrelevant_original.bpmn,Task_1yn0bki,task,ExclusiveGateway_1gazk9j,parallelGateway,
src/main/resources/data/dataset1/synthesizer/2_tests_addirrelevant/addirrelevant/addirrelevant_original.bpmn,Task_06istns,task,ExclusiveGateway_1gazk9j,parallelGateway,
src/main/resources/data/dataset1/synthesizer/2_tests_addirrelevant/addirrelevant/addirrelevant_original.bpmn,Task_0w1pt40,task,Task_1j1hz6i,task,
src/main/resources/data/dataset1/synthesizer/2_tests_addirrelevant/addirrelevant/addirrelevant_original.bpmn,Task_1j1hz6i,task,ExclusiveGateway_1p48ccd,parallelGateway,
src/main/resources/data/dataset1/synthesizer/2_tests_addirrelevant/addirrelevant/addirrelevant_transformed.bpmn,StartEvent_1,startEvent,Task_0w1pt40,task,
src/main/resources/data/dataset1/synthesizer/2_tests_addirrelevant/addirrelevant/addirrelevant_transformed.bpmn,Task_1yuuw5z,task,EndEvent_1b8td0h,endEvent,
src/main/resources/data/dataset1/synthesizer/2_tests_addirrelevant/addirrelevant/addirrelevant_transformed.bpmn,ExclusiveGateway_1p48ccd,parallelGateway,Task_0et9ryz,task,
src/main/resources/data/dataset1/synthesizer/2_tests_addirrelevant/addirrelevant/addirrelevant_transformed.bpmn,Task_0et9ryz,task,ExclusiveGateway_1gazk9j,parallelGateway,
src/main/resources/data/dataset1/synthesizer/2_tests_addirrelevant/addirrelevant/addirrelevant_transformed.bpmn,ExclusiveGateway_1gazk9j,parallelGateway,Task_1yuuw5z,task,
src/main/resources/data/dataset1/synthesizer/2_tests_addirrelevant/addirrelevant/addirrelevant_transformed.bpmn,ExclusiveGateway_1p48ccd,parallelGateway,Task_1yn0bki,task,
src/main/resources/data/dataset1/synthesizer/2_tests_addirrelevant/addirrelevant/addirrelevant_transformed.bpmn,ExclusiveGateway_1p48ccd,parallelGateway,Task_06istns,task,
src/main/resources/data/dataset1/synthesizer/2_tests_addirrelevant/addirrelevant/addirrelevant_transformed.bpmn,Task_1yn0bki,task,ExclusiveGateway_1gazk9j,parallelGateway,
src/main/resources/data/dataset1/synthesizer/2_tests_addirrelevant/addirrelevant/addirrelevant_transformed.bpmn,Task_06istns,task,ExclusiveGateway_1gazk9j,parallelGateway,
src/main/resources/data/dataset1/synthesizer/2_tests_addirrelevant/addirrelevant/addirrelevant_transformed.bpmn,Task_1j1hz6i,task,ExclusiveGateway_1p48ccd,parallelGateway,
src/main/resources/data/dataset1/synthesizer/2_tests_addirrelevant/addirrelevant/addirrelevant_transformed.bpmn,userTask_a23cab26-95ab-4828-b58a-2fae22aa7cf4,userTask,Task_1j1hz6i,task,
src/main/resources/data/dataset1/synthesizer/2_tests_addirrelevant/addirrelevant/addirrelevant_transformed.bpmn,Task_0w1pt40,task,userTask_91b403cc-d465-4396-8c4d-6445cc567514,userTask,
src/main/resources/data/dataset1/synthesizer/2_tests_addirrelevant/addirrelevant/addirrelevant_transformed.bpmn,userTask_91b403cc-d465-4396-8c4d-6445cc567514,userTask,userTask_a23cab26-95ab-4828-b58a-2fae22aa7cf4,userTask,
src/main/resources/data/dataset1/synthesizer/2_tests_addirrelevant/birthcertificate.bpmn,StartEvent_1,startEvent,Task_1w68xzl,task,
src/main/resources/data/dataset1/synthesizer/2_tests_addirrelevant/birthcertificate.bpmn,Task_1w68xzl,task,Task_14qhiwg,task,
src/main/resources/data/dataset1/synthesizer/2_tests_addirrelevant/birthcertificate.bpmn,Task_14qhiwg,task,Task_1x56osm,task,
src/main/resources/data/dataset1/synthesizer/2_tests_addirrelevant/birthcertificate.bpmn,Task_1x56osm,task,IntermediateThrowEvent_1yhxqvx,intermediateThrowEvent,
src/main/resources/data/dataset1/synthesizer/5_tests_flipping/flipping.bpmn,StartEvent_1,startEvent,Task_0w1pt40,task,
src/main/resources/data/dataset1/synthesizer/5_tests_flipping/flipping.bpmn,Task_1yuuw5z,task,EndEvent_1b8td0h,endEvent,
src/main/resources/data/dataset1/synthesizer/5_tests_flipping/flipping.bpmn,Task_0w1pt40,task,ExclusiveGateway_1p48ccd,parallelGateway,
src/main/resources/data/dataset1/synthesizer/5_tests_flipping/flipping.bpmn,ExclusiveGateway_1p48ccd,parallelGateway,Task_0et9ryz,task,
src/main/resources/data/dataset1/synthesizer/5_tests_flipping/flipping.bpmn,Task_0et9ryz,task,ExclusiveGateway_1gazk9j,parallelGateway,
src/main/resources/data/dataset1/synthesizer/5_tests_flipping/flipping.bpmn,ExclusiveGateway_1gazk9j,parallelGateway,Task_1yuuw5z,task,
src/main/resources/data/dataset1/synthesizer/5_tests_flipping/flipping.bpmn,ExclusiveGateway_1p48ccd,parallelGateway,Task_1yn0bki,task,
src/main/resources/data/dataset1/synthesizer/5_tests_flipping/flipping.bpmn,ExclusiveGateway_1p48ccd,parallelGateway,Task_06istns,task,
src/main/resources/data/dataset1/synthesizer/5_tests_flipping/flipping.bpmn,Task_1yn0bki,task,ExclusiveGateway_1gazk9j,parallelGateway,
src/main/resources/data/dataset1/synthesizer/5_tests_flipping/flipping.bpmn,Task_06istns,task,ExclusiveGateway_1gazk9j,parallelGateway,
src/main/resources/data/dataset1/synthesizer/5_tests_flipping/flipping/flipping_original.bpmn,StartEvent_1,startEvent,Task_0w1pt40,task,
src/main/resources/data/dataset1/synthesizer/5_tests_flipping/flipping/flipping_original.bpmn,Task_1yuuw5z,task,EndEvent_1b8td0h,endEvent,
src/main/resources/data/dataset1/synthesizer/5_tests_flipping/flipping/flipping_original.bpmn,Task_0w1pt40,task,ExclusiveGateway_1p48ccd,parallelGateway,
src/main/resources/data/dataset1/synthesizer/5_tests_flipping/flipping/flipping_original.bpmn,ExclusiveGateway_1p48ccd,parallelGateway,Task_0et9ryz,task,
src/main/resources/data/dataset1/synthesizer/5_tests_flipping/flipping/flipping_original.bpmn,Task_0et9ryz,task,ExclusiveGateway_1gazk9j,parallelGateway,
src/main/resources/data/dataset1/synthesizer/5_tests_flipping/flipping/flipping_original.bpmn,ExclusiveGateway_1gazk9j,parallelGateway,Task_1yuuw5z,task,
src/main/resources/data/dataset1/synthesizer/5_tests_flipping/flipping/flipping_original.bpmn,ExclusiveGateway_1p48ccd,parallelGateway,Task_1yn0bki,task,
src/main/resources/data/dataset1/synthesizer/5_tests_flipping/flipping/flipping_original.bpmn,ExclusiveGateway_1p48ccd,parallelGateway,Task_06istns,task,
src/main/resources/data/dataset1/synthesizer/5_tests_flipping/flipping/flipping_original.bpmn,Task_1yn0bki,task,ExclusiveGateway_1gazk9j,parallelGateway,
src/main/resources/data/dataset1/synthesizer/5_tests_flipping/flipping/flipping_original.bpmn,Task_06istns,task,ExclusiveGateway_1gazk9j,parallelGateway,
src/main/resources/data/dataset1/synthesizer/5_tests_flipping/flipping/flipping_transformed.bpmn,Task_0w1pt40,task,EndEvent_1b8td0h,endEvent,
src/main/resources/data/dataset1/synthesizer/5_tests_flipping/flipping/flipping_transformed.bpmn,StartEvent_1,startEvent,Task_1yuuw5z,task,
src/main/resources/data/dataset1/synthesizer/5_tests_flipping/flipping/flipping_transformed.bpmn,ExclusiveGateway_1p48ccd,parallelGateway,Task_0w1pt40,task,
src/main/resources/data/dataset1/synthesizer/5_tests_flipping/flipping/flipping_transformed.bpmn,Task_0et9ryz,task,ExclusiveGateway_1p48ccd,parallelGateway,
src/main/resources/data/dataset1/synthesizer/5_tests_flipping/flipping/flipping_transformed.bpmn,ExclusiveGateway_1gazk9j,parallelGateway,Task_0et9ryz,task,
src/main/resources/data/dataset1/synthesizer/5_tests_flipping/flipping/flipping_transformed.bpmn,Task_1yuuw5z,task,ExclusiveGateway_1gazk9j,parallelGateway,
src/main/resources/data/dataset1/synthesizer/5_tests_flipping/flipping/flipping_transformed.bpmn,Task_1yn0bki,task,ExclusiveGateway_1p48ccd,parallelGateway,
src/main/resources/data/dataset1/synthesizer/5_tests_flipping/flipping/flipping_transformed.bpmn,Task_06istns,task,ExclusiveGateway_1p48ccd,parallelGateway,
src/main/resources/data/dataset1/synthesizer/5_tests_flipping/flipping/flipping_transformed.bpmn,ExclusiveGateway_1gazk9j,parallelGateway,Task_1yn0bki,task,
src/main/resources/data/dataset1/synthesizer/5_tests_flipping/flipping/flipping_transformed.bpmn,ExclusiveGateway_1gazk9j,parallelGateway,Task_06istns,task,
src/main/resources/data/dataset1/synthesizer/6_tests_synonyms/synonyms.bpmn,StartEvent_1,startEvent,Task_0w1pt40,task,
src/main/resources/data/dataset1/synthesizer/6_tests_synonyms/synonyms.bpmn,Task_0w1pt40,task,Task_0et9ryz,task,
src/main/resources/data/dataset1/synthesizer/6_tests_synonyms/synonyms.bpmn,Task_0et9ryz,task,Task_1yuuw5z,task,
src/main/resources/data/dataset1/synthesizer/6_tests_synonyms/synonyms.bpmn,Task_1yuuw5z,task,EndEvent_1b8td0h,endEvent,
src/main/resources/data/dataset1/synthesizer/6_tests_synonyms/synonyms/synonyms_original.bpmn,StartEvent_1,startEvent,Task_0w1pt40,task,
src/main/resources/data/dataset1/synthesizer/6_tests_synonyms/synonyms/synonyms_original.bpmn,Task_0w1pt40,task,Task_0et9ryz,task,
src/main/resources/data/dataset1/synthesizer/6_tests_synonyms/synonyms/synonyms_original.bpmn,Task_0et9ryz,task,Task_1yuuw5z,task,
src/main/resources/data/dataset1/synthesizer/6_tests_synonyms/synonyms/synonyms_original.bpmn,Task_1yuuw5z,task,EndEvent_1b8td0h,endEvent,
src/main/resources/data/dataset1/synthesizer/6_tests_synonyms/synonyms/synonyms_transformed.bpmn,StartEvent_1,startEvent,Task_0w1pt40,task,
src/main/resources/data/dataset1/synthesizer/6_tests_synonyms/synonyms/synonyms_transformed.bpmn,Task_0w1pt40,task,Task_0et9ryz,task,
src/main/resources/data/dataset1/synthesizer/6_tests_synonyms/synonyms/synonyms_transformed.bpmn,Task_0et9ryz,task,Task_1yuuw5z,task,
src/main/resources/data/dataset1/synthesizer/6_tests_synonyms/synonyms/synonyms_transformed.bpmn,Task_1yuuw5z,task,EndEvent_1b8td0h,endEvent,
src/main/resources/data/dataset1/synthesizer/7_tests_manipulate/manipulate.bpmn,StartEvent_1,startEvent,Task_0w1pt40,task,
src/main/resources/data/dataset1/synthesizer/7_tests_manipulate/manipulate.bpmn,Task_0w1pt40,task,Task_0et9ryz,task,
src/main/resources/data/dataset1/synthesizer/7_tests_manipulate/manipulate.bpmn,Task_0et9ryz,task,Task_1yuuw5z,task,
src/main/resources/data/dataset1/synthesizer/7_tests_manipulate/manipulate.bpmn,Task_1yuuw5z,task,EndEvent_1b8td0h,endEvent,
src/main/resources/data/dataset1/synthesizer/7_tests_manipulate/manipulate/manipulate_original.bpmn,StartEvent_1,startEvent,Task_0w1pt40,task,
src/main/resources/data/dataset1/synthesizer/7_tests_manipulate/manipulate/manipulate_original.bpmn,Task_0w1pt40,task,Task_0et9ryz,task,
src/main/resources/data/dataset1/synthesizer/7_tests_manipulate/manipulate/manipulate_original.bpmn,Task_0et9ryz,task,Task_1yuuw5z,task,
src/main/resources/data/dataset1/synthesizer/7_tests_manipulate/manipulate/manipulate_original.bpmn,Task_1yuuw5z,task,EndEvent_1b8td0h,endEvent,
src/main/resources/data/dataset1/synthesizer/7_tests_manipulate/manipulate/manipulate_transformed.bpmn,StartEvent_1,startEvent,Task_0w1pt40,task,
src/main/resources/data/dataset1/synthesizer/7_tests_manipulate/manipulate/manipulate_transformed.bpmn,Task_0w1pt40,task,Task_0et9ryz,task,
src/main/resources/data/dataset1/synthesizer/7_tests_manipulate/manipulate/manipulate_transformed.bpmn,Task_0et9ryz,task,Task_1yuuw5z,task,
src/main/resources/data/dataset1/synthesizer/7_tests_manipulate/manipulate/manipulate_transformed.bpmn,Task_1yuuw5z,task,EndEvent_1b8td0h,endEvent,
src/main/resources/data/dataset1/test.bpmn,startEvent_aa43d044-b389-4366-8431-ba62d2ef9bd0,startEvent,userTask_e6ed2085-155a-43fc-906c-d357a8d296df,userTask,
src/main/resources/data/dataset1/test.bpmn,userTask_e6ed2085-155a-43fc-906c-d357a8d296df,userTask,approveInvoice,userTask,
src/main/resources/data/dataset1/test.bpmn,approveInvoice,userTask,fork,parallelGateway,
src/main/resources/data/dataset1/test.bpmn,fork,parallelGateway,scriptTask_04d1f4ce-db6d-4d02-9781-832fc918e52e,scriptTask,
src/main/resources/data/dataset1/test.bpmn,scriptTask_04d1f4ce-db6d-4d02-9781-832fc918e52e,scriptTask,join,parallelGateway,
src/main/resources/data/dataset1/test.bpmn,fork,parallelGateway,userTask_edd7e245-88b2-4cb9-924b-c44850eef64b,userTask,
src/main/resources/data/dataset1/test.bpmn,userTask_edd7e245-88b2-4cb9-924b-c44850eef64b,userTask,join,parallelGateway,
src/main/resources/data/dataset1/test.bpmn,fork,parallelGateway,userTask_98f21bd3-85b4-4edc-aab9-e55b8c0fdce0,userTask,
src/main/resources/data/dataset1/test.bpmn,userTask_98f21bd3-85b4-4edc-aab9-e55b8c0fdce0,userTask,join,parallelGateway,
src/main/resources/data/dataset1/test.bpmn,join,parallelGateway,endEvent_68198e95-7080-4cda-be21-c77a4c15bf79,endEvent,
src/main/resources/data/dataset1/transformed_model.bpmn,sid-321FA3C6-D9DF-46B4-85AC-4E9E7310BCC7,startEvent,sid-B11703D1-08C3-416B-8947-76CE10A27978,task,
src/main/resources/data/dataset1/transformed_model.bpmn,sid-B11703D1-08C3-416B-8947-76CE10A27978,task,sid-2A61C308-48B4-4C26-9CB3-D489A0BBC1E3,task,
src/main/resources/data/dataset1/transformed_model.bpmn,sid-2A61C308-48B4-4C26-9CB3-D489A0BBC1E3,task,sid-4C4748D1-DBC6-4155-91C8-F71F3796A768,task,
src/main/resources/data/dataset1/transformed_model.bpmn,sid-435C2233-B6DF-44D9-B7BF-36461549F53D,parallelGateway,sid-A3568080-F469-4D86-BB96-7A5C48342857,task,
src/main/resources/data/dataset1/transformed_model.bpmn,sid-435C2233-B6DF-44D9-B7BF-36461549F53D,parallelGateway,sid-F6E821C8-4300-4AA0-B6D1-6BA5D15FA7DE,task,
src/main/resources/data/dataset1/transformed_model.bpmn,sid-A3568080-F469-4D86-BB96-7A5C48342857,task,sid-EBFCC664-88E4-4A1C-98AB-4CDC6394D1C8,parallelGateway,
src/main/resources/data/dataset1/transformed_model.bpmn,sid-F6E821C8-4300-4AA0-B6D1-6BA5D15FA7DE,task,sid-EBFCC664-88E4-4A1C-98AB-4CDC6394D1C8,parallelGateway,
src/main/resources/data/dataset1/transformed_model.bpmn,sid-4C4748D1-DBC6-4155-91C8-F71F3796A768,task,sid-521803CC-D6CB-4D35-96B4-15506606ED69,exclusiveGateway,
src/main/resources/data/dataset1/transformed_model.bpmn,sid-521803CC-D6CB-4D35-96B4-15506606ED69,exclusiveGateway,sid-435C2233-B6DF-44D9-B7BF-36461549F53D,parallelGateway,
src/main/resources/data/dataset1/transformed_model.bpmn,sid-EBFCC664-88E4-4A1C-98AB-4CDC6394D1C8,parallelGateway,sid-11FBC760-4A87-41FD-8F9F-208E733E7D3C,exclusiveGateway,
src/main/resources/data/dataset1/transformed_model.bpmn,sid-521803CC-D6CB-4D35-96B4-15506606ED69,exclusiveGateway,sid-11FBC760-4A87-41FD-8F9F-208E733E7D3C,exclusiveGateway,
src/main/resources/data/dataset1/transformed_model.bpmn,sid-11FBC760-4A87-41FD-8F9F-208E733E7D3C,exclusiveGateway,sid-DF0BF153-C7B8-47A6-9436-2217B6A02FB9,task,
src/main/resources/data/dataset1/transformed_model.bpmn,sid-DF0BF153-C7B8-47A6-9436-2217B6A02FB9,task,sid-91F2DA29-96C0-431D-B3F6-5E9C53B3EAB0,eventBasedGateway,
src/main/resources/data/dataset1/transformed_model.bpmn,sid-91F2DA29-96C0-431D-B3F6-5E9C53B3EAB0,eventBasedGateway,sid-FF649B0C-30F0-4E43-9BEC-02E1B22AA554,intermediateCatchEvent,
src/main/resources/data/dataset1/transformed_model.bpmn,sid-91F2DA29-96C0-431D-B3F6-5E9C53B3EAB0,eventBasedGateway,sid-8712EF38-01F5-4812-ACB7-8F0EF759F38C,intermediateCatchEvent,
src/main/resources/data/dataset1/transformed_model.bpmn,sid-FF649B0C-30F0-4E43-9BEC-02E1B22AA554,intermediateCatchEvent,sid-E1B754B8-CD68-4BAD-A98D-0E1093BE66EF,exclusiveGateway,
src/main/resources/data/dataset1/transformed_model.bpmn,sid-8712EF38-01F5-4812-ACB7-8F0EF759F38C,intermediateCatchEvent,sid-E1B754B8-CD68-4BAD-A98D-0E1093BE66EF,exclusiveGateway,
src/main/resources/data/dataset1/transformed_model.bpmn,sid-E1B754B8-CD68-4BAD-A98D-0E1093BE66EF,exclusiveGateway,sid-01574AFD-EC38-403C-8733-445D2455CA33,endEvent,
src/main/resources/data/dataset1/transformed_model.bpmn,sid-F9ECE62B-5298-4EFD-A35C-453E9DEBF1DA,exclusiveGateway,sid-7657E804-205F-446E-A919-FE7008355206,task,
src/main/resources/data/dataset1/transformed_model.bpmn,sid-F9ECE62B-5298-4EFD-A35C-453E9DEBF1DA,exclusiveGateway,sid-257EB9F2-1203-4F54-8E2E-43FE6ABA096E,task,
src/main/resources/data/dataset1/transformed_model.bpmn,sid-7657E804-205F-446E-A919-FE7008355206,task,sid-F305E07B-5093-44D6-85E7-A243FC6CFD54,exclusiveGateway,
src/main/resources/data/dataset1/transformed_model.bpmn,sid-B41B5C8F-D1D5-4641-943B-DB396FD69D0B,task,sid-885F9233-8A3A-470C-90D9-FA7F483D69CA,task,
src/main/resources/data/dataset1/transformed_model.bpmn,sid-885F9233-8A3A-470C-90D9-FA7F483D69CA,task,sid-F9ECE62B-5298-4EFD-A35C-453E9DEBF1DA,exclusiveGateway,
src/main/resources/data/dataset1/transformed_model.bpmn,sid-D4F6E283-16FB-458A-830A-03336924C1D2,task,sid-AAB2EB07-C773-4B25-80B2-C5153B2F2AAA,exclusiveGateway,
src/main/resources/data/dataset1/transformed_model.bpmn,sid-AAB2EB07-C773-4B25-80B2-C5153B2F2AAA,exclusiveGateway,sid-50620B60-4F01-4DFD-8EB8-BBCAAECE6026,task,
src/main/resources/data/dataset1/transformed_model.bpmn,sid-50620B60-4F01-4DFD-8EB8-BBCAAECE6026,task,sid-EDA347BD-B66E-45E3-9F18-1782FC618F31,exclusiveGateway,
src/main/resources/data/dataset1/transformed_model.bpmn,sid-EDA347BD-B66E-45E3-9F18-1782FC618F31,exclusiveGateway,sid-422C6AE3-ACB5-4801-B6D1-C2A5495EF03D,endEvent,
src/main/resources/data/dataset1/transformed_model.bpmn,sid-B91C87CE-C2CD-4CEF-B652-B83414A123D7,startEvent,sid-B41B5C8F-D1D5-4641-943B-DB396FD69D0B,task,
src/main/resources/data/dataset1/transformed_model.bpmn,sid-257EB9F2-1203-4F54-8E2E-43FE6ABA096E,task,sid-F305E07B-5093-44D6-85E7-A243FC6CFD54,exclusiveGateway,
src/main/resources/data/dataset1/transformed_model.bpmn,sid-F305E07B-5093-44D6-85E7-A243FC6CFD54,exclusiveGateway,sid-D4F6E283-16FB-458A-830A-03336924C1D2,task,
src/main/resources/data/dataset1/transformed_model.bpmn,sid-AAB2EB07-C773-4B25-80B2-C5153B2F2AAA,exclusiveGateway,sid-400B2392-557D-41E3-AD14-C95E3B135E45,task,
src/main/resources/data/dataset1/transformed_model.bpmn,sid-400B2392-557D-41E3-AD14-C95E3B135E45,task,sid-EDA347BD-B66E-45E3-9F18-1782FC618F31,exclusiveGateway,
src/main/resources/data/dataset1/transformed_model.bpmn,blabla,userTask,sid-885F9233-8A3A-470C-90D9-FA7F483D69CA,task,
src/main/resources/data/dataset1/transformed_model.bpmn,sid-B41B5C8F-D1D5-4641-943B-DB396FD69D0B,task,blabla,userTask,
src/main/resources/data/dataset1/transformed_model_1.bpmn,sid-321FA3C6-D9DF-46B4-85AC-4E9E7310BCC7,startEvent,sid-B11703D1-08C3-416B-8947-76CE10A27978,task,
src/main/resources/data/dataset1/transformed_model_1.bpmn,sid-B11703D1-08C3-416B-8947-76CE10A27978,task,sid-2A61C308-48B4-4C26-9CB3-D489A0BBC1E3,task,
src/main/resources/data/dataset1/transformed_model_1.bpmn,sid-2A61C308-48B4-4C26-9CB3-D489A0BBC1E3,task,sid-4C4748D1-DBC6-4155-91C8-F71F3796A768,task,
src/main/resources/data/dataset1/transformed_model_1.bpmn,sid-435C2233-B6DF-44D9-B7BF-36461549F53D,parallelGateway,sid-A3568080-F469-4D86-BB96-7A5C48342857,task,
src/main/resources/data/dataset1/transformed_model_1.bpmn,sid-435C2233-B6DF-44D9-B7BF-36461549F53D,parallelGateway,sid-F6E821C8-4300-4AA0-B6D1-6BA5D15FA7DE,task,
src/main/resources/data/dataset1/transformed_model_1.bpmn,sid-A3568080-F469-4D86-BB96-7A5C48342857,task,sid-EBFCC664-88E4-4A1C-98AB-4CDC6394D1C8,parallelGateway,
src/main/resources/data/dataset1/transformed_model_1.bpmn,sid-F6E821C8-4300-4AA0-B6D1-6BA5D15FA7DE,task,sid-EBFCC664-88E4-4A1C-98AB-4CDC6394D1C8,parallelGateway,
src/main/resources/data/dataset1/transformed_model_1.bpmn,sid-4C4748D1-DBC6-4155-91C8-F71F3796A768,task,sid-521803CC-D6CB-4D35-96B4-15506606ED69,exclusiveGateway,
src/main/resources/data/dataset1/transformed_model_1.bpmn,sid-521803CC-D6CB-4D35-96B4-15506606ED69,exclusiveGateway,sid-435C2233-B6DF-44D9-B7BF-36461549F53D,parallelGateway,
src/main/resources/data/dataset1/transformed_model_1.bpmn,sid-EBFCC664-88E4-4A1C-98AB-4CDC6394D1C8,parallelGateway,sid-11FBC760-4A87-41FD-8F9F-208E733E7D3C,exclusiveGateway,
src/main/resources/data/dataset1/transformed_model_1.bpmn,sid-521803CC-D6CB-4D35-96B4-15506606ED69,exclusiveGateway,sid-11FBC760-4A87-41FD-8F9F-208E733E7D3C,exclusiveGateway,
src/main/resources/data/dataset1/transformed_model_1.bpmn,sid-11FBC760-4A87-41FD-8F9F-208E733E7D3C,exclusiveGateway,sid-DF0BF153-C7B8-47A6-9436-2217B6A02FB9,task,
src/main/resources/data/dataset1/transformed_model_1.bpmn,sid-DF0BF153-C7B8-47A6-9436-2217B6A02FB9,task,sid-91F2DA29-96C0-431D-B3F6-5E9C53B3EAB0,eventBasedGateway,
src/main/resources/data/dataset1/transformed_model_1.bpmn,sid-91F2DA29-96C0-431D-B3F6-5E9C53B3EAB0,eventBasedGateway,sid-FF649B0C-30F0-4E43-9BEC-02E1B22AA554,intermediateCatchEvent,
src/main/resources/data/dataset1/transformed_model_1.bpmn,sid-91F2DA29-96C0-431D-B3F6-5E9C53B3EAB0,eventBasedGateway,sid-8712EF38-01F5-4812-ACB7-8F0EF759F38C,intermediateCatchEvent,
src/main/resources/data/dataset1/transformed_model_1.bpmn,sid-FF649B0C-30F0-4E43-9BEC-02E1B22AA554,intermediateCatchEvent,sid-E1B754B8-CD68-4BAD-A98D-0E1093BE66EF,exclusiveGateway,
src/main/resources/data/dataset1/transformed_model_1.bpmn,sid-8712EF38-01F5-4812-ACB7-8F0EF759F38C,intermediateCatchEvent,sid-E1B754B8-CD68-4BAD-A98D-0E1093BE66EF,exclusiveGateway,
src/main/resources/data/dataset1/transformed_model_1.bpmn,sid-E1B754B8-CD68-4BAD-A98D-0E1093BE66EF,exclusiveGateway,sid-01574AFD-EC38-403C-8733-445D2455CA33,endEvent,
src/main/resources/data/dataset1/transformed_model_1.bpmn,sid-F9ECE62B-5298-4EFD-A35C-453E9DEBF1DA,exclusiveGateway,sid-7657E804-205F-446E-A919-FE7008355206,task,
src/main/resources/data/dataset1/transformed_model_1.bpmn,sid-F9ECE62B-5298-4EFD-A35C-453E9DEBF1DA,exclusiveGateway,sid-257EB9F2-1203-4F54-8E2E-43FE6ABA096E,task,
src/main/resources/data/dataset1/transformed_model_1.bpmn,sid-7657E804-205F-446E-A919-FE7008355206,task,sid-F305E07B-5093-44D6-85E7-A243FC6CFD54,exclusiveGateway,
src/main/resources/data/dataset1/transformed_model_1.bpmn,sid-B41B5C8F-D1D5-4641-943B-DB396FD69D0B,task,sid-885F9233-8A3A-470C-90D9-FA7F483D69CA,task,
src/main/resources/data/dataset1/transformed_model_1.bpmn,sid-885F9233-8A3A-470C-90D9-FA7F483D69CA,task,sid-F9ECE62B-5298-4EFD-A35C-453E9DEBF1DA,exclusiveGateway,
src/main/resources/data/dataset1/transformed_model_1.bpmn,sid-D4F6E283-16FB-458A-830A-03336924C1D2,task,sid-AAB2EB07-C773-4B25-80B2-C5153B2F2AAA,exclusiveGateway,
src/main/resources/data/dataset1/transformed_model_1.bpmn,sid-AAB2EB07-C773-4B25-80B2-C5153B2F2AAA,exclusiveGateway,sid-50620B60-4F01-4DFD-8EB8-BBCAAECE6026,task,
src/main/resources/data/dataset1/transformed_model_1.bpmn,sid-50620B60-4F01-4DFD-8EB8-BBCAAECE6026,task,sid-EDA347BD-B66E-45E3-9F18-1782FC618F31,exclusiveGateway,
src/main/resources/data/dataset1/transformed_model_1.bpmn,sid-EDA347BD-B66E-45E3-9F18-1782FC618F31,exclusiveGateway,sid-422C6AE3-ACB5-4801-B6D1-C2A5495EF03D,endEvent,
src/main/resources/data/dataset1/transformed_model_1.bpmn,sid-B91C87CE-C2CD-4CEF-B652-B83414A123D7,startEvent,sid-B41B5C8F-D1D5-4641-943B-DB396FD69D0B,task,
src/main/resources/data/dataset1/transformed_model_1.bpmn,sid-257EB9F2-1203-4F54-8E2E-43FE6ABA096E,task,sid-F305E07B-5093-44D6-85E7-A243FC6CFD54,exclusiveGateway,
src/main/resources/data/dataset1/transformed_model_1.bpmn,sid-F305E07B-5093-44D6-85E7-A243FC6CFD54,exclusiveGateway,sid-D4F6E283-16FB-458A-830A-03336924C1D2,task,
src/main/resources/data/dataset1/transformed_model_1.bpmn,sid-AAB2EB07-C773-4B25-80B2-C5153B2F2AAA,exclusiveGateway,sid-400B2392-557D-41E3-AD14-C95E3B135E45,task,
src/main/resources/data/dataset1/transformed_model_1.bpmn,sid-400B2392-557D-41E3-AD14-C95E3B135E45,task,sid-EDA347BD-B66E-45E3-9F18-1782FC618F31,exclusiveGateway,
src/main/resources/data/dataset1/transformed_model_2.bpmn,sid-321FA3C6-D9DF-46B4-85AC-4E9E7310BCC7,startEvent,sid-B11703D1-08C3-416B-8947-76CE10A27978,task,
src/main/resources/data/dataset1/transformed_model_2.bpmn,sid-B11703D1-08C3-416B-8947-76CE10A27978,task,sid-2A61C308-48B4-4C26-9CB3-D489A0BBC1E3,task,
src/main/resources/data/dataset1/transformed_model_2.bpmn,sid-2A61C308-48B4-4C26-9CB3-D489A0BBC1E3,task,sid-4C4748D1-DBC6-4155-91C8-F71F3796A768,task,
src/main/resources/data/dataset1/transformed_model_2.bpmn,sid-435C2233-B6DF-44D9-B7BF-36461549F53D,parallelGateway,sid-A3568080-F469-4D86-BB96-7A5C48342857,task,
src/main/resources/data/dataset1/transformed_model_2.bpmn,sid-435C2233-B6DF-44D9-B7BF-36461549F53D,parallelGateway,sid-F6E821C8-4300-4AA0-B6D1-6BA5D15FA7DE,task,
src/main/resources/data/dataset1/transformed_model_2.bpmn,sid-A3568080-F469-4D86-BB96-7A5C48342857,task,sid-EBFCC664-88E4-4A1C-98AB-4CDC6394D1C8,parallelGateway,
src/main/resources/data/dataset1/transformed_model_2.bpmn,sid-F6E821C8-4300-4AA0-B6D1-6BA5D15FA7DE,task,sid-EBFCC664-88E4-4A1C-98AB-4CDC6394D1C8,parallelGateway,
src/main/resources/data/dataset1/transformed_model_2.bpmn,sid-4C4748D1-DBC6-4155-91C8-F71F3796A768,task,sid-521803CC-D6CB-4D35-96B4-15506606ED69,exclusiveGateway,
src/main/resources/data/dataset1/transformed_model_2.bpmn,sid-521803CC-D6CB-4D35-96B4-15506606ED69,exclusiveGateway,sid-435C2233-B6DF-44D9-B7BF-36461549F53D,parallelGateway,
src/main/resources/data/dataset1/transformed_model_2.bpmn,sid-EBFCC664-88E4-4A1C-98AB-4CDC6394D1C8,parallelGateway,sid-11FBC760-4A87-41FD-8F9F-208E733E7D3C,exclusiveGateway,
src/main/resources/data/dataset1/transformed_model_2.bpmn,sid-521803CC-D6CB-4D35-96B4-15506606ED69,exclusiveGateway,sid-11FBC760-4A87-41FD-8F9F-208E733E7D3C,exclusiveGateway,
src/main/resources/data/dataset1/transformed_model_2.bpmn,sid-11FBC760-4A87-41FD-8F9F-208E733E7D3C,exclusiveGateway,sid-DF0BF153-C7B8-47A6-9436-2217B6A02FB9,task,
src/main/resources/data/dataset1/transformed_model_2.bpmn,sid-DF0BF153-C7B8-47A6-9436-2217B6A02FB9,task,sid-91F2DA29-96C0-431D-B3F6-5E9C53B3EAB0,eventBasedGateway,
src/main/resources/data/dataset1/transformed_model_2.bpmn,sid-91F2DA29-96C0-431D-B3F6-5E9C53B3EAB0,eventBasedGateway,sid-FF649B0C-30F0-4E43-9BEC-02E1B22AA554,intermediateCatchEvent,
src/main/resources/data/dataset1/transformed_model_2.bpmn,sid-91F2DA29-96C0-431D-B3F6-5E9C53B3EAB0,eventBasedGateway,sid-8712EF38-01F5-4812-ACB7-8F0EF759F38C,intermediateCatchEvent,
src/main/resources/data/dataset1/transformed_model_2.bpmn,sid-FF649B0C-30F0-4E43-9BEC-02E1B22AA554,intermediateCatchEvent,sid-E1B754B8-CD68-4BAD-A98D-0E1093BE66EF,exclusiveGateway,
src/main/resources/data/dataset1/transformed_model_2.bpmn,sid-8712EF38-01F5-4812-ACB7-8F0EF759F38C,intermediateCatchEvent,sid-E1B754B8-CD68-4BAD-A98D-0E1093BE66EF,exclusiveGateway,
src/main/resources/data/dataset1/transformed_model_2.bpmn,sid-E1B754B8-CD68-4BAD-A98D-0E1093BE66EF,exclusiveGateway,sid-01574AFD-EC38-403C-8733-445D2455CA33,endEvent,
src/main/resources/data/dataset1/transformed_model_2.bpmn,sid-F9ECE62B-5298-4EFD-A35C-453E9DEBF1DA,exclusiveGateway,sid-7657E804-205F-446E-A919-FE7008355206,task,
src/main/resources/data/dataset1/transformed_model_2.bpmn,sid-F9ECE62B-5298-4EFD-A35C-453E9DEBF1DA,exclusiveGateway,sid-257EB9F2-1203-4F54-8E2E-43FE6ABA096E,task,
src/main/resources/data/dataset1/transformed_model_2.bpmn,sid-7657E804-205F-446E-A919-FE7008355206,task,sid-F305E07B-5093-44D6-85E7-A243FC6CFD54,exclusiveGateway,
src/main/resources/data/dataset1/transformed_model_2.bpmn,sid-885F9233-8A3A-470C-90D9-FA7F483D69CA,task,sid-F9ECE62B-5298-4EFD-A35C-453E9DEBF1DA,exclusiveGateway,
src/main/resources/data/dataset1/transformed_model_2.bpmn,sid-D4F6E283-16FB-458A-830A-03336924C1D2,task,sid-AAB2EB07-C773-4B25-80B2-C5153B2F2AAA,exclusiveGateway,
src/main/resources/data/dataset1/transformed_model_2.bpmn,sid-AAB2EB07-C773-4B25-80B2-C5153B2F2AAA,exclusiveGateway,sid-50620B60-4F01-4DFD-8EB8-BBCAAECE6026,task,
src/main/resources/data/dataset1/transformed_model_2.bpmn,sid-50620B60-4F01-4DFD-8EB8-BBCAAECE6026,task,sid-EDA347BD-B66E-45E3-9F18-1782FC618F31,exclusiveGateway,
src/main/resources/data/dataset1/transformed_model_2.bpmn,sid-EDA347BD-B66E-45E3-9F18-1782FC618F31,exclusiveGateway,sid-422C6AE3-ACB5-4801-B6D1-C2A5495EF03D,endEvent,
src/main/resources/data/dataset1/transformed_model_2.bpmn,sid-257EB9F2-1203-4F54-8E2E-43FE6ABA096E,task,sid-F305E07B-5093-44D6-85E7-A243FC6CFD54,exclusiveGateway,
src/main/resources/data/dataset1/transformed_model_2.bpmn,sid-F305E07B-5093-44D6-85E7-A243FC6CFD54,exclusiveGateway,sid-D4F6E283-16FB-458A-830A-03336924C1D2,task,
src/main/resources/data/dataset1/transformed_model_2.bpmn,sid-AAB2EB07-C773-4B25-80B2-C5153B2F2AAA,exclusiveGateway,sid-400B2392-557D-41E3-AD14-C95E3B135E45,task,
src/main/resources/data/dataset1/transformed_model_2.bpmn,sid-400B2392-557D-41E3-AD14-C95E3B135E45,task,sid-EDA347BD-B66E-45E3-9F18-1782FC618F31,exclusiveGateway,
src/main/resources/data/dataset1/transformed_model_2.bpmn,sid-B91C87CE-C2CD-4CEF-B652-B83414A123D7,startEvent,parallelGateway_77176df9-db45-4d98-8127-7d99ea4755e0,parallelGateway,
src/main/resources/data/dataset1/transformed_model_2.bpmn,parallelGateway_92264230-4976-404b-96a1-4ad8453476d4,parallelGateway,sid-885F9233-8A3A-470C-90D9-FA7F483D69CA,task,
src/main/resources/data/dataset1/transformed_model_2.bpmn,parallelGateway_77176df9-db45-4d98-8127-7d99ea4755e0,parallelGateway,userTask_e3d42b32-e478-43b8-a210-b6363d5c7376,userTask,
src/main/resources/data/dataset1/transformed_model_2.bpmn,userTask_e3d42b32-e478-43b8-a210-b6363d5c7376,userTask,parallelGateway_92264230-4976-404b-96a1-4ad8453476d4,parallelGateway,
src/main/resources/data/dataset1/transformed_model_2.bpmn,parallelGateway_77176df9-db45-4d98-8127-7d99ea4755e0,parallelGateway,userTask_db374654-6b8c-4cf6-9034-0b08fd26b792,userTask,
src/main/resources/data/dataset1/transformed_model_2.bpmn,userTask_db374654-6b8c-4cf6-9034-0b08fd26b792,userTask,parallelGateway_92264230-4976-404b-96a1-4ad8453476d4,parallelGateway,
src/main/resources/data/dataset1/transformed_model_3.bpmn,StartEvent_1,startEvent,Task_0339o94,task,
src/main/resources/data/dataset1/transformed_model_3.bpmn,Task_0339o94,task,ExclusiveGateway_1pzts6x,parallelGateway,
src/main/resources/data/dataset1/transformed_model_3.bpmn,ExclusiveGateway_1pzts6x,parallelGateway,Task_0r092co,task,
src/main/resources/data/dataset1/transformed_model_3.bpmn,ExclusiveGateway_1pzts6x,parallelGateway,Task_18u4z43,task,
src/main/resources/data/dataset1/transformed_model_3.bpmn,ExclusiveGateway_1pzts6x,parallelGateway,Task_181vtgm,task,
src/main/resources/data/dataset1/transformed_model_3.bpmn,Task_0r092co,task,ExclusiveGateway_0tsvqhc,parallelGateway,
src/main/resources/data/dataset1/transformed_model_3.bpmn,Task_18u4z43,task,ExclusiveGateway_0tsvqhc,parallelGateway,
src/main/resources/data/dataset1/transformed_model_3.bpmn,Task_181vtgm,task,ExclusiveGateway_0tsvqhc,parallelGateway,
src/main/resources/data/dataset1/transformed_model_3.bpmn,ExclusiveGateway_0tsvqhc,parallelGateway,Task_0z18rqq,task,
src/main/resources/data/dataset1/transformed_model_3.bpmn,Task_0z18rqq,task,EndEvent_0zp939k,endEvent,
src/main/resources/data/synthesized/case1/Cologne.bpmn,sid-321FA3C6-D9DF-46B4-85AC-4E9E7310BCC7,startEvent,sid-B11703D1-08C3-416B-8947-76CE10A27978,task,
src/main/resources/data/synthesized/case1/Cologne.bpmn,sid-B11703D1-08C3-416B-8947-76CE10A27978,task,sid-2A61C308-48B4-4C26-9CB3-D489A0BBC1E3,task,
src/main/resources/data/synthesized/case1/Cologne.bpmn,sid-2A61C308-48B4-4C26-9CB3-D489A0BBC1E3,task,sid-4C4748D1-DBC6-4155-91C8-F71F3796A768,task,
src/main/resources/data/synthesized/case1/Cologne.bpmn,sid-435C2233-B6DF-44D9-B7BF-36461549F53D,parallelGateway,sid-A3568080-F469-4D86-BB96-7A5C48342857,task,
src/main/resources/data/synthesized/case1/Cologne.bpmn,sid-435C2233-B6DF-44D9-B7BF-36461549F53D,parallelGateway,sid-F6E821C8-4300-4AA0-B6D1-6BA5D15FA7DE,task,
src/main/resources/data/synthesized/case1/Cologne.bpmn,sid-A3568080-F469-4D86-BB96-7A5C48342857,task,sid-EBFCC664-88E4-4A1C-98AB-4CDC6394D1C8,parallelGateway,
src/main/resources/data/synthesized/case1/Cologne.bpmn,sid-F6E821C8-4300-4AA0-B6D1-6BA5D15FA7DE,task,sid-EBFCC664-88E4-4A1C-98AB-4CDC6394D1C8,parallelGateway,
src/main/resources/data/synthesized/case1/Cologne.bpmn,sid-4C4748D1-DBC6-4155-91C8-F71F3796A768,task,sid-521803CC-D6CB-4D35-96B4-15506606ED69,exclusiveGateway,
src/main/resources/data/synthesized/case1/Cologne.bpmn,sid-521803CC-D6CB-4D35-96B4-15506606ED69,exclusiveGateway,sid-435C2233-B6DF-44D9-B7BF-36461549F53D,parallelGateway,
src/main/resources/data/synthesized/case1/Cologne.bpmn,sid-EBFCC664-88E4-4A1C-98AB-4CDC6394D1C8,parallelGateway,sid-11FBC760-4A87-41FD-8F9F-208E733E7D3C,exclusiveGateway,
src/main/resources/data/synthesized/case1/Cologne.bpmn,sid-521803CC-D6CB-4D35-96B4-15506606ED69,exclusiveGateway,sid-11FBC760-4A87-41FD-8F9F-208E733E7D3C,exclusiveGateway,
src/main/resources/data/synthesized/case1/Cologne.bpmn,sid-11FBC760-4A87-41FD-8F9F-208E733E7D3C,exclusiveGateway,sid-DF0BF153-C7B8-47A6-9436-2217B6A02FB9,task,
src/main/resources/data/synthesized/case1/Cologne.bpmn,sid-DF0BF153-C7B8-47A6-9436-2217B6A02FB9,task,sid-91F2DA29-96C0-431D-B3F6-5E9C53B3EAB0,eventBasedGateway,
src/main/resources/data/synthesized/case1/Cologne.bpmn,sid-91F2DA29-96C0-431D-B3F6-5E9C53B3EAB0,eventBasedGateway,sid-FF649B0C-30F0-4E43-9BEC-02E1B22AA554,intermediateCatchEvent,
src/main/resources/data/synthesized/case1/Cologne.bpmn,sid-91F2DA29-96C0-431D-B3F6-5E9C53B3EAB0,eventBasedGateway,sid-8712EF38-01F5-4812-ACB7-8F0EF759F38C,intermediateCatchEvent,
src/main/resources/data/synthesized/case1/Cologne.bpmn,sid-FF649B0C-30F0-4E43-9BEC-02E1B22AA554,intermediateCatchEvent,sid-E1B754B8-CD68-4BAD-A98D-0E1093BE66EF,exclusiveGateway,
src/main/resources/data/synthesized/case1/Cologne.bpmn,sid-8712EF38-01F5-4812-ACB7-8F0EF759F38C,intermediateCatchEvent,sid-E1B754B8-CD68-4BAD-A98D-0E1093BE66EF,exclusiveGateway,
src/main/resources/data/synthesized/case1/Cologne.bpmn,sid-E1B754B8-CD68-4BAD-A98D-0E1093BE66EF,exclusiveGateway,sid-01574AFD-EC38-403C-8733-445D2455CA33,endEvent,
src/main/resources/data/synthesized/case1/Cologne.bpmn,sid-F9ECE62B-5298-4EFD-A35C-453E9DEBF1DA,exclusiveGateway,sid-7657E804-205F-446E-A919-FE7008355206,task,
src/main/resources/data/synthesized/case1/Cologne.bpmn,sid-F9ECE62B-5298-4EFD-A35C-453E9DEBF1DA,exclusiveGateway,sid-257EB9F2-1203-4F54-8E2E-43FE6ABA096E,task,
src/main/resources/data/synthesized/case1/Cologne.bpmn,sid-7657E804-205F-446E-A919-FE7008355206,task,sid-F305E07B-5093-44D6-85E7-A243FC6CFD54,exclusiveGateway,
src/main/resources/data/synthesized/case1/Cologne.bpmn,sid-B41B5C8F-D1D5-4641-943B-DB396FD69D0B,task,sid-885F9233-8A3A-470C-90D9-FA7F483D69CA,task,
src/main/resources/data/synthesized/case1/Cologne.bpmn,sid-885F9233-8A3A-470C-90D9-FA7F483D69CA,task,sid-F9ECE62B-5298-4EFD-A35C-453E9DEBF1DA,exclusiveGateway,
src/main/resources/data/synthesized/case1/Cologne.bpmn,sid-D4F6E283-16FB-458A-830A-03336924C1D2,task,sid-AAB2EB07-C773-4B25-80B2-C5153B2F2AAA,exclusiveGateway,
src/main/resources/data/synthesized/case1/Cologne.bpmn,sid-AAB2EB07-C773-4B25-80B2-C5153B2F2AAA,exclusiveGateway,sid-50620B60-4F01-4DFD-8EB8-BBCAAECE6026,task,
src/main/resources/data/synthesized/case1/Cologne.bpmn,sid-50620B60-4F01-4DFD-8EB8-BBCAAECE6026,task,sid-EDA347BD-B66E-45E3-9F18-1782FC618F31,exclusiveGateway,
src/main/resources/data/synthesized/case1/Cologne.bpmn,sid-EDA347BD-B66E-45E3-9F18-1782FC618F31,exclusiveGateway,sid-422C6AE3-ACB5-4801-B6D1-C2A5495EF03D,endEvent,
src/main/resources/data/synthesized/case1/Cologne.bpmn,sid-B91C87CE-C2CD-4CEF-B652-B83414A123D7,startEvent,sid-B41B5C8F-D1D5-4641-943B-DB396FD69D0B,task,
src/main/resources/data/synthesized/case1/Cologne.bpmn,sid-257EB9F2-1203-4F54-8E2E-43FE6ABA096E,task,sid-F305E07B-5093-44D6-85E7-A243FC6CFD54,exclusiveGateway,
src/main/resources/data/synthesized/case1/Cologne.bpmn,sid-F305E07B-5093-44D6-85E7-A243FC6CFD54,exclusiveGateway,sid-D4F6E283-16FB-458A-830A-03336924C1D2,task,
src/main/resources/data/synthesized/case1/Cologne.bpmn,sid-AAB2EB07-C773-4B25-80B2-C5153B2F2AAA,exclusiveGateway,sid-400B2392-557D-41E3-AD14-C95E3B135E45,task,
src/main/resources/data/synthesized/case1/Cologne.bpmn,sid-400B2392-557D-41E3-AD14-C95E3B135E45,task,sid-EDA347BD-B66E-45E3-9F18-1782FC618F31,exclusiveGateway,
src/main/resources/data/synthesized/case1/data/data_original.bpmn,sid-321FA3C6-D9DF-46B4-85AC-4E9E7310BCC7,startEvent,sid-B11703D1-08C3-416B-8947-76CE10A27978,task,
src/main/resources/data/synthesized/case1/data/data_original.bpmn,sid-B11703D1-08C3-416B-8947-76CE10A27978,task,sid-2A61C308-48B4-4C26-9CB3-D489A0BBC1E3,task,
src/main/resources/data/synthesized/case1/data/data_original.bpmn,sid-2A61C308-48B4-4C26-9CB3-D489A0BBC1E3,task,sid-4C4748D1-DBC6-4155-91C8-F71F3796A768,task,
src/main/resources/data/synthesized/case1/data/data_original.bpmn,sid-435C2233-B6DF-44D9-B7BF-36461549F53D,parallelGateway,sid-A3568080-F469-4D86-BB96-7A5C48342857,task,
src/main/resources/data/synthesized/case1/data/data_original.bpmn,sid-435C2233-B6DF-44D9-B7BF-36461549F53D,parallelGateway,sid-F6E821C8-4300-4AA0-B6D1-6BA5D15FA7DE,task,
src/main/resources/data/synthesized/case1/data/data_original.bpmn,sid-A3568080-F469-4D86-BB96-7A5C48342857,task,sid-EBFCC664-88E4-4A1C-98AB-4CDC6394D1C8,parallelGateway,
src/main/resources/data/synthesized/case1/data/data_original.bpmn,sid-F6E821C8-4300-4AA0-B6D1-6BA5D15FA7DE,task,sid-EBFCC664-88E4-4A1C-98AB-4CDC6394D1C8,parallelGateway,
src/main/resources/data/synthesized/case1/data/data_original.bpmn,sid-4C4748D1-DBC6-4155-91C8-F71F3796A768,task,sid-521803CC-D6CB-4D35-96B4-15506606ED69,exclusiveGateway,
src/main/resources/data/synthesized/case1/data/data_original.bpmn,sid-521803CC-D6CB-4D35-96B4-15506606ED69,exclusiveGateway,sid-435C2233-B6DF-44D9-B7BF-36461549F53D,parallelGateway,
src/main/resources/data/synthesized/case1/data/data_original.bpmn,sid-EBFCC664-88E4-4A1C-98AB-4CDC6394D1C8,parallelGateway,sid-11FBC760-4A87-41FD-8F9F-208E733E7D3C,exclusiveGateway,
src/main/resources/data/synthesized/case1/data/data_original.bpmn,sid-521803CC-D6CB-4D35-96B4-15506606ED69,exclusiveGateway,sid-11FBC760-4A87-41FD-8F9F-208E733E7D3C,exclusiveGateway,
src/main/resources/data/synthesized/case1/data/data_original.bpmn,sid-11FBC760-4A87-41FD-8F9F-208E733E7D3C,exclusiveGateway,sid-DF0BF153-C7B8-47A6-9436-2217B6A02FB9,task,
src/main/resources/data/synthesized/case1/data/data_original.bpmn,sid-DF0BF153-C7B8-47A6-9436-2217B6A02FB9,task,sid-91F2DA29-96C0-431D-B3F6-5E9C53B3EAB0,eventBasedGateway,
src/main/resources/data/synthesized/case1/data/data_original.bpmn,sid-91F2DA29-96C0-431D-B3F6-5E9C53B3EAB0,eventBasedGateway,sid-FF649B0C-30F0-4E43-9BEC-02E1B22AA554,intermediateCatchEvent,
src/main/resources/data/synthesized/case1/data/data_original.bpmn,sid-91F2DA29-96C0-431D-B3F6-5E9C53B3EAB0,eventBasedGateway,sid-8712EF38-01F5-4812-ACB7-8F0EF759F38C,intermediateCatchEvent,
src/main/resources/data/synthesized/case1/data/data_original.bpmn,sid-FF649B0C-30F0-4E43-9BEC-02E1B22AA554,intermediateCatchEvent,sid-E1B754B8-CD68-4BAD-A98D-0E1093BE66EF,exclusiveGateway,
src/main/resources/data/synthesized/case1/data/data_original.bpmn,sid-8712EF38-01F5-4812-ACB7-8F0EF759F38C,intermediateCatchEvent,sid-E1B754B8-CD68-4BAD-A98D-0E1093BE66EF,exclusiveGateway,
src/main/resources/data/synthesized/case1/data/data_original.bpmn,sid-E1B754B8-CD68-4BAD-A98D-0E1093BE66EF,exclusiveGateway,sid-01574AFD-EC38-403C-8733-445D2455CA33,endEvent,
src/main/resources/data/synthesized/case1/data/data_original.bpmn,sid-F9ECE62B-5298-4EFD-A35C-453E9DEBF1DA,exclusiveGateway,sid-7657E804-205F-446E-A919-FE7008355206,task,
src/main/resources/data/synthesized/case1/data/data_original.bpmn,sid-F9ECE62B-5298-4EFD-A35C-453E9DEBF1DA,exclusiveGateway,sid-257EB9F2-1203-4F54-8E2E-43FE6ABA096E,task,
src/main/resources/data/synthesized/case1/data/data_original.bpmn,sid-7657E804-205F-446E-A919-FE7008355206,task,sid-F305E07B-5093-44D6-85E7-A243FC6CFD54,exclusiveGateway,
src/main/resources/data/synthesized/case1/data/data_original.bpmn,sid-B41B5C8F-D1D5-4641-943B-DB396FD69D0B,task,sid-885F9233-8A3A-470C-90D9-FA7F483D69CA,task,
src/main/resources/data/synthesized/case1/data/data_original.bpmn,sid-885F9233-8A3A-470C-90D9-FA7F483D69CA,task,sid-F9ECE62B-5298-4EFD-A35C-453E9DEBF1DA,exclusiveGateway,
src/main/resources/data/synthesized/case1/data/data_original.bpmn,sid-D4F6E283-16FB-458A-830A-03336924C1D2,task,sid-AAB2EB07-C773-4B25-80B2-C5153B2F2AAA,exclusiveGateway,
src/main/resources/data/synthesized/case1/data/data_original.bpmn,sid-AAB2EB07-C773-4B25-80B2-C5153B2F2AAA,exclusiveGateway,sid-50620B60-4F01-4DFD-8EB8-BBCAAECE6026,task,
src/main/resources/data/synthesized/case1/data/data_original.bpmn,sid-50620B60-4F01-4DFD-8EB8-BBCAAECE6026,task,sid-EDA347BD-B66E-45E3-9F18-1782FC618F31,exclusiveGateway,
src/main/resources/data/synthesized/case1/data/data_original.bpmn,sid-EDA347BD-B66E-45E3-9F18-1782FC618F31,exclusiveGateway,sid-422C6AE3-ACB5-4801-B6D1-C2A5495EF03D,endEvent,
src/main/resources/data/synthesized/case1/data/data_original.bpmn,sid-B91C87CE-C2CD-4CEF-B652-B83414A123D7,startEvent,sid-B41B5C8F-D1D5-4641-943B-DB396FD69D0B,task,
src/main/resources/data/synthesized/case1/data/data_original.bpmn,sid-257EB9F2-1203-4F54-8E2E-43FE6ABA096E,task,sid-F305E07B-5093-44D6-85E7-A243FC6CFD54,exclusiveGateway,
src/main/resources/data/synthesized/case1/data/data_original.bpmn,sid-F305E07B-5093-44D6-85E7-A243FC6CFD54,exclusiveGateway,sid-D4F6E283-16FB-458A-830A-03336924C1D2,task,
src/main/resources/data/synthesized/case1/data/data_original.bpmn,sid-AAB2EB07-C773-4B25-80B2-C5153B2F2AAA,exclusiveGateway,sid-400B2392-557D-41E3-AD14-C95E3B135E45,task,
src/main/resources/data/synthesized/case1/data/data_original.bpmn,sid-400B2392-557D-41E3-AD14-C95E3B135E45,task,sid-EDA347BD-B66E-45E3-9F18-1782FC618F31,exclusiveGateway,
src/main/resources/data/synthesized/case1/data/data_transformed.bpmn,sid-2A61C308-48B4-4C26-9CB3-D489A0BBC1E3,task,sid-4C4748D1-DBC6-4155-91C8-F71F3796A768,task,
src/main/resources/data/synthesized/case1/data/data_transformed.bpmn,sid-435C2233-B6DF-44D9-B7BF-36461549F53D,parallelGateway,sid-A3568080-F469-4D86-BB96-7A5C48342857,task,
src/main/resources/data/synthesized/case1/data/data_transformed.bpmn,sid-435C2233-B6DF-44D9-B7BF-36461549F53D,parallelGateway,sid-F6E821C8-4300-4AA0-B6D1-6BA5D15FA7DE,task,
src/main/resources/data/synthesized/case1/data/data_transformed.bpmn,sid-A3568080-F469-4D86-BB96-7A5C48342857,task,sid-EBFCC664-88E4-4A1C-98AB-4CDC6394D1C8,parallelGateway,
src/main/resources/data/synthesized/case1/data/data_transformed.bpmn,sid-F6E821C8-4300-4AA0-B6D1-6BA5D15FA7DE,task,sid-EBFCC664-88E4-4A1C-98AB-4CDC6394D1C8,parallelGateway,
src/main/resources/data/synthesized/case1/data/data_transformed.bpmn,sid-4C4748D1-DBC6-4155-91C8-F71F3796A768,task,sid-521803CC-D6CB-4D35-96B4-15506606ED69,exclusiveGateway,
src/main/resources/data/synthesized/case1/data/data_transformed.bpmn,sid-521803CC-D6CB-4D35-96B4-15506606ED69,exclusiveGateway,sid-435C2233-B6DF-44D9-B7BF-36461549F53D,parallelGateway,
src/main/resources/data/synthesized/case1/data/data_transformed.bpmn,sid-EBFCC664-88E4-4A1C-98AB-4CDC6394D1C8,parallelGateway,sid-11FBC760-4A87-41FD-8F9F-208E733E7D3C,exclusiveGateway,
src/main/resources/data/synthesized/case1/data/data_transformed.bpmn,sid-521803CC-D6CB-4D35-96B4-15506606ED69,exclusiveGateway,sid-11FBC760-4A87-41FD-8F9F-208E733E7D3C,exclusiveGateway,
src/main/resources/data/synthesized/case1/data/data_transformed.bpmn,sid-11FBC760-4A87-41FD-8F9F-208E733E7D3C,exclusiveGateway,sid-DF0BF153-C7B8-47A6-9436-2217B6A02FB9,task,
src/main/resources/data/synthesized/case1/data/data_transformed.bpmn,sid-DF0BF153-C7B8-47A6-9436-2217B6A02FB9,task,sid-91F2DA29-96C0-431D-B3F6-5E9C53B3EAB0,eventBasedGateway,
src/main/resources/data/synthesized/case1/data/data_transformed.bpmn,sid-91F2DA29-96C0-431D-B3F6-5E9C53B3EAB0,eventBasedGateway,sid-FF649B0C-30F0-4E43-9BEC-02E1B22AA554,intermediateCatchEvent,
src/main/resources/data/synthesized/case1/data/data_transformed.bpmn,sid-91F2DA29-96C0-431D-B3F6-5E9C53B3EAB0,eventBasedGateway,sid-8712EF38-01F5-4812-ACB7-8F0EF759F38C,intermediateCatchEvent,
src/main/resources/data/synthesized/case1/data/data_transformed.bpmn,sid-FF649B0C-30F0-4E43-9BEC-02E1B22AA554,intermediateCatchEvent,sid-E1B754B8-CD68-4BAD-A98D-0E1093BE66EF,exclusiveGateway,
src/main/resources/data/synthesized/case1/data/data_transformed.bpmn,sid-8712EF38-01F5-4812-ACB7-8F0EF759F38C,intermediateCatchEvent,sid-E1B754B8-CD68-4BAD-A98D-0E1093BE66EF,exclusiveGateway,
src/main/resources/data/synthesized/case1/data/data_transformed.bpmn,sid-E1B754B8-CD68-4BAD-A98D-0E1093BE66EF,exclusiveGateway,sid-01574AFD-EC38-403C-8733-445D2455CA33,endEvent,
src/main/resources/data/synthesized/case1/data/data_transformed.bpmn,sid-321FA3C6-D9DF-46B4-85AC-4E9E7310BCC7,startEvent,parallelGateway_a554acb8-d2df-40fc-b924-b7f3645a5fea,parallelGateway,
src/main/resources/data/synthesized/case1/data/data_transformed.bpmn,parallelGateway_9901c94e-4212-442d-a09a-10eb3d49abf6,parallelGateway,sid-2A61C308-48B4-4C26-9CB3-D489A0BBC1E3,task,
src/main/resources/data/synthesized/case1/data/data_transformed.bpmn,parallelGateway_a554acb8-d2df-40fc-b924-b7f3645a5fea,parallelGateway,userTask_18ddbd04-e6d2-4660-89c8-3731053349ef,userTask,
src/main/resources/data/synthesized/case1/data/data_transformed.bpmn,userTask_18ddbd04-e6d2-4660-89c8-3731053349ef,userTask,parallelGateway_9901c94e-4212-442d-a09a-10eb3d49abf6,parallelGateway,
src/main/resources/data/synthesized/case1/data/data_transformed.bpmn,parallelGateway_a554acb8-d2df-40fc-b924-b7f3645a5fea,parallelGateway,userTask_6398e2f2-6701-4fcc-9297-578fcd011dc9,userTask,
src/main/resources/data/synthesized/case1/data/data_transformed.bpmn,userTask_6398e2f2-6701-4fcc-9297-578fcd011dc9,userTask,parallelGateway_9901c94e-4212-442d-a09a-10eb3d49abf6,parallelGateway,
src/main/resources/data/synthesized/case1/data/data_transformed.bpmn,parallelGateway_a554acb8-d2df-40fc-b924-b7f3645a5fea,parallelGateway,userTask_f5b4d2ef-cd15-48ee-be66-158417173438,userTask,
src/main/resources/data/synthesized/case1/data/data_transformed.bpmn,userTask_f5b4d2ef-cd15-48ee-be66-158417173438,userTask,parallelGateway_9901c94e-4212-442d-a09a-10eb3d49abf6,parallelGateway,
src/main/resources/data/synthesized/case1/data/data_transformed.bpmn,parallelGateway_a554acb8-d2df-40fc-b924-b7f3645a5fea,parallelGateway,userTask_eab9d9b7-f60a-49ba-a6ec-24867d07b6ab,userTask,
src/main/resources/data/synthesized/case1/data/data_transformed.bpmn,userTask_eab9d9b7-f60a-49ba-a6ec-24867d07b6ab,userTask,parallelGateway_9901c94e-4212-442d-a09a-10eb3d49abf6,parallelGateway,
src/main/resources/data/synthesized/case1/data/data_transformed.bpmn,parallelGateway_a554acb8-d2df-40fc-b924-b7f3645a5fea,parallelGateway,userTask_72b6774e-390c-4470-865b-e4f021d8e001,userTask,
src/main/resources/data/synthesized/case1/data/data_transformed.bpmn,userTask_72b6774e-390c-4470-865b-e4f021d8e001,userTask,parallelGateway_9901c94e-4212-442d-a09a-10eb3d49abf6,parallelGateway,
src/main/resources/data/synthesized/case1/data/data_transformed.bpmn,sid-F9ECE62B-5298-4EFD-A35C-453E9DEBF1DA,exclusiveGateway,sid-7657E804-205F-446E-A919-FE7008355206,task,
src/main/resources/data/synthesized/case1/data/data_transformed.bpmn,sid-F9ECE62B-5298-4EFD-A35C-453E9DEBF1DA,exclusiveGateway,sid-257EB9F2-1203-4F54-8E2E-43FE6ABA096E,task,
src/main/resources/data/synthesized/case1/data/data_transformed.bpmn,sid-7657E804-205F-446E-A919-FE7008355206,task,sid-F305E07B-5093-44D6-85E7-A243FC6CFD54,exclusiveGateway,
src/main/resources/data/synthesized/case1/data/data_transformed.bpmn,sid-D4F6E283-16FB-458A-830A-03336924C1D2,task,sid-AAB2EB07-C773-4B25-80B2-C5153B2F2AAA,exclusiveGateway,
src/main/resources/data/synthesized/case1/data/data_transformed.bpmn,sid-AAB2EB07-C773-4B25-80B2-C5153B2F2AAA,exclusiveGateway,sid-50620B60-4F01-4DFD-8EB8-BBCAAECE6026,task,
src/main/resources/data/synthesized/case1/data/data_transformed.bpmn,sid-50620B60-4F01-4DFD-8EB8-BBCAAECE6026,task,sid-EDA347BD-B66E-45E3-9F18-1782FC618F31,exclusiveGateway,
src/main/resources/data/synthesized/case1/data/data_transformed.bpmn,sid-EDA347BD-B66E-45E3-9F18-1782FC618F31,exclusiveGateway,sid-422C6AE3-ACB5-4801-B6D1-C2A5495EF03D,endEvent,
src/main/resources/data/synthesized/case1/data/data_transformed.bpmn,sid-257EB9F2-1203-4F54-8E2E-43FE6ABA096E,task,sid-F305E07B-5093-44D6-85E7-A243FC6CFD54,exclusiveGateway,
src/main/resources/data/synthesized/case1/data/data_transformed.bpmn,sid-F305E07B-5093-44D6-85E7-A243FC6CFD54,exclusiveGateway,sid-D4F6E283-16FB-458A-830A-03336924C1D2,task,
src/main/resources/data/synthesized/case1/data/data_transformed.bpmn,sid-AAB2EB07-C773-4B25-80B2-C5153B2F2AAA,exclusiveGateway,sid-400B2392-557D-41E3-AD14-C95E3B135E45,task,
src/main/resources/data/synthesized/case1/data/data_transformed.bpmn,sid-400B2392-557D-41E3-AD14-C95E3B135E45,task,sid-EDA347BD-B66E-45E3-9F18-1782FC618F31,exclusiveGateway,
src/main/resources/data/synthesized/case1/data/data_transformed.bpmn,sid-B91C87CE-C2CD-4CEF-B652-B83414A123D7,startEvent,parallelGateway_b161b108-4383-425c-9d0a-6ee67d3cee2b,parallelGateway,
src/main/resources/data/synthesized/case1/data/data_transformed.bpmn,parallelGateway_b161b108-4383-425c-9d0a-6ee67d3cee2b,parallelGateway,userTask_1067f07a-eda1-41a8-a83e-c0297a399d0d,userTask,
src/main/resources/data/synthesized/case1/data/data_transformed.bpmn,userTask_1067f07a-eda1-41a8-a83e-c0297a399d0d,userTask,parallelGateway_4b528a5c-1969-41d9-b251-0277e88de513,parallelGateway,
src/main/resources/data/synthesized/case1/data/data_transformed.bpmn,parallelGateway_b161b108-4383-425c-9d0a-6ee67d3cee2b,parallelGateway,userTask_f172c94f-a4ca-4ede-bdee-402a94dc2c49,userTask,
src/main/resources/data/synthesized/case1/data/data_transformed.bpmn,userTask_f172c94f-a4ca-4ede-bdee-402a94dc2c49,userTask,parallelGateway_4b528a5c-1969-41d9-b251-0277e88de513,parallelGateway,
src/main/resources/data/synthesized/case1/data/data_transformed.bpmn,parallelGateway_b161b108-4383-425c-9d0a-6ee67d3cee2b,parallelGateway,userTask_5d0ce42d-8b47-4b77-9a93-24dd6b682019,userTask,
src/main/resources/data/synthesized/case1/data/data_transformed.bpmn,userTask_5d0ce42d-8b47-4b77-9a93-24dd6b682019,userTask,parallelGateway_4b528a5c-1969-41d9-b251-0277e88de513,parallelGateway,
src/main/resources/data/synthesized/case1/data/data_transformed.bpmn,parallelGateway_b161b108-4383-425c-9d0a-6ee67d3cee2b,parallelGateway,userTask_0efe66f2-16c6-4e37-a15f-3420344ecc48,userTask,
src/main/resources/data/synthesized/case1/data/data_transformed.bpmn,userTask_0efe66f2-16c6-4e37-a15f-3420344ecc48,userTask,parallelGateway_4b528a5c-1969-41d9-b251-0277e88de513,parallelGateway,
src/main/resources/data/synthesized/case1/data/data_transformed.bpmn,parallelGateway_4b528a5c-1969-41d9-b251-0277e88de513,parallelGateway,parallelGateway_0bc721d7-af0c-46e8-ad06-e059cf8a2fbd,parallelGateway,
src/main/resources/data/synthesized/case1/data/data_transformed.bpmn,parallelGateway_abe604cd-2543-46fe-9f9f-09dae7a1b3b1,parallelGateway,sid-F9ECE62B-5298-4EFD-A35C-453E9DEBF1DA,exclusiveGateway,
src/main/resources/data/synthesized/case1/data/data_transformed.bpmn,parallelGateway_0bc721d7-af0c-46e8-ad06-e059cf8a2fbd,parallelGateway,userTask_886081ea-da2b-4f15-b2b8-e230802f9202,userTask,
src/main/resources/data/synthesized/case1/data/data_transformed.bpmn,userTask_886081ea-da2b-4f15-b2b8-e230802f9202,userTask,parallelGateway_abe604cd-2543-46fe-9f9f-09dae7a1b3b1,parallelGateway,
src/main/resources/data/synthesized/case1/data/data_transformed.bpmn,parallelGateway_0bc721d7-af0c-46e8-ad06-e059cf8a2fbd,parallelGateway,userTask_3bd688aa-2b64-42cc-b138-6c1ea2c7fb3d,userTask,
src/main/resources/data/synthesized/case1/data/data_transformed.bpmn,userTask_3bd688aa-2b64-42cc-b138-6c1ea2c7fb3d,userTask,parallelGateway_abe604cd-2543-46fe-9f9f-09dae7a1b3b1,parallelGateway,
src/main/resources/data/synthesized/case1/data/data_transformed.bpmn,parallelGateway_0bc721d7-af0c-46e8-ad06-e059cf8a2fbd,parallelGateway,userTask_1827c753-04a4-48d9-ba30-05d270e60a0b,userTask,
src/main/resources/data/synthesized/case1/data/data_transformed.bpmn,userTask_1827c753-04a4-48d9-ba30-05d270e60a0b,userTask,parallelGateway_abe604cd-2543-46fe-9f9f-09dae7a1b3b1,parallelGateway,
src/main/resources/data/synthesized/case1/data/data_transformed.bpmn,parallelGateway_0bc721d7-af0c-46e8-ad06-e059cf8a2fbd,parallelGateway,userTask_c90d89f3-73c2-47e2-bc88-b1df6334a1ca,userTask,
src/main/resources/data/synthesized/case1/data/data_transformed.bpmn,userTask_c90d89f3-73c2-47e2-bc88-b1df6334a1ca,userTask,parallelGateway_abe604cd-2543-46fe-9f9f-09dae7a1b3b1,parallelGateway,
src/main/resources/data/synthesized/case2/Cologne.bpmn,sid-321FA3C6-D9DF-46B4-85AC-4E9E7310BCC7,startEvent,sid-B11703D1-08C3-416B-8947-76CE10A27978,task,
src/main/resources/data/synthesized/case2/Cologne.bpmn,sid-B11703D1-08C3-416B-8947-76CE10A27978,task,sid-2A61C308-48B4-4C26-9CB3-D489A0BBC1E3,task,
src/main/resources/data/synthesized/case2/Cologne.bpmn,sid-2A61C308-48B4-4C26-9CB3-D489A0BBC1E3,task,sid-4C4748D1-DBC6-4155-91C8-F71F3796A768,task,
src/main/resources/data/synthesized/case2/Cologne.bpmn,sid-435C2233-B6DF-44D9-B7BF-36461549F53D,parallelGateway,sid-A3568080-F469-4D86-BB96-7A5C48342857,task,
src/main/resources/data/synthesized/case2/Cologne.bpmn,sid-435C2233-B6DF-44D9-B7BF-36461549F53D,parallelGateway,sid-F6E821C8-4300-4AA0-B6D1-6BA5D15FA7DE,task,
src/main/resources/data/synthesized/case2/Cologne.bpmn,sid-A3568080-F469-4D86-BB96-7A5C48342857,task,sid-EBFCC664-88E4-4A1C-98AB-4CDC6394D1C8,parallelGateway,
src/main/resources/data/synthesized/case2/Cologne.bpmn,sid-F6E821C8-4300-4AA0-B6D1-6BA5D15FA7DE,task,sid-EBFCC664-88E4-4A1C-98AB-4CDC6394D1C8,parallelGateway,
src/main/resources/data/synthesized/case2/Cologne.bpmn,sid-4C4748D1-DBC6-4155-91C8-F71F3796A768,task,sid-521803CC-D6CB-4D35-96B4-15506606ED69,exclusiveGateway,
src/main/resources/data/synthesized/case2/Cologne.bpmn,sid-521803CC-D6CB-4D35-96B4-15506606ED69,exclusiveGateway,sid-435C2233-B6DF-44D9-B7BF-36461549F53D,parallelGateway,
src/main/resources/data/synthesized/case2/Cologne.bpmn,sid-EBFCC664-88E4-4A1C-98AB-4CDC6394D1C8,parallelGateway,sid-11FBC760-4A87-41FD-8F9F-208E733E7D3C,exclusiveGateway,
src/main/resources/data/synthesized/case2/Cologne.bpmn,sid-521803CC-D6CB-4D35-96B4-15506606ED69,exclusiveGateway,sid-11FBC760-4A87-41FD-8F9F-208E733E7D3C,exclusiveGateway,
src/main/resources/data/synthesized/case2/Cologne.bpmn,sid-11FBC760-4A87-41FD-8F9F-208E733E7D3C,exclusiveGateway,sid-DF0BF153-C7B8-47A6-9436-2217B6A02FB9,task,
src/main/resources/data/synthesized/case2/Cologne.bpmn,sid-DF0BF153-C7B8-47A6-9436-2217B6A02FB9,task,sid-91F2DA29-96C0-431D-B3F6-5E9C53B3EAB0,eventBasedGateway,
src/main/resources/data/synthesized/case2/Cologne.bpmn,sid-91F2DA29-96C0-431D-B3F6-5E9C53B3EAB0,eventBasedGateway,sid-FF649B0C-30F0-4E43-9BEC-02E1B22AA554,intermediateCatchEvent,
src/main/resources/data/synthesized/case2/Cologne.bpmn,sid-91F2DA29-96C0-431D-B3F6-5E9C53B3EAB0,eventBasedGateway,sid-8712EF38-01F5-4812-ACB7-8F0EF759F38C,intermediateCatchEvent,
src/main/resources/data/synthesized/case2/Cologne.bpmn,sid-FF649B0C-30F0-4E43-9BEC-02E1B22AA554,intermediateCatchEvent,sid-E1B754B8-CD68-4BAD-A98D-0E1093BE66EF,exclusiveGateway,
src/main/resources/data/synthesized/case2/Cologne.bpmn,sid-8712EF38-01F5-4812-ACB7-8F0EF759F38C,intermediateCatchEvent,sid-E1B754B8-CD68-4BAD-A98D-0E1093BE66EF,exclusiveGateway,
src/main/resources/data/synthesized/case2/Cologne.bpmn,sid-E1B754B8-CD68-4BAD-A98D-0E1093BE66EF,exclusiveGateway,sid-01574AFD-EC38-403C-8733-445D2455CA33,endEvent,
src/main/resources/data/synthesized/case2/Cologne.bpmn,sid-F9ECE62B-5298-4EFD-A35C-453E9DEBF1DA,exclusiveGateway,sid-7657E804-205F-446E-A919-FE7008355206,task,
src/main/resources/data/synthesized/case2/Cologne.bpmn,sid-F9ECE62B-5298-4EFD-A35C-453E9DEBF1DA,exclusiveGateway,sid-257EB9F2-1203-4F54-8E2E-43FE6ABA096E,task,
src/main/resources/data/synthesized/case2/Cologne.bpmn,sid-7657E804-205F-446E-A919-FE7008355206,task,sid-F305E07B-5093-44D6-85E7-A243FC6CFD54,exclusiveGateway,
src/main/resources/data/synthesized/case2/Cologne.bpmn,sid-B41B5C8F-D1D5-4641-943B-DB396FD69D0B,task,sid-885F9233-8A3A-470C-90D9-FA7F483D69CA,task,
src/main/resources/data/synthesized/case2/Cologne.bpmn,sid-885F9233-8A3A-470C-90D9-FA7F483D69CA,task,sid-F9ECE62B-5298-4EFD-A35C-453E9DEBF1DA,exclusiveGateway,
src/main/resources/data/synthesized/case2/Cologne.bpmn,sid-D4F6E283-16FB-458A-830A-03336924C1D2,task,sid-AAB2EB07-C773-4B25-80B2-C5153B2F2AAA,exclusiveGateway,
src/main/resources/data/synthesized/case2/Cologne.bpmn,sid-AAB2EB07-C773-4B25-80B2-C5153B2F2AAA,exclusiveGateway,sid-50620B60-4F01-4DFD-8EB8-BBCAAECE6026,task,
src/main/resources/data/synthesized/case2/Cologne.bpmn,sid-50620B60-4F01-4DFD-8EB8-BBCAAECE6026,task,sid-EDA347BD-B66E-45E3-9F18-1782FC618F31,exclusiveGateway,
src/main/resources/data/synthesized/case2/Cologne.bpmn,sid-EDA347BD-B66E-45E3-9F18-1782FC618F31,exclusiveGateway,sid-422C6AE3-ACB5-4801-B6D1-C2A5495EF03D,endEvent,
src/main/resources/data/synthesized/case2/Cologne.bpmn,sid-B91C87CE-C2CD-4CEF-B652-B83414A123D7,startEvent,sid-B41B5C8F-D1D5-4641-943B-DB396FD69D0B,task,
src/main/resources/data/synthesized/case2/Cologne.bpmn,sid-257EB9F2-1203-4F54-8E2E-43FE6ABA096E,task,sid-F305E07B-5093-44D6-85E7-A243FC6CFD54,exclusiveGateway,
src/main/resources/data/synthesized/case2/Cologne.bpmn,sid-F305E07B-5093-44D6-85E7-A243FC6CFD54,exclusiveGateway,sid-D4F6E283-16FB-458A-830A-03336924C1D2,task,
src/main/resources/data/synthesized/case2/Cologne.bpmn,sid-AAB2EB07-C773-4B25-80B2-C5153B2F2AAA,exclusiveGateway,sid-400B2392-557D-41E3-AD14-C95E3B135E45,task,
src/main/resources/data/synthesized/case2/Cologne.bpmn,sid-400B2392-557D-41E3-AD14-C95E3B135E45,task,sid-EDA347BD-B66E-45E3-9F18-1782FC618F31,exclusiveGateway,
src/main/resources/data/synthesized/case2/data/data_original.bpmn,sid-321FA3C6-D9DF-46B4-85AC-4E9E7310BCC7,startEvent,sid-B11703D1-08C3-416B-8947-76CE10A27978,task,
src/main/resources/data/synthesized/case2/data/data_original.bpmn,sid-B11703D1-08C3-416B-8947-76CE10A27978,task,sid-2A61C308-48B4-4C26-9CB3-D489A0BBC1E3,task,
src/main/resources/data/synthesized/case2/data/data_original.bpmn,sid-2A61C308-48B4-4C26-9CB3-D489A0BBC1E3,task,sid-4C4748D1-DBC6-4155-91C8-F71F3796A768,task,
src/main/resources/data/synthesized/case2/data/data_original.bpmn,sid-435C2233-B6DF-44D9-B7BF-36461549F53D,parallelGateway,sid-A3568080-F469-4D86-BB96-7A5C48342857,task,
src/main/resources/data/synthesized/case2/data/data_original.bpmn,sid-435C2233-B6DF-44D9-B7BF-36461549F53D,parallelGateway,sid-F6E821C8-4300-4AA0-B6D1-6BA5D15FA7DE,task,
src/main/resources/data/synthesized/case2/data/data_original.bpmn,sid-A3568080-F469-4D86-BB96-7A5C48342857,task,sid-EBFCC664-88E4-4A1C-98AB-4CDC6394D1C8,parallelGateway,
src/main/resources/data/synthesized/case2/data/data_original.bpmn,sid-F6E821C8-4300-4AA0-B6D1-6BA5D15FA7DE,task,sid-EBFCC664-88E4-4A1C-98AB-4CDC6394D1C8,parallelGateway,
src/main/resources/data/synthesized/case2/data/data_original.bpmn,sid-4C4748D1-DBC6-4155-91C8-F71F3796A768,task,sid-521803CC-D6CB-4D35-96B4-15506606ED69,exclusiveGateway,
src/main/resources/data/synthesized/case2/data/data_original.bpmn,sid-521803CC-D6CB-4D35-96B4-15506606ED69,exclusiveGateway,sid-435C2233-B6DF-44D9-B7BF-36461549F53D,parallelGateway,
src/main/resources/data/synthesized/case2/data/data_original.bpmn,sid-EBFCC664-88E4-4A1C-98AB-4CDC6394D1C8,parallelGateway,sid-11FBC760-4A87-41FD-8F9F-208E733E7D3C,exclusiveGateway,
src/main/resources/data/synthesized/case2/data/data_original.bpmn,sid-521803CC-D6CB-4D35-96B4-15506606ED69,exclusiveGateway,sid-11FBC760-4A87-41FD-8F9F-208E733E7D3C,exclusiveGateway,
src/main/resources/data/synthesized/case2/data/data_original.bpmn,sid-11FBC760-4A87-41FD-8F9F-208E733E7D3C,exclusiveGateway,sid-DF0BF153-C7B8-47A6-9436-2217B6A02FB9,task,
src/main/resources/data/synthesized/case2/data/data_original.bpmn,sid-DF0BF153-C7B8-47A6-9436-2217B6A02FB9,task,sid-91F2DA29-96C0-431D-B3F6-5E9C53B3EAB0,eventBasedGateway,
src/main/resources/data/synthesized/case2/data/data_original.bpmn,sid-91F2DA29-96C0-431D-B3F6-5E9C53B3EAB0,eventBasedGateway,sid-FF649B0C-30F0-4E43-9BEC-02E1B22AA554,intermediateCatchEvent,
src/main/resources/data/synthesized/case2/data/data_original.bpmn,sid-91F2DA29-96C0-431D-B3F6-5E9C53B3EAB0,eventBasedGateway,sid-8712EF38-01F5-4812-ACB7-8F0EF759F38C,intermediateCatchEvent,
src/main/resources/data/synthesized/case2/data/data_original.bpmn,sid-FF649B0C-30F0-4E43-9BEC-02E1B22AA554,intermediateCatchEvent,sid-E1B754B8-CD68-4BAD-A98D-0E1093BE66EF,exclusiveGateway,
src/main/resources/data/synthesized/case2/data/data_original.bpmn,sid-8712EF38-01F5-4812-ACB7-8F0EF759F38C,intermediateCatchEvent,sid-E1B754B8-CD68-4BAD-A98D-0E1093BE66EF,exclusiveGateway,
src/main/resources/data/synthesized/case2/data/data_original.bpmn,sid-E1B754B8-CD68-4BAD-A98D-0E1093BE66EF,exclusiveGateway,sid-01574AFD-EC38-403C-8733-445D2455CA33,endEvent,
src/main/resources/data/synthesized/case2/data/data_original.bpmn,sid-F9ECE62B-5298-4EFD-A35C-453E9DEBF1DA,exclusiveGateway,sid-7657E804-205F-446E-A919-FE7008355206,task,
src/main/resources/data/synthesized/case2/data/data_original.bpmn,sid-F9ECE62B-5298-4EFD-A35C-453E9DEBF1DA,exclusiveGateway,sid-257EB9F2-1203-4F54-8E2E-43FE6ABA096E,task,
src/main/resources/data/synthesized/case2/data/data_original.bpmn,sid-7657E804-205F-446E-A919-FE7008355206,task,sid-F305E07B-5093-44D6-85E7-A243FC6CFD54,exclusiveGateway,
src/main/resources/data/synthesized/case2/data/data_original.bpmn,sid-B41B5C8F-D1D5-4641-943B-DB396FD69D0B,task,sid-885F9233-8A3A-470C-90D9-FA7F483D69CA,task,
src/main/resources/data/synthesized/case2/data/data_original.bpmn,sid-885F9233-8A3A-470C-90D9-FA7F483D69CA,task,sid-F9ECE62B-5298-4EFD-A35C-453E9DEBF1DA,exclusiveGateway,
src/main/resources/data/synthesized/case2/data/data_original.bpmn,sid-D4F6E283-16FB-458A-830A-03336924C1D2,task,sid-AAB2EB07-C773-4B25-80B2-C5153B2F2AAA,exclusiveGateway,
src/main/resources/data/synthesized/case2/data/data_original.bpmn,sid-AAB2EB07-C773-4B25-80B2-C5153B2F2AAA,exclusiveGateway,sid-50620B60-4F01-4DFD-8EB8-BBCAAECE6026,task,
src/main/resources/data/synthesized/case2/data/data_original.bpmn,sid-50620B60-4F01-4DFD-8EB8-BBCAAECE6026,task,sid-EDA347BD-B66E-45E3-9F18-1782FC618F31,exclusiveGateway,
src/main/resources/data/synthesized/case2/data/data_original.bpmn,sid-EDA347BD-B66E-45E3-9F18-1782FC618F31,exclusiveGateway,sid-422C6AE3-ACB5-4801-B6D1-C2A5495EF03D,endEvent,
src/main/resources/data/synthesized/case2/data/data_original.bpmn,sid-B91C87CE-C2CD-4CEF-B652-B83414A123D7,startEvent,sid-B41B5C8F-D1D5-4641-943B-DB396FD69D0B,task,
src/main/resources/data/synthesized/case2/data/data_original.bpmn,sid-257EB9F2-1203-4F54-8E2E-43FE6ABA096E,task,sid-F305E07B-5093-44D6-85E7-A243FC6CFD54,exclusiveGateway,
src/main/resources/data/synthesized/case2/data/data_original.bpmn,sid-F305E07B-5093-44D6-85E7-A243FC6CFD54,exclusiveGateway,sid-D4F6E283-16FB-458A-830A-03336924C1D2,task,
src/main/resources/data/synthesized/case2/data/data_original.bpmn,sid-AAB2EB07-C773-4B25-80B2-C5153B2F2AAA,exclusiveGateway,sid-400B2392-557D-41E3-AD14-C95E3B135E45,task,
src/main/resources/data/synthesized/case2/data/data_original.bpmn,sid-400B2392-557D-41E3-AD14-C95E3B135E45,task,sid-EDA347BD-B66E-45E3-9F18-1782FC618F31,exclusiveGateway,
src/main/resources/data/synthesized/case2/data/data_transformed.bpmn,sid-321FA3C6-D9DF-46B4-85AC-4E9E7310BCC7,startEvent,sid-B11703D1-08C3-416B-8947-76CE10A27978,task,
src/main/resources/data/synthesized/case2/data/data_transformed.bpmn,sid-435C2233-B6DF-44D9-B7BF-36461549F53D,parallelGateway,sid-A3568080-F469-4D86-BB96-7A5C48342857,task,
src/main/resources/data/synthesized/case2/data/data_transformed.bpmn,sid-435C2233-B6DF-44D9-B7BF-36461549F53D,parallelGateway,sid-F6E821C8-4300-4AA0-B6D1-6BA5D15FA7DE,task,
src/main/resources/data/synthesized/case2/data/data_transformed.bpmn,sid-A3568080-F469-4D86-BB96-7A5C48342857,task,sid-EBFCC664-88E4-4A1C-98AB-4CDC6394D1C8,parallelGateway,
src/main/resources/data/synthesized/case2/data/data_transformed.bpmn,sid-F6E821C8-4300-4AA0-B6D1-6BA5D15FA7DE,task,sid-EBFCC664-88E4-4A1C-98AB-4CDC6394D1C8,parallelGateway,
src/main/resources/data/synthesized/case2/data/data_transformed.bpmn,sid-4C4748D1-DBC6-4155-91C8-F71F3796A768,task,sid-521803CC-D6CB-4D35-96B4-15506606ED69,exclusiveGateway,
src/main/resources/data/synthesized/case2/data/data_transformed.bpmn,sid-521803CC-D6CB-4D35-96B4-15506606ED69,exclusiveGateway,sid-435C2233-B6DF-44D9-B7BF-36461549F53D,parallelGateway,
src/main/resources/data/synthesized/case2/data/data_transformed.bpmn,sid-EBFCC664-88E4-4A1C-98AB-4CDC6394D1C8,parallelGateway,sid-11FBC760-4A87-41FD-8F9F-208E733E7D3C,exclusiveGateway,
src/main/resources/data/synthesized/case2/data/data_transformed.bpmn,sid-521803CC-D6CB-4D35-96B4-15506606ED69,exclusiveGateway,sid-11FBC760-4A87-41FD-8F9F-208E733E7D3C,exclusiveGateway,
src/main/resources/data/synthesized/case2/data/data_transformed.bpmn,sid-11FBC760-4A87-41FD-8F9F-208E733E7D3C,exclusiveGateway,sid-DF0BF153-C7B8-47A6-9436-2217B6A02FB9,task,
src/main/resources/data/synthesized/case2/data/data_transformed.bpmn,sid-DF0BF153-C7B8-47A6-9436-2217B6A02FB9,task,sid-91F2DA29-96C0-431D-B3F6-5E9C53B3EAB0,eventBasedGateway,
src/main/resources/data/synthesized/case2/data/data_transformed.bpmn,sid-91F2DA29-96C0-431D-B3F6-5E9C53B3EAB0,eventBasedGateway,sid-FF649B0C-30F0-4E43-9BEC-02E1B22AA554,intermediateCatchEvent,
src/main/resources/data/synthesized/case2/data/data_transformed.bpmn,sid-91F2DA29-96C0-431D-B3F6-5E9C53B3EAB0,eventBasedGateway,sid-8712EF38-01F5-4812-ACB7-8F0EF759F38C,intermediateCatchEvent,
src/main/resources/data/synthesized/case2/data/data_transformed.bpmn,sid-FF649B0C-30F0-4E43-9BEC-02E1B22AA554,intermediateCatchEvent,sid-E1B754B8-CD68-4BAD-A98D-0E1093BE66EF,exclusiveGateway,
src/main/resources/data/synthesized/case2/data/data_transformed.bpmn,sid-8712EF38-01F5-4812-ACB7-8F0EF759F38C,intermediateCatchEvent,sid-E1B754B8-CD68-4BAD-A98D-0E1093BE66EF,exclusiveGateway,
src/main/resources/data/synthesized/case2/data/data_transformed.bpmn,sid-E1B754B8-CD68-4BAD-A98D-0E1093BE66EF,exclusiveGateway,sid-01574AFD-EC38-403C-8733-445D2455CA33,endEvent,
src/main/resources/data/synthesized/case2/data/data_transformed.bpmn,sid-B11703D1-08C3-416B-8947-76CE10A27978,task,userTask_250336f0-928e-49cf-83e3-e26298663c8a,userTask,
src/main/resources/data/synthesized/case2/data/data_transformed.bpmn,userTask_250336f0-928e-49cf-83e3-e26298663c8a,userTask,sid-2A61C308-48B4-4C26-9CB3-D489A0BBC1E3,task,
src/main/resources/data/synthesized/case2/data/data_transformed.bpmn,sid-2A61C308-48B4-4C26-9CB3-D489A0BBC1E3,task,userTask_58703f8a-46aa-4630-acbd-a4da26754b48,userTask,
src/main/resources/data/synthesized/case2/data/data_transformed.bpmn,userTask_58703f8a-46aa-4630-acbd-a4da26754b48,userTask,userTask_deaf041e-6df1-4bb1-a225-b34c3221c68a,userTask,
src/main/resources/data/synthesized/case2/data/data_transformed.bpmn,userTask_deaf041e-6df1-4bb1-a225-b34c3221c68a,userTask,sid-4C4748D1-DBC6-4155-91C8-F71F3796A768,task,
src/main/resources/data/synthesized/case2/data/data_transformed.bpmn,sid-435C2233-B6DF-44D9-B7BF-36461549F53D,parallelGateway,userTask_55ef21b5-04b7-4b49-aee3-a56c545ea89f,userTask,
src/main/resources/data/synthesized/case2/data/data_transformed.bpmn,userTask_55ef21b5-04b7-4b49-aee3-a56c545ea89f,userTask,sid-EBFCC664-88E4-4A1C-98AB-4CDC6394D1C8,parallelGateway,
src/main/resources/data/synthesized/case2/data/data_transformed.bpmn,sid-435C2233-B6DF-44D9-B7BF-36461549F53D,parallelGateway,userTask_913cadb9-5655-4f28-a13b-83b4942492b5,userTask,
src/main/resources/data/synthesized/case2/data/data_transformed.bpmn,userTask_913cadb9-5655-4f28-a13b-83b4942492b5,userTask,sid-EBFCC664-88E4-4A1C-98AB-4CDC6394D1C8,parallelGateway,
src/main/resources/data/synthesized/case2/data/data_transformed.bpmn,sid-435C2233-B6DF-44D9-B7BF-36461549F53D,parallelGateway,userTask_15fd02bd-8dc9-4978-9e48-da03bdc2e206,userTask,
src/main/resources/data/synthesized/case2/data/data_transformed.bpmn,userTask_15fd02bd-8dc9-4978-9e48-da03bdc2e206,userTask,sid-EBFCC664-88E4-4A1C-98AB-4CDC6394D1C8,parallelGateway,
src/main/resources/data/synthesized/case2/data/data_transformed.bpmn,sid-F9ECE62B-5298-4EFD-A35C-453E9DEBF1DA,exclusiveGateway,sid-7657E804-205F-446E-A919-FE7008355206,task,
src/main/resources/data/synthesized/case2/data/data_transformed.bpmn,sid-F9ECE62B-5298-4EFD-A35C-453E9DEBF1DA,exclusiveGateway,sid-257EB9F2-1203-4F54-8E2E-43FE6ABA096E,task,
src/main/resources/data/synthesized/case2/data/data_transformed.bpmn,sid-7657E804-205F-446E-A919-FE7008355206,task,sid-F305E07B-5093-44D6-85E7-A243FC6CFD54,exclusiveGateway,
src/main/resources/data/synthesized/case2/data/data_transformed.bpmn,sid-B41B5C8F-D1D5-4641-943B-DB396FD69D0B,task,sid-885F9233-8A3A-470C-90D9-FA7F483D69CA,task,
src/main/resources/data/synthesized/case2/data/data_transformed.bpmn,sid-885F9233-8A3A-470C-90D9-FA7F483D69CA,task,sid-F9ECE62B-5298-4EFD-A35C-453E9DEBF1DA,exclusiveGateway,
src/main/resources/data/synthesized/case2/data/data_transformed.bpmn,sid-D4F6E283-16FB-458A-830A-03336924C1D2,task,sid-AAB2EB07-C773-4B25-80B2-C5153B2F2AAA,exclusiveGateway,
src/main/resources/data/synthesized/case2/data/data_transformed.bpmn,sid-AAB2EB07-C773-4B25-80B2-C5153B2F2AAA,exclusiveGateway,sid-50620B60-4F01-4DFD-8EB8-BBCAAECE6026,task,
src/main/resources/data/synthesized/case2/data/data_transformed.bpmn,sid-50620B60-4F01-4DFD-8EB8-BBCAAECE6026,task,sid-EDA347BD-B66E-45E3-9F18-1782FC618F31,exclusiveGateway,
src/main/resources/data/synthesized/case2/data/data_transformed.bpmn,sid-EDA347BD-B66E-45E3-9F18-1782FC618F31,exclusiveGateway,sid-422C6AE3-ACB5-4801-B6D1-C2A5495EF03D,endEvent,
src/main/resources/data/synthesized/case2/data/data_transformed.bpmn,sid-B91C87CE-C2CD-4CEF-B652-B83414A123D7,startEvent,sid-B41B5C8F-D1D5-4641-943B-DB396FD69D0B,task,
src/main/resources/data/synthesized/case2/data/data_transformed.bpmn,sid-257EB9F2-1203-4F54-8E2E-43FE6ABA096E,task,sid-F305E07B-5093-44D6-85E7-A243FC6CFD54,exclusiveGateway,
src/main/resources/data/synthesized/case2/data/data_transformed.bpmn,sid-F305E07B-5093-44D6-85E7-A243FC6CFD54,exclusiveGateway,sid-D4F6E283-16FB-458A-830A-03336924C1D2,task,
src/main/resources/data/synthesized/case2/data/data_transformed.bpmn,sid-AAB2EB07-C773-4B25-80B2-C5153B2F2AAA,exclusiveGateway,sid-400B2392-557D-41E3-AD14-C95E3B135E45,task,
src/main/resources/data/synthesized/case2/data/data_transformed.bpmn,sid-400B2392-557D-41E3-AD14-C95E3B135E45,task,sid-EDA347BD-B66E-45E3-9F18-1782FC618F31,exclusiveGateway,
src/main/resources/data/synthesized/case3/Cologne.bpmn,sid-321FA3C6-D9DF-46B4-85AC-4E9E7310BCC7,startEvent,sid-B11703D1-08C3-416B-8947-76CE10A27978,task,
src/main/resources/data/synthesized/case3/Cologne.bpmn,sid-B11703D1-08C3-416B-8947-76CE10A27978,task,sid-2A61C308-48B4-4C26-9CB3-D489A0BBC1E3,task,
src/main/resources/data/synthesized/case3/Cologne.bpmn,sid-2A61C308-48B4-4C26-9CB3-D489A0BBC1E3,task,sid-4C4748D1-DBC6-4155-91C8-F71F3796A768,task,
src/main/resources/data/synthesized/case3/Cologne.bpmn,sid-435C2233-B6DF-44D9-B7BF-36461549F53D,parallelGateway,sid-A3568080-F469-4D86-BB96-7A5C48342857,task,
src/main/resources/data/synthesized/case3/Cologne.bpmn,sid-435C2233-B6DF-44D9-B7BF-36461549F53D,parallelGateway,sid-F6E821C8-4300-4AA0-B6D1-6BA5D15FA7DE,task,
src/main/resources/data/synthesized/case3/Cologne.bpmn,sid-A3568080-F469-4D86-BB96-7A5C48342857,task,sid-EBFCC664-88E4-4A1C-98AB-4CDC6394D1C8,parallelGateway,
src/main/resources/data/synthesized/case3/Cologne.bpmn,sid-F6E821C8-4300-4AA0-B6D1-6BA5D15FA7DE,task,sid-EBFCC664-88E4-4A1C-98AB-4CDC6394D1C8,parallelGateway,
src/main/resources/data/synthesized/case3/Cologne.bpmn,sid-4C4748D1-DBC6-4155-91C8-F71F3796A768,task,sid-521803CC-D6CB-4D35-96B4-15506606ED69,exclusiveGateway,
src/main/resources/data/synthesized/case3/Cologne.bpmn,sid-521803CC-D6CB-4D35-96B4-15506606ED69,exclusiveGateway,sid-435C2233-B6DF-44D9-B7BF-36461549F53D,parallelGateway,
src/main/resources/data/synthesized/case3/Cologne.bpmn,sid-EBFCC664-88E4-4A1C-98AB-4CDC6394D1C8,parallelGateway,sid-11FBC760-4A87-41FD-8F9F-208E733E7D3C,exclusiveGateway,
src/main/resources/data/synthesized/case3/Cologne.bpmn,sid-521803CC-D6CB-4D35-96B4-15506606ED69,exclusiveGateway,sid-11FBC760-4A87-41FD-8F9F-208E733E7D3C,exclusiveGateway,
src/main/resources/data/synthesized/case3/Cologne.bpmn,sid-11FBC760-4A87-41FD-8F9F-208E733E7D3C,exclusiveGateway,sid-DF0BF153-C7B8-47A6-9436-2217B6A02FB9,task,
src/main/resources/data/synthesized/case3/Cologne.bpmn,sid-DF0BF153-C7B8-47A6-9436-2217B6A02FB9,task,sid-91F2DA29-96C0-431D-B3F6-5E9C53B3EAB0,eventBasedGateway,
src/main/resources/data/synthesized/case3/Cologne.bpmn,sid-91F2DA29-96C0-431D-B3F6-5E9C53B3EAB0,eventBasedGateway,sid-FF649B0C-30F0-4E43-9BEC-02E1B22AA554,intermediateCatchEvent,
src/main/resources/data/synthesized/case3/Cologne.bpmn,sid-91F2DA29-96C0-431D-B3F6-5E9C53B3EAB0,eventBasedGateway,sid-8712EF38-01F5-4812-ACB7-8F0EF759F38C,intermediateCatchEvent,
src/main/resources/data/synthesized/case3/Cologne.bpmn,sid-FF649B0C-30F0-4E43-9BEC-02E1B22AA554,intermediateCatchEvent,sid-E1B754B8-CD68-4BAD-A98D-0E1093BE66EF,exclusiveGateway,
src/main/resources/data/synthesized/case3/Cologne.bpmn,sid-8712EF38-01F5-4812-ACB7-8F0EF759F38C,intermediateCatchEvent,sid-E1B754B8-CD68-4BAD-A98D-0E1093BE66EF,exclusiveGateway,
src/main/resources/data/synthesized/case3/Cologne.bpmn,sid-E1B754B8-CD68-4BAD-A98D-0E1093BE66EF,exclusiveGateway,sid-01574AFD-EC38-403C-8733-445D2455CA33,endEvent,
src/main/resources/data/synthesized/case3/Cologne.bpmn,sid-F9ECE62B-5298-4EFD-A35C-453E9DEBF1DA,exclusiveGateway,sid-7657E804-205F-446E-A919-FE7008355206,task,
src/main/resources/data/synthesized/case3/Cologne.bpmn,sid-F9ECE62B-5298-4EFD-A35C-453E9DEBF1DA,exclusiveGateway,sid-257EB9F2-1203-4F54-8E2E-43FE6ABA096E,task,
src/main/resources/data/synthesized/case3/Cologne.bpmn,sid-7657E804-205F-446E-A919-FE7008355206,task,sid-F305E07B-5093-44D6-85E7-A243FC6CFD54,exclusiveGateway,
src/main/resources/data/synthesized/case3/Cologne.bpmn,sid-B41B5C8F-D1D5-4641-943B-DB396FD69D0B,task,sid-885F9233-8A3A-470C-90D9-FA7F483D69CA,task,
src/main/resources/data/synthesized/case3/Cologne.bpmn,sid-885F9233-8A3A-470C-90D9-FA7F483D69CA,task,sid-F9ECE62B-5298-4EFD-A35C-453E9DEBF1DA,exclusiveGateway,
src/main/resources/data/synthesized/case3/Cologne.bpmn,sid-D4F6E283-16FB-458A-830A-03336924C1D2,task,sid-AAB2EB07-C773-4B25-80B2-C5153B2F2AAA,exclusiveGateway,
src/main/resources/data/synthesized/case3/Cologne.bpmn,sid-AAB2EB07-C773-4B25-80B2-C5153B2F2AAA,exclusiveGateway,sid-50620B60-4F01-4DFD-8EB8-BBCAAECE6026,task,
src/main/resources/data/synthesized/case3/Cologne.bpmn,sid-50620B60-4F01-4DFD-8EB8-BBCAAECE6026,task,sid-EDA347BD-B66E-45E3-9F18-1782FC618F31,exclusiveGateway,
src/main/resources/data/synthesized/case3/Cologne.bpmn,sid-EDA347BD-B66E-45E3-9F18-1782FC618F31,exclusiveGateway,sid-422C6AE3-ACB5-4801-B6D1-C2A5495EF03D,endEvent,
src/main/resources/data/synthesized/case3/Cologne.bpmn,sid-B91C87CE-C2CD-4CEF-B652-B83414A123D7,startEvent,sid-B41B5C8F-D1D5-4641-943B-DB396FD69D0B,task,
src/main/resources/data/synthesized/case3/Cologne.bpmn,sid-257EB9F2-1203-4F54-8E2E-43FE6ABA096E,task,sid-F305E07B-5093-44D6-85E7-A243FC6CFD54,exclusiveGateway,
src/main/resources/data/synthesized/case3/Cologne.bpmn,sid-F305E07B-5093-44D6-85E7-A243FC6CFD54,exclusiveGateway,sid-D4F6E283-16FB-458A-830A-03336924C1D2,task,
src/main/resources/data/synthesized/case3/Cologne.bpmn,sid-AAB2EB07-C773-4B25-80B2-C5153B2F2AAA,exclusiveGateway,sid-400B2392-557D-41E3-AD14-C95E3B135E45,task,
src/main/resources/data/synthesized/case3/Cologne.bpmn,sid-400B2392-557D-41E3-AD14-C95E3B135E45,task,sid-EDA347BD-B66E-45E3-9F18-1782FC618F31,exclusiveGateway,
src/main/resources/data/synthesized/case3/data/data_original.bpmn,sid-321FA3C6-D9DF-46B4-85AC-4E9E7310BCC7,startEvent,sid-B11703D1-08C3-416B-8947-76CE10A27978,task,
src/main/resources/data/synthesized/case3/data/data_original.bpmn,sid-B11703D1-08C3-416B-8947-76CE10A27978,task,sid-2A61C308-48B4-4C26-9CB3-D489A0BBC1E3,task,
src/main/resources/data/synthesized/case3/data/data_original.bpmn,sid-2A61C308-48B4-4C26-9CB3-D489A0BBC1E3,task,sid-4C4748D1-DBC6-4155-91C8-F71F3796A768,task,
src/main/resources/data/synthesized/case3/data/data_original.bpmn,sid-435C2233-B6DF-44D9-B7BF-36461549F53D,parallelGateway,sid-A3568080-F469-4D86-BB96-7A5C48342857,task,
src/main/resources/data/synthesized/case3/data/data_original.bpmn,sid-435C2233-B6DF-44D9-B7BF-36461549F53D,parallelGateway,sid-F6E821C8-4300-4AA0-B6D1-6BA5D15FA7DE,task,
src/main/resources/data/synthesized/case3/data/data_original.bpmn,sid-A3568080-F469-4D86-BB96-7A5C48342857,task,sid-EBFCC664-88E4-4A1C-98AB-4CDC6394D1C8,parallelGateway,
src/main/resources/data/synthesized/case3/data/data_original.bpmn,sid-F6E821C8-4300-4AA0-B6D1-6BA5D15FA7DE,task,sid-EBFCC664-88E4-4A1C-98AB-4CDC6394D1C8,parallelGateway,
src/main/resources/data/synthesized/case3/data/data_original.bpmn,sid-4C4748D1-DBC6-4155-91C8-F71F3796A768,task,sid-521803CC-D6CB-4D35-96B4-15506606ED69,exclusiveGateway,
src/main/resources/data/synthesized/case3/data/data_original.bpmn,sid-521803CC-D6CB-4D35-96B4-15506606ED69,exclusiveGateway,sid-435C2233-B6DF-44D9-B7BF-36461549F53D,parallelGateway,
src/main/resources/data/synthesized/case3/data/data_original.bpmn,sid-EBFCC664-88E4-4A1C-98AB-4CDC6394D1C8,parallelGateway,sid-11FBC760-4A87-41FD-8F9F-208E733E7D3C,exclusiveGateway,
src/main/resources/data/synthesized/case3/data/data_original.bpmn,sid-521803CC-D6CB-4D35-96B4-15506606ED69,exclusiveGateway,sid-11FBC760-4A87-41FD-8F9F-208E733E7D3C,exclusiveGateway,
src/main/resources/data/synthesized/case3/data/data_original.bpmn,sid-11FBC760-4A87-41FD-8F9F-208E733E7D3C,exclusiveGateway,sid-DF0BF153-C7B8-47A6-9436-2217B6A02FB9,task,
src/main/resources/data/synthesized/case3/data/data_original.bpmn,sid-DF0BF153-C7B8-47A6-9436-2217B6A02FB9,task,sid-91F2DA29-96C0-431D-B3F6-5E9C53B3EAB0,eventBasedGateway,
src/main/resources/data/synthesized/case3/data/data_original.bpmn,sid-91F2DA29-96C0-431D-B3F6-5E9C53B3EAB0,eventBasedGateway,sid-FF649B0C-30F0-4E43-9BEC-02E1B22AA554,intermediateCatchEvent,
src/main/resources/data/synthesized/case3/data/data_original.bpmn,sid-91F2DA29-96C0-431D-B3F6-5E9C53B3EAB0,eventBasedGateway,sid-8712EF38-01F5-4812-ACB7-8F0EF759F38C,intermediateCatchEvent,
src/main/resources/data/synthesized/case3/data/data_original.bpmn,sid-FF649B0C-30F0-4E43-9BEC-02E1B22AA554,intermediateCatchEvent,sid-E1B754B8-CD68-4BAD-A98D-0E1093BE66EF,exclusiveGateway,
src/main/resources/data/synthesized/case3/data/data_original.bpmn,sid-8712EF38-01F5-4812-ACB7-8F0EF759F38C,intermediateCatchEvent,sid-E1B754B8-CD68-4BAD-A98D-0E1093BE66EF,exclusiveGateway,
src/main/resources/data/synthesized/case3/data/data_original.bpmn,sid-E1B754B8-CD68-4BAD-A98D-0E1093BE66EF,exclusiveGateway,sid-01574AFD-EC38-403C-8733-445D2455CA33,endEvent,
src/main/resources/data/synthesized/case3/data/data_original.bpmn,sid-F9ECE62B-5298-4EFD-A35C-453E9DEBF1DA,exclusiveGateway,sid-7657E804-205F-446E-A919-FE7008355206,task,
src/main/resources/data/synthesized/case3/data/data_original.bpmn,sid-F9ECE62B-5298-4EFD-A35C-453E9DEBF1DA,exclusiveGateway,sid-257EB9F2-1203-4F54-8E2E-43FE6ABA096E,task,
src/main/resources/data/synthesized/case3/data/data_original.bpmn,sid-7657E804-205F-446E-A919-FE7008355206,task,sid-F305E07B-5093-44D6-85E7-A243FC6CFD54,exclusiveGateway,
src/main/resources/data/synthesized/case3/data/data_original.bpmn,sid-B41B5C8F-D1D5-4641-943B-DB396FD69D0B,task,sid-885F9233-8A3A-470C-90D9-FA7F483D69CA,task,
src/main/resources/data/synthesized/case3/data/data_original.bpmn,sid-885F9233-8A3A-470C-90D9-FA7F483D69CA,task,sid-F9ECE62B-5298-4EFD-A35C-453E9DEBF1DA,exclusiveGateway,
src/main/resources/data/synthesized/case3/data/data_original.bpmn,sid-D4F6E283-16FB-458A-830A-03336924C1D2,task,sid-AAB2EB07-C773-4B25-80B2-C5153B2F2AAA,exclusiveGateway,
src/main/resources/data/synthesized/case3/data/data_original.bpmn,sid-AAB2EB07-C773-4B25-80B2-C5153B2F2AAA,exclusiveGateway,sid-50620B60-4F01-4DFD-8EB8-BBCAAECE6026,task,
src/main/resources/data/synthesized/case3/data/data_original.bpmn,sid-50620B60-4F01-4DFD-8EB8-BBCAAECE6026,task,sid-EDA347BD-B66E-45E3-9F18-1782FC618F31,exclusiveGateway,
src/main/resources/data/synthesized/case3/data/data_original.bpmn,sid-EDA347BD-B66E-45E3-9F18-1782FC618F31,exclusiveGateway,sid-422C6AE3-ACB5-4801-B6D1-C2A5495EF03D,endEvent,
src/main/resources/data/synthesized/case3/data/data_original.bpmn,sid-B91C87CE-C2CD-4CEF-B652-B83414A123D7,startEvent,sid-B41B5C8F-D1D5-4641-943B-DB396FD69D0B,task,
src/main/resources/data/synthesized/case3/data/data_original.bpmn,sid-257EB9F2-1203-4F54-8E2E-43FE6ABA096E,task,sid-F305E07B-5093-44D6-85E7-A243FC6CFD54,exclusiveGateway,
src/main/resources/data/synthesized/case3/data/data_original.bpmn,sid-F305E07B-5093-44D6-85E7-A243FC6CFD54,exclusiveGateway,sid-D4F6E283-16FB-458A-830A-03336924C1D2,task,
src/main/resources/data/synthesized/case3/data/data_original.bpmn,sid-AAB2EB07-C773-4B25-80B2-C5153B2F2AAA,exclusiveGateway,sid-400B2392-557D-41E3-AD14-C95E3B135E45,task,
src/main/resources/data/synthesized/case3/data/data_original.bpmn,sid-400B2392-557D-41E3-AD14-C95E3B135E45,task,sid-EDA347BD-B66E-45E3-9F18-1782FC618F31,exclusiveGateway,
src/main/resources/data/synthesized/case3/data/data_transformed.bpmn,sid-B11703D1-08C3-416B-8947-76CE10A27978,task,sid-321FA3C6-D9DF-46B4-85AC-4E9E7310BCC7,startEvent,
src/main/resources/data/synthesized/case3/data/data_transformed.bpmn,sid-2A61C308-48B4-4C26-9CB3-D489A0BBC1E3,task,sid-B11703D1-08C3-416B-8947-76CE10A27978,task,
src/main/resources/data/synthesized/case3/data/data_transformed.bpmn,sid-4C4748D1-DBC6-4155-91C8-F71F3796A768,task,sid-2A61C308-48B4-4C26-9CB3-D489A0BBC1E3,task,
src/main/resources/data/synthesized/case3/data/data_transformed.bpmn,sid-A3568080-F469-4D86-BB96-7A5C48342857,task,sid-435C2233-B6DF-44D9-B7BF-36461549F53D,parallelGateway,
src/main/resources/data/synthesized/case3/data/data_transformed.bpmn,sid-F6E821C8-4300-4AA0-B6D1-6BA5D15FA7DE,task,sid-435C2233-B6DF-44D9-B7BF-36461549F53D,parallelGateway,
src/main/resources/data/synthesized/case3/data/data_transformed.bpmn,sid-EBFCC664-88E4-4A1C-98AB-4CDC6394D1C8,parallelGateway,sid-A3568080-F469-4D86-BB96-7A5C48342857,task,
src/main/resources/data/synthesized/case3/data/data_transformed.bpmn,sid-EBFCC664-88E4-4A1C-98AB-4CDC6394D1C8,parallelGateway,sid-F6E821C8-4300-4AA0-B6D1-6BA5D15FA7DE,task,
src/main/resources/data/synthesized/case3/data/data_transformed.bpmn,sid-521803CC-D6CB-4D35-96B4-15506606ED69,exclusiveGateway,sid-4C4748D1-DBC6-4155-91C8-F71F3796A768,task,
src/main/resources/data/synthesized/case3/data/data_transformed.bpmn,sid-435C2233-B6DF-44D9-B7BF-36461549F53D,parallelGateway,sid-521803CC-D6CB-4D35-96B4-15506606ED69,exclusiveGateway,
src/main/resources/data/synthesized/case3/data/data_transformed.bpmn,sid-11FBC760-4A87-41FD-8F9F-208E733E7D3C,exclusiveGateway,sid-EBFCC664-88E4-4A1C-98AB-4CDC6394D1C8,parallelGateway,
src/main/resources/data/synthesized/case3/data/data_transformed.bpmn,sid-11FBC760-4A87-41FD-8F9F-208E733E7D3C,exclusiveGateway,sid-521803CC-D6CB-4D35-96B4-15506606ED69,exclusiveGateway,
src/main/resources/data/synthesized/case3/data/data_transformed.bpmn,sid-DF0BF153-C7B8-47A6-9436-2217B6A02FB9,task,sid-11FBC760-4A87-41FD-8F9F-208E733E7D3C,exclusiveGateway,
src/main/resources/data/synthesized/case3/data/data_transformed.bpmn,sid-91F2DA29-96C0-431D-B3F6-5E9C53B3EAB0,eventBasedGateway,sid-DF0BF153-C7B8-47A6-9436-2217B6A02FB9,task,
src/main/resources/data/synthesized/case3/data/data_transformed.bpmn,sid-FF649B0C-30F0-4E43-9BEC-02E1B22AA554,intermediateCatchEvent,sid-91F2DA29-96C0-431D-B3F6-5E9C53B3EAB0,eventBasedGateway,
src/main/resources/data/synthesized/case3/data/data_transformed.bpmn,sid-8712EF38-01F5-4812-ACB7-8F0EF759F38C,intermediateCatchEvent,sid-91F2DA29-96C0-431D-B3F6-5E9C53B3EAB0,eventBasedGateway,
src/main/resources/data/synthesized/case3/data/data_transformed.bpmn,sid-E1B754B8-CD68-4BAD-A98D-0E1093BE66EF,exclusiveGateway,sid-FF649B0C-30F0-4E43-9BEC-02E1B22AA554,intermediateCatchEvent,
src/main/resources/data/synthesized/case3/data/data_transformed.bpmn,sid-E1B754B8-CD68-4BAD-A98D-0E1093BE66EF,exclusiveGateway,sid-8712EF38-01F5-4812-ACB7-8F0EF759F38C,intermediateCatchEvent,
src/main/resources/data/synthesized/case3/data/data_transformed.bpmn,sid-01574AFD-EC38-403C-8733-445D2455CA33,endEvent,sid-E1B754B8-CD68-4BAD-A98D-0E1093BE66EF,exclusiveGateway,
src/main/resources/data/synthesized/case3/data/data_transformed.bpmn,sid-7657E804-205F-446E-A919-FE7008355206,task,sid-F9ECE62B-5298-4EFD-A35C-453E9DEBF1DA,exclusiveGateway,
src/main/resources/data/synthesized/case3/data/data_transformed.bpmn,sid-257EB9F2-1203-4F54-8E2E-43FE6ABA096E,task,sid-F9ECE62B-5298-4EFD-A35C-453E9DEBF1DA,exclusiveGateway,
src/main/resources/data/synthesized/case3/data/data_transformed.bpmn,sid-F305E07B-5093-44D6-85E7-A243FC6CFD54,exclusiveGateway,sid-7657E804-205F-446E-A919-FE7008355206,task,
src/main/resources/data/synthesized/case3/data/data_transformed.bpmn,sid-885F9233-8A3A-470C-90D9-FA7F483D69CA,task,sid-B41B5C8F-D1D5-4641-943B-DB396FD69D0B,task,
src/main/resources/data/synthesized/case3/data/data_transformed.bpmn,sid-F9ECE62B-5298-4EFD-A35C-453E9DEBF1DA,exclusiveGateway,sid-885F9233-8A3A-470C-90D9-FA7F483D69CA,task,
src/main/resources/data/synthesized/case3/data/data_transformed.bpmn,sid-AAB2EB07-C773-4B25-80B2-C5153B2F2AAA,exclusiveGateway,sid-D4F6E283-16FB-458A-830A-03336924C1D2,task,
src/main/resources/data/synthesized/case3/data/data_transformed.bpmn,sid-50620B60-4F01-4DFD-8EB8-BBCAAECE6026,task,sid-AAB2EB07-C773-4B25-80B2-C5153B2F2AAA,exclusiveGateway,
src/main/resources/data/synthesized/case3/data/data_transformed.bpmn,sid-EDA347BD-B66E-45E3-9F18-1782FC618F31,exclusiveGateway,sid-50620B60-4F01-4DFD-8EB8-BBCAAECE6026,task,
src/main/resources/data/synthesized/case3/data/data_transformed.bpmn,sid-B91C87CE-C2CD-4CEF-B652-B83414A123D7,startEvent,sid-EDA347BD-B66E-45E3-9F18-1782FC618F31,exclusiveGateway,
src/main/resources/data/synthesized/case3/data/data_transformed.bpmn,sid-B41B5C8F-D1D5-4641-943B-DB396FD69D0B,task,sid-422C6AE3-ACB5-4801-B6D1-C2A5495EF03D,endEvent,
src/main/resources/data/synthesized/case3/data/data_transformed.bpmn,sid-F305E07B-5093-44D6-85E7-A243FC6CFD54,exclusiveGateway,sid-257EB9F2-1203-4F54-8E2E-43FE6ABA096E,task,
src/main/resources/data/synthesized/case3/data/data_transformed.bpmn,sid-D4F6E283-16FB-458A-830A-03336924C1D2,task,sid-F305E07B-5093-44D6-85E7-A243FC6CFD54,exclusiveGateway,
src/main/resources/data/synthesized/case3/data/data_transformed.bpmn,sid-400B2392-557D-41E3-AD14-C95E3B135E45,task,sid-AAB2EB07-C773-4B25-80B2-C5153B2F2AAA,exclusiveGateway,
src/main/resources/data/synthesized/case3/data/data_transformed.bpmn,sid-EDA347BD-B66E-45E3-9F18-1782FC618F31,exclusiveGateway,sid-400B2392-557D-41E3-AD14-C95E3B135E45,task,
src/main/resources/data/dataset2/models/birthCertificate_p246.pnml,t20,transition,p19,place,
src/main/resources/data/dataset2/models/birthCertificate_p246.pnml,t17,transition,p19,place,
src/main/resources/data/dataset2/models/birthCertificate_p246.pnml,p18,place,t20,transition,
src/main/resources/data/dataset2/models/birthCertificate_p246.pnml,p8,place,t11,transition,
src/main/resources/data/dataset2/models/birthCertificate_p246.pnml,t4,transition,p5,place,
src/main/resources/data/dataset2/models/birthCertificate_p246.pnml,p7,place,t9,transition,
src/main/resources/data/dataset2/models/birthCertificate_p246.pnml,t9,transition,p8,place,
src/main/resources/data/dataset2/models/birthCertificate_p246.pnml,p6,place,t8,transition,
src/main/resources/data/dataset2/models/birthCertificate_p246.pnml,t8,transition,p7,place,
src/main/resources/data/dataset2/models/birthCertificate_p246.pnml,p5,place,t7,transition,
src/main/resources/data/dataset2/models/birthCertificate_p246.pnml,t7,transition,p6,place,
src/main/resources/data/dataset2/models/birthCertificate_p246.pnml,p5,place,t6,transition,
src/main/resources/data/dataset2/models/birthCertificate_p246.pnml,t5,transition,p5,place,
src/main/resources/data/dataset2/models/birthCertificate_p246.pnml,p15,place,t18,transition,
src/main/resources/data/dataset2/models/birthCertificate_p246.pnml,p1,place,t1,transition,
src/main/resources/data/dataset2/models/birthCertificate_p246.pnml,t15,transition,p15,place,
src/main/resources/data/dataset2/models/birthCertificate_p246.pnml,t1,transition,p2,place,
src/main/resources/data/dataset2/models/birthCertificate_p246.pnml,p2,place,t2,transition,
src/main/resources/data/dataset2/models/birthCertificate_p246.pnml,p14,place,t17,transition,
src/main/resources/data/dataset2/models/birthCertificate_p246.pnml,p14,place,t16,transition,
src/main/resources/data/dataset2/models/birthCertificate_p246.pnml,p2,place,t3,transition,
src/main/resources/data/dataset2/models/birthCertificate_p246.pnml,t19,transition,p18,place,
src/main/resources/data/dataset2/models/birthCertificate_p246.pnml,t3,transition,p3,place,
src/main/resources/data/dataset2/models/birthCertificate_p246.pnml,p3,place,t4,transition,
src/main/resources/data/dataset2/models/birthCertificate_p246.pnml,p16,place,t19,transition,
src/main/resources/data/dataset2/models/birthCertificate_p246.pnml,p3,place,t5,transition,
src/main/resources/data/dataset2/models/birthCertificate_p246.pnml,t18,transition,p16,place,
src/main/resources/data/dataset2/models/birthCertificate_p246.pnml,p8,place,t10,transition,
src/main/resources/data/dataset2/models/birthCertificate_p246.pnml,p14,place,t15,transition,
src/main/resources/data/dataset2/models/birthCertificate_p246.pnml,t14,transition,p14,place,
src/main/resources/data/dataset2/models/birthCertificate_p246.pnml,t13,transition,p11,place,
src/main/resources/data/dataset2/models/birthCertificate_p246.pnml,t12,transition,p13,place,
src/main/resources/data/dataset2/models/birthCertificate_p246.pnml,p11,place,t12,transition,
src/main/resources/data/dataset2/models/birthCertificate_p246.pnml,t10,transition,p10,place,
src/main/resources/data/dataset2/models/birthCertificate_p246.pnml,t11,transition,p10,place,
src/main/resources/data/dataset2/models/birthCertificate_p246.pnml,p10,place,t13,transition,
src/main/resources/data/dataset2/models/birthCertificate_p246.pnml,t21,transition,p20,place,
src/main/resources/data/dataset2/models/birthCertificate_p246.pnml,p19,place,t21,transition,
src/main/resources/data/dataset2/models/birthCertificate_p246.pnml,p20,place,t22,transition,
src/main/resources/data/dataset2/models/birthCertificate_p246.pnml,t16,transition,p20,place,
src/main/resources/data/dataset2/models/birthCertificate_p246.pnml,p13,place,t14,transition,
src/main/resources/data/dataset2/models/birthCertificate_p246.pnml,t6,transition,p17,place,
src/main/resources/data/dataset2/models/birthCertificate_p246.pnml,t22,transition,p17,place,
src/main/resources/data/dataset2/models/birthCertificate_p246.pnml,t2,transition,p17,place,
src/main/resources/data/dataset2/models/birthCertificate_p247.pnml,t30,transition,p28,place,
src/main/resources/data/dataset2/models/birthCertificate_p247.pnml,p28,place,t31,transition,
src/main/resources/data/dataset2/models/birthCertificate_p247.pnml,p26,place,t30,transition,
src/main/resources/data/dataset2/models/birthCertificate_p247.pnml,p20,place,t22,transition,
src/main/resources/data/dataset2/models/birthCertificate_p247.pnml,p10,place,t9,transition,
src/main/resources/data/dataset2/models/birthCertificate_p247.pnml,t7,transition,p10,place,
src/main/resources/data/dataset2/models/birthCertificate_p247.pnml,t2,transition,p15,place,
src/main/resources/data/dataset2/models/birthCertificate_p247.pnml,t19,transition,p15,place,
src/main/resources/data/dataset2/models/birthCertificate_p247.pnml,t6,transition,p7,place,
src/main/resources/data/dataset2/models/birthCertificate_p247.pnml,p7,place,t7,transition,
src/main/resources/data/dataset2/models/birthCertificate_p247.pnml,p5,place,t6,transition,
src/main/resources/data/dataset2/models/birthCertificate_p247.pnml,t8,transition,p15,place,
src/main/resources/data/dataset2/models/birthCertificate_p247.pnml,p26,place,t29,transition,
src/main/resources/data/dataset2/models/birthCertificate_p247.pnml,t28,transition,p26,place,
src/main/resources/data/dataset2/models/birthCertificate_p247.pnml,p25,place,t28,transition,
src/main/resources/data/dataset2/models/birthCertificate_p247.pnml,t27,transition,p25,place,
src/main/resources/data/dataset2/models/birthCertificate_p247.pnml,p24,place,t27,transition,
src/main/resources/data/dataset2/models/birthCertificate_p247.pnml,t9,transition,p11,place,
src/main/resources/data/dataset2/models/birthCertificate_p247.pnml,t25,transition,p24,place,
src/main/resources/data/dataset2/models/birthCertificate_p247.pnml,t33,transition,p8,place,
src/main/resources/data/dataset2/models/birthCertificate_p247.pnml,t4,transition,p8,place,
src/main/resources/data/dataset2/models/birthCertificate_p247.pnml,t17,transition,p14,place,
src/main/resources/data/dataset2/models/birthCertificate_p247.pnml,p13,place,t17,transition,
src/main/resources/data/dataset2/models/birthCertificate_p247.pnml,p11,place,t15,transition,
src/main/resources/data/dataset2/models/birthCertificate_p247.pnml,t15,transition,p12,place,
src/main/resources/data/dataset2/models/birthCertificate_p247.pnml,p12,place,t16,transition,
src/main/resources/data/dataset2/models/birthCertificate_p247.pnml,p10,place,t10,transition,
src/main/resources/data/dataset2/models/birthCertificate_p247.pnml,t10,transition,p11,place,
src/main/resources/data/dataset2/models/birthCertificate_p247.pnml,p24,place,t26,transition,
src/main/resources/data/dataset2/models/birthCertificate_p247.pnml,p30,place,t33,transition,
src/main/resources/data/dataset2/models/birthCertificate_p247.pnml,p5,place,t34,transition,
src/main/resources/data/dataset2/models/birthCertificate_p247.pnml,t26,transition,p29,place,
src/main/resources/data/dataset2/models/birthCertificate_p247.pnml,t16,transition,p13,place,
src/main/resources/data/dataset2/models/birthCertificate_p247.pnml,t31,transition,p29,place,
src/main/resources/data/dataset2/models/birthCertificate_p247.pnml,t32,transition,p30,place,
src/main/resources/data/dataset2/models/birthCertificate_p247.pnml,p29,place,t32,transition,
src/main/resources/data/dataset2/models/birthCertificate_p247.pnml,t20,transition,p18,place,
src/main/resources/data/dataset2/models/birthCertificate_p247.pnml,p18,place,t21,transition,
src/main/resources/data/dataset2/models/birthCertificate_p247.pnml,p17,place,t20,transition,
src/main/resources/data/dataset2/models/birthCertificate_p247.pnml,t5,transition,p5,place,
src/main/resources/data/dataset2/models/birthCertificate_p247.pnml,p1,place,t1,transition,
src/main/resources/data/dataset2/models/birthCertificate_p247.pnml,p13,place,t19,transition,
src/main/resources/data/dataset2/models/birthCertificate_p247.pnml,t1,transition,p2,place,
src/main/resources/data/dataset2/models/birthCertificate_p247.pnml,p15,place,t13,transition,
src/main/resources/data/dataset2/models/birthCertificate_p247.pnml,p14,place,t2,transition,
src/main/resources/data/dataset2/models/birthCertificate_p247.pnml,t18,transition,p15,place,
src/main/resources/data/dataset2/models/birthCertificate_p247.pnml,p2,place,t3,transition,
src/main/resources/data/dataset2/models/birthCertificate_p247.pnml,p14,place,t18,transition,
src/main/resources/data/dataset2/models/birthCertificate_p247.pnml,t3,transition,p3,place,
src/main/resources/data/dataset2/models/birthCertificate_p247.pnml,t13,transition,p17,place,
src/main/resources/data/dataset2/models/birthCertificate_p247.pnml,p3,place,t4,transition,
src/main/resources/data/dataset2/models/birthCertificate_p247.pnml,p12,place,t8,transition,
src/main/resources/data/dataset2/models/birthCertificate_p247.pnml,p3,place,t5,transition,
src/main/resources/data/dataset2/models/birthCertificate_p247.pnml,t34,transition,p7,place,
src/main/resources/data/dataset2/models/birthCertificate_p247.pnml,t24,transition,p22,place,
src/main/resources/data/dataset2/models/birthCertificate_p247.pnml,p22,place,t25,transition,
src/main/resources/data/dataset2/models/birthCertificate_p247.pnml,t29,transition,p25,place,
src/main/resources/data/dataset2/models/birthCertificate_p247.pnml,t21,transition,p20,place,
src/main/resources/data/dataset2/models/birthCertificate_p247.pnml,t22,transition,p18,place,
src/main/resources/data/dataset2/models/birthCertificate_p247.pnml,t23,transition,p21,place,
src/main/resources/data/dataset2/models/birthCertificate_p247.pnml,p20,place,t23,transition,
src/main/resources/data/dataset2/models/birthCertificate_p247.pnml,p21,place,t24,transition,
src/main/resources/data/dataset2/models/birthCertificate_p248.pnml,t9,transition,p5,place,
src/main/resources/data/dataset2/models/birthCertificate_p248.pnml,t6,transition,p7,place,
src/main/resources/data/dataset2/models/birthCertificate_p248.pnml,t8,transition,p5,place,
src/main/resources/data/dataset2/models/birthCertificate_p248.pnml,p6,place,t9,transition,
src/main/resources/data/dataset2/models/birthCertificate_p248.pnml,t7,transition,p6,place,
src/main/resources/data/dataset2/models/birthCertificate_p248.pnml,p6,place,t8,transition,
src/main/resources/data/dataset2/models/birthCertificate_p248.pnml,t5,transition,p5,place,
src/main/resources/data/dataset2/models/birthCertificate_p248.pnml,p4,place,t7,transition,
src/main/resources/data/dataset2/models/birthCertificate_p248.pnml,t26,transition,p8,place,
src/main/resources/data/dataset2/models/birthCertificate_p248.pnml,p7,place,t10,transition,
src/main/resources/data/dataset2/models/birthCertificate_p248.pnml,p22,place,t26,transition,
src/main/resources/data/dataset2/models/birthCertificate_p248.pnml,t4,transition,p8,place,
src/main/resources/data/dataset2/models/birthCertificate_p248.pnml,t14,transition,p14,place,
src/main/resources/data/dataset2/models/birthCertificate_p248.pnml,p13,place,t14,transition,
src/main/resources/data/dataset2/models/birthCertificate_p248.pnml,p11,place,t12,transition,
src/main/resources/data/dataset2/models/birthCertificate_p248.pnml,t11,transition,p12,place,
src/main/resources/data/dataset2/models/birthCertificate_p248.pnml,t12,transition,p12,place,
src/main/resources/data/dataset2/models/birthCertificate_p248.pnml,p12,place,t13,transition,
src/main/resources/data/dataset2/models/birthCertificate_p248.pnml,t10,transition,p11,place,
src/main/resources/data/dataset2/models/birthCertificate_p248.pnml,p11,place,t11,transition,
src/main/resources/data/dataset2/models/birthCertificate_p248.pnml,t13,transition,p13,place,
src/main/resources/data/dataset2/models/birthCertificate_p248.pnml,t19,transition,p17,place,
src/main/resources/data/dataset2/models/birthCertificate_p248.pnml,p18,place,t20,transition,
src/main/resources/data/dataset2/models/birthCertificate_p248.pnml,p18,place,t19,transition,
src/main/resources/data/dataset2/models/birthCertificate_p248.pnml,p5,place,t6,transition,
src/main/resources/data/dataset2/models/birthCertificate_p248.pnml,t16,transition,p15,place,
src/main/resources/data/dataset2/models/birthCertificate_p248.pnml,p1,place,t1,transition,
src/main/resources/data/dataset2/models/birthCertificate_p248.pnml,p14,place,t16,transition,
src/main/resources/data/dataset2/models/birthCertificate_p248.pnml,t1,transition,p2,place,
src/main/resources/data/dataset2/models/birthCertificate_p248.pnml,t15,transition,p13,place,
src/main/resources/data/dataset2/models/birthCertificate_p248.pnml,p3,place,t2,transition,
src/main/resources/data/dataset2/models/birthCertificate_p248.pnml,p14,place,t15,transition,
src/main/resources/data/dataset2/models/birthCertificate_p248.pnml,p2,place,t3,transition,
src/main/resources/data/dataset2/models/birthCertificate_p248.pnml,t18,transition,p18,place,
src/main/resources/data/dataset2/models/birthCertificate_p248.pnml,t3,transition,p3,place,
src/main/resources/data/dataset2/models/birthCertificate_p248.pnml,p16,place,t18,transition,
src/main/resources/data/dataset2/models/birthCertificate_p248.pnml,p3,place,t4,transition,
src/main/resources/data/dataset2/models/birthCertificate_p248.pnml,t17,transition,p16,place,
src/main/resources/data/dataset2/models/birthCertificate_p248.pnml,t2,transition,p4,place,
src/main/resources/data/dataset2/models/birthCertificate_p248.pnml,p15,place,t17,transition,
src/main/resources/data/dataset2/models/birthCertificate_p248.pnml,p4,place,t5,transition,
src/main/resources/data/dataset2/models/birthCertificate_p248.pnml,p21,place,t24,transition,
src/main/resources/data/dataset2/models/birthCertificate_p248.pnml,t24,transition,p17,place,
src/main/resources/data/dataset2/models/birthCertificate_p248.pnml,p17,place,t25,transition,
src/main/resources/data/dataset2/models/birthCertificate_p248.pnml,t25,transition,p22,place,
src/main/resources/data/dataset2/models/birthCertificate_p248.pnml,p19,place,t21,transition,
src/main/resources/data/dataset2/models/birthCertificate_p248.pnml,t20,transition,p19,place,
src/main/resources/data/dataset2/models/birthCertificate_p248.pnml,p20,place,t22,transition,
src/main/resources/data/dataset2/models/birthCertificate_p248.pnml,t21,transition,p20,place,
src/main/resources/data/dataset2/models/birthCertificate_p248.pnml,p20,place,t23,transition,
src/main/resources/data/dataset2/models/birthCertificate_p248.pnml,t22,transition,p19,place,
src/main/resources/data/dataset2/models/birthCertificate_p248.pnml,t23,transition,p21,place,
src/main/resources/data/dataset2/models/birthCertificate_p249.pnml,t27,transition,p8,place,
src/main/resources/data/dataset2/models/birthCertificate_p249.pnml,p2,place,t28,transition,
src/main/resources/data/dataset2/models/birthCertificate_p249.pnml,p31,place,t38,transition,
src/main/resources/data/dataset2/models/birthCertificate_p249.pnml,p31,place,t39,transition,
src/main/resources/data/dataset2/models/birthCertificate_p249.pnml,p1,place,t1,transition,
src/main/resources/data/dataset2/models/birthCertificate_p249.pnml,t29,transition,p8,place,
src/main/resources/data/dataset2/models/birthCertificate_p249.pnml,t1,transition,p2,place,
src/main/resources/data/dataset2/models/birthCertificate_p249.pnml,p24,place,t30,transition,
src/main/resources/data/dataset2/models/birthCertificate_p249.pnml,p24,place,t29,transition,
src/main/resources/data/dataset2/models/birthCertificate_p249.pnml,t28,transition,p24,place,
src/main/resources/data/dataset2/models/birthCertificate_p249.pnml,p25,place,t31,transition,
src/main/resources/data/dataset2/models/birthCertificate_p249.pnml,t30,transition,p25,place,
src/main/resources/data/dataset2/models/birthCertificate_p249.pnml,t32,transition,p26,place,
src/main/resources/data/dataset2/models/birthCertificate_p249.pnml,p25,place,t32,transition,
src/main/resources/data/dataset2/models/birthCertificate_p249.pnml,p31,place,t40,transition,
src/main/resources/data/dataset2/models/birthCertificate_p249.pnml,t33,transition,p27,place,
src/main/resources/data/dataset2/models/birthCertificate_p249.pnml,t31,transition,p26,place,
src/main/resources/data/dataset2/models/birthCertificate_p249.pnml,t39,transition,p32,place,
src/main/resources/data/dataset2/models/birthCertificate_p249.pnml,p2,place,t27,transition,
src/main/resources/data/dataset2/models/birthCertificate_p249.pnml,p26,place,t33,transition,
src/main/resources/data/dataset2/models/birthCertificate_p249.pnml,t38,transition,p32,place,
src/main/resources/data/dataset2/models/birthCertificate_p249.pnml,t41,transition,p35,place,
src/main/resources/data/dataset2/models/birthCertificate_p249.pnml,p32,place,t42,transition,
src/main/resources/data/dataset2/models/birthCertificate_p249.pnml,t43,transition,p35,place,
src/main/resources/data/dataset2/models/birthCertificate_p249.pnml,t40,transition,p33,place,
src/main/resources/data/dataset2/models/birthCertificate_p249.pnml,p31,place,t41,transition,
src/main/resources/data/dataset2/models/birthCertificate_p249.pnml,t42,transition,p36,place,
src/main/resources/data/dataset2/models/birthCertificate_p249.pnml,p36,place,t43,transition,
src/main/resources/data/dataset2/models/birthCertificate_p249.pnml,t45,transition,p37,place,
src/main/resources/data/dataset2/models/birthCertificate_p249.pnml,t35,transition,p29,place,
src/main/resources/data/dataset2/models/birthCertificate_p249.pnml,p33,place,t45,transition,
src/main/resources/data/dataset2/models/birthCertificate_p249.pnml,p28,place,t35,transition,
src/main/resources/data/dataset2/models/birthCertificate_p249.pnml,t44,transition,p33,place,
src/main/resources/data/dataset2/models/birthCertificate_p249.pnml,t34,transition,p28,place,
src/main/resources/data/dataset2/models/birthCertificate_p249.pnml,p35,place,t44,transition,
src/main/resources/data/dataset2/models/birthCertificate_p249.pnml,p27,place,t34,transition,
src/main/resources/data/dataset2/models/birthCertificate_p249.pnml,t46,transition,p8,place,
src/main/resources/data/dataset2/models/birthCertificate_p249.pnml,t37,transition,p31,place,
src/main/resources/data/dataset2/models/birthCertificate_p249.pnml,p30,place,t37,transition,
src/main/resources/data/dataset2/models/birthCertificate_p249.pnml,t36,transition,p30,place,
src/main/resources/data/dataset2/models/birthCertificate_p249.pnml,p29,place,t36,transition,
src/main/resources/data/dataset2/models/birthCertificate_p249.pnml,p37,place,t46,transition,
src/main/resources/data/dataset2/models/birthCertificate_p250.pnml,t30,transition,p25,place,
src/main/resources/data/dataset2/models/birthCertificate_p250.pnml,p25,place,t31,transition,
src/main/resources/data/dataset2/models/birthCertificate_p250.pnml,p24,place,t29,transition,
src/main/resources/data/dataset2/models/birthCertificate_p250.pnml,p23,place,t30,transition,
src/main/resources/data/dataset2/models/birthCertificate_p250.pnml,p24,place,t28,transition,
src/main/resources/data/dataset2/models/birthCertificate_p250.pnml,p9,place,t10,transition,
src/main/resources/data/dataset2/models/birthCertificate_p250.pnml,t8,transition,p7,place,
src/main/resources/data/dataset2/models/birthCertificate_p250.pnml,t7,transition,p9,place,
src/main/resources/data/dataset2/models/birthCertificate_p250.pnml,p6,place,t7,transition,
src/main/resources/data/dataset2/models/birthCertificate_p250.pnml,p6,place,t8,transition,
src/main/resources/data/dataset2/models/birthCertificate_p250.pnml,p5,place,t6,transition,
src/main/resources/data/dataset2/models/birthCertificate_p250.pnml,t6,transition,p6,place,
src/main/resources/data/dataset2/models/birthCertificate_p250.pnml,p4,place,t5,transition,
src/main/resources/data/dataset2/models/birthCertificate_p250.pnml,t5,transition,p5,place,
src/main/resources/data/dataset2/models/birthCertificate_p250.pnml,t27,transition,p24,place,
src/main/resources/data/dataset2/models/birthCertificate_p250.pnml,p23,place,t27,transition,
src/main/resources/data/dataset2/models/birthCertificate_p250.pnml,t26,transition,p23,place,
src/main/resources/data/dataset2/models/birthCertificate_p250.pnml,p22,place,t26,transition,
src/main/resources/data/dataset2/models/birthCertificate_p250.pnml,t25,transition,p22,place,
src/main/resources/data/dataset2/models/birthCertificate_p250.pnml,p9,place,t9,transition,
src/main/resources/data/dataset2/models/birthCertificate_p250.pnml,t9,transition,p7,place,
src/main/resources/data/dataset2/models/birthCertificate_p250.pnml,p21,place,t25,transition,
src/main/resources/data/dataset2/models/birthCertificate_p250.pnml,p27,place,t21,transition,
src/main/resources/data/dataset2/models/birthCertificate_p250.pnml,p27,place,t34,transition,
src/main/resources/data/dataset2/models/birthCertificate_p250.pnml,t34,transition,p18,place,
src/main/resources/data/dataset2/models/birthCertificate_p250.pnml,t18,transition,p18,place,
src/main/resources/data/dataset2/models/birthCertificate_p250.pnml,t17,transition,p27,place,
src/main/resources/data/dataset2/models/birthCertificate_p250.pnml,p14,place,t14,transition,
src/main/resources/data/dataset2/models/birthCertificate_p250.pnml,p11,place,t12,transition,
src/main/resources/data/dataset2/models/birthCertificate_p250.pnml,t12,transition,p13,place,
src/main/resources/data/dataset2/models/birthCertificate_p250.pnml,p13,place,t13,transition,
src/main/resources/data/dataset2/models/birthCertificate_p250.pnml,t10,transition,p8,place,
src/main/resources/data/dataset2/models/birthCertificate_p250.pnml,p7,place,t11,transition,
src/main/resources/data/dataset2/models/birthCertificate_p250.pnml,t11,transition,p11,place,
src/main/resources/data/dataset2/models/birthCertificate_p250.pnml,t32,transition,p8,place,
src/main/resources/data/dataset2/models/birthCertificate_p250.pnml,t31,transition,p26,place,
src/main/resources/data/dataset2/models/birthCertificate_p250.pnml,t13,transition,p14,place,
src/main/resources/data/dataset2/models/birthCertificate_p250.pnml,t29,transition,p25,place,
src/main/resources/data/dataset2/models/birthCertificate_p250.pnml,p26,place,t32,transition,
src/main/resources/data/dataset2/models/birthCertificate_p250.pnml,t28,transition,p26,place,
src/main/resources/data/dataset2/models/birthCertificate_p250.pnml,t19,transition,p17,place,
src/main/resources/data/dataset2/models/birthCertificate_p250.pnml,p12,place,t20,transition,
src/main/resources/data/dataset2/models/birthCertificate_p250.pnml,p12,place,t19,transition,
src/main/resources/data/dataset2/models/birthCertificate_p250.pnml,t4,transition,p5,place,
src/main/resources/data/dataset2/models/birthCertificate_p250.pnml,p1,place,t1,transition,
src/main/resources/data/dataset2/models/birthCertificate_p250.pnml,p13,place,t16,transition,
src/main/resources/data/dataset2/models/birthCertificate_p250.pnml,t1,transition,p2,place,
src/main/resources/data/dataset2/models/birthCertificate_p250.pnml,t15,transition,p12,place,
src/main/resources/data/dataset2/models/birthCertificate_p250.pnml,p2,place,t2,transition,
src/main/resources/data/dataset2/models/birthCertificate_p250.pnml,p14,place,t15,transition,
src/main/resources/data/dataset2/models/birthCertificate_p250.pnml,t2,transition,p8,place,
src/main/resources/data/dataset2/models/birthCertificate_p250.pnml,t14,transition,p8,place,
src/main/resources/data/dataset2/models/birthCertificate_p250.pnml,p17,place,t17,transition,
src/main/resources/data/dataset2/models/birthCertificate_p250.pnml,p2,place,t3,transition,
src/main/resources/data/dataset2/models/birthCertificate_p250.pnml,p16,place,t18,transition,
src/main/resources/data/dataset2/models/birthCertificate_p250.pnml,t3,transition,p4,place,
src/main/resources/data/dataset2/models/birthCertificate_p250.pnml,p4,place,t4,transition,
src/main/resources/data/dataset2/models/birthCertificate_p250.pnml,t16,transition,p12,place,
src/main/resources/data/dataset2/models/birthCertificate_p250.pnml,p19,place,t23,transition,
src/main/resources/data/dataset2/models/birthCertificate_p250.pnml,t23,transition,p20,place,
src/main/resources/data/dataset2/models/birthCertificate_p250.pnml,p20,place,t24,transition,
src/main/resources/data/dataset2/models/birthCertificate_p250.pnml,t24,transition,p21,place,
src/main/resources/data/dataset2/models/birthCertificate_p250.pnml,t20,transition,p16,place,
src/main/resources/data/dataset2/models/birthCertificate_p250.pnml,t21,transition,p16,place,
src/main/resources/data/dataset2/models/birthCertificate_p250.pnml,p18,place,t22,transition,
src/main/resources/data/dataset2/models/birthCertificate_p250.pnml,t22,transition,p19,place,
src/main/resources/data/dataset2/models/birthCertificate_p31.pnml,t26,transition,p22,place,
src/main/resources/data/dataset2/models/birthCertificate_p31.pnml,t11,transition,p9,place,
src/main/resources/data/dataset2/models/birthCertificate_p31.pnml,t10,transition,p6,place,
src/main/resources/data/dataset2/models/birthCertificate_p31.pnml,p8,place,t10,transition,
src/main/resources/data/dataset2/models/birthCertificate_p31.pnml,t8,transition,p6,place,
src/main/resources/data/dataset2/models/birthCertificate_p31.pnml,p3,place,t9,transition,
src/main/resources/data/dataset2/models/birthCertificate_p31.pnml,t7,transition,p7,place,
src/main/resources/data/dataset2/models/birthCertificate_p31.pnml,p7,place,t8,transition,
src/main/resources/data/dataset2/models/birthCertificate_p31.pnml,p6,place,t6,transition,
src/main/resources/data/dataset2/models/birthCertificate_p31.pnml,p3,place,t7,transition,
src/main/resources/data/dataset2/models/birthCertificate_p31.pnml,t9,transition,p8,place,
src/main/resources/data/dataset2/models/birthCertificate_p31.pnml,p4,place,t11,transition,
src/main/resources/data/dataset2/models/birthCertificate_p31.pnml,p25,place,t35,transition,
src/main/resources/data/dataset2/models/birthCertificate_p31.pnml,p12,place,t16,transition,
src/main/resources/data/dataset2/models/birthCertificate_p31.pnml,t15,transition,p12,place,
src/main/resources/data/dataset2/models/birthCertificate_p31.pnml,t13,transition,p11,place,
src/main/resources/data/dataset2/models/birthCertificate_p31.pnml,p11,place,t14,transition,
src/main/resources/data/dataset2/models/birthCertificate_p31.pnml,t14,transition,p8,place,
src/main/resources/data/dataset2/models/birthCertificate_p31.pnml,p11,place,t15,transition,
src/main/resources/data/dataset2/models/birthCertificate_p31.pnml,p9,place,t12,transition,
src/main/resources/data/dataset2/models/birthCertificate_p31.pnml,t12,transition,p8,place,
src/main/resources/data/dataset2/models/birthCertificate_p31.pnml,p9,place,t13,transition,
src/main/resources/data/dataset2/models/birthCertificate_p31.pnml,t36,transition,p27,place,
src/main/resources/data/dataset2/models/birthCertificate_p31.pnml,p26,place,t36,transition,
src/main/resources/data/dataset2/models/birthCertificate_p31.pnml,t35,transition,p26,place,
src/main/resources/data/dataset2/models/birthCertificate_p31.pnml,t34,transition,p26,place,
src/main/resources/data/dataset2/models/birthCertificate_p31.pnml,t37,transition,p28,place,
src/main/resources/data/dataset2/models/birthCertificate_p31.pnml,p27,place,t37,transition,
src/main/resources/data/dataset2/models/birthCertificate_p31.pnml,t6,transition,p15,place,
src/main/resources/data/dataset2/models/birthCertificate_p31.pnml,t18,transition,p15,place,
src/main/resources/data/dataset2/models/birthCertificate_p31.pnml,t19,transition,p6,place,
src/main/resources/data/dataset2/models/birthCertificate_p31.pnml,t5,transition,p5,place,
src/main/resources/data/dataset2/models/birthCertificate_p31.pnml,p1,place,t1,transition,
src/main/resources/data/dataset2/models/birthCertificate_p31.pnml,t1,transition,p2,place,
src/main/resources/data/dataset2/models/birthCertificate_p31.pnml,p13,place,t18,transition,
src/main/resources/data/dataset2/models/birthCertificate_p31.pnml,t17,transition,p13,place,
src/main/resources/data/dataset2/models/birthCertificate_p31.pnml,p2,place,t3,transition,
src/main/resources/data/dataset2/models/birthCertificate_p31.pnml,p12,place,t17,transition,
src/main/resources/data/dataset2/models/birthCertificate_p31.pnml,p15,place,t21,transition,
src/main/resources/data/dataset2/models/birthCertificate_p31.pnml,t3,transition,p3,place,
src/main/resources/data/dataset2/models/birthCertificate_p31.pnml,t20,transition,p8,place,
src/main/resources/data/dataset2/models/birthCertificate_p31.pnml,p17,place,t22,transition,
src/main/resources/data/dataset2/models/birthCertificate_p31.pnml,p2,place,t4,transition,
src/main/resources/data/dataset2/models/birthCertificate_p31.pnml,p5,place,t20,transition,
src/main/resources/data/dataset2/models/birthCertificate_p31.pnml,t21,transition,p17,place,
src/main/resources/data/dataset2/models/birthCertificate_p31.pnml,t4,transition,p4,place,
src/main/resources/data/dataset2/models/birthCertificate_p31.pnml,p5,place,t19,transition,
src/main/resources/data/dataset2/models/birthCertificate_p31.pnml,p18,place,t23,transition,
src/main/resources/data/dataset2/models/birthCertificate_p31.pnml,t22,transition,p18,place,
src/main/resources/data/dataset2/models/birthCertificate_p31.pnml,t16,transition,p6,place,
src/main/resources/data/dataset2/models/birthCertificate_p31.pnml,p2,place,t5,transition,
src/main/resources/data/dataset2/models/birthCertificate_p31.pnml,p19,place,t25,transition,
src/main/resources/data/dataset2/models/birthCertificate_p31.pnml,p22,place,t32,transition,
src/main/resources/data/dataset2/models/birthCertificate_p31.pnml,p17,place,t24,transition,
src/main/resources/data/dataset2/models/birthCertificate_p31.pnml,p22,place,t30,transition,
src/main/resources/data/dataset2/models/birthCertificate_p31.pnml,t24,transition,p19,place,
src/main/resources/data/dataset2/models/birthCertificate_p31.pnml,t23,transition,p24,place,
src/main/resources/data/dataset2/models/birthCertificate_p31.pnml,p24,place,t33,transition,
src/main/resources/data/dataset2/models/birthCertificate_p31.pnml,t30,transition,p20,place,
src/main/resources/data/dataset2/models/birthCertificate_p31.pnml,t32,transition,p24,place,
src/main/resources/data/dataset2/models/birthCertificate_p31.pnml,t33,transition,p25,place,
src/main/resources/data/dataset2/models/birthCertificate_p31.pnml,p25,place,t34,transition,
src/main/resources/data/dataset2/models/birthCertificate_p31.pnml,p21,place,t28,transition,
src/main/resources/data/dataset2/models/birthCertificate_p31.pnml,t27,transition,p21,place,
src/main/resources/data/dataset2/models/birthCertificate_p31.pnml,p19,place,t27,transition,
src/main/resources/data/dataset2/models/birthCertificate_p31.pnml,p20,place,t26,transition,
src/main/resources/data/dataset2/models/birthCertificate_p31.pnml,t25,transition,p20,place,
src/main/resources/data/dataset2/models/birthCertificate_p31.pnml,t28,transition,p20,place,
src/main/resources/data/dataset2/models/birthCertificate_p31.pnml,t29,transition,p20,place,
src/main/resources/data/dataset2/models/birthCertificate_p31.pnml,p21,place,t29,transition,
src/main/resources/data/dataset2/models/birthCertificate_p32.pnml,t40,transition,p30,place,
src/main/resources/data/dataset2/models/birthCertificate_p32.pnml,t38,transition,p31,place,
src/main/resources/data/dataset2/models/birthCertificate_p32.pnml,p31,place,t41,transition,
src/main/resources/data/dataset2/models/birthCertificate_p32.pnml,p30,place,t41,transition,
src/main/resources/data/dataset2/models/birthCertificate_p32.pnml,t43,transition,p37,place,
src/main/resources/data/dataset2/models/birthCertificate_p32.pnml,t49,transition,p37,place,
src/main/resources/data/dataset2/models/birthCertificate_p32.pnml,t57,transition,p43,place,
src/main/resources/data/dataset2/models/birthCertificate_p32.pnml,p42,place,t57,transition,
src/main/resources/data/dataset2/models/birthCertificate_p32.pnml,t58,transition,p44,place,
src/main/resources/data/dataset2/models/birthCertificate_p32.pnml,p38,place,t52,transition,
src/main/resources/data/dataset2/models/birthCertificate_p32.pnml,p43,place,t58,transition,
src/main/resources/data/dataset2/models/birthCertificate_p32.pnml,p38,place,t53,transition,
src/main/resources/data/dataset2/models/birthCertificate_p32.pnml,p37,place,t54,transition,
src/main/resources/data/dataset2/models/birthCertificate_p32.pnml,t54,transition,p39,place,
src/main/resources/data/dataset2/models/birthCertificate_p32.pnml,p39,place,t51,transition,
src/main/resources/data/dataset2/models/birthCertificate_p32.pnml,p1,place,t1,transition,
src/main/resources/data/dataset2/models/birthCertificate_p32.pnml,p33,place,t45,transition,
src/main/resources/data/dataset2/models/birthCertificate_p32.pnml,t1,transition,p2,place,
src/main/resources/data/dataset2/models/birthCertificate_p32.pnml,p32,place,t42,transition,
src/main/resources/data/dataset2/models/birthCertificate_p32.pnml,t41,transition,p32,place,
src/main/resources/data/dataset2/models/birthCertificate_p32.pnml,t42,transition,p33,place,
src/main/resources/data/dataset2/models/birthCertificate_p32.pnml,p41,place,t56,transition,
src/main/resources/data/dataset2/models/birthCertificate_p32.pnml,t45,transition,p34,place,
src/main/resources/data/dataset2/models/birthCertificate_p32.pnml,t55,transition,p37,place,
src/main/resources/data/dataset2/models/birthCertificate_p32.pnml,p41,place,t55,transition,
src/main/resources/data/dataset2/models/birthCertificate_p32.pnml,t51,transition,p41,place,
src/main/resources/data/dataset2/models/birthCertificate_p32.pnml,t47,transition,p35,place,
src/main/resources/data/dataset2/models/birthCertificate_p32.pnml,p34,place,t47,transition,
src/main/resources/data/dataset2/models/birthCertificate_p32.pnml,t46,transition,p35,place,
src/main/resources/data/dataset2/models/birthCertificate_p32.pnml,p34,place,t46,transition,
src/main/resources/data/dataset2/models/birthCertificate_p32.pnml,p36,place,t43,transition,
src/main/resources/data/dataset2/models/birthCertificate_p32.pnml,p33,place,t48,transition,
src/main/resources/data/dataset2/models/birthCertificate_p32.pnml,t48,transition,p36,place,
src/main/resources/data/dataset2/models/birthCertificate_p32.pnml,t52,transition,p42,place,
src/main/resources/data/dataset2/models/birthCertificate_p32.pnml,p35,place,t49,transition,
src/main/resources/data/dataset2/models/birthCertificate_p32.pnml,t56,transition,p38,place,
src/main/resources/data/dataset2/models/birthCertificate_p32.pnml,t53,transition,p42,place,
src/main/resources/data/dataset2/models/birthCertificate_p32.pnml,p35,place,t59,transition,
src/main/resources/data/dataset2/models/birthCertificate_p32.pnml,p29,place,t40,transition,
src/main/resources/data/dataset2/models/birthCertificate_p32.pnml,t1,transition,p29,place,
src/main/resources/data/dataset2/models/birthCertificate_p32.pnml,p2,place,t38,transition,
src/main/resources/data/dataset2/models/birthCertificate_p32.pnml,t59,transition,p37,place,
src/main/resources/data/dataset2/models/birthCertificate_p33.pnml,t30,transition,p24,place,
src/main/resources/data/dataset2/models/birthCertificate_p33.pnml,p24,place,t31,transition,
src/main/resources/data/dataset2/models/birthCertificate_p33.pnml,t29,transition,p23,place,
src/main/resources/data/dataset2/models/birthCertificate_p33.pnml,p23,place,t30,transition,
src/main/resources/data/dataset2/models/birthCertificate_p33.pnml,p22,place,t29,transition,
src/main/resources/data/dataset2/models/birthCertificate_p33.pnml,p8,place,t10,transition,
src/main/resources/data/dataset2/models/birthCertificate_p33.pnml,p6,place,t8,transition,
src/main/resources/data/dataset2/models/birthCertificate_p33.pnml,t8,transition,p7,place,
src/main/resources/data/dataset2/models/birthCertificate_p33.pnml,p2,place,t7,transition,
src/main/resources/data/dataset2/models/birthCertificate_p33.pnml,t7,transition,p6,place,
src/main/resources/data/dataset2/models/birthCertificate_p33.pnml,p4,place,t6,transition,
src/main/resources/data/dataset2/models/birthCertificate_p33.pnml,t6,transition,p6,place,
src/main/resources/data/dataset2/models/birthCertificate_p33.pnml,p5,place,t2,transition,
src/main/resources/data/dataset2/models/birthCertificate_p33.pnml,t4,transition,p5,place,
src/main/resources/data/dataset2/models/birthCertificate_p33.pnml,t28,transition,p22,place,
src/main/resources/data/dataset2/models/birthCertificate_p33.pnml,p21,place,t28,transition,
src/main/resources/data/dataset2/models/birthCertificate_p33.pnml,t27,transition,p21,place,
src/main/resources/data/dataset2/models/birthCertificate_p33.pnml,p20,place,t27,transition,
src/main/resources/data/dataset2/models/birthCertificate_p33.pnml,p7,place,t9,transition,
src/main/resources/data/dataset2/models/birthCertificate_p33.pnml,t26,transition,p20,place,
src/main/resources/data/dataset2/models/birthCertificate_p33.pnml,t25,transition,p20,place,
src/main/resources/data/dataset2/models/birthCertificate_p33.pnml,t9,transition,p8,place,
src/main/resources/data/dataset2/models/birthCertificate_p33.pnml,p26,place,t35,transition,
src/main/resources/data/dataset2/models/birthCertificate_p33.pnml,t35,transition,p9,place,
src/main/resources/data/dataset2/models/birthCertificate_p33.pnml,p26,place,t34,transition,
src/main/resources/data/dataset2/models/birthCertificate_p33.pnml,t34,transition,p9,place,
src/main/resources/data/dataset2/models/birthCertificate_p33.pnml,t12,transition,p13,place,
src/main/resources/data/dataset2/models/birthCertificate_p33.pnml,t15,transition,p13,place,
src/main/resources/data/dataset2/models/birthCertificate_p33.pnml,p10,place,t13,transition,
src/main/resources/data/dataset2/models/birthCertificate_p33.pnml,t13,transition,p11,place,
src/main/resources/data/dataset2/models/birthCertificate_p33.pnml,p11,place,t14,transition,
src/main/resources/data/dataset2/models/birthCertificate_p33.pnml,t14,transition,p12,place,
src/main/resources/data/dataset2/models/birthCertificate_p33.pnml,t20,transition,p27,place,
src/main/resources/data/dataset2/models/birthCertificate_p33.pnml,p7,place,t11,transition,
src/main/resources/data/dataset2/models/birthCertificate_p33.pnml,t11,transition,p10,place,
src/main/resources/data/dataset2/models/birthCertificate_p33.pnml,p10,place,t12,transition,
src/main/resources/data/dataset2/models/birthCertificate_p33.pnml,t33,transition,p26,place,
src/main/resources/data/dataset2/models/birthCertificate_p33.pnml,p25,place,t32,transition,
src/main/resources/data/dataset2/models/birthCertificate_p33.pnml,p12,place,t15,transition,
src/main/resources/data/dataset2/models/birthCertificate_p33.pnml,t31,transition,p25,place,
src/main/resources/data/dataset2/models/birthCertificate_p33.pnml,p25,place,t33,transition,
src/main/resources/data/dataset2/models/birthCertificate_p33.pnml,t32,transition,p9,place,
src/main/resources/data/dataset2/models/birthCertificate_p33.pnml,p15,place,t17,transition,
src/main/resources/data/dataset2/models/birthCertificate_p33.pnml,t19,transition,p15,place,
src/main/resources/data/dataset2/models/birthCertificate_p33.pnml,t5,transition,p5,place,
src/main/resources/data/dataset2/models/birthCertificate_p33.pnml,t21,transition,p28,place,
src/main/resources/data/dataset2/models/birthCertificate_p33.pnml,p1,place,t1,transition,
src/main/resources/data/dataset2/models/birthCertificate_p33.pnml,t1,transition,p2,place,
src/main/resources/data/dataset2/models/birthCertificate_p33.pnml,t16,transition,p14,place,
src/main/resources/data/dataset2/models/birthCertificate_p33.pnml,p9,place,t20,transition,
src/main/resources/data/dataset2/models/birthCertificate_p33.pnml,p13,place,t16,transition,
src/main/resources/data/dataset2/models/birthCertificate_p33.pnml,t10,transition,p13,place,
src/main/resources/data/dataset2/models/birthCertificate_p33.pnml,t2,transition,p3,place,
src/main/resources/data/dataset2/models/birthCertificate_p33.pnml,p14,place,t19,transition,
src/main/resources/data/dataset2/models/birthCertificate_p33.pnml,p3,place,t3,transition,
src/main/resources/data/dataset2/models/birthCertificate_p33.pnml,p28,place,t20,transition,
src/main/resources/data/dataset2/models/birthCertificate_p33.pnml,t3,transition,p4,place,
src/main/resources/data/dataset2/models/birthCertificate_p33.pnml,t18,transition,p15,place,
src/main/resources/data/dataset2/models/birthCertificate_p33.pnml,p4,place,t4,transition,
src/main/resources/data/dataset2/models/birthCertificate_p33.pnml,p14,place,t18,transition,
src/main/resources/data/dataset2/models/birthCertificate_p33.pnml,p2,place,t5,transition,
src/main/resources/data/dataset2/models/birthCertificate_p33.pnml,p18,place,t24,transition,
src/main/resources/data/dataset2/models/birthCertificate_p33.pnml,t24,transition,p19,place,
src/main/resources/data/dataset2/models/birthCertificate_p33.pnml,p19,place,t25,transition,
src/main/resources/data/dataset2/models/birthCertificate_p33.pnml,p19,place,t26,transition,
src/main/resources/data/dataset2/models/birthCertificate_p33.pnml,t17,transition,p17,place,
src/main/resources/data/dataset2/models/birthCertificate_p33.pnml,t17,transition,p16,place,
src/main/resources/data/dataset2/models/birthCertificate_p33.pnml,p17,place,t22,transition,
src/main/resources/data/dataset2/models/birthCertificate_p33.pnml,p16,place,t21,transition,
src/main/resources/data/dataset2/models/birthCertificate_p33.pnml,p18,place,t23,transition,
src/main/resources/data/dataset2/models/birthCertificate_p33.pnml,t22,transition,p18,place,
src/main/resources/data/dataset2/models/birthCertificate_p33.pnml,t23,transition,p9,place,
src/main/resources/data/dataset2/models/birthCertificate_p34.pnml,t10,transition,p8,place,
src/main/resources/data/dataset2/models/birthCertificate_p34.pnml,t12,transition,p11,place,
src/main/resources/data/dataset2/models/birthCertificate_p34.pnml,t8,transition,p7,place,
src/main/resources/data/dataset2/models/birthCertificate_p34.pnml,t5,transition,p4,place,
src/main/resources/data/dataset2/models/birthCertificate_p34.pnml,t6,transition,p7,place,
src/main/resources/data/dataset2/models/birthCertificate_p34.pnml,p6,place,t8,transition,
src/main/resources/data/dataset2/models/birthCertificate_p34.pnml,p4,place,t9,transition,
src/main/resources/data/dataset2/models/birthCertificate_p34.pnml,p8,place,t11,transition,
src/main/resources/data/dataset2/models/birthCertificate_p34.pnml,p5,place,t7,transition,
src/main/resources/data/dataset2/models/birthCertificate_p34.pnml,t7,transition,p6,place,
src/main/resources/data/dataset2/models/birthCertificate_p34.pnml,t11,transition,p10,place,
src/main/resources/data/dataset2/models/birthCertificate_p34.pnml,t4,transition,p5,place,
src/main/resources/data/dataset2/models/birthCertificate_p34.pnml,p5,place,t6,transition,
src/main/resources/data/dataset2/models/birthCertificate_p34.pnml,p10,place,t12,transition,
src/main/resources/data/dataset2/models/birthCertificate_p34.pnml,p1,place,t1,transition,
src/main/resources/data/dataset2/models/birthCertificate_p34.pnml,t1,transition,p2,place,
src/main/resources/data/dataset2/models/birthCertificate_p34.pnml,p2,place,t2,transition,
src/main/resources/data/dataset2/models/birthCertificate_p34.pnml,p2,place,t3,transition,
src/main/resources/data/dataset2/models/birthCertificate_p34.pnml,t3,transition,p3,place,
src/main/resources/data/dataset2/models/birthCertificate_p34.pnml,t2,transition,p3,place,
src/main/resources/data/dataset2/models/birthCertificate_p34.pnml,t9,transition,p7,place,
src/main/resources/data/dataset2/models/birthCertificate_p34.pnml,p3,place,t4,transition,
src/main/resources/data/dataset2/models/birthCertificate_p34.pnml,p7,place,t10,transition,
src/main/resources/data/dataset2/models/birthCertificate_p34.pnml,p3,place,t5,transition,
src/main/resources/data/dataset3/dataset3-ra/testcase1/source-model.epml,,unknown,,unknown,
src/main/resources/data/dataset3/dataset3-ra/testcase1/source-model.epml,,unknown,,unknown,
src/main/resources/data/dataset3/dataset3-ra/testcase1/source-model.epml,,unknown,,unknown,
src/main/resources/data/dataset3/dataset3-ra/testcase1/source-model.epml,,unknown,,unknown,
src/main/resources/data/dataset3/dataset3-ra/testcase1/source-model.epml,,unknown,,unknown,
src/main/resources/data/dataset3/dataset3-ra/testcase1/source-model.epml,,unknown,,unknown,
src/main/resources/data/dataset3/dataset3-ra/testcase1/source-model.epml,,unknown,,unknown,
src/main/resources/data/dataset3/dataset3-ra/testcase1/source-model.epml,,unknown,,unknown,
src/main/resources/data/dataset3/dataset3-ra/testcase1/source-model.epml,,unknown,,unknown,
src/main/resources/data/dataset3/dataset3-ra/testcase1/source-model.epml,,unknown,,unknown,
src/main/resources/data/dataset3/dataset3-ra/testcase1/source-model.epml,,unknown,,unknown,
src/main/resources/data/dataset3/dataset3-ra/testcase1/source-model.epml,,unknown,,unknown,
src/main/resources/data/dataset3/dataset3-ra/testcase1/source-model.epml,,unknown,,unknown,
src/main/resources/data/dataset3/dataset3-ra/testcase1/source-model.epml,,unknown,,unknown,
src/main/resources/data/dataset3/dataset3-ra/testcase1/source-model.epml,,unknown,,unknown,
src/main/resources/data/dataset3/dataset3-ra/testcase1/source-model.epml,,unknown,,unknown,
src/main/resources/data/dataset3/dataset3-ra/testcase1/source-model.epml,,unknown,,unknown,
src/main/resources/data/dataset3/dataset3-ra/testcase1/source-model.epml,,unknown,,unknown,
src/main/resources/data/dataset3/dataset3-ra/testcase1/source-model.epml,,unknown,,unknown,
src/main/resources/data/dataset3/dataset3-ra/testcase1/source-model.epml,,unknown,,unknown,
src/main/resources/data/dataset3/dataset3-ra/testcase1/source-model.epml,,unknown,,unknown,
src/main/resources/data/dataset3/dataset3-ra/testcase1/source-model.epml,,unknown,,unknown,
src/main/resources/data/dataset3/dataset3-ra/testcase1/source-model.epml,,unknown,,unknown,
src/main/resources/data/dataset3/dataset3-ra/testcase1/source-model.epml,,unknown,,unknown,
src/main/resources/data/dataset3/dataset3-ra/testcase1/source-model.epml,,unknown,,unknown,
src/main/resources/data/dataset3/dataset3-ra/testcase1/source-model.epml,,unknown,,unknown,
src/main/resources/data/dataset3/dataset3-ra/testcase1/source-model.epml,,unknown,,unknown,
src/main/resources/data/dataset3/dataset3-ra/testcase1/source-model.epml,,unknown,,unknown,
src/main/resources/data/dataset3/dataset3-ra/testcase1/source-model.epml,,unknown,,unknown,
src/main/resources/data/dataset3/dataset3-ra/testcase1/source-model.epml,,unknown,,unknown,
src/main/resources/data/dataset3/dataset3-ra/testcase1/source-model.epml,,unknown,,unknown,
src/main/resources/data/dataset3/dataset3-ra/testcase1/source-model.epml,,unknown,,unknown,
src/main/resources/data/dataset3/dataset3-ra/testcase1/source-model.epml,,unknown,,unknown,
src/main/resources/data/dataset3/dataset3-ra/testcase1/source-model.epml,,unknown,,unknown,
src/main/resources/data/dataset3/dataset3-ra/testcase1/source-model.epml,,unknown,,unknown,
src/main/resources/data/dataset3/dataset3-ra/testcase1/source-model.epml,,unknown,,unknown,
src/main/resources/data/dataset3/dataset3-ra/testcase1/source-model.epml,,unknown,,unknown,
src/main/resources/data/dataset3/dataset3-ra/testcase1/source-model.epml,,unknown,,unknown,
src/main/resources/data/dataset3/dataset3-ra/testcase1/source-model.epml,,unknown,,unknown,
src/main/resources/data/dataset3/dataset3-ra/testcase1/source-model.epml,,unknown,,unknown,
src/main/resources/data/dataset3/dataset3-ra/testcase1/source-model.epml,,unknown,,unknown,
src/main/resources/data/dataset3/dataset3-ra/testcase1/source-model.epml,,unknown,,unknown,
src/main/resources/data/dataset3/dataset3-ra/testcase1/source-model.epml,,unknown,,unknown,
src/main/resources/data/dataset3/dataset3-ra/testcase1/source-model.epml,,unknown,,unknown,
src/main/resources/data/dataset3/dataset3-ra/testcase1/source-model.epml,,unknown,,unknown,
src/main/resources/data/dataset3/dataset3-ra/testcase1/source-model.epml,,unknown,,unknown,
src/main/resources/data/dataset3/dataset3-ra/testcase1/source-model.epml,,unknown,,unknown,
src/main/resources/data/dataset3/dataset3-ra/testcase1/source-model.epml,,unknown,,unknown,
src/main/resources/data/dataset3/dataset3-ra/testcase1/target-model.epml,,unknown,,unknown,
src/main/resources/data/dataset3/dataset3-ra/testcase1/target-model.epml,,unknown,,unknown,
src/main/resources/data/dataset3/dataset3-ra/testcase1/target-model.epml,,unknown,,unknown,
src/main/resources/data/dataset3/dataset3-ra/testcase1/target-model.epml,,unknown,,unknown,
src/main/resources/data/dataset3/dataset3-ra/testcase1/target-model.epml,,unknown,,unknown,
src/main/resources/data/dataset3/dataset3-ra/testcase1/target-model.epml,,unknown,,unknown,
src/main/resources/data/dataset3/dataset3-ra/testcase1/target-model.epml,,unknown,,unknown,
src/main/resources/data/dataset3/dataset3-ra/testcase1/target-model.epml,,unknown,,unknown,
src/main/resources/data/dataset3/dataset3-ra/testcase1/target-model.epml,,unknown,,unknown,
src/main/resources/data/dataset3/dataset3-ra/testcase1/target-model.epml,,unknown,,unknown,
src/main/resources/data/dataset3/dataset3-ra/testcase1/target-model.epml,,unknown,,unknown,
src/main/resources/data/dataset3/dataset3-ra/testcase1/target-model.epml,,unknown,,unknown,
src/main/resources/data/dataset3/dataset3-ra/testcase1/target-model.epml,,unknown,,unknown,
src/main/resources/data/dataset3/dataset3-ra/testcase1/target-model.epml,,unknown,,unknown,
src/main/resources/data/dataset3/dataset3-ra/testcase1/target-model.epml,,unknown,,unknown,
src/main/resources/data/dataset3/dataset3-ra/testcase1/target-model.epml,,unknown,,unknown,
src/main/resources/data/dataset3/dataset3-ra/testcase1/target-model.epml,,unknown,,unknown,
src/main/resources/data/dataset3/dataset3-ra/testcase1/target-model.epml,,unknown,,unknown,
src/main/resources/data/dataset3/dataset3-ra/testcase1/target-model.epml,,unknown,,unknown,
src/main/resources/data/dataset3/dataset3-ra/testcase1/target-model.epml,,unknown,,unknown,
src/main/resources/data/dataset3/dataset3-ra/testcase1/target-model.epml,,unknown,,unknown,
src/main/resources/data/dataset3/dataset3-ra/testcase1/target-model.epml,,unknown,,unknown,
src/main/resources/data/dataset3/dataset3-ra/testcase1/target-model.epml,,unknown,,unknown,
src/main/resources/data/dataset3/dataset3-ra/testcase1/target-model.epml,,unknown,,unknown,
src/main/resources/data/dataset3/dataset3-ra/testcase1/target-model.epml,,unknown,,unknown,
src/main/resources/data/dataset3/dataset3-ra/testcase1/target-model.epml,,unknown,,unknown,
src/main/resources/data/dataset3/dataset3-ra/testcase1/target-model.epml,,unknown,,unknown,
src/main/resources/data/dataset3/dataset3-ra/testcase1/target-model.epml,,unknown,,unknown,
src/main/resources/data/dataset3/dataset3-ra/testcase1/target-model.epml,,unknown,,unknown,
src/main/resources/data/dataset3/dataset3-ra/testcase1/target-model.epml,,unknown,,unknown,
src/main/resources/data/dataset3/dataset3-ra/testcase1/target-model.epml,,unknown,,unknown,
src/main/resources/data/dataset3/dataset3-ra/testcase1/target-model.epml,,unknown,,unknown,
src/main/resources/data/dataset3/dataset3-ra/testcase1/target-model.epml,,unknown,,unknown,
src/main/resources/data/dataset3/dataset3-ra/testcase1/target-model.epml,,unknown,,unknown,
src/main/resources/data/dataset3/dataset3-ra/testcase1/target-model.epml,,unknown,,unknown,
src/main/resources/data/dataset3/dataset3-ra/testcase1/target-model.epml,,unknown,,unknown,
src/main/resources/data/dataset3/dataset3-ra/testcase1/target-model.epml,,unknown,,unknown,
src/main/resources/data/dataset3/dataset3-ra/testcase1/target-model.epml,,unknown,,unknown,
src/main/resources/data/dataset3/dataset3-ra/testcase1/target-model.epml,,unknown,,unknown,
src/main/resources/data/dataset3/dataset3-ra/testcase1/target-model.epml,,unknown,,unknown,
src/main/resources/data/dataset3/dataset3-ra/testcase1/target-model.epml,,unknown,,unknown,
src/main/resources/data/dataset3/dataset3-ra/testcase1/target-model.epml,,unknown,,unknown,
src/main/resources/data/dataset3/dataset3-ra/testcase1/target-model.epml,,unknown,,unknown,
src/main/resources/data/dataset3/dataset3-ra/testcase1/target-model.epml,,unknown,,unknown,
src/main/resources/data/dataset3/dataset3-ra/testcase1/target-model.epml,,unknown,,unknown,
src/main/resources/data/dataset3/dataset3-ra/testcase1/target-model.epml,,unknown,,unknown,
src/main/resources/data/dataset3/dataset3-ra/testcase1/target-model.epml,,unknown,,unknown,
src/main/resources/data/dataset3/dataset3-ra/testcase1/target-model.epml,,unknown,,unknown,
src/main/resources/data/dataset3/dataset3-ra/testcase1/target-model.epml,,unknown,,unknown,
src/main/resources/data/dataset3/dataset3-ra/testcase1/target-model.epml,,unknown,,unknown,
src/main/resources/data/dataset3/dataset3-ra/testcase1/target-model.epml,,unknown,,unknown,
src/main/resources/data/dataset3/dataset3-ra/testcase1/target-model.epml,,unknown,,unknown,
src/main/resources/data/dataset3/dataset3-ra/testcase1/target-model.epml,,unknown,,unknown,
src/main/resources/data/dataset3/dataset3-ra/testcase1/target-model.epml,,unknown,,unknown,
src/main/resources/data/dataset3/dataset3-ra/testcase1/target-model.epml,,unknown,,unknown,
src/main/resources/data/dataset3/dataset3-ra/testcase1/target-model.epml,,unknown,,unknown,
src/main/resources/data/dataset3/dataset3-ra/testcase1/target-model.epml,,unknown,,unknown,
src/main/resources/data/dataset3/dataset3-ra/testcase1/target-model.epml,,unknown,,unknown,
src/main/resources/data/dataset3/dataset3-ra/testcase1/target-model.epml,,unknown,,unknown,
src/main/resources/data/dataset3/dataset3-ra/testcase1/target-model.epml,,unknown,,unknown,
src/main/resources/data/dataset3/dataset3-ra/testcase1/target-model.epml,,unknown,,unknown,
src/main/resources/data/dataset3/dataset3-ra/testcase1/target-model.epml,,unknown,,unknown,
src/main/resources/data/dataset3/dataset3-ra/testcase1/target-model.epml,,unknown,,unknown,
src/main/resources/data/dataset3/dataset3-ra/testcase1/target-model.epml,,unknown,,unknown,
src/main/resources/data/dataset3/dataset3-ra/testcase1/target-model.epml,,unknown,,unknown,
src/main/resources/data/dataset3/dataset3-ra/testcase1/target-model.epml,,unknown,,unknown,
src/main/resources/data/dataset3/dataset3-ra/testcase1/target-model.epml,,unknown,,unknown,
src/main/resources/data/dataset3/dataset3-ra/testcase1/target-model.epml,,unknown,,unknown,
src/main/resources/data/dataset3/dataset3-ra/testcase1/target-model.epml,,unknown,,unknown,
src/main/resources/data/dataset3/dataset3-ra/testcase1/target-model.epml,,unknown,,unknown,
src/main/resources/data/dataset3/dataset3-ra/testcase1/target-model.epml,,unknown,,unknown,
src/main/resources/data/dataset3/dataset3-ra/testcase1/target-model.epml,,unknown,,unknown,
src/main/resources/data/dataset3/dataset3-ra/testcase1/target-model.epml,,unknown,,unknown,
src/main/resources/data/dataset3/dataset3-ra/testcase1/target-model.epml,,unknown,,unknown,
src/main/resources/data/dataset3/dataset3-ra/testcase1/target-model.epml,,unknown,,unknown,
src/main/resources/data/dataset3/dataset3-ra/testcase1/target-model.epml,,unknown,,unknown,
src/main/resources/data/dataset3/dataset3-ra/testcase1/target-model.epml,,unknown,,unknown,
src/main/resources/data/dataset3/dataset3-ra/testcase1/target-model.epml,,unknown,,unknown,
src/main/resources/data/dataset3/dataset3-ra/testcase1/target-model.epml,,unknown,,unknown,
src/main/resources/data/dataset3/dataset3-ra/testcase1/target-model.epml,,unknown,,unknown,
src/main/resources/data/dataset3/dataset3-ra/testcase1/target-model.epml,,unknown,,unknown,
src/main/resources/data/dataset3/dataset3-ra/testcase1/target-model.epml,,unknown,,unknown,
src/main/resources/data/dataset3/dataset3-ra/testcase1/target-model.epml,,unknown,,unknown,
src/main/resources/data/dataset3/dataset3-ra/testcase1/target-model.epml,,unknown,,unknown,
src/main/resources/data/dataset3/dataset3-ra/testcase10/source-model.epml,,unknown,,unknown,
src/main/resources/data/dataset3/dataset3-ra/testcase10/source-model.epml,,unknown,,unknown,
src/main/resources/data/dataset3/dataset3-ra/testcase10/source-model.epml,,unknown,,unknown,
src/main/resources/data/dataset3/dataset3-ra/testcase10/source-model.epml,,unknown,,unknown,
src/main/resources/data/dataset3/dataset3-ra/testcase10/source-model.epml,,unknown,,unknown,
src/main/resources/data/dataset3/dataset3-ra/testcase10/source-model.epml,,unknown,,unknown,
src/main/resources/data/dataset3/dataset3-ra/testcase10/source-model.epml,,unknown,,unknown,
src/main/resources/data/dataset3/dataset3-ra/testcase10/source-model.epml,,unknown,,unknown,
src/main/resources/data/dataset3/dataset3-ra/testcase10/target-model.epml,,unknown,,unknown,
src/main/resources/data/dataset3/dataset3-ra/testcase10/target-model.epml,,unknown,,unknown,
src/main/resources/data/dataset3/dataset3-ra/testcase10/target-model.epml,,unknown,,unknown,
src/main/resources/data/dataset3/dataset3-ra/testcase10/target-model.epml,,unknown,,unknown,
src/main/resources/data/dataset3/dataset3-ra/testcase10/target-model.epml,,unknown,,unknown,
src/main/resources/data/dataset3/dataset3-ra/testcase10/target-model.epml,,unknown,,unknown,
src/main/resources/data/dataset3/dataset3-ra/testcase10/target-model.epml,,unknown,,unknown,
src/main/resources/data/dataset3/dataset3-ra/testcase10/target-model.epml,,unknown,,unknown,
src/main/resources/data/dataset3/dataset3-ra/testcase10/target-model.epml,,unknown,,unknown,
src/main/resources/data/dataset3/dataset3-ra/testcase10/target-model.epml,,unknown,,unknown,
src/main/resources/data/dataset3/dataset3-ra/testcase10/target-model.epml,,unknown,,unknown,
src/main/resources/data/dataset3/dataset3-ra/testcase10/target-model.epml,,unknown,,unknown,
src/main/resources/data/dataset3/dataset3-ra/testcase10/target-model.epml,,unknown,,unknown,
src/main/resources/data/dataset3/dataset3-ra/testcase10/target-model.epml,,unknown,,unknown,
src/main/resources/data/dataset3/dataset3-ra/testcase10/target-model.epml,,unknown,,unknown,
src/main/resources/data/dataset3/dataset3-ra/testcase10/target-model.epml,,unknown,,unknown,
src/main/resources/data/dataset3/dataset3-ra/testcase10/target-model.epml,,unknown,,unknown,
src/main/resources/data/dataset3/dataset3-ra/testcase10/target-model.epml,,unknown,,unknown,
src/main/resources/data/dataset3/dataset3-ra/testcase10/target-model.epml,,unknown,,unknown,
src/main/resources/data/dataset3/dataset3-ra/testcase10/target-model.epml,,unknown,,unknown,
src/main/resources/data/dataset3/dataset3-ra/testcase10/target-model.epml,,unknown,,unknown,
src/main/resources/data/dataset3/dataset3-ra/testcase10/target-model.epml,,unknown,,unknown,
src/main/resources/data/dataset3/dataset3-ra/testcase10/target-model.epml,,unknown,,unknown,
src/main/resources/data/dataset3/dataset3-ra/testcase10/target-model.epml,,unknown,,unknown,
src/main/resources/data/dataset3/dataset3-ra/testcase10/target-model.epml,,unknown,,unknown,
src/main/resources/data/dataset3/dataset3-ra/testcase10/target-model.epml,,unknown,,unknown,
src/main/resources/data/dataset3/dataset3-ra/testcase10/target-model.epml,,unknown,,unknown,
src/main/resources/data/dataset3/dataset3-ra/testcase10/target-model.epml,,unknown,,unknown,
src/main/resources/data/dataset3/dataset3-ra/testcase10/target-model.epml,,unknown,,unknown,
src/main/resources/data/dataset3/dataset3-ra/testcase10/target-model.epml,,unknown,,unknown,
src/main/resources/data/dataset3/dataset3-ra/testcase10/target-model.epml,,unknown,,unknown,
src/main/resources/data/dataset3/dataset3-ra/testcase10/target-model.epml,,unknown,,unknown,
src/main/resources/data/dataset3/dataset3-ra/testcase10/target-model.epml,,unknown,,unknown,
src/main/resources/data/dataset3/dataset3-ra/testcase10/target-model.epml,,unknown,,unknown,
src/main/resources/data/dataset3/dataset3-ra/testcase10/target-model.epml,,unknown,,unknown,
src/main/resources/data/dataset3/dataset3-ra/testcase10/target-model.epml,,unknown,,unknown,
src/main/resources/data/dataset3/dataset3-ra/testcase10/target-model.epml,,unknown,,unknown,
src/main/resources/data/dataset3/dataset3-ra/testcase10/target-model.epml,,unknown,,unknown,
src/main/resources/data/dataset3/dataset3-ra/testcase10/target-model.epml,,unknown,,unknown,
src/main/resources/data/dataset3/dataset3-ra/testcase10/target-model.epml,,unknown,,unknown,
src/main/resources/data/dataset3/dataset3-ra/testcase10/target-model.epml,,unknown,,unknown,
src/main/resources/data/dataset3/dataset3-ra/testcase10/target-model.epml,,unknown,,unknown,
src/main/resources/data/dataset3/dataset3-ra/testcase10/target-model.epml,,unknown,,unknown,
src/main/resources/data/dataset3/dataset3-ra/testcase10/target-model.epml,,unknown,,unknown,
src/main/resources/data/dataset3/dataset3-ra/testcase10/target-model.epml,,unknown,,unknown,
src/main/resources/data/dataset3/dataset3-ra/testcase10/target-model.epml,,unknown,,unknown,
src/main/resources/data/dataset3/dataset3-ra/testcase10/target-model.epml,,unknown,,unknown,
src/main/resources/data/dataset3/dataset3-ra/testcase10/target-model.epml,,unknown,,unknown,
src/main/resources/data/dataset3/dataset3-ra/testcase10/target-model.epml,,unknown,,unknown,
src/main/resources/data/dataset3/dataset3-ra/testcase10/target-model.epml,,unknown,,unknown,
src/main/resources/data/dataset3/dataset3-ra/testcase10/target-model.epml,,unknown,,unknown,
src/main/resources/data/dataset3/dataset3-ra/testcase10/target-model.epml,,unknown,,unknown,
src/main/resources/data/dataset3/dataset3-ra/testcase10/target-model.epml,,unknown,,unknown,
src/main/resources/data/dataset3/dataset3-ra/testcase10/target-model.epml,,unknown,,unknown,
src/main/resources/data/dataset3/dataset3-ra/testcase10/target-model.epml,,unknown,,unknown,
src/main/resources/data/dataset3/dataset3-ra/testcase10/target-model.epml,,unknown,,unknown,
src/main/resources/data/dataset3/dataset3-ra/testcase10/target-model.epml,,unknown,,unknown,
src/main/resources/data/dataset3/dataset3-ra/testcase10/target-model.epml,,unknown,,unknown,
src/main/resources/data/dataset3/dataset3-ra/testcase10/target-model.epml,,unknown,,unknown,
src/main/resources/data/dataset3/dataset3-ra/testcase10/target-model.epml,,unknown,,unknown,
src/main/resources/data/dataset3/dataset3-ra/testcase10/target-model.epml,,unknown,,unknown,
src/main/resources/data/dataset3/dataset3-ra/testcase10/target-model.epml,,unknown,,unknown,
src/main/resources/data/dataset3/dataset3-ra/testcase10/target-model.epml,,unknown,,unknown,
src/main/resources/data/dataset3/dataset3-ra/testcase10/target-model.epml,,unknown,,unknown,
src/main/resources/data/dataset3/dataset3-ra/testcase10/target-model.epml,,unknown,,unknown,
src/main/resources/data/dataset3/dataset3-ra/testcase10/target-model.epml,,unknown,,unknown,
src/main/resources/data/dataset3/dataset3-ra/testcase10/target-model.epml,,unknown,,unknown,
src/main/resources/data/dataset3/dataset3-ra/testcase10/target-model.epml,,unknown,,unknown,
src/main/resources/data/dataset3/dataset3-ra/testcase10/target-model.epml,,unknown,,unknown,
src/main/resources/data/dataset3/dataset3-ra/testcase10/target-model.epml,,unknown,,unknown,
src/main/resources/data/dataset3/dataset3-ra/testcase10/target-model.epml,,unknown,,unknown,
src/main/resources/data/dataset3/dataset3-ra/testcase10/target-model.epml,,unknown,,unknown,
src/main/resources/data/dataset3/dataset3-ra/testcase11/source-model.epml,,unknown,,unknown,
src/main/resources/data/dataset3/dataset3-ra/testcase11/source-model.epml,,unknown,,unknown,
src/main/resources/data/dataset3/dataset3-ra/testcase11/source-model.epml,,unknown,,unknown,
src/main/resources/data/dataset3/dataset3-ra/testcase11/source-model.epml,,unknown,,unknown,
src/main/resources/data/dataset3/dataset3-ra/testcase11/source-model.epml,,unknown,,unknown,
src/main/resources/data/dataset3/dataset3-ra/testcase11/source-model.epml,,unknown,,unknown,
src/main/resources/data/dataset3/dataset3-ra/testcase11/source-model.epml,,unknown,,unknown,
src/main/resources/data/dataset3/dataset3-ra/testcase11/source-model.epml,,unknown,,unknown,
src/main/resources/data/dataset3/dataset3-ra/testcase11/target-model.epml,,unknown,,unknown,
src/main/resources/data/dataset3/dataset3-ra/testcase11/target-model.epml,,unknown,,unknown,
src/main/resources/data/dataset3/dataset3-ra/testcase11/target-model.epml,,unknown,,unknown,
src/main/resources/data/dataset3/dataset3-ra/testcase11/target-model.epml,,unknown,,unknown,
src/main/resources/data/dataset3/dataset3-ra/testcase11/target-model.epml,,unknown,,unknown,
src/main/resources/data/dataset3/dataset3-ra/testcase11/target-model.epml,,unknown,,unknown,
src/main/resources/data/dataset3/dataset3-ra/testcase11/target-model.epml,,unknown,,unknown,
src/main/resources/data/dataset3/dataset3-ra/testcase11/target-model.epml,,unknown,,unknown,
src/main/resources/data/dataset3/dataset3-ra/testcase11/target-model.epml,,unknown,,unknown,
src/main/resources/data/dataset3/dataset3-ra/testcase11/target-model.epml,,unknown,,unknown,
src/main/resources/data/dataset3/dataset3-ra/testcase11/target-model.epml,,unknown,,unknown,
src/main/resources/data/dataset3/dataset3-ra/testcase11/target-model.epml,,unknown,,unknown,
src/main/resources/data/dataset3/dataset3-ra/testcase11/target-model.epml,,unknown,,unknown,
src/main/resources/data/dataset3/dataset3-ra/testcase11/target-model.epml,,unknown,,unknown,
src/main/resources/data/dataset3/dataset3-ra/testcase11/target-model.epml,,unknown,,unknown,
src/main/resources/data/dataset3/dataset3-ra/testcase11/target-model.epml,,unknown,,unknown,
src/main/resources/data/dataset3/dataset3-ra/testcase11/target-model.epml,,unknown,,unknown,
src/main/resources/data/dataset3/dataset3-ra/testcase11/target-model.epml,,unknown,,unknown,
src/main/resources/data/dataset3/dataset3-ra/testcase11/target-model.epml,,unknown,,unknown,
src/main/resources/data/dataset3/dataset3-ra/testcase11/target-model.epml,,unknown,,unknown,
src/main/resources/data/dataset3/dataset3-ra/testcase11/target-model.epml,,unknown,,unknown,
src/main/resources/data/dataset3/dataset3-ra/testcase11/target-model.epml,,unknown,,unknown,
src/main/resources/data/dataset3/dataset3-ra/testcase11/target-model.epml,,unknown,,unknown,
src/main/resources/data/dataset3/dataset3-ra/testcase11/target-model.epml,,unknown,,unknown,
src/main/resources/data/dataset3/dataset3-ra/testcase11/target-model.epml,,unknown,,unknown,
src/main/resources/data/dataset3/dataset3-ra/testcase11/target-model.epml,,unknown,,unknown,
src/main/resources/data/dataset3/dataset3-ra/testcase11/target-model.epml,,unknown,,unknown,
src/main/resources/data/dataset3/dataset3-ra/testcase11/target-model.epml,,unknown,,unknown,
src/main/resources/data/dataset3/dataset3-ra/testcase11/target-model.epml,,unknown,,unknown,
src/main/resources/data/dataset3/dataset3-ra/testcase11/target-model.epml,,unknown,,unknown,
src/main/resources/data/dataset3/dataset3-ra/testcase11/target-model.epml,,unknown,,unknown,
src/main/resources/data/dataset3/dataset3-ra/testcase11/target-model.epml,,unknown,,unknown,
src/main/resources/data/dataset3/dataset3-ra/testcase11/target-model.epml,,unknown,,unknown,
src/main/resources/data/dataset3/dataset3-ra/testcase11/target-model.epml,,unknown,,unknown,
src/main/resources/data/dataset3/dataset3-ra/testcase11/target-model.epml,,unknown,,unknown,
src/main/resources/data/dataset3/dataset3-ra/testcase11/target-model.epml,,unknown,,unknown,
src/main/resources/data/dataset3/dataset3-ra/testcase11/target-model.epml,,unknown,,unknown,
src/main/resources/data/dataset3/dataset3-ra/testcase11/target-model.epml,,unknown,,unknown,
src/main/resources/data/dataset3/dataset3-ra/testcase11/target-model.epml,,unknown,,unknown,
src/main/resources/data/dataset3/dataset3-ra/testcase11/target-model.epml,,unknown,,unknown,
src/main/resources/data/dataset3/dataset3-ra/testcase11/target-model.epml,,unknown,,unknown,
src/main/resources/data/dataset3/dataset3-ra/testcase11/target-model.epml,,unknown,,unknown,
src/main/resources/data/dataset3/dataset3-ra/testcase11/target-model.epml,,unknown,,unknown,
src/main/resources/data/dataset3/dataset3-ra/testcase11/target-model.epml,,unknown,,unknown,
src/main/resources/data/dataset3/dataset3-ra/testcase11/target-model.epml,,unknown,,unknown,
src/main/resources/data/dataset3/dataset3-ra/testcase11/target-model.epml,,unknown,,unknown,
src/main/resources/data/dataset3/dataset3-ra/testcase11/target-model.epml,,unknown,,unknown,
src/main/resources/data/dataset3/dataset3-ra/testcase11/target-model.epml,,unknown,,unknown,
src/main/resources/data/dataset3/dataset3-ra/testcase11/target-model.epml,,unknown,,unknown,
src/main/resources/data/dataset3/dataset3-ra/testcase11/target-model.epml,,unknown,,unknown,
src/main/resources/data/dataset3/dataset3-ra/testcase11/target-model.epml,,unknown,,unknown,
src/main/resources/data/dataset3/dataset3-ra/testcase11/target-model.epml,,unknown,,unknown,
src/main/resources/data/dataset3/dataset3-ra/testcase11/target-model.epml,,unknown,,unknown,
src/main/resources/data/dataset3/dataset3-ra/testcase11/target-model.epml,,unknown,,unknown,
src/main/resources/data/dataset3/dataset3-ra/testcase11/target-model.epml,,unknown,,unknown,
src/main/resources/data/dataset3/dataset3-ra/testcase11/target-model.epml,,unknown,,unknown,
src/main/resources/data/dataset3/dataset3-ra/testcase11/target-model.epml,,unknown,,unknown,
src/main/resources/data/dataset3/dataset3-ra/testcase11/target-model.epml,,unknown,,unknown,
src/main/resources/data/dataset3/dataset3-ra/testcase11/target-model.epml,,unknown,,unknown,
src/main/resources/data/dataset3/dataset3-ra/testcase11/target-model.epml,,unknown,,unknown,
src/main/resources/data/dataset3/dataset3-ra/testcase11/target-model.epml,,unknown,,unknown,
src/main/resources/data/dataset3/dataset3-ra/testcase11/target-model.epml,,unknown,,unknown,
src/main/resources/data/dataset3/dataset3-ra/testcase11/target-model.epml,,unknown,,unknown,
src/main/resources/data/dataset3/dataset3-ra/testcase11/target-model.epml,,unknown,,unknown,
src/main/resources/data/dataset3/dataset3-ra/testcase11/target-model.epml,,unknown,,unknown,
src/main/resources/data/dataset3/dataset3-ra/testcase11/target-model.epml,,unknown,,unknown,
src/main/resources/data/dataset3/dataset3-ra/testcase11/target-model.epml,,unknown,,unknown,
src/main/resources/data/dataset3/dataset3-ra/testcase11/target-model.epml,,unknown,,unknown,
src/main/resources/data/dataset3/dataset3-ra/testcase11/target-model.epml,,unknown,,unknown,
src/main/resources/data/dataset3/dataset3-ra/testcase11/target-model.epml,,unknown,,unknown,
src/main/resources/data/dataset3/dataset3-ra/testcase11/target-model.epml,,unknown,,unknown,
src/main/resources/data/dataset3/dataset3-ra/testcase11/target-model.epml,,unknown,,unknown,
src/main/resources/data/dataset3/dataset3-ra/testcase11/target-model.epml,,unknown,,unknown,
src/main/resources/data/dataset3/dataset3-ra/testcase11/target-model.epml,,unknown,,unknown,
src/main/resources/data/dataset3/dataset3-ra/testcase11/target-model.epml,,unknown,,unknown,
src/main/resources/data/dataset3/dataset3-ra/testcase11/target-model.epml,,unknown,,unknown,
src/main/resources/data/dataset3/dataset3-ra/testcase11/target-model.epml,,unknown,,unknown,
src/main/resources/data/dataset3/dataset3-ra/testcase11/target-model.epml,,unknown,,unknown,
src/main/resources/data/dataset3/dataset3-ra/testcase11/target-model.epml,,unknown,,unknown,
src/main/resources/data/dataset3/dataset3-ra/testcase11/target-model.epml,,unknown,,unknown,
src/main/resources/data/dataset3/dataset3-ra/testcase11/target-model.epml,,unknown,,unknown,
src/main/resources/data/dataset3/dataset3-ra/testcase11/target-model.epml,,unknown,,unknown,
src/main/resources/data/dataset3/dataset3-ra/testcase11/target-model.epml,,unknown,,unknown,
src/main/resources/data/dataset3/dataset3-ra/testcase11/target-model.epml,,unknown,,unknown,
src/main/resources/data/dataset3/dataset3-ra/testcase11/target-model.epml,,unknown,,unknown,
src/main/resources/data/dataset3/dataset3-ra/testcase11/target-model.epml,,unknown,,unknown,
src/main/resources/data/dataset3/dataset3-ra/testcase11/target-model.epml,,unknown,,unknown,
src/main/resources/data/dataset3/dataset3-ra/testcase11/target-model.epml,,unknown,,unknown,
src/main/resources/data/dataset3/dataset3-ra/testcase11/target-model.epml,,unknown,,unknown,
src/main/resources/data/dataset3/dataset3-ra/testcase11/target-model.epml,,unknown,,unknown,
src/main/resources/data/dataset3/dataset3-ra/testcase11/target-model.epml,,unknown,,unknown,
src/main/resources/data/dataset3/dataset3-ra/testcase11/target-model.epml,,unknown,,unknown,
src/main/resources/data/dataset3/dataset3-ra/testcase11/target-model.epml,,unknown,,unknown,
src/main/resources/data/dataset3/dataset3-ra/testcase11/target-model.epml,,unknown,,unknown,
src/main/resources/data/dataset3/dataset3-ra/testcase11/target-model.epml,,unknown,,unknown,
src/main/resources/data/dataset3/dataset3-ra/testcase11/target-model.epml,,unknown,,unknown,
src/main/resources/data/dataset3/dataset3-ra/testcase11/target-model.epml,,unknown,,unknown,
src/main/resources/data/dataset3/dataset3-ra/testcase11/target-model.epml,,unknown,,unknown,
src/main/resources/data/dataset3/dataset3-ra/testcase11/target-model.epml,,unknown,,unknown,
src/main/resources/data/dataset3/dataset3-ra/testcase11/target-model.epml,,unknown,,unknown,
src/main/resources/data/dataset3/dataset3-ra/testcase11/target-model.epml,,unknown,,unknown,
src/main/resources/data/dataset3/dataset3-ra/testcase11/target-model.epml,,unknown,,unknown,
src/main/resources/data/dataset3/dataset3-ra/testcase11/target-model.epml,,unknown,,unknown,
src/main/resources/data/dataset3/dataset3-ra/testcase11/target-model.epml,,unknown,,unknown,
src/main/resources/data/dataset3/dataset3-ra/testcase11/target-model.epml,,unknown,,unknown,
src/main/resources/data/dataset3/dataset3-ra/testcase11/target-model.epml,,unknown,,unknown,
src/main/resources/data/dataset3/dataset3-ra/testcase11/target-model.epml,,unknown,,unknown,
src/main/resources/data/dataset3/dataset3-ra/testcase11/target-model.epml,,unknown,,unknown,
src/main/resources/data/dataset3/dataset3-ra/testcase11/target-model.epml,,unknown,,unknown,
src/main/resources/data/dataset3/dataset3-ra/testcase11/target-model.epml,,unknown,,unknown,
src/main/resources/data/dataset3/dataset3-ra/testcase11/target-model.epml,,unknown,,unknown,
src/main/resources/data/dataset3/dataset3-ra/testcase11/target-model.epml,,unknown,,unknown,
src/main/resources/data/dataset3/dataset3-ra/testcase11/target-model.epml,,unknown,,unknown,
src/main/resources/data/dataset3/dataset3-ra/testcase11/target-model.epml,,unknown,,unknown,
src/main/resources/data/dataset3/dataset3-ra/testcase11/target-model.epml,,unknown,,unknown,
src/main/resources/data/dataset3/dataset3-ra/testcase11/target-model.epml,,unknown,,unknown,
src/main/resources/data/dataset3/dataset3-ra/testcase11/target-model.epml,,unknown,,unknown,
src/main/resources/data/dataset3/dataset3-ra/testcase11/target-model.epml,,unknown,,unknown,
src/main/resources/data/dataset3/dataset3-ra/testcase11/target-model.epml,,unknown,,unknown,
src/main/resources/data/dataset3/dataset3-ra/testcase11/target-model.epml,,unknown,,unknown,
src/main/resources/data/dataset3/dataset3-ra/testcase11/target-model.epml,,unknown,,unknown,
src/main/resources/data/dataset3/dataset3-ra/testcase11/target-model.epml,,unknown,,unknown,
src/main/resources/data/dataset3/dataset3-ra/testcase11/target-model.epml,,unknown,,unknown,
src/main/resources/data/dataset3/dataset3-ra/testcase11/target-model.epml,,unknown,,unknown,
src/main/resources/data/dataset3/dataset3-ra/testcase11/target-model.epml,,unknown,,unknown,
src/main/resources/data/dataset3/dataset3-ra/testcase12/source-model.epml,,unknown,,unknown,
src/main/resources/data/dataset3/dataset3-ra/testcase12/source-model.epml,,unknown,,unknown,
src/main/resources/data/dataset3/dataset3-ra/testcase12/source-model.epml,,unknown,,unknown,
src/main/resources/data/dataset3/dataset3-ra/testcase12/source-model.epml,,unknown,,unknown,
src/main/resources/data/dataset3/dataset3-ra/testcase12/source-model.epml,,unknown,,unknown,
src/main/resources/data/dataset3/dataset3-ra/testcase12/source-model.epml,,unknown,,unknown,
src/main/resources/data/dataset3/dataset3-ra/testcase12/source-model.epml,,unknown,,unknown,
src/main/resources/data/dataset3/dataset3-ra/testcase12/source-model.epml,,unknown,,unknown,
src/main/resources/data/dataset3/dataset3-ra/testcase12/source-model.epml,,unknown,,unknown,
src/main/resources/data/dataset3/dataset3-ra/testcase12/source-model.epml,,unknown,,unknown,
src/main/resources/data/dataset3/dataset3-ra/testcase12/source-model.epml,,unknown,,unknown,
src/main/resources/data/dataset3/dataset3-ra/testcase12/source-model.epml,,unknown,,unknown,
src/main/resources/data/dataset3/dataset3-ra/testcase12/source-model.epml,,unknown,,unknown,
src/main/resources/data/dataset3/dataset3-ra/testcase12/source-model.epml,,unknown,,unknown,
src/main/resources/data/dataset3/dataset3-ra/testcase12/source-model.epml,,unknown,,unknown,
src/main/resources/data/dataset3/dataset3-ra/testcase12/source-model.epml,,unknown,,unknown,
src/main/resources/data/dataset3/dataset3-ra/testcase12/source-model.epml,,unknown,,unknown,
src/main/resources/data/dataset3/dataset3-ra/testcase12/source-model.epml,,unknown,,unknown,
src/main/resources/data/dataset3/dataset3-ra/testcase12/source-model.epml,,unknown,,unknown,
src/main/resources/data/dataset3/dataset3-ra/testcase12/source-model.epml,,unknown,,unknown,
src/main/resources/data/dataset3/dataset3-ra/testcase12/source-model.epml,,unknown,,unknown,
src/main/resources/data/dataset3/dataset3-ra/testcase12/source-model.epml,,unknown,,unknown,
src/main/resources/data/dataset3/dataset3-ra/testcase12/source-model.epml,,unknown,,unknown,
src/main/resources/data/dataset3/dataset3-ra/testcase12/source-model.epml,,unknown,,unknown,
src/main/resources/data/dataset3/dataset3-ra/testcase12/source-model.epml,,unknown,,unknown,
src/main/resources/data/dataset3/dataset3-ra/testcase12/source-model.epml,,unknown,,unknown,
src/main/resources/data/dataset3/dataset3-ra/testcase12/source-model.epml,,unknown,,unknown,
src/main/resources/data/dataset3/dataset3-ra/testcase12/source-model.epml,,unknown,,unknown,
src/main/resources/data/dataset3/dataset3-ra/testcase12/source-model.epml,,unknown,,unknown,
src/main/resources/data/dataset3/dataset3-ra/testcase12/source-model.epml,,unknown,,unknown,
src/main/resources/data/dataset3/dataset3-ra/testcase12/source-model.epml,,unknown,,unknown,
src/main/resources/data/dataset3/dataset3-ra/testcase12/source-model.epml,,unknown,,unknown,
src/main/resources/data/dataset3/dataset3-ra/testcase12/source-model.epml,,unknown,,unknown,
src/main/resources/data/dataset3/dataset3-ra/testcase12/source-model.epml,,unknown,,unknown,
src/main/resources/data/dataset3/dataset3-ra/testcase12/source-model.epml,,unknown,,unknown,
src/main/resources/data/dataset3/dataset3-ra/testcase12/source-model.epml,,unknown,,unknown,
src/main/resources/data/dataset3/dataset3-ra/testcase12/source-model.epml,,unknown,,unknown,
src/main/resources/data/dataset3/dataset3-ra/testcase12/source-model.epml,,unknown,,unknown,
src/main/resources/data/dataset3/dataset3-ra/testcase12/source-model.epml,,unknown,,unknown,
src/main/resources/data/dataset3/dataset3-ra/testcase12/target-model.epml,,unknown,,unknown,
src/main/resources/data/dataset3/dataset3-ra/testcase12/target-model.epml,,unknown,,unknown,
src/main/resources/data/dataset3/dataset3-ra/testcase12/target-model.epml,,unknown,,unknown,
src/main/resources/data/dataset3/dataset3-ra/testcase12/target-model.epml,,unknown,,unknown,
src/main/resources/data/dataset3/dataset3-ra/testcase12/target-model.epml,,unknown,,unknown,
src/main/resources/data/dataset3/dataset3-ra/testcase12/target-model.epml,,unknown,,unknown,
src/main/resources/data/dataset3/dataset3-ra/testcase12/target-model.epml,,unknown,,unknown,
src/main/resources/data/dataset3/dataset3-ra/testcase12/target-model.epml,,unknown,,unknown,
src/main/resources/data/dataset3/dataset3-ra/testcase12/target-model.epml,,unknown,,unknown,
src/main/resources/data/dataset3/dataset3-ra/testcase12/target-model.epml,,unknown,,unknown,
src/main/resources/data/dataset3/dataset3-ra/testcase12/target-model.epml,,unknown,,unknown,
src/main/resources/data/dataset3/dataset3-ra/testcase12/target-model.epml,,unknown,,unknown,
src/main/resources/data/dataset3/dataset3-ra/testcase12/target-model.epml,,unknown,,unknown,
src/main/resources/data/dataset3/dataset3-ra/testcase12/target-model.epml,,unknown,,unknown,
src/main/resources/data/dataset3/dataset3-ra/testcase12/target-model.epml,,unknown,,unknown,
src/main/resources/data/dataset3/dataset3-ra/testcase12/target-model.epml,,unknown,,unknown,
src/main/resources/data/dataset3/dataset3-ra/testcase12/target-model.epml,,unknown,,unknown,
src/main/resources/data/dataset3/dataset3-ra/testcase12/target-model.epml,,unknown,,unknown,
src/main/resources/data/dataset3/dataset3-ra/testcase12/target-model.epml,,unknown,,unknown,
src/main/resources/data/dataset3/dataset3-ra/testcase12/target-model.epml,,unknown,,unknown,
src/main/resources/data/dataset3/dataset3-ra/testcase12/target-model.epml,,unknown,,unknown,
src/main/resources/data/dataset3/dataset3-ra/testcase12/target-model.epml,,unknown,,unknown,
src/main/resources/data/dataset3/dataset3-ra/testcase12/target-model.epml,,unknown,,unknown,
src/main/resources/data/dataset3/dataset3-ra/testcase12/target-model.epml,,unknown,,unknown,
src/main/resources/data/dataset3/dataset3-ra/testcase12/target-model.epml,,unknown,,unknown,
src/main/resources/data/dataset3/dataset3-ra/testcase12/target-model.epml,,unknown,,unknown,
src/main/resources/data/dataset3/dataset3-ra/testcase12/target-model.epml,,unknown,,unknown,
src/main/resources/data/dataset3/dataset3-ra/testcase12/target-model.epml,,unknown,,unknown,
src/main/resources/data/dataset3/dataset3-ra/testcase12/target-model.epml,,unknown,,unknown,
src/main/resources/data/dataset3/dataset3-ra/testcase12/target-model.epml,,unknown,,unknown,
src/main/resources/data/dataset3/dataset3-ra/testcase12/target-model.epml,,unknown,,unknown,
src/main/resources/data/dataset3/dataset3-ra/testcase12/target-model.epml,,unknown,,unknown,
src/main/resources/data/dataset3/dataset3-ra/testcase12/target-model.epml,,unknown,,unknown,
src/main/resources/data/dataset3/dataset3-ra/testcase12/target-model.epml,,unknown,,unknown,
src/main/resources/data/dataset3/dataset3-ra/testcase12/target-model.epml,,unknown,,unknown,
src/main/resources/data/dataset3/dataset3-ra/testcase12/target-model.epml,,unknown,,unknown,
src/main/resources/data/dataset3/dataset3-ra/testcase12/target-model.epml,,unknown,,unknown,
src/main/resources/data/dataset3/dataset3-ra/testcase12/target-model.epml,,unknown,,unknown,
src/main/resources/data/dataset3/dataset3-ra/testcase12/target-model.epml,,unknown,,unknown,
src/main/resources/data/dataset3/dataset3-ra/testcase12/target-model.epml,,unknown,,unknown,
src/main/resources/data/dataset3/dataset3-ra/testcase12/target-model.epml,,unknown,,unknown,
src/main/resources/data/dataset3/dataset3-ra/testcase12/target-model.epml,,unknown,,unknown,
src/main/resources/data/dataset3/dataset3-ra/testcase12/target-model.epml,,unknown,,unknown,
src/main/resources/data/dataset3/dataset3-ra/testcase12/target-model.epml,,unknown,,unknown,
src/main/resources/data/dataset3/dataset3-ra/testcase12/target-model.epml,,unknown,,unknown,
src/main/resources/data/dataset3/dataset3-ra/testcase12/target-model.epml,,unknown,,unknown,
src/main/resources/data/dataset3/dataset3-ra/testcase12/target-model.epml,,unknown,,unknown,
src/main/resources/data/dataset3/dataset3-ra/testcase12/target-model.epml,,unknown,,unknown,
src/main/resources/data/dataset3/dataset3-ra/testcase12/target-model.epml,,unknown,,unknown,
src/main/resources/data/dataset3/dataset3-ra/testcase12/target-model.epml,,unknown,,unknown,
src/main/resources/data/dataset3/dataset3-ra/testcase12/target-model.epml,,unknown,,unknown,
src/main/resources/data/dataset3/dataset3-ra/testcase12/target-model.epml,,unknown,,unknown,
src/main/resources/data/dataset3/dataset3-ra/testcase12/target-model.epml,,unknown,,unknown,
src/main/resources/data/dataset3/dataset3-ra/testcase12/target-model.epml,,unknown,,unknown,
src/main/resources/data/dataset3/dataset3-ra/testcase12/target-model.epml,,unknown,,unknown,
src/main/resources/data/dataset3/dataset3-ra/testcase13/source-model.epml,,unknown,,unknown,
src/main/resources/data/dataset3/dataset3-ra/testcase13/source-model.epml,,unknown,,unknown,
src/main/resources/data/dataset3/dataset3-ra/testcase13/source-model.epml,,unknown,,unknown,
src/main/resources/data/dataset3/dataset3-ra/testcase13/source-model.epml,,unknown,,unknown,
src/main/resources/data/dataset3/dataset3-ra/testcase13/source-model.epml,,unknown,,unknown,
src/main/resources/data/dataset3/dataset3-ra/testcase13/source-model.epml,,unknown,,unknown,
src/main/resources/data/dataset3/dataset3-ra/testcase13/source-model.epml,,unknown,,unknown,
src/main/resources/data/dataset3/dataset3-ra/testcase13/source-model.epml,,unknown,,unknown,
src/main/resources/data/dataset3/dataset3-ra/testcase13/source-model.epml,,unknown,,unknown,
src/main/resources/data/dataset3/dataset3-ra/testcase13/source-model.epml,,unknown,,unknown,
src/main/resources/data/dataset3/dataset3-ra/testcase13/source-model.epml,,unknown,,unknown,
src/main/resources/data/dataset3/dataset3-ra/testcase13/source-model.epml,,unknown,,unknown,
src/main/resources/data/dataset3/dataset3-ra/testcase13/source-model.epml,,unknown,,unknown,
src/main/resources/data/dataset3/dataset3-ra/testcase13/source-model.epml,,unknown,,unknown,
src/main/resources/data/dataset3/dataset3-ra/testcase13/source-model.epml,,unknown,,unknown,
src/main/resources/data/dataset3/dataset3-ra/testcase13/source-model.epml,,unknown,,unknown,
src/main/resources/data/dataset3/dataset3-ra/testcase13/source-model.epml,,unknown,,unknown,
src/main/resources/data/dataset3/dataset3-ra/testcase13/source-model.epml,,unknown,,unknown,
src/main/resources/data/dataset3/dataset3-ra/testcase13/source-model.epml,,unknown,,unknown,
src/main/resources/data/dataset3/dataset3-ra/testcase13/source-model.epml,,unknown,,unknown,
src/main/resources/data/dataset3/dataset3-ra/testcase13/source-model.epml,,unknown,,unknown,
src/main/resources/data/dataset3/dataset3-ra/testcase13/source-model.epml,,unknown,,unknown,
src/main/resources/data/dataset3/dataset3-ra/testcase13/target-model.epml,,unknown,,unknown,
src/main/resources/data/dataset3/dataset3-ra/testcase13/target-model.epml,,unknown,,unknown,
src/main/resources/data/dataset3/dataset3-ra/testcase13/target-model.epml,,unknown,,unknown,
src/main/resources/data/dataset3/dataset3-ra/testcase13/target-model.epml,,unknown,,unknown,
src/main/resources/data/dataset3/dataset3-ra/testcase13/target-model.epml,,unknown,,unknown,
src/main/resources/data/dataset3/dataset3-ra/testcase13/target-model.epml,,unknown,,unknown,
src/main/resources/data/dataset3/dataset3-ra/testcase13/target-model.epml,,unknown,,unknown,
src/main/resources/data/dataset3/dataset3-ra/testcase13/target-model.epml,,unknown,,unknown,
src/main/resources/data/dataset3/dataset3-ra/testcase13/target-model.epml,,unknown,,unknown,
src/main/resources/data/dataset3/dataset3-ra/testcase13/target-model.epml,,unknown,,unknown,
src/main/resources/data/dataset3/dataset3-ra/testcase13/target-model.epml,,unknown,,unknown,
src/main/resources/data/dataset3/dataset3-ra/testcase13/target-model.epml,,unknown,,unknown,
src/main/resources/data/dataset3/dataset3-ra/testcase13/target-model.epml,,unknown,,unknown,
src/main/resources/data/dataset3/dataset3-ra/testcase13/target-model.epml,,unknown,,unknown,
src/main/resources/data/dataset3/dataset3-ra/testcase13/target-model.epml,,unknown,,unknown,
src/main/resources/data/dataset3/dataset3-ra/testcase13/target-model.epml,,unknown,,unknown,
src/main/resources/data/dataset3/dataset3-ra/testcase13/target-model.epml,,unknown,,unknown,
src/main/resources/data/dataset3/dataset3-ra/testcase13/target-model.epml,,unknown,,unknown,
src/main/resources/data/dataset3/dataset3-ra/testcase13/target-model.epml,,unknown,,unknown,
src/main/resources/data/dataset3/dataset3-ra/testcase13/target-model.epml,,unknown,,unknown,
src/main/resources/data/dataset3/dataset3-ra/testcase13/target-model.epml,,unknown,,unknown,
src/main/resources/data/dataset3/dataset3-ra/testcase13/target-model.epml,,unknown,,unknown,
src/main/resources/data/dataset3/dataset3-ra/testcase14/source-model.epml,,unknown,,unknown,
src/main/resources/data/dataset3/dataset3-ra/testcase14/source-model.epml,,unknown,,unknown,
src/main/resources/data/dataset3/dataset3-ra/testcase14/source-model.epml,,unknown,,unknown,
src/main/resources/data/dataset3/dataset3-ra/testcase14/source-model.epml,,unknown,,unknown,
src/main/resources/data/dataset3/dataset3-ra/testcase14/source-model.epml,,unknown,,unknown,
src/main/resources/data/dataset3/dataset3-ra/testcase14/source-model.epml,,unknown,,unknown,
src/main/resources/data/dataset3/dataset3-ra/testcase14/source-model.epml,,unknown,,unknown,
src/main/resources/data/dataset3/dataset3-ra/testcase14/source-model.epml,,unknown,,unknown,
src/main/resources/data/dataset3/dataset3-ra/testcase14/source-model.epml,,unknown,,unknown,
src/main/resources/data/dataset3/dataset3-ra/testcase14/source-model.epml,,unknown,,unknown,
src/main/resources/data/dataset3/dataset3-ra/testcase14/source-model.epml,,unknown,,unknown,
src/main/resources/data/dataset3/dataset3-ra/testcase14/source-model.epml,,unknown,,unknown,
src/main/resources/data/dataset3/dataset3-ra/testcase14/source-model.epml,,unknown,,unknown,
src/main/resources/data/dataset3/dataset3-ra/testcase14/source-model.epml,,unknown,,unknown,
src/main/resources/data/dataset3/dataset3-ra/testcase14/source-model.epml,,unknown,,unknown,
src/main/resources/data/dataset3/dataset3-ra/testcase14/source-model.epml,,unknown,,unknown,
src/main/resources/data/dataset3/dataset3-ra/testcase14/source-model.epml,,unknown,,unknown,
src/main/resources/data/dataset3/dataset3-ra/testcase14/source-model.epml,,unknown,,unknown,
src/main/resources/data/dataset3/dataset3-ra/testcase14/source-model.epml,,unknown,,unknown,
src/main/resources/data/dataset3/dataset3-ra/testcase14/source-model.epml,,unknown,,unknown,
src/main/resources/data/dataset3/dataset3-ra/testcase14/source-model.epml,,unknown,,unknown,
src/main/resources/data/dataset3/dataset3-ra/testcase14/source-model.epml,,unknown,,unknown,
src/main/resources/data/dataset3/dataset3-ra/testcase14/source-model.epml,,unknown,,unknown,
src/main/resources/data/dataset3/dataset3-ra/testcase14/source-model.epml,,unknown,,unknown,
src/main/resources/data/dataset3/dataset3-ra/testcase14/source-model.epml,,unknown,,unknown,
src/main/resources/data/dataset3/dataset3-ra/testcase14/source-model.epml,,unknown,,unknown,
src/main/resources/data/dataset3/dataset3-ra/testcase14/source-model.epml,,unknown,,unknown,
src/main/resources/data/dataset3/dataset3-ra/testcase14/source-model.epml,,unknown,,unknown,
src/main/resources/data/dataset3/dataset3-ra/testcase14/source-model.epml,,unknown,,unknown,
src/main/resources/data/dataset3/dataset3-ra/testcase14/source-model.epml,,unknown,,unknown,
src/main/resources/data/dataset3/dataset3-ra/testcase14/source-model.epml,,unknown,,unknown,
src/main/resources/data/dataset3/dataset3-ra/testcase14/source-model.epml,,unknown,,unknown,
src/main/resources/data/dataset3/dataset3-ra/testcase14/source-model.epml,,unknown,,unknown,
src/main/resources/data/dataset3/dataset3-ra/testcase14/source-model.epml,,unknown,,unknown,
src/main/resources/data/dataset3/dataset3-ra/testcase14/source-model.epml,,unknown,,unknown,
src/main/resources/data/dataset3/dataset3-ra/testcase14/source-model.epml,,unknown,,unknown,
src/main/resources/data/dataset3/dataset3-ra/testcase14/source-model.epml,,unknown,,unknown,
src/main/resources/data/dataset3/dataset3-ra/testcase14/source-model.epml,,unknown,,unknown,
src/main/resources/data/dataset3/dataset3-ra/testcase14/source-model.epml,,unknown,,unknown,
src/main/resources/data/dataset3/dataset3-ra/testcase14/source-model.epml,,unknown,,unknown,
src/main/resources/data/dataset3/dataset3-ra/testcase14/source-model.epml,,unknown,,unknown,
src/main/resources/data/dataset3/dataset3-ra/testcase14/source-model.epml,,unknown,,unknown,
src/main/resources/data/dataset3/dataset3-ra/testcase14/source-model.epml,,unknown,,unknown,
src/main/resources/data/dataset3/dataset3-ra/testcase14/source-model.epml,,unknown,,unknown,
src/main/resources/data/dataset3/dataset3-ra/testcase14/source-model.epml,,unknown,,unknown,
src/main/resources/data/dataset3/dataset3-ra/testcase14/source-model.epml,,unknown,,unknown,
src/main/resources/data/dataset3/dataset3-ra/testcase14/source-model.epml,,unknown,,unknown,
src/main/resources/data/dataset3/dataset3-ra/testcase14/source-model.epml,,unknown,,unknown,
src/main/resources/data/dataset3/dataset3-ra/testcase14/source-model.epml,,unknown,,unknown,
src/main/resources/data/dataset3/dataset3-ra/testcase14/source-model.epml,,unknown,,unknown,
src/main/resources/data/dataset3/dataset3-ra/testcase14/source-model.epml,,unknown,,unknown,
src/main/resources/data/dataset3/dataset3-ra/testcase14/source-model.epml,,unknown,,unknown,
src/main/resources/data/dataset3/dataset3-ra/testcase14/source-model.epml,,unknown,,unknown,
src/main/resources/data/dataset3/dataset3-ra/testcase14/source-model.epml,,unknown,,unknown,
src/main/resources/data/dataset3/dataset3-ra/testcase14/source-model.epml,,unknown,,unknown,
src/main/resources/data/dataset3/dataset3-ra/testcase14/source-model.epml,,unknown,,unknown,
src/main/resources/data/dataset3/dataset3-ra/testcase14/source-model.epml,,unknown,,unknown,
src/main/resources/data/dataset3/dataset3-ra/testcase14/source-model.epml,,unknown,,unknown,
src/main/resources/data/dataset3/dataset3-ra/testcase14/source-model.epml,,unknown,,unknown,
src/main/resources/data/dataset3/dataset3-ra/testcase14/source-model.epml,,unknown,,unknown,
src/main/resources/data/dataset3/dataset3-ra/testcase14/source-model.epml,,unknown,,unknown,
src/main/resources/data/dataset3/dataset3-ra/testcase14/source-model.epml,,unknown,,unknown,
src/main/resources/data/dataset3/dataset3-ra/testcase14/source-model.epml,,unknown,,unknown,
src/main/resources/data/dataset3/dataset3-ra/testcase14/source-model.epml,,unknown,,unknown,
src/main/resources/data/dataset3/dataset3-ra/testcase14/source-model.epml,,unknown,,unknown,
src/main/resources/data/dataset3/dataset3-ra/testcase14/source-model.epml,,unknown,,unknown,
src/main/resources/data/dataset3/dataset3-ra/testcase14/source-model.epml,,unknown,,unknown,
src/main/resources/data/dataset3/dataset3-ra/testcase14/source-model.epml,,unknown,,unknown,
src/main/resources/data/dataset3/dataset3-ra/testcase14/source-model.epml,,unknown,,unknown,
src/main/resources/data/dataset3/dataset3-ra/testcase14/source-model.epml,,unknown,,unknown,
src/main/resources/data/dataset3/dataset3-ra/testcase14/source-model.epml,,unknown,,unknown,
src/main/resources/data/dataset3/dataset3-ra/testcase14/source-model.epml,,unknown,,unknown,
src/main/resources/data/dataset3/dataset3-ra/testcase14/target-model.epml,,unknown,,unknown,
src/main/resources/data/dataset3/dataset3-ra/testcase14/target-model.epml,,unknown,,unknown,
src/main/resources/data/dataset3/dataset3-ra/testcase14/target-model.epml,,unknown,,unknown,
src/main/resources/data/dataset3/dataset3-ra/testcase14/target-model.epml,,unknown,,unknown,
src/main/resources/data/dataset3/dataset3-ra/testcase14/target-model.epml,,unknown,,unknown,
src/main/resources/data/dataset3/dataset3-ra/testcase14/target-model.epml,,unknown,,unknown,
src/main/resources/data/dataset3/dataset3-ra/testcase14/target-model.epml,,unknown,,unknown,
src/main/resources/data/dataset3/dataset3-ra/testcase14/target-model.epml,,unknown,,unknown,
src/main/resources/data/dataset3/dataset3-ra/testcase14/target-model.epml,,unknown,,unknown,
src/main/resources/data/dataset3/dataset3-ra/testcase14/target-model.epml,,unknown,,unknown,
src/main/resources/data/dataset3/dataset3-ra/testcase14/target-model.epml,,unknown,,unknown,
src/main/resources/data/dataset3/dataset3-ra/testcase14/target-model.epml,,unknown,,unknown,
src/main/resources/data/dataset3/dataset3-ra/testcase14/target-model.epml,,unknown,,unknown,
src/main/resources/data/dataset3/dataset3-ra/testcase14/target-model.epml,,unknown,,unknown,
src/main/resources/data/dataset3/dataset3-ra/testcase14/target-model.epml,,unknown,,unknown,
src/main/resources/data/dataset3/dataset3-ra/testcase14/target-model.epml,,unknown,,unknown,
src/main/resources/data/dataset3/dataset3-ra/testcase14/target-model.epml,,unknown,,unknown,
src/main/resources/data/dataset3/dataset3-ra/testcase14/target-model.epml,,unknown,,unknown,
src/main/resources/data/dataset3/dataset3-ra/testcase14/target-model.epml,,unknown,,unknown,
src/main/resources/data/dataset3/dataset3-ra/testcase14/target-model.epml,,unknown,,unknown,
src/main/resources/data/dataset3/dataset3-ra/testcase14/target-model.epml,,unknown,,unknown,
src/main/resources/data/dataset3/dataset3-ra/testcase14/target-model.epml,,unknown,,unknown,
src/main/resources/data/dataset3/dataset3-ra/testcase14/target-model.epml,,unknown,,unknown,
src/main/resources/data/dataset3/dataset3-ra/testcase14/target-model.epml,,unknown,,unknown,
src/main/resources/data/dataset3/dataset3-ra/testcase14/target-model.epml,,unknown,,unknown,
src/main/resources/data/dataset3/dataset3-ra/testcase14/target-model.epml,,unknown,,unknown,
src/main/resources/data/dataset3/dataset3-ra/testcase14/target-model.epml,,unknown,,unknown,
src/main/resources/data/dataset3/dataset3-ra/testcase14/target-model.epml,,unknown,,unknown,
src/main/resources/data/dataset3/dataset3-ra/testcase14/target-model.epml,,unknown,,unknown,
src/main/resources/data/dataset3/dataset3-ra/testcase14/target-model.epml,,unknown,,unknown,
src/main/resources/data/dataset3/dataset3-ra/testcase14/target-model.epml,,unknown,,unknown,
src/main/resources/data/dataset3/dataset3-ra/testcase14/target-model.epml,,unknown,,unknown,
src/main/resources/data/dataset3/dataset3-ra/testcase14/target-model.epml,,unknown,,unknown,
src/main/resources/data/dataset3/dataset3-ra/testcase14/target-model.epml,,unknown,,unknown,
src/main/resources/data/dataset3/dataset3-ra/testcase14/target-model.epml,,unknown,,unknown,
src/main/resources/data/dataset3/dataset3-ra/testcase14/target-model.epml,,unknown,,unknown,
src/main/resources/data/dataset3/dataset3-ra/testcase14/target-model.epml,,unknown,,unknown,
src/main/resources/data/dataset3/dataset3-ra/testcase14/target-model.epml,,unknown,,unknown,
src/main/resources/data/dataset3/dataset3-ra/testcase14/target-model.epml,,unknown,,unknown,
src/main/resources/data/dataset3/dataset3-ra/testcase14/target-model.epml,,unknown,,unknown,
src/main/resources/data/dataset3/dataset3-ra/testcase14/target-model.epml,,unknown,,unknown,
src/main/resources/data/dataset3/dataset3-ra/testcase14/target-model.epml,,unknown,,unknown,
src/main/resources/data/dataset3/dataset3-ra/testcase14/target-model.epml,,unknown,,unknown,
src/main/resources/data/dataset3/dataset3-ra/testcase14/target-model.epml,,unknown,,unknown,
src/main/resources/data/dataset3/dataset3-ra/testcase14/target-model.epml,,unknown,,unknown,
src/main/resources/data/dataset3/dataset3-ra/testcase14/target-model.epml,,unknown,,unknown,
src/main/resources/data/dataset3/dataset3-ra/testcase14/target-model.epml,,unknown,,unknown,
src/main/resources/data/dataset3/dataset3-ra/testcase14/target-model.epml,,unknown,,unknown,
src/main/resources/data/dataset3/dataset3-ra/testcase14/target-model.epml,,unknown,,unknown,
src/main/resources/data/dataset3/dataset3-ra/testcase14/target-model.epml,,unknown,,unknown,
src/main/resources/data/dataset3/dataset3-ra/testcase14/target-model.epml,,unknown,,unknown,
src/main/resources/data/dataset3/dataset3-ra/testcase14/target-model.epml,,unknown,,unknown,
src/main/resources/data/dataset3/dataset3-ra/testcase15/source-model.epml,,unknown,,unknown,
src/main/resources/data/dataset3/dataset3-ra/testcase15/source-model.epml,,unknown,,unknown,
src/main/resources/data/dataset3/dataset3-ra/testcase15/source-model.epml,,unknown,,unknown,
src/main/resources/data/dataset3/dataset3-ra/testcase15/source-model.epml,,unknown,,unknown,
src/main/resources/data/dataset3/dataset3-ra/testcase15/source-model.epml,,unknown,,unknown,
src/main/resources/data/dataset3/dataset3-ra/testcase15/source-model.epml,,unknown,,unknown,
src/main/resources/data/dataset3/dataset3-ra/testcase15/source-model.epml,,unknown,,unknown,
src/main/resources/data/dataset3/dataset3-ra/testcase15/source-model.epml,,unknown,,unknown,
src/main/resources/data/dataset3/dataset3-ra/testcase15/source-model.epml,,unknown,,unknown,
src/main/resources/data/dataset3/dataset3-ra/testcase15/source-model.epml,,unknown,,unknown,
src/main/resources/data/dataset3/dataset3-ra/testcase15/target-model.epml,,unknown,,unknown,
src/main/resources/data/dataset3/dataset3-ra/testcase15/target-model.epml,,unknown,,unknown,
src/main/resources/data/dataset3/dataset3-ra/testcase15/target-model.epml,,unknown,,unknown,
src/main/resources/data/dataset3/dataset3-ra/testcase15/target-model.epml,,unknown,,unknown,
src/main/resources/data/dataset3/dataset3-ra/testcase15/target-model.epml,,unknown,,unknown,
src/main/resources/data/dataset3/dataset3-ra/testcase15/target-model.epml,,unknown,,unknown,
src/main/resources/data/dataset3/dataset3-ra/testcase15/target-model.epml,,unknown,,unknown,
src/main/resources/data/dataset3/dataset3-ra/testcase15/target-model.epml,,unknown,,unknown,
src/main/resources/data/dataset3/dataset3-ra/testcase15/target-model.epml,,unknown,,unknown,
src/main/resources/data/dataset3/dataset3-ra/testcase15/target-model.epml,,unknown,,unknown,
src/main/resources/data/dataset3/dataset3-ra/testcase15/target-model.epml,,unknown,,unknown,
src/main/resources/data/dataset3/dataset3-ra/testcase15/target-model.epml,,unknown,,unknown,
src/main/resources/data/dataset3/dataset3-ra/testcase15/target-model.epml,,unknown,,unknown,
src/main/resources/data/dataset3/dataset3-ra/testcase15/target-model.epml,,unknown,,unknown,
src/main/resources/data/dataset3/dataset3-ra/testcase15/target-model.epml,,unknown,,unknown,
src/main/resources/data/dataset3/dataset3-ra/testcase15/target-model.epml,,unknown,,unknown,
src/main/resources/data/dataset3/dataset3-ra/testcase15/target-model.epml,,unknown,,unknown,
src/main/resources/data/dataset3/dataset3-ra/testcase15/target-model.epml,,unknown,,unknown,
src/main/resources/data/dataset3/dataset3-ra/testcase15/target-model.epml,,unknown,,unknown,
src/main/resources/data/dataset3/dataset3-ra/testcase15/target-model.epml,,unknown,,unknown,
src/main/resources/data/dataset3/dataset3-ra/testcase15/target-model.epml,,unknown,,unknown,
src/main/resources/data/dataset3/dataset3-ra/testcase15/target-model.epml,,unknown,,unknown,
src/main/resources/data/dataset3/dataset3-ra/testcase15/target-model.epml,,unknown,,unknown,
src/main/resources/data/dataset3/dataset3-ra/testcase15/target-model.epml,,unknown,,unknown,
src/main/resources/data/dataset3/dataset3-ra/testcase16/source-model.epml,,unknown,,unknown,
src/main/resources/data/dataset3/dataset3-ra/testcase16/source-model.epml,,unknown,,unknown,
src/main/resources/data/dataset3/dataset3-ra/testcase16/source-model.epml,,unknown,,unknown,
src/main/resources/data/dataset3/dataset3-ra/testcase16/source-model.epml,,unknown,,unknown,
src/main/resources/data/dataset3/dataset3-ra/testcase16/source-model.epml,,unknown,,unknown,
src/main/resources/data/dataset3/dataset3-ra/testcase16/source-model.epml,,unknown,,unknown,
src/main/resources/data/dataset3/dataset3-ra/testcase16/source-model.epml,,unknown,,unknown,
src/main/resources/data/dataset3/dataset3-ra/testcase16/source-model.epml,,unknown,,unknown,
src/main/resources/data/dataset3/dataset3-ra/testcase16/source-model.epml,,unknown,,unknown,
src/main/resources/data/dataset3/dataset3-ra/testcase16/source-model.epml,,unknown,,unknown,
src/main/resources/data/dataset3/dataset3-ra/testcase16/source-model.epml,,unknown,,unknown,
src/main/resources/data/dataset3/dataset3-ra/testcase16/source-model.epml,,unknown,,unknown,
src/main/resources/data/dataset3/dataset3-ra/testcase16/source-model.epml,,unknown,,unknown,
src/main/resources/data/dataset3/dataset3-ra/testcase16/source-model.epml,,unknown,,unknown,
src/main/resources/data/dataset3/dataset3-ra/testcase16/source-model.epml,,unknown,,unknown,
src/main/resources/data/dataset3/dataset3-ra/testcase16/source-model.epml,,unknown,,unknown,
src/main/resources/data/dataset3/dataset3-ra/testcase16/source-model.epml,,unknown,,unknown,
src/main/resources/data/dataset3/dataset3-ra/testcase16/source-model.epml,,unknown,,unknown,
src/main/resources/data/dataset3/dataset3-ra/testcase16/source-model.epml,,unknown,,unknown,
src/main/resources/data/dataset3/dataset3-ra/testcase16/source-model.epml,,unknown,,unknown,
src/main/resources/data/dataset3/dataset3-ra/testcase16/source-model.epml,,unknown,,unknown,
src/main/resources/data/dataset3/dataset3-ra/testcase16/source-model.epml,,unknown,,unknown,
src/main/resources/data/dataset3/dataset3-ra/testcase16/source-model.epml,,unknown,,unknown,
src/main/resources/data/dataset3/dataset3-ra/testcase16/source-model.epml,,unknown,,unknown,
src/main/resources/data/dataset3/dataset3-ra/testcase16/source-model.epml,,unknown,,unknown,
src/main/resources/data/dataset3/dataset3-ra/testcase16/target-model.epml,,unknown,,unknown,
src/main/resources/data/dataset3/dataset3-ra/testcase16/target-model.epml,,unknown,,unknown,
src/main/resources/data/dataset3/dataset3-ra/testcase16/target-model.epml,,unknown,,unknown,
src/main/resources/data/dataset3/dataset3-ra/testcase16/target-model.epml,,unknown,,unknown,
src/main/resources/data/dataset3/dataset3-ra/testcase16/target-model.epml,,unknown,,unknown,
src/main/resources/data/dataset3/dataset3-ra/testcase16/target-model.epml,,unknown,,unknown,
src/main/resources/data/dataset3/dataset3-ra/testcase16/target-model.epml,,unknown,,unknown,
src/main/resources/data/dataset3/dataset3-ra/testcase16/target-model.epml,,unknown,,unknown,
src/main/resources/data/dataset3/dataset3-ra/testcase16/target-model.epml,,unknown,,unknown,
src/main/resources/data/dataset3/dataset3-ra/testcase16/target-model.epml,,unknown,,unknown,
src/main/resources/data/dataset3/dataset3-ra/testcase16/target-model.epml,,unknown,,unknown,
src/main/resources/data/dataset3/dataset3-ra/testcase16/target-model.epml,,unknown,,unknown,
src/main/resources/data/dataset3/dataset3-ra/testcase16/target-model.epml,,unknown,,unknown,
src/main/resources/data/dataset3/dataset3-ra/testcase16/target-model.epml,,unknown,,unknown,
src/main/resources/data/dataset3/dataset3-ra/testcase16/target-model.epml,,unknown,,unknown,
src/main/resources/data/dataset3/dataset3-ra/testcase16/target-model.epml,,unknown,,unknown,
src/main/resources/data/dataset3/dataset3-ra/testcase16/target-model.epml,,unknown,,unknown,
src/main/resources/data/dataset3/dataset3-ra/testcase16/target-model.epml,,unknown,,unknown,
src/main/resources/data/dataset3/dataset3-ra/testcase16/target-model.epml,,unknown,,unknown,
src/main/resources/data/dataset3/dataset3-ra/testcase16/target-model.epml,,unknown,,unknown,
src/main/resources/data/dataset3/dataset3-ra/testcase16/target-model.epml,,unknown,,unknown,
src/main/resources/data/dataset3/dataset3-ra/testcase16/target-model.epml,,unknown,,unknown,
src/main/resources/data/dataset3/dataset3-ra/testcase17/source-model.epml,,unknown,,unknown,
src/main/resources/data/dataset3/dataset3-ra/testcase17/source-model.epml,,unknown,,unknown,
src/main/resources/data/dataset3/dataset3-ra/testcase17/source-model.epml,,unknown,,unknown,
src/main/resources/data/dataset3/dataset3-ra/testcase17/source-model.epml,,unknown,,unknown,
src/main/resources/data/dataset3/dataset3-ra/testcase17/target-model.epml,,unknown,,unknown,
src/main/resources/data/dataset3/dataset3-ra/testcase17/target-model.epml,,unknown,,unknown,
src/main/resources/data/dataset3/dataset3-ra/testcase17/target-model.epml,,unknown,,unknown,
src/main/resources/data/dataset3/dataset3-ra/testcase17/target-model.epml,,unknown,,unknown,
src/main/resources/data/dataset3/dataset3-ra/testcase17/target-model.epml,,unknown,,unknown,
src/main/resources/data/dataset3/dataset3-ra/testcase17/target-model.epml,,unknown,,unknown,
src/main/resources/data/dataset3/dataset3-ra/testcase17/target-model.epml,,unknown,,unknown,
src/main/resources/data/dataset3/dataset3-ra/testcase17/target-model.epml,,unknown,,unknown,
src/main/resources/data/dataset3/dataset3-ra/testcase17/target-model.epml,,unknown,,unknown,
src/main/resources/data/dataset3/dataset3-ra/testcase17/target-model.epml,,unknown,,unknown,
src/main/resources/data/dataset3/dataset3-ra/testcase17/target-model.epml,,unknown,,unknown,
src/main/resources/data/dataset3/dataset3-ra/testcase17/target-model.epml,,unknown,,unknown,
src/main/resources/data/dataset3/dataset3-ra/testcase17/target-model.epml,,unknown,,unknown,
src/main/resources/data/dataset3/dataset3-ra/testcase17/target-model.epml,,unknown,,unknown,
src/main/resources/data/dataset3/dataset3-ra/testcase17/target-model.epml,,unknown,,unknown,
src/main/resources/data/dataset3/dataset3-ra/testcase17/target-model.epml,,unknown,,unknown,
src/main/resources/data/dataset3/dataset3-ra/testcase17/target-model.epml,,unknown,,unknown,
src/main/resources/data/dataset3/dataset3-ra/testcase17/target-model.epml,,unknown,,unknown,
src/main/resources/data/dataset3/dataset3-ra/testcase17/target-model.epml,,unknown,,unknown,
src/main/resources/data/dataset3/dataset3-ra/testcase17/target-model.epml,,unknown,,unknown,
src/main/resources/data/dataset3/dataset3-ra/testcase17/target-model.epml,,unknown,,unknown,
src/main/resources/data/dataset3/dataset3-ra/testcase17/target-model.epml,,unknown,,unknown,
src/main/resources/data/dataset3/dataset3-ra/testcase17/target-model.epml,,unknown,,unknown,
src/main/resources/data/dataset3/dataset3-ra/testcase17/target-model.epml,,unknown,,unknown,
src/main/resources/data/dataset3/dataset3-ra/testcase17/target-model.epml,,unknown,,unknown,
src/main/resources/data/dataset3/dataset3-ra/testcase17/target-model.epml,,unknown,,unknown,
src/main/resources/data/dataset3/dataset3-ra/testcase17/target-model.epml,,unknown,,unknown,
src/main/resources/data/dataset3/dataset3-ra/testcase17/target-model.epml,,unknown,,unknown,
src/main/resources/data/dataset3/dataset3-ra/testcase17/target-model.epml,,unknown,,unknown,
src/main/resources/data/dataset3/dataset3-ra/testcase17/target-model.epml,,unknown,,unknown,
src/main/resources/data/dataset3/dataset3-ra/testcase17/target-model.epml,,unknown,,unknown,
src/main/resources/data/dataset3/dataset3-ra/testcase17/target-model.epml,,unknown,,unknown,
src/main/resources/data/dataset3/dataset3-ra/testcase17/target-model.epml,,unknown,,unknown,
src/main/resources/data/dataset3/dataset3-ra/testcase17/target-model.epml,,unknown,,unknown,
src/main/resources/data/dataset3/dataset3-ra/testcase17/target-model.epml,,unknown,,unknown,
src/main/resources/data/dataset3/dataset3-ra/testcase17/target-model.epml,,unknown,,unknown,
src/main/resources/data/dataset3/dataset3-ra/testcase17/target-model.epml,,unknown,,unknown,
src/main/resources/data/dataset3/dataset3-ra/testcase18/source-model.epml,,unknown,,unknown,
src/main/resources/data/dataset3/dataset3-ra/testcase18/source-model.epml,,unknown,,unknown,
src/main/resources/data/dataset3/dataset3-ra/testcase18/source-model.epml,,unknown,,unknown,
src/main/resources/data/dataset3/dataset3-ra/testcase18/source-model.epml,,unknown,,unknown,
src/main/resources/data/dataset3/dataset3-ra/testcase18/source-model.epml,,unknown,,unknown,
src/main/resources/data/dataset3/dataset3-ra/testcase18/source-model.epml,,unknown,,unknown,
src/main/resources/data/dataset3/dataset3-ra/testcase18/source-model.epml,,unknown,,unknown,
src/main/resources/data/dataset3/dataset3-ra/testcase18/source-model.epml,,unknown,,unknown,
src/main/resources/data/dataset3/dataset3-ra/testcase18/source-model.epml,,unknown,,unknown,
src/main/resources/data/dataset3/dataset3-ra/testcase18/source-model.epml,,unknown,,unknown,
src/main/resources/data/dataset3/dataset3-ra/testcase18/source-model.epml,,unknown,,unknown,
src/main/resources/data/dataset3/dataset3-ra/testcase18/source-model.epml,,unknown,,unknown,
src/main/resources/data/dataset3/dataset3-ra/testcase18/source-model.epml,,unknown,,unknown,
src/main/resources/data/dataset3/dataset3-ra/testcase18/source-model.epml,,unknown,,unknown,
src/main/resources/data/dataset3/dataset3-ra/testcase18/source-model.epml,,unknown,,unknown,
src/main/resources/data/dataset3/dataset3-ra/testcase18/source-model.epml,,unknown,,unknown,
src/main/resources/data/dataset3/dataset3-ra/testcase18/target-model.epml,,unknown,,unknown,
src/main/resources/data/dataset3/dataset3-ra/testcase18/target-model.epml,,unknown,,unknown,
src/main/resources/data/dataset3/dataset3-ra/testcase18/target-model.epml,,unknown,,unknown,
src/main/resources/data/dataset3/dataset3-ra/testcase18/target-model.epml,,unknown,,unknown,
src/main/resources/data/dataset3/dataset3-ra/testcase18/target-model.epml,,unknown,,unknown,
src/main/resources/data/dataset3/dataset3-ra/testcase18/target-model.epml,,unknown,,unknown,
src/main/resources/data/dataset3/dataset3-ra/testcase18/target-model.epml,,unknown,,unknown,
src/main/resources/data/dataset3/dataset3-ra/testcase18/target-model.epml,,unknown,,unknown,
src/main/resources/data/dataset3/dataset3-ra/testcase18/target-model.epml,,unknown,,unknown,
src/main/resources/data/dataset3/dataset3-ra/testcase18/target-model.epml,,unknown,,unknown,
src/main/resources/data/dataset3/dataset3-ra/testcase18/target-model.epml,,unknown,,unknown,
src/main/resources/data/dataset3/dataset3-ra/testcase18/target-model.epml,,unknown,,unknown,
src/main/resources/data/dataset3/dataset3-ra/testcase18/target-model.epml,,unknown,,unknown,
src/main/resources/data/dataset3/dataset3-ra/testcase18/target-model.epml,,unknown,,unknown,
src/main/resources/data/dataset3/dataset3-ra/testcase18/target-model.epml,,unknown,,unknown,
src/main/resources/data/dataset3/dataset3-ra/testcase18/target-model.epml,,unknown,,unknown,
src/main/resources/data/dataset3/dataset3-ra/testcase18/target-model.epml,,unknown,,unknown,
src/main/resources/data/dataset3/dataset3-ra/testcase18/target-model.epml,,unknown,,unknown,
src/main/resources/data/dataset3/dataset3-ra/testcase18/target-model.epml,,unknown,,unknown,
src/main/resources/data/dataset3/dataset3-ra/testcase18/target-model.epml,,unknown,,unknown,
src/main/resources/data/dataset3/dataset3-ra/testcase18/target-model.epml,,unknown,,unknown,
src/main/resources/data/dataset3/dataset3-ra/testcase18/target-model.epml,,unknown,,unknown,
src/main/resources/data/dataset3/dataset3-ra/testcase18/target-model.epml,,unknown,,unknown,
src/main/resources/data/dataset3/dataset3-ra/testcase18/target-model.epml,,unknown,,unknown,
src/main/resources/data/dataset3/dataset3-ra/testcase18/target-model.epml,,unknown,,unknown,
src/main/resources/data/dataset3/dataset3-ra/testcase18/target-model.epml,,unknown,,unknown,
src/main/resources/data/dataset3/dataset3-ra/testcase18/target-model.epml,,unknown,,unknown,
src/main/resources/data/dataset3/dataset3-ra/testcase18/target-model.epml,,unknown,,unknown,
src/main/resources/data/dataset3/dataset3-ra/testcase18/target-model.epml,,unknown,,unknown,
src/main/resources/data/dataset3/dataset3-ra/testcase18/target-model.epml,,unknown,,unknown,
src/main/resources/data/dataset3/dataset3-ra/testcase18/target-model.epml,,unknown,,unknown,
src/main/resources/data/dataset3/dataset3-ra/testcase18/target-model.epml,,unknown,,unknown,
src/main/resources/data/dataset3/dataset3-ra/testcase18/target-model.epml,,unknown,,unknown,
src/main/resources/data/dataset3/dataset3-ra/testcase18/target-model.epml,,unknown,,unknown,
src/main/resources/data/dataset3/dataset3-ra/testcase18/target-model.epml,,unknown,,unknown,
src/main/resources/data/dataset3/dataset3-ra/testcase18/target-model.epml,,unknown,,unknown,
src/main/resources/data/dataset3/dataset3-ra/testcase18/target-model.epml,,unknown,,unknown,
src/main/resources/data/dataset3/dataset3-ra/testcase18/target-model.epml,,unknown,,unknown,
src/main/resources/data/dataset3/dataset3-ra/testcase18/target-model.epml,,unknown,,unknown,
src/main/resources/data/dataset3/dataset3-ra/testcase18/target-model.epml,,unknown,,unknown,
src/main/resources/data/dataset3/dataset3-ra/testcase18/target-model.epml,,unknown,,unknown,
src/main/resources/data/dataset3/dataset3-ra/testcase18/target-model.epml,,unknown,,unknown,
src/main/resources/data/dataset3/dataset3-ra/testcase18/target-model.epml,,unknown,,unknown,
src/main/resources/data/dataset3/dataset3-ra/testcase18/target-model.epml,,unknown,,unknown,
src/main/resources/data/dataset3/dataset3-ra/testcase18/target-model.epml,,unknown,,unknown,
src/main/resources/data/dataset3/dataset3-ra/testcase18/target-model.epml,,unknown,,unknown,
src/main/resources/data/dataset3/dataset3-ra/testcase18/target-model.epml,,unknown,,unknown,
src/main/resources/data/dataset3/dataset3-ra/testcase18/target-model.epml,,unknown,,unknown,
src/main/resources/data/dataset3/dataset3-ra/testcase18/target-model.epml,,unknown,,unknown,
src/main/resources/data/dataset3/dataset3-ra/testcase18/target-model.epml,,unknown,,unknown,
src/main/resources/data/dataset3/dataset3-ra/testcase18/target-model.epml,,unknown,,unknown,
src/main/resources/data/dataset3/dataset3-ra/testcase18/target-model.epml,,unknown,,unknown,
src/main/resources/data/dataset3/dataset3-ra/testcase18/target-model.epml,,unknown,,unknown,
src/main/resources/data/dataset3/dataset3-ra/testcase18/target-model.epml,,unknown,,unknown,
src/main/resources/data/dataset3/dataset3-ra/testcase18/target-model.epml,,unknown,,unknown,
src/main/resources/data/dataset3/dataset3-ra/testcase18/target-model.epml,,unknown,,unknown,
src/main/resources/data/dataset3/dataset3-ra/testcase18/target-model.epml,,unknown,,unknown,
src/main/resources/data/dataset3/dataset3-ra/testcase18/target-model.epml,,unknown,,unknown,
src/main/resources/data/dataset3/dataset3-ra/testcase18/target-model.epml,,unknown,,unknown,
src/main/resources/data/dataset3/dataset3-ra/testcase18/target-model.epml,,unknown,,unknown,
src/main/resources/data/dataset3/dataset3-ra/testcase19/source-model.epml,,unknown,,unknown,
src/main/resources/data/dataset3/dataset3-ra/testcase19/source-model.epml,,unknown,,unknown,
src/main/resources/data/dataset3/dataset3-ra/testcase19/source-model.epml,,unknown,,unknown,
src/main/resources/data/dataset3/dataset3-ra/testcase19/source-model.epml,,unknown,,unknown,
src/main/resources/data/dataset3/dataset3-ra/testcase19/source-model.epml,,unknown,,unknown,
src/main/resources/data/dataset3/dataset3-ra/testcase19/source-model.epml,,unknown,,unknown,
src/main/resources/data/dataset3/dataset3-ra/testcase19/source-model.epml,,unknown,,unknown,
src/main/resources/data/dataset3/dataset3-ra/testcase19/source-model.epml,,unknown,,unknown,
src/main/resources/data/dataset3/dataset3-ra/testcase19/source-model.epml,,unknown,,unknown,
src/main/resources/data/dataset3/dataset3-ra/testcase19/source-model.epml,,unknown,,unknown,
src/main/resources/data/dataset3/dataset3-ra/testcase19/source-model.epml,,unknown,,unknown,
src/main/resources/data/dataset3/dataset3-ra/testcase19/source-model.epml,,unknown,,unknown,
src/main/resources/data/dataset3/dataset3-ra/testcase19/source-model.epml,,unknown,,unknown,
src/main/resources/data/dataset3/dataset3-ra/testcase19/source-model.epml,,unknown,,unknown,
src/main/resources/data/dataset3/dataset3-ra/testcase19/source-model.epml,,unknown,,unknown,
src/main/resources/data/dataset3/dataset3-ra/testcase19/source-model.epml,,unknown,,unknown,
src/main/resources/data/dataset3/dataset3-ra/testcase19/source-model.epml,,unknown,,unknown,
src/main/resources/data/dataset3/dataset3-ra/testcase19/source-model.epml,,unknown,,unknown,
src/main/resources/data/dataset3/dataset3-ra/testcase19/source-model.epml,,unknown,,unknown,
src/main/resources/data/dataset3/dataset3-ra/testcase19/source-model.epml,,unknown,,unknown,
src/main/resources/data/dataset3/dataset3-ra/testcase19/source-model.epml,,unknown,,unknown,
src/main/resources/data/dataset3/dataset3-ra/testcase19/source-model.epml,,unknown,,unknown,
src/main/resources/data/dataset3/dataset3-ra/testcase19/source-model.epml,,unknown,,unknown,
src/main/resources/data/dataset3/dataset3-ra/testcase19/source-model.epml,,unknown,,unknown,
src/main/resources/data/dataset3/dataset3-ra/testcase19/source-model.epml,,unknown,,unknown,
src/main/resources/data/dataset3/dataset3-ra/testcase19/source-model.epml,,unknown,,unknown,
src/main/resources/data/dataset3/dataset3-ra/testcase19/source-model.epml,,unknown,,unknown,
src/main/resources/data/dataset3/dataset3-ra/testcase19/source-model.epml,,unknown,,unknown,
src/main/resources/data/dataset3/dataset3-ra/testcase19/source-model.epml,,unknown,,unknown,
src/main/resources/data/dataset3/dataset3-ra/testcase19/target-model.epml,,unknown,,unknown,
src/main/resources/data/dataset3/dataset3-ra/testcase19/target-model.epml,,unknown,,unknown,
src/main/resources/data/dataset3/dataset3-ra/testcase19/target-model.epml,,unknown,,unknown,
src/main/resources/data/dataset3/dataset3-ra/testcase19/target-model.epml,,unknown,,unknown,
src/main/resources/data/dataset3/dataset3-ra/testcase19/target-model.epml,,unknown,,unknown,
src/main/resources/data/dataset3/dataset3-ra/testcase19/target-model.epml,,unknown,,unknown,
src/main/resources/data/dataset3/dataset3-ra/testcase19/target-model.epml,,unknown,,unknown,
src/main/resources/data/dataset3/dataset3-ra/testcase19/target-model.epml,,unknown,,unknown,
src/main/resources/data/dataset3/dataset3-ra/testcase19/target-model.epml,,unknown,,unknown,
src/main/resources/data/dataset3/dataset3-ra/testcase19/target-model.epml,,unknown,,unknown,
src/main/resources/data/dataset3/dataset3-ra/testcase19/target-model.epml,,unknown,,unknown,
src/main/resources/data/dataset3/dataset3-ra/testcase19/target-model.epml,,unknown,,unknown,
src/main/resources/data/dataset3/dataset3-ra/testcase19/target-model.epml,,unknown,,unknown,
src/main/resources/data/dataset3/dataset3-ra/testcase19/target-model.epml,,unknown,,unknown,
src/main/resources/data/dataset3/dataset3-ra/testcase19/target-model.epml,,unknown,,unknown,
src/main/resources/data/dataset3/dataset3-ra/testcase19/target-model.epml,,unknown,,unknown,
src/main/resources/data/dataset3/dataset3-ra/testcase19/target-model.epml,,unknown,,unknown,
src/main/resources/data/dataset3/dataset3-ra/testcase19/target-model.epml,,unknown,,unknown,
src/main/resources/data/dataset3/dataset3-ra/testcase19/target-model.epml,,unknown,,unknown,
src/main/resources/data/dataset3/dataset3-ra/testcase19/target-model.epml,,unknown,,unknown,
src/main/resources/data/dataset3/dataset3-ra/testcase19/target-model.epml,,unknown,,unknown,
src/main/resources/data/dataset3/dataset3-ra/testcase19/target-model.epml,,unknown,,unknown,
src/main/resources/data/dataset3/dataset3-ra/testcase19/target-model.epml,,unknown,,unknown,
src/main/resources/data/dataset3/dataset3-ra/testcase19/target-model.epml,,unknown,,unknown,
src/main/resources/data/dataset3/dataset3-ra/testcase19/target-model.epml,,unknown,,unknown,
src/main/resources/data/dataset3/dataset3-ra/testcase19/target-model.epml,,unknown,,unknown,
src/main/resources/data/dataset3/dataset3-ra/testcase19/target-model.epml,,unknown,,unknown,
src/main/resources/data/dataset3/dataset3-ra/testcase19/target-model.epml,,unknown,,unknown,
src/main/resources/data/dataset3/dataset3-ra/testcase19/target-model.epml,,unknown,,unknown,
src/main/resources/data/dataset3/dataset3-ra/testcase2/source-model.epml,,unknown,,unknown,
src/main/resources/data/dataset3/dataset3-ra/testcase2/source-model.epml,,unknown,,unknown,
src/main/resources/data/dataset3/dataset3-ra/testcase2/source-model.epml,,unknown,,unknown,
src/main/resources/data/dataset3/dataset3-ra/testcase2/source-model.epml,,unknown,,unknown,
src/main/resources/data/dataset3/dataset3-ra/testcase2/source-model.epml,,unknown,,unknown,
src/main/resources/data/dataset3/dataset3-ra/testcase2/source-model.epml,,unknown,,unknown,
src/main/resources/data/dataset3/dataset3-ra/testcase2/source-model.epml,,unknown,,unknown,
src/main/resources/data/dataset3/dataset3-ra/testcase2/source-model.epml,,unknown,,unknown,
src/main/resources/data/dataset3/dataset3-ra/testcase2/source-model.epml,,unknown,,unknown,
src/main/resources/data/dataset3/dataset3-ra/testcase2/source-model.epml,,unknown,,unknown,
src/main/resources/data/dataset3/dataset3-ra/testcase2/source-model.epml,,unknown,,unknown,
src/main/resources/data/dataset3/dataset3-ra/testcase2/source-model.epml,,unknown,,unknown,
src/main/resources/data/dataset3/dataset3-ra/testcase2/source-model.epml,,unknown,,unknown,
src/main/resources/data/dataset3/dataset3-ra/testcase2/source-model.epml,,unknown,,unknown,
src/main/resources/data/dataset3/dataset3-ra/testcase2/target-model.epml,,unknown,,unknown,
src/main/resources/data/dataset3/dataset3-ra/testcase2/target-model.epml,,unknown,,unknown,
src/main/resources/data/dataset3/dataset3-ra/testcase2/target-model.epml,,unknown,,unknown,
src/main/resources/data/dataset3/dataset3-ra/testcase2/target-model.epml,,unknown,,unknown,
src/main/resources/data/dataset3/dataset3-ra/testcase2/target-model.epml,,unknown,,unknown,
src/main/resources/data/dataset3/dataset3-ra/testcase2/target-model.epml,,unknown,,unknown,
src/main/resources/data/dataset3/dataset3-ra/testcase2/target-model.epml,,unknown,,unknown,
src/main/resources/data/dataset3/dataset3-ra/testcase2/target-model.epml,,unknown,,unknown,
src/main/resources/data/dataset3/dataset3-ra/testcase20/source-model.epml,,unknown,,unknown,
src/main/resources/data/dataset3/dataset3-ra/testcase20/source-model.epml,,unknown,,unknown,
src/main/resources/data/dataset3/dataset3-ra/testcase20/source-model.epml,,unknown,,unknown,
src/main/resources/data/dataset3/dataset3-ra/testcase20/source-model.epml,,unknown,,unknown,
src/main/resources/data/dataset3/dataset3-ra/testcase20/source-model.epml,,unknown,,unknown,
src/main/resources/data/dataset3/dataset3-ra/testcase20/source-model.epml,,unknown,,unknown,
src/main/resources/data/dataset3/dataset3-ra/testcase20/source-model.epml,,unknown,,unknown,
src/main/resources/data/dataset3/dataset3-ra/testcase20/source-model.epml,,unknown,,unknown,
src/main/resources/data/dataset3/dataset3-ra/testcase20/source-model.epml,,unknown,,unknown,
src/main/resources/data/dataset3/dataset3-ra/testcase20/source-model.epml,,unknown,,unknown,
src/main/resources/data/dataset3/dataset3-ra/testcase20/target-model.epml,,unknown,,unknown,
src/main/resources/data/dataset3/dataset3-ra/testcase20/target-model.epml,,unknown,,unknown,
src/main/resources/data/dataset3/dataset3-ra/testcase20/target-model.epml,,unknown,,unknown,
src/main/resources/data/dataset3/dataset3-ra/testcase20/target-model.epml,,unknown,,unknown,
src/main/resources/data/dataset3/dataset3-ra/testcase20/target-model.epml,,unknown,,unknown,
src/main/resources/data/dataset3/dataset3-ra/testcase20/target-model.epml,,unknown,,unknown,
src/main/resources/data/dataset3/dataset3-ra/testcase20/target-model.epml,,unknown,,unknown,
src/main/resources/data/dataset3/dataset3-ra/testcase20/target-model.epml,,unknown,,unknown,
src/main/resources/data/dataset3/dataset3-ra/testcase20/target-model.epml,,unknown,,unknown,
src/main/resources/data/dataset3/dataset3-ra/testcase20/target-model.epml,,unknown,,unknown,
src/main/resources/data/dataset3/dataset3-ra/testcase20/target-model.epml,,unknown,,unknown,
src/main/resources/data/dataset3/dataset3-ra/testcase20/target-model.epml,,unknown,,unknown,
src/main/resources/data/dataset3/dataset3-ra/testcase20/target-model.epml,,unknown,,unknown,
src/main/resources/data/dataset3/dataset3-ra/testcase20/target-model.epml,,unknown,,unknown,
src/main/resources/data/dataset3/dataset3-ra/testcase20/target-model.epml,,unknown,,unknown,
src/main/resources/data/dataset3/dataset3-ra/testcase20/target-model.epml,,unknown,,unknown,
src/main/resources/data/dataset3/dataset3-ra/testcase20/target-model.epml,,unknown,,unknown,
src/main/resources/data/dataset3/dataset3-ra/testcase20/target-model.epml,,unknown,,unknown,
src/main/resources/data/dataset3/dataset3-ra/testcase21/source-model.epml,,unknown,,unknown,
src/main/resources/data/dataset3/dataset3-ra/testcase21/source-model.epml,,unknown,,unknown,
src/main/resources/data/dataset3/dataset3-ra/testcase21/source-model.epml,,unknown,,unknown,
src/main/resources/data/dataset3/dataset3-ra/testcase21/source-model.epml,,unknown,,unknown,
src/main/resources/data/dataset3/dataset3-ra/testcase21/source-model.epml,,unknown,,unknown,
src/main/resources/data/dataset3/dataset3-ra/testcase21/source-model.epml,,unknown,,unknown,
src/main/resources/data/dataset3/dataset3-ra/testcase21/source-model.epml,,unknown,,unknown,
src/main/resources/data/dataset3/dataset3-ra/testcase21/source-model.epml,,unknown,,unknown,
src/main/resources/data/dataset3/dataset3-ra/testcase21/source-model.epml,,unknown,,unknown,
src/main/resources/data/dataset3/dataset3-ra/testcase21/source-model.epml,,unknown,,unknown,
src/main/resources/data/dataset3/dataset3-ra/testcase21/target-model.epml,,unknown,,unknown,
src/main/resources/data/dataset3/dataset3-ra/testcase21/target-model.epml,,unknown,,unknown,
src/main/resources/data/dataset3/dataset3-ra/testcase21/target-model.epml,,unknown,,unknown,
src/main/resources/data/dataset3/dataset3-ra/testcase21/target-model.epml,,unknown,,unknown,
src/main/resources/data/dataset3/dataset3-ra/testcase21/target-model.epml,,unknown,,unknown,
src/main/resources/data/dataset3/dataset3-ra/testcase21/target-model.epml,,unknown,,unknown,
src/main/resources/data/dataset3/dataset3-ra/testcase21/target-model.epml,,unknown,,unknown,
src/main/resources/data/dataset3/dataset3-ra/testcase21/target-model.epml,,unknown,,unknown,
src/main/resources/data/dataset3/dataset3-ra/testcase21/target-model.epml,,unknown,,unknown,
src/main/resources/data/dataset3/dataset3-ra/testcase21/target-model.epml,,unknown,,unknown,
src/main/resources/data/dataset3/dataset3-ra/testcase21/target-model.epml,,unknown,,unknown,
src/main/resources/data/dataset3/dataset3-ra/testcase21/target-model.epml,,unknown,,unknown,
src/main/resources/data/dataset3/dataset3-ra/testcase21/target-model.epml,,unknown,,unknown,
src/main/resources/data/dataset3/dataset3-ra/testcase21/target-model.epml,,unknown,,unknown,
src/main/resources/data/dataset3/dataset3-ra/testcase21/target-model.epml,,unknown,,unknown,
src/main/resources/data/dataset3/dataset3-ra/testcase21/target-model.epml,,unknown,,unknown,
src/main/resources/data/dataset3/dataset3-ra/testcase21/target-model.epml,,unknown,,unknown,
src/main/resources/data/dataset3/dataset3-ra/testcase21/target-model.epml,,unknown,,unknown,
src/main/resources/data/dataset3/dataset3-ra/testcase21/target-model.epml,,unknown,,unknown,
src/main/resources/data/dataset3/dataset3-ra/testcase21/target-model.epml,,unknown,,unknown,
src/main/resources/data/dataset3/dataset3-ra/testcase21/target-model.epml,,unknown,,unknown,
src/main/resources/data/dataset3/dataset3-ra/testcase21/target-model.epml,,unknown,,unknown,
src/main/resources/data/dataset3/dataset3-ra/testcase21/target-model.epml,,unknown,,unknown,
src/main/resources/data/dataset3/dataset3-ra/testcase21/target-model.epml,,unknown,,unknown,
src/main/resources/data/dataset3/dataset3-ra/testcase21/target-model.epml,,unknown,,unknown,
src/main/resources/data/dataset3/dataset3-ra/testcase21/target-model.epml,,unknown,,unknown,
src/main/resources/data/dataset3/dataset3-ra/testcase21/target-model.epml,,unknown,,unknown,
src/main/resources/data/dataset3/dataset3-ra/testcase21/target-model.epml,,unknown,,unknown,
src/main/resources/data/dataset3/dataset3-ra/testcase21/target-model.epml,,unknown,,unknown,
src/main/resources/data/dataset3/dataset3-ra/testcase21/target-model.epml,,unknown,,unknown,
src/main/resources/data/dataset3/dataset3-ra/testcase21/target-model.epml,,unknown,,unknown,
src/main/resources/data/dataset3/dataset3-ra/testcase21/target-model.epml,,unknown,,unknown,
src/main/resources/data/dataset3/dataset3-ra/testcase21/target-model.epml,,unknown,,unknown,
src/main/resources/data/dataset3/dataset3-ra/testcase21/target-model.epml,,unknown,,unknown,
src/main/resources/data/dataset3/dataset3-ra/testcase21/target-model.epml,,unknown,,unknown,
src/main/resources/data/dataset3/dataset3-ra/testcase21/target-model.epml,,unknown,,unknown,
src/main/resources/data/dataset3/dataset3-ra/testcase21/target-model.epml,,unknown,,unknown,
src/main/resources/data/dataset3/dataset3-ra/testcase21/target-model.epml,,unknown,,unknown,
src/main/resources/data/dataset3/dataset3-ra/testcase22/source-model.epml,,unknown,,unknown,
src/main/resources/data/dataset3/dataset3-ra/testcase22/source-model.epml,,unknown,,unknown,
src/main/resources/data/dataset3/dataset3-ra/testcase22/source-model.epml,,unknown,,unknown,
src/main/resources/data/dataset3/dataset3-ra/testcase22/source-model.epml,,unknown,,unknown,
src/main/resources/data/dataset3/dataset3-ra/testcase22/source-model.epml,,unknown,,unknown,
src/main/resources/data/dataset3/dataset3-ra/testcase22/source-model.epml,,unknown,,unknown,
src/main/resources/data/dataset3/dataset3-ra/testcase22/source-model.epml,,unknown,,unknown,
src/main/resources/data/dataset3/dataset3-ra/testcase22/source-model.epml,,unknown,,unknown,
src/main/resources/data/dataset3/dataset3-ra/testcase22/source-model.epml,,unknown,,unknown,
src/main/resources/data/dataset3/dataset3-ra/testcase22/source-model.epml,,unknown,,unknown,
src/main/resources/data/dataset3/dataset3-ra/testcase22/target-model.epml,,unknown,,unknown,
src/main/resources/data/dataset3/dataset3-ra/testcase22/target-model.epml,,unknown,,unknown,
src/main/resources/data/dataset3/dataset3-ra/testcase22/target-model.epml,,unknown,,unknown,
src/main/resources/data/dataset3/dataset3-ra/testcase22/target-model.epml,,unknown,,unknown,
src/main/resources/data/dataset3/dataset3-ra/testcase22/target-model.epml,,unknown,,unknown,
src/main/resources/data/dataset3/dataset3-ra/testcase22/target-model.epml,,unknown,,unknown,
src/main/resources/data/dataset3/dataset3-ra/testcase22/target-model.epml,,unknown,,unknown,
src/main/resources/data/dataset3/dataset3-ra/testcase22/target-model.epml,,unknown,,unknown,
src/main/resources/data/dataset3/dataset3-ra/testcase22/target-model.epml,,unknown,,unknown,
src/main/resources/data/dataset3/dataset3-ra/testcase22/target-model.epml,,unknown,,unknown,
src/main/resources/data/dataset3/dataset3-ra/testcase22/target-model.epml,,unknown,,unknown,
src/main/resources/data/dataset3/dataset3-ra/testcase22/target-model.epml,,unknown,,unknown,
src/main/resources/data/dataset3/dataset3-ra/testcase22/target-model.epml,,unknown,,unknown,
src/main/resources/data/dataset3/dataset3-ra/testcase22/target-model.epml,,unknown,,unknown,
src/main/resources/data/dataset3/dataset3-ra/testcase22/target-model.epml,,unknown,,unknown,
src/main/resources/data/dataset3/dataset3-ra/testcase22/target-model.epml,,unknown,,unknown,
src/main/resources/data/dataset3/dataset3-ra/testcase22/target-model.epml,,unknown,,unknown,
src/main/resources/data/dataset3/dataset3-ra/testcase22/target-model.epml,,unknown,,unknown,
src/main/resources/data/dataset3/dataset3-ra/testcase22/target-model.epml,,unknown,,unknown,
src/main/resources/data/dataset3/dataset3-ra/testcase22/target-model.epml,,unknown,,unknown,
src/main/resources/data/dataset3/dataset3-ra/testcase22/target-model.epml,,unknown,,unknown,
src/main/resources/data/dataset3/dataset3-ra/testcase22/target-model.epml,,unknown,,unknown,
src/main/resources/data/dataset3/dataset3-ra/testcase22/target-model.epml,,unknown,,unknown,
src/main/resources/data/dataset3/dataset3-ra/testcase22/target-model.epml,,unknown,,unknown,
src/main/resources/data/dataset3/dataset3-ra/testcase22/target-model.epml,,unknown,,unknown,
src/main/resources/data/dataset3/dataset3-ra/testcase22/target-model.epml,,unknown,,unknown,
src/main/resources/data/dataset3/dataset3-ra/testcase22/target-model.epml,,unknown,,unknown,
src/main/resources/data/dataset3/dataset3-ra/testcase22/target-model.epml,,unknown,,unknown,
src/main/resources/data/dataset3/dataset3-ra/testcase22/target-model.epml,,unknown,,unknown,
src/main/resources/data/dataset3/dataset3-ra/testcase22/target-model.epml,,unknown,,unknown,
src/main/resources/data/dataset3/dataset3-ra/testcase22/target-model.epml,,unknown,,unknown,
src/main/resources/data/dataset3/dataset3-ra/testcase22/target-model.epml,,unknown,,unknown,
src/main/resources/data/dataset3/dataset3-ra/testcase22/target-model.epml,,unknown,,unknown,
src/main/resources/data/dataset3/dataset3-ra/testcase22/target-model.epml,,unknown,,unknown,
src/main/resources/data/dataset3/dataset3-ra/testcase22/target-model.epml,,unknown,,unknown,
src/main/resources/data/dataset3/dataset3-ra/testcase22/target-model.epml,,unknown,,unknown,
src/main/resources/data/dataset3/dataset3-ra/testcase22/target-model.epml,,unknown,,unknown,
src/main/resources/data/dataset3/dataset3-ra/testcase22/target-model.epml,,unknown,,unknown,
src/main/resources/data/dataset3/dataset3-ra/testcase22/target-model.epml,,unknown,,unknown,
src/main/resources/data/dataset3/dataset3-ra/testcase22/target-model.epml,,unknown,,unknown,
src/main/resources/data/dataset3/dataset3-ra/testcase22/target-model.epml,,unknown,,unknown,
src/main/resources/data/dataset3/dataset3-ra/testcase22/target-model.epml,,unknown,,unknown,
src/main/resources/data/dataset3/dataset3-ra/testcase22/target-model.epml,,unknown,,unknown,
src/main/resources/data/dataset3/dataset3-ra/testcase22/target-model.epml,,unknown,,unknown,
src/main/resources/data/dataset3/dataset3-ra/testcase22/target-model.epml,,unknown,,unknown,
src/main/resources/data/dataset3/dataset3-ra/testcase22/target-model.epml,,unknown,,unknown,
src/main/resources/data/dataset3/dataset3-ra/testcase22/target-model.epml,,unknown,,unknown,
src/main/resources/data/dataset3/dataset3-ra/testcase22/target-model.epml,,unknown,,unknown,
src/main/resources/data/dataset3/dataset3-ra/testcase22/target-model.epml,,unknown,,unknown,
src/main/resources/data/dataset3/dataset3-ra/testcase22/target-model.epml,,unknown,,unknown,
src/main/resources/data/dataset3/dataset3-ra/testcase22/target-model.epml,,unknown,,unknown,
src/main/resources/data/dataset3/dataset3-ra/testcase22/target-model.epml,,unknown,,unknown,
src/main/resources/data/dataset3/dataset3-ra/testcase22/target-model.epml,,unknown,,unknown,
src/main/resources/data/dataset3/dataset3-ra/testcase22/target-model.epml,,unknown,,unknown,
src/main/resources/data/dataset3/dataset3-ra/testcase22/target-model.epml,,unknown,,unknown,
src/main/resources/data/dataset3/dataset3-ra/testcase22/target-model.epml,,unknown,,unknown,
src/main/resources/data/dataset3/dataset3-ra/testcase22/target-model.epml,,unknown,,unknown,
src/main/resources/data/dataset3/dataset3-ra/testcase22/target-model.epml,,unknown,,unknown,
src/main/resources/data/dataset3/dataset3-ra/testcase22/target-model.epml,,unknown,,unknown,
src/main/resources/data/dataset3/dataset3-ra/testcase22/target-model.epml,,unknown,,unknown,
src/main/resources/data/dataset3/dataset3-ra/testcase22/target-model.epml,,unknown,,unknown,
src/main/resources/data/dataset3/dataset3-ra/testcase22/target-model.epml,,unknown,,unknown,
src/main/resources/data/dataset3/dataset3-ra/testcase22/target-model.epml,,unknown,,unknown,
src/main/resources/data/dataset3/dataset3-ra/testcase22/target-model.epml,,unknown,,unknown,
src/main/resources/data/dataset3/dataset3-ra/testcase22/target-model.epml,,unknown,,unknown,
src/main/resources/data/dataset3/dataset3-ra/testcase22/target-model.epml,,unknown,,unknown,
src/main/resources/data/dataset3/dataset3-ra/testcase22/target-model.epml,,unknown,,unknown,
src/main/resources/data/dataset3/dataset3-ra/testcase22/target-model.epml,,unknown,,unknown,
src/main/resources/data/dataset3/dataset3-ra/testcase22/target-model.epml,,unknown,,unknown,
src/main/resources/data/dataset3/dataset3-ra/testcase22/target-model.epml,,unknown,,unknown,
src/main/resources/data/dataset3/dataset3-ra/testcase22/target-model.epml,,unknown,,unknown,
src/main/resources/data/dataset3/dataset3-ra/testcase22/target-model.epml,,unknown,,unknown,
src/main/resources/data/dataset3/dataset3-ra/testcase22/target-model.epml,,unknown,,unknown,
src/main/resources/data/dataset3/dataset3-ra/testcase22/target-model.epml,,unknown,,unknown,
src/main/resources/data/dataset3/dataset3-ra/testcase23/source-model.epml,,unknown,,unknown,
src/main/resources/data/dataset3/dataset3-ra/testcase23/source-model.epml,,unknown,,unknown,
src/main/resources/data/dataset3/dataset3-ra/testcase23/source-model.epml,,unknown,,unknown,
src/main/resources/data/dataset3/dataset3-ra/testcase23/source-model.epml,,unknown,,unknown,
src/main/resources/data/dataset3/dataset3-ra/testcase23/source-model.epml,,unknown,,unknown,
src/main/resources/data/dataset3/dataset3-ra/testcase23/source-model.epml,,unknown,,unknown,
src/main/resources/data/dataset3/dataset3-ra/testcase23/source-model.epml,,unknown,,unknown,
src/main/resources/data/dataset3/dataset3-ra/testcase23/source-model.epml,,unknown,,unknown,
src/main/resources/data/dataset3/dataset3-ra/testcase23/source-model.epml,,unknown,,unknown,
src/main/resources/data/dataset3/dataset3-ra/testcase23/source-model.epml,,unknown,,unknown,
src/main/resources/data/dataset3/dataset3-ra/testcase23/source-model.epml,,unknown,,unknown,
src/main/resources/data/dataset3/dataset3-ra/testcase23/source-model.epml,,unknown,,unknown,
src/main/resources/data/dataset3/dataset3-ra/testcase23/source-model.epml,,unknown,,unknown,
src/main/resources/data/dataset3/dataset3-ra/testcase23/source-model.epml,,unknown,,unknown,
src/main/resources/data/dataset3/dataset3-ra/testcase23/source-model.epml,,unknown,,unknown,
src/main/resources/data/dataset3/dataset3-ra/testcase23/source-model.epml,,unknown,,unknown,
src/main/resources/data/dataset3/dataset3-ra/testcase23/source-model.epml,,unknown,,unknown,
src/main/resources/data/dataset3/dataset3-ra/testcase23/source-model.epml,,unknown,,unknown,
src/main/resources/data/dataset3/dataset3-ra/testcase23/source-model.epml,,unknown,,unknown,
src/main/resources/data/dataset3/dataset3-ra/testcase23/source-model.epml,,unknown,,unknown,
src/main/resources/data/dataset3/dataset3-ra/testcase23/source-model.epml,,unknown,,unknown,
src/main/resources/data/dataset3/dataset3-ra/testcase23/source-model.epml,,unknown,,unknown,
src/main/resources/data/dataset3/dataset3-ra/testcase23/source-model.epml,,unknown,,unknown,
src/main/resources/data/dataset3/dataset3-ra/testcase23/source-model.epml,,unknown,,unknown,
src/main/resources/data/dataset3/dataset3-ra/testcase23/source-model.epml,,unknown,,unknown,
src/main/resources/data/dataset3/dataset3-ra/testcase23/source-model.epml,,unknown,,unknown,
src/main/resources/data/dataset3/dataset3-ra/testcase23/source-model.epml,,unknown,,unknown,
src/main/resources/data/dataset3/dataset3-ra/testcase23/source-model.epml,,unknown,,unknown,
src/main/resources/data/dataset3/dataset3-ra/testcase23/source-model.epml,,unknown,,unknown,
src/main/resources/data/dataset3/dataset3-ra/testcase23/source-model.epml,,unknown,,unknown,
src/main/resources/data/dataset3/dataset3-ra/testcase23/source-model.epml,,unknown,,unknown,
src/main/resources/data/dataset3/dataset3-ra/testcase23/source-model.epml,,unknown,,unknown,
src/main/resources/data/dataset3/dataset3-ra/testcase23/source-model.epml,,unknown,,unknown,
src/main/resources/data/dataset3/dataset3-ra/testcase23/source-model.epml,,unknown,,unknown,
src/main/resources/data/dataset3/dataset3-ra/testcase23/target-model.epml,,unknown,,unknown,
src/main/resources/data/dataset3/dataset3-ra/testcase23/target-model.epml,,unknown,,unknown,
src/main/resources/data/dataset3/dataset3-ra/testcase23/target-model.epml,,unknown,,unknown,
src/main/resources/data/dataset3/dataset3-ra/testcase23/target-model.epml,,unknown,,unknown,
src/main/resources/data/dataset3/dataset3-ra/testcase23/target-model.epml,,unknown,,unknown,
src/main/resources/data/dataset3/dataset3-ra/testcase23/target-model.epml,,unknown,,unknown,
src/main/resources/data/dataset3/dataset3-ra/testcase23/target-model.epml,,unknown,,unknown,
src/main/resources/data/dataset3/dataset3-ra/testcase23/target-model.epml,,unknown,,unknown,
src/main/resources/data/dataset3/dataset3-ra/testcase23/target-model.epml,,unknown,,unknown,
src/main/resources/data/dataset3/dataset3-ra/testcase23/target-model.epml,,unknown,,unknown,
src/main/resources/data/dataset3/dataset3-ra/testcase23/target-model.epml,,unknown,,unknown,
src/main/resources/data/dataset3/dataset3-ra/testcase23/target-model.epml,,unknown,,unknown,
src/main/resources/data/dataset3/dataset3-ra/testcase23/target-model.epml,,unknown,,unknown,
src/main/resources/data/dataset3/dataset3-ra/testcase23/target-model.epml,,unknown,,unknown,
src/main/resources/data/dataset3/dataset3-ra/testcase23/target-model.epml,,unknown,,unknown,
src/main/resources/data/dataset3/dataset3-ra/testcase23/target-model.epml,,unknown,,unknown,
src/main/resources/data/dataset3/dataset3-ra/testcase23/target-model.epml,,unknown,,unknown,
src/main/resources/data/dataset3/dataset3-ra/testcase23/target-model.epml,,unknown,,unknown,
src/main/resources/data/dataset3/dataset3-ra/testcase23/target-model.epml,,unknown,,unknown,
src/main/resources/data/dataset3/dataset3-ra/testcase23/target-model.epml,,unknown,,unknown,
src/main/resources/data/dataset3/dataset3-ra/testcase23/target-model.epml,,unknown,,unknown,
src/main/resources/data/dataset3/dataset3-ra/testcase23/target-model.epml,,unknown,,unknown,
src/main/resources/data/dataset3/dataset3-ra/testcase24/source-model.epml,,unknown,,unknown,
src/main/resources/data/dataset3/dataset3-ra/testcase24/source-model.epml,,unknown,,unknown,
src/main/resources/data/dataset3/dataset3-ra/testcase24/source-model.epml,,unknown,,unknown,
src/main/resources/data/dataset3/dataset3-ra/testcase24/source-model.epml,,unknown,,unknown,
src/main/resources/data/dataset3/dataset3-ra/testcase24/source-model.epml,,unknown,,unknown,
src/main/resources/data/dataset3/dataset3-ra/testcase24/source-model.epml,,unknown,,unknown,
src/main/resources/data/dataset3/dataset3-ra/testcase24/source-model.epml,,unknown,,unknown,
src/main/resources/data/dataset3/dataset3-ra/testcase24/source-model.epml,,unknown,,unknown,
src/main/resources/data/dataset3/dataset3-ra/testcase24/source-model.epml,,unknown,,unknown,
src/main/resources/data/dataset3/dataset3-ra/testcase24/source-model.epml,,unknown,,unknown,
src/main/resources/data/dataset3/dataset3-ra/testcase24/source-model.epml,,unknown,,unknown,
src/main/resources/data/dataset3/dataset3-ra/testcase24/source-model.epml,,unknown,,unknown,
src/main/resources/data/dataset3/dataset3-ra/testcase24/source-model.epml,,unknown,,unknown,
src/main/resources/data/dataset3/dataset3-ra/testcase24/source-model.epml,,unknown,,unknown,
src/main/resources/data/dataset3/dataset3-ra/testcase24/source-model.epml,,unknown,,unknown,
src/main/resources/data/dataset3/dataset3-ra/testcase24/source-model.epml,,unknown,,unknown,
src/main/resources/data/dataset3/dataset3-ra/testcase24/source-model.epml,,unknown,,unknown,
src/main/resources/data/dataset3/dataset3-ra/testcase24/source-model.epml,,unknown,,unknown,
src/main/resources/data/dataset3/dataset3-ra/testcase24/source-model.epml,,unknown,,unknown,
src/main/resources/data/dataset3/dataset3-ra/testcase24/source-model.epml,,unknown,,unknown,
src/main/resources/data/dataset3/dataset3-ra/testcase24/source-model.epml,,unknown,,unknown,
src/main/resources/data/dataset3/dataset3-ra/testcase24/source-model.epml,,unknown,,unknown,
src/main/resources/data/dataset3/dataset3-ra/testcase24/source-model.epml,,unknown,,unknown,
src/main/resources/data/dataset3/dataset3-ra/testcase24/source-model.epml,,unknown,,unknown,
src/main/resources/data/dataset3/dataset3-ra/testcase24/source-model.epml,,unknown,,unknown,
src/main/resources/data/dataset3/dataset3-ra/testcase24/source-model.epml,,unknown,,unknown,
src/main/resources/data/dataset3/dataset3-ra/testcase24/source-model.epml,,unknown,,unknown,
src/main/resources/data/dataset3/dataset3-ra/testcase24/source-model.epml,,unknown,,unknown,
src/main/resources/data/dataset3/dataset3-ra/testcase24/source-model.epml,,unknown,,unknown,
src/main/resources/data/dataset3/dataset3-ra/testcase24/source-model.epml,,unknown,,unknown,
src/main/resources/data/dataset3/dataset3-ra/testcase24/source-model.epml,,unknown,,unknown,
src/main/resources/data/dataset3/dataset3-ra/testcase24/source-model.epml,,unknown,,unknown,
src/main/resources/data/dataset3/dataset3-ra/testcase24/source-model.epml,,unknown,,unknown,
src/main/resources/data/dataset3/dataset3-ra/testcase24/source-model.epml,,unknown,,unknown,
src/main/resources/data/dataset3/dataset3-ra/testcase24/source-model.epml,,unknown,,unknown,
src/main/resources/data/dataset3/dataset3-ra/testcase24/source-model.epml,,unknown,,unknown,
src/main/resources/data/dataset3/dataset3-ra/testcase24/source-model.epml,,unknown,,unknown,
src/main/resources/data/dataset3/dataset3-ra/testcase24/source-model.epml,,unknown,,unknown,
src/main/resources/data/dataset3/dataset3-ra/testcase24/source-model.epml,,unknown,,unknown,
src/main/resources/data/dataset3/dataset3-ra/testcase24/source-model.epml,,unknown,,unknown,
src/main/resources/data/dataset3/dataset3-ra/testcase24/source-model.epml,,unknown,,unknown,
src/main/resources/data/dataset3/dataset3-ra/testcase24/source-model.epml,,unknown,,unknown,
src/main/resources/data/dataset3/dataset3-ra/testcase24/source-model.epml,,unknown,,unknown,
src/main/resources/data/dataset3/dataset3-ra/testcase24/source-model.epml,,unknown,,unknown,
src/main/resources/data/dataset3/dataset3-ra/testcase24/source-model.epml,,unknown,,unknown,
src/main/resources/data/dataset3/dataset3-ra/testcase24/source-model.epml,,unknown,,unknown,
src/main/resources/data/dataset3/dataset3-ra/testcase24/source-model.epml,,unknown,,unknown,
src/main/resources/data/dataset3/dataset3-ra/testcase24/source-model.epml,,unknown,,unknown,
src/main/resources/data/dataset3/dataset3-ra/testcase24/source-model.epml,,unknown,,unknown,
src/main/resources/data/dataset3/dataset3-ra/testcase24/source-model.epml,,unknown,,unknown,
src/main/resources/data/dataset3/dataset3-ra/testcase24/source-model.epml,,unknown,,unknown,
src/main/resources/data/dataset3/dataset3-ra/testcase24/source-model.epml,,unknown,,unknown,
src/main/resources/data/dataset3/dataset3-ra/testcase24/source-model.epml,,unknown,,unknown,
src/main/resources/data/dataset3/dataset3-ra/testcase24/source-model.epml,,unknown,,unknown,
src/main/resources/data/dataset3/dataset3-ra/testcase24/source-model.epml,,unknown,,unknown,
src/main/resources/data/dataset3/dataset3-ra/testcase24/source-model.epml,,unknown,,unknown,
src/main/resources/data/dataset3/dataset3-ra/testcase24/source-model.epml,,unknown,,unknown,
src/main/resources/data/dataset3/dataset3-ra/testcase24/source-model.epml,,unknown,,unknown,
src/main/resources/data/dataset3/dataset3-ra/testcase24/source-model.epml,,unknown,,unknown,
src/main/resources/data/dataset3/dataset3-ra/testcase24/source-model.epml,,unknown,,unknown,
src/main/resources/data/dataset3/dataset3-ra/testcase24/target-model.epml,,unknown,,unknown,
src/main/resources/data/dataset3/dataset3-ra/testcase24/target-model.epml,,unknown,,unknown,
src/main/resources/data/dataset3/dataset3-ra/testcase24/target-model.epml,,unknown,,unknown,
src/main/resources/data/dataset3/dataset3-ra/testcase24/target-model.epml,,unknown,,unknown,
src/main/resources/data/dataset3/dataset3-ra/testcase24/target-model.epml,,unknown,,unknown,
src/main/resources/data/dataset3/dataset3-ra/testcase24/target-model.epml,,unknown,,unknown,
src/main/resources/data/dataset3/dataset3-ra/testcase24/target-model.epml,,unknown,,unknown,
src/main/resources/data/dataset3/dataset3-ra/testcase24/target-model.epml,,unknown,,unknown,
src/main/resources/data/dataset3/dataset3-ra/testcase24/target-model.epml,,unknown,,unknown,
src/main/resources/data/dataset3/dataset3-ra/testcase24/target-model.epml,,unknown,,unknown,
src/main/resources/data/dataset3/dataset3-ra/testcase24/target-model.epml,,unknown,,unknown,
src/main/resources/data/dataset3/dataset3-ra/testcase24/target-model.epml,,unknown,,unknown,
src/main/resources/data/dataset3/dataset3-ra/testcase24/target-model.epml,,unknown,,unknown,
src/main/resources/data/dataset3/dataset3-ra/testcase24/target-model.epml,,unknown,,unknown,
src/main/resources/data/dataset3/dataset3-ra/testcase24/target-model.epml,,unknown,,unknown,
src/main/resources/data/dataset3/dataset3-ra/testcase24/target-model.epml,,unknown,,unknown,
src/main/resources/data/dataset3/dataset3-ra/testcase24/target-model.epml,,unknown,,unknown,
src/main/resources/data/dataset3/dataset3-ra/testcase24/target-model.epml,,unknown,,unknown,
src/main/resources/data/dataset3/dataset3-ra/testcase24/target-model.epml,,unknown,,unknown,
src/main/resources/data/dataset3/dataset3-ra/testcase24/target-model.epml,,unknown,,unknown,
src/main/resources/data/dataset3/dataset3-ra/testcase24/target-model.epml,,unknown,,unknown,
src/main/resources/data/dataset3/dataset3-ra/testcase24/target-model.epml,,unknown,,unknown,
src/main/resources/data/dataset3/dataset3-ra/testcase24/target-model.epml,,unknown,,unknown,
src/main/resources/data/dataset3/dataset3-ra/testcase24/target-model.epml,,unknown,,unknown,
src/main/resources/data/dataset3/dataset3-ra/testcase24/target-model.epml,,unknown,,unknown,
src/main/resources/data/dataset3/dataset3-ra/testcase24/target-model.epml,,unknown,,unknown,
src/main/resources/data/dataset3/dataset3-ra/testcase24/target-model.epml,,unknown,,unknown,
src/main/resources/data/dataset3/dataset3-ra/testcase24/target-model.epml,,unknown,,unknown,
src/main/resources/data/dataset3/dataset3-ra/testcase24/target-model.epml,,unknown,,unknown,
src/main/resources/data/dataset3/dataset3-ra/testcase24/target-model.epml,,unknown,,unknown,
src/main/resources/data/dataset3/dataset3-ra/testcase24/target-model.epml,,unknown,,unknown,
src/main/resources/data/dataset3/dataset3-ra/testcase24/target-model.epml,,unknown,,unknown,
src/main/resources/data/dataset3/dataset3-ra/testcase24/target-model.epml,,unknown,,unknown,
src/main/resources/data/dataset3/dataset3-ra/testcase24/target-model.epml,,unknown,,unknown,
src/main/resources/data/dataset3/dataset3-ra/testcase24/target-model.epml,,unknown,,unknown,
src/main/resources/data/dataset3/dataset3-ra/testcase24/target-model.epml,,unknown,,unknown,
src/main/resources/data/dataset3/dataset3-ra/testcase24/target-model.epml,,unknown,,unknown,
src/main/resources/data/dataset3/dataset3-ra/testcase24/target-model.epml,,unknown,,unknown,
src/main/resources/data/dataset3/dataset3-ra/testcase24/target-model.epml,,unknown,,unknown,
src/main/resources/data/dataset3/dataset3-ra/testcase24/target-model.epml,,unknown,,unknown,
src/main/resources/data/dataset3/dataset3-ra/testcase24/target-model.epml,,unknown,,unknown,
src/main/resources/data/dataset3/dataset3-ra/testcase24/target-model.epml,,unknown,,unknown,
src/main/resources/data/dataset3/dataset3-ra/testcase24/target-model.epml,,unknown,,unknown,
src/main/resources/data/dataset3/dataset3-ra/testcase24/target-model.epml,,unknown,,unknown,
src/main/resources/data/dataset3/dataset3-ra/testcase24/target-model.epml,,unknown,,unknown,
src/main/resources/data/dataset3/dataset3-ra/testcase24/target-model.epml,,unknown,,unknown,
src/main/resources/data/dataset3/dataset3-ra/testcase24/target-model.epml,,unknown,,unknown,
src/main/resources/data/dataset3/dataset3-ra/testcase24/target-model.epml,,unknown,,unknown,
src/main/resources/data/dataset3/dataset3-ra/testcase24/target-model.epml,,unknown,,unknown,
src/main/resources/data/dataset3/dataset3-ra/testcase24/target-model.epml,,unknown,,unknown,
src/main/resources/data/dataset3/dataset3-ra/testcase24/target-model.epml,,unknown,,unknown,
src/main/resources/data/dataset3/dataset3-ra/testcase24/target-model.epml,,unknown,,unknown,
src/main/resources/data/dataset3/dataset3-ra/testcase24/target-model.epml,,unknown,,unknown,
src/main/resources/data/dataset3/dataset3-ra/testcase25/source-model.epml,,unknown,,unknown,
src/main/resources/data/dataset3/dataset3-ra/testcase25/source-model.epml,,unknown,,unknown,
src/main/resources/data/dataset3/dataset3-ra/testcase25/source-model.epml,,unknown,,unknown,
src/main/resources/data/dataset3/dataset3-ra/testcase25/source-model.epml,,unknown,,unknown,
src/main/resources/data/dataset3/dataset3-ra/testcase25/source-model.epml,,unknown,,unknown,
src/main/resources/data/dataset3/dataset3-ra/testcase25/source-model.epml,,unknown,,unknown,
src/main/resources/data/dataset3/dataset3-ra/testcase25/source-model.epml,,unknown,,unknown,
src/main/resources/data/dataset3/dataset3-ra/testcase25/source-model.epml,,unknown,,unknown,
src/main/resources/data/dataset3/dataset3-ra/testcase25/source-model.epml,,unknown,,unknown,
src/main/resources/data/dataset3/dataset3-ra/testcase25/source-model.epml,,unknown,,unknown,
src/main/resources/data/dataset3/dataset3-ra/testcase25/source-model.epml,,unknown,,unknown,
src/main/resources/data/dataset3/dataset3-ra/testcase25/source-model.epml,,unknown,,unknown,
src/main/resources/data/dataset3/dataset3-ra/testcase25/source-model.epml,,unknown,,unknown,
src/main/resources/data/dataset3/dataset3-ra/testcase25/source-model.epml,,unknown,,unknown,
src/main/resources/data/dataset3/dataset3-ra/testcase25/source-model.epml,,unknown,,unknown,
src/main/resources/data/dataset3/dataset3-ra/testcase25/source-model.epml,,unknown,,unknown,
src/main/resources/data/dataset3/dataset3-ra/testcase25/target-model.epml,,unknown,,unknown,
src/main/resources/data/dataset3/dataset3-ra/testcase25/target-model.epml,,unknown,,unknown,
src/main/resources/data/dataset3/dataset3-ra/testcase25/target-model.epml,,unknown,,unknown,
src/main/resources/data/dataset3/dataset3-ra/testcase25/target-model.epml,,unknown,,unknown,
src/main/resources/data/dataset3/dataset3-ra/testcase25/target-model.epml,,unknown,,unknown,
src/main/resources/data/dataset3/dataset3-ra/testcase25/target-model.epml,,unknown,,unknown,
src/main/resources/data/dataset3/dataset3-ra/testcase25/target-model.epml,,unknown,,unknown,
src/main/resources/data/dataset3/dataset3-ra/testcase25/target-model.epml,,unknown,,unknown,
src/main/resources/data/dataset3/dataset3-ra/testcase25/target-model.epml,,unknown,,unknown,
src/main/resources/data/dataset3/dataset3-ra/testcase25/target-model.epml,,unknown,,unknown,
src/main/resources/data/dataset3/dataset3-ra/testcase25/target-model.epml,,unknown,,unknown,
src/main/resources/data/dataset3/dataset3-ra/testcase25/target-model.epml,,unknown,,unknown,
src/main/resources/data/dataset3/dataset3-ra/testcase26/source-model.epml,,unknown,,unknown,
src/main/resources/data/dataset3/dataset3-ra/testcase26/source-model.epml,,unknown,,unknown,
src/main/resources/data/dataset3/dataset3-ra/testcase26/source-model.epml,,unknown,,unknown,
src/main/resources/data/dataset3/dataset3-ra/testcase26/source-model.epml,,unknown,,unknown,
src/main/resources/data/dataset3/dataset3-ra/testcase26/source-model.epml,,unknown,,unknown,
src/main/resources/data/dataset3/dataset3-ra/testcase26/source-model.epml,,unknown,,unknown,
src/main/resources/data/dataset3/dataset3-ra/testcase26/source-model.epml,,unknown,,unknown,
src/main/resources/data/dataset3/dataset3-ra/testcase26/source-model.epml,,unknown,,unknown,
src/main/resources/data/dataset3/dataset3-ra/testcase26/source-model.epml,,unknown,,unknown,
src/main/resources/data/dataset3/dataset3-ra/testcase26/source-model.epml,,unknown,,unknown,
src/main/resources/data/dataset3/dataset3-ra/testcase26/source-model.epml,,unknown,,unknown,
src/main/resources/data/dataset3/dataset3-ra/testcase26/source-model.epml,,unknown,,unknown,
src/main/resources/data/dataset3/dataset3-ra/testcase26/source-model.epml,,unknown,,unknown,
src/main/resources/data/dataset3/dataset3-ra/testcase26/source-model.epml,,unknown,,unknown,
src/main/resources/data/dataset3/dataset3-ra/testcase26/source-model.epml,,unknown,,unknown,
src/main/resources/data/dataset3/dataset3-ra/testcase26/source-model.epml,,unknown,,unknown,
src/main/resources/data/dataset3/dataset3-ra/testcase26/source-model.epml,,unknown,,unknown,
src/main/resources/data/dataset3/dataset3-ra/testcase26/target-model.epml,,unknown,,unknown,
src/main/resources/data/dataset3/dataset3-ra/testcase26/target-model.epml,,unknown,,unknown,
src/main/resources/data/dataset3/dataset3-ra/testcase26/target-model.epml,,unknown,,unknown,
src/main/resources/data/dataset3/dataset3-ra/testcase26/target-model.epml,,unknown,,unknown,
src/main/resources/data/dataset3/dataset3-ra/testcase26/target-model.epml,,unknown,,unknown,
src/main/resources/data/dataset3/dataset3-ra/testcase26/target-model.epml,,unknown,,unknown,
src/main/resources/data/dataset3/dataset3-ra/testcase26/target-model.epml,,unknown,,unknown,
src/main/resources/data/dataset3/dataset3-ra/testcase26/target-model.epml,,unknown,,unknown,
src/main/resources/data/dataset3/dataset3-ra/testcase26/target-model.epml,,unknown,,unknown,
src/main/resources/data/dataset3/dataset3-ra/testcase26/target-model.epml,,unknown,,unknown,
src/main/resources/data/dataset3/dataset3-ra/testcase26/target-model.epml,,unknown,,unknown,
src/main/resources/data/dataset3/dataset3-ra/testcase26/target-model.epml,,unknown,,unknown,
src/main/resources/data/dataset3/dataset3-ra/testcase26/target-model.epml,,unknown,,unknown,
src/main/resources/data/dataset3/dataset3-ra/testcase26/target-model.epml,,unknown,,unknown,
src/main/resources/data/dataset3/dataset3-ra/testcase26/target-model.epml,,unknown,,unknown,
src/main/resources/data/dataset3/dataset3-ra/testcase26/target-model.epml,,unknown,,unknown,
src/main/resources/data/dataset3/dataset3-ra/testcase26/target-model.epml,,unknown,,unknown,
src/main/resources/data/dataset3/dataset3-ra/testcase27/source-model.epml,,unknown,,unknown,
src/main/resources/data/dataset3/dataset3-ra/testcase27/source-model.epml,,unknown,,unknown,
src/main/resources/data/dataset3/dataset3-ra/testcase27/source-model.epml,,unknown,,unknown,
src/main/resources/data/dataset3/dataset3-ra/testcase27/source-model.epml,,unknown,,unknown,
src/main/resources/data/dataset3/dataset3-ra/testcase27/source-model.epml,,unknown,,unknown,
src/main/resources/data/dataset3/dataset3-ra/testcase27/source-model.epml,,unknown,,unknown,
src/main/resources/data/dataset3/dataset3-ra/testcase27/source-model.epml,,unknown,,unknown,
src/main/resources/data/dataset3/dataset3-ra/testcase27/source-model.epml,,unknown,,unknown,
src/main/resources/data/dataset3/dataset3-ra/testcase27/source-model.epml,,unknown,,unknown,
src/main/resources/data/dataset3/dataset3-ra/testcase27/source-model.epml,,unknown,,unknown,
src/main/resources/data/dataset3/dataset3-ra/testcase27/source-model.epml,,unknown,,unknown,
src/main/resources/data/dataset3/dataset3-ra/testcase27/source-model.epml,,unknown,,unknown,
src/main/resources/data/dataset3/dataset3-ra/testcase27/source-model.epml,,unknown,,unknown,
src/main/resources/data/dataset3/dataset3-ra/testcase27/source-model.epml,,unknown,,unknown,
src/main/resources/data/dataset3/dataset3-ra/testcase27/source-model.epml,,unknown,,unknown,
src/main/resources/data/dataset3/dataset3-ra/testcase27/source-model.epml,,unknown,,unknown,
src/main/resources/data/dataset3/dataset3-ra/testcase27/source-model.epml,,unknown,,unknown,
src/main/resources/data/dataset3/dataset3-ra/testcase27/source-model.epml,,unknown,,unknown,
src/main/resources/data/dataset3/dataset3-ra/testcase27/source-model.epml,,unknown,,unknown,
src/main/resources/data/dataset3/dataset3-ra/testcase27/source-model.epml,,unknown,,unknown,
src/main/resources/data/dataset3/dataset3-ra/testcase27/source-model.epml,,unknown,,unknown,
src/main/resources/data/dataset3/dataset3-ra/testcase27/source-model.epml,,unknown,,unknown,
src/main/resources/data/dataset3/dataset3-ra/testcase27/source-model.epml,,unknown,,unknown,
src/main/resources/data/dataset3/dataset3-ra/testcase27/source-model.epml,,unknown,,unknown,
src/main/resources/data/dataset3/dataset3-ra/testcase27/target-model.epml,,unknown,,unknown,
src/main/resources/data/dataset3/dataset3-ra/testcase27/target-model.epml,,unknown,,unknown,
src/main/resources/data/dataset3/dataset3-ra/testcase27/target-model.epml,,unknown,,unknown,
src/main/resources/data/dataset3/dataset3-ra/testcase27/target-model.epml,,unknown,,unknown,
src/main/resources/data/dataset3/dataset3-ra/testcase27/target-model.epml,,unknown,,unknown,
src/main/resources/data/dataset3/dataset3-ra/testcase27/target-model.epml,,unknown,,unknown,
src/main/resources/data/dataset3/dataset3-ra/testcase27/target-model.epml,,unknown,,unknown,
src/main/resources/data/dataset3/dataset3-ra/testcase27/target-model.epml,,unknown,,unknown,
src/main/resources/data/dataset3/dataset3-ra/testcase27/target-model.epml,,unknown,,unknown,
src/main/resources/data/dataset3/dataset3-ra/testcase27/target-model.epml,,unknown,,unknown,
src/main/resources/data/dataset3/dataset3-ra/testcase27/target-model.epml,,unknown,,unknown,
src/main/resources/data/dataset3/dataset3-ra/testcase27/target-model.epml,,unknown,,unknown,
src/main/resources/data/dataset3/dataset3-ra/testcase27/target-model.epml,,unknown,,unknown,
src/main/resources/data/dataset3/dataset3-ra/testcase27/target-model.epml,,unknown,,unknown,
src/main/resources/data/dataset3/dataset3-ra/testcase27/target-model.epml,,unknown,,unknown,
src/main/resources/data/dataset3/dataset3-ra/testcase27/target-model.epml,,unknown,,unknown,
src/main/resources/data/dataset3/dataset3-ra/testcase27/target-model.epml,,unknown,,unknown,
src/main/resources/data/dataset3/dataset3-ra/testcase27/target-model.epml,,unknown,,unknown,
src/main/resources/data/dataset3/dataset3-ra/testcase27/target-model.epml,,unknown,,unknown,
src/main/resources/data/dataset3/dataset3-ra/testcase27/target-model.epml,,unknown,,unknown,
src/main/resources/data/dataset3/dataset3-ra/testcase27/target-model.epml,,unknown,,unknown,
src/main/resources/data/dataset3/dataset3-ra/testcase27/target-model.epml,,unknown,,unknown,
src/main/resources/data/dataset3/dataset3-ra/testcase27/target-model.epml,,unknown,,unknown,
src/main/resources/data/dataset3/dataset3-ra/testcase27/target-model.epml,,unknown,,unknown,
src/main/resources/data/dataset3/dataset3-ra/testcase27/target-model.epml,,unknown,,unknown,
src/main/resources/data/dataset3/dataset3-ra/testcase27/target-model.epml,,unknown,,unknown,
src/main/resources/data/dataset3/dataset3-ra/testcase27/target-model.epml,,unknown,,unknown,
src/main/resources/data/dataset3/dataset3-ra/testcase27/target-model.epml,,unknown,,unknown,
src/main/resources/data/dataset3/dataset3-ra/testcase27/target-model.epml,,unknown,,unknown,
src/main/resources/data/dataset3/dataset3-ra/testcase28/source-model.epml,,unknown,,unknown,
src/main/resources/data/dataset3/dataset3-ra/testcase28/source-model.epml,,unknown,,unknown,
src/main/resources/data/dataset3/dataset3-ra/testcase28/source-model.epml,,unknown,,unknown,
src/main/resources/data/dataset3/dataset3-ra/testcase28/source-model.epml,,unknown,,unknown,
src/main/resources/data/dataset3/dataset3-ra/testcase28/source-model.epml,,unknown,,unknown,
src/main/resources/data/dataset3/dataset3-ra/testcase28/source-model.epml,,unknown,,unknown,
src/main/resources/data/dataset3/dataset3-ra/testcase28/source-model.epml,,unknown,,unknown,
src/main/resources/data/dataset3/dataset3-ra/testcase28/source-model.epml,,unknown,,unknown,
src/main/resources/data/dataset3/dataset3-ra/testcase28/source-model.epml,,unknown,,unknown,
src/main/resources/data/dataset3/dataset3-ra/testcase28/source-model.epml,,unknown,,unknown,
src/main/resources/data/dataset3/dataset3-ra/testcase28/source-model.epml,,unknown,,unknown,
src/main/resources/data/dataset3/dataset3-ra/testcase28/source-model.epml,,unknown,,unknown,
src/main/resources/data/dataset3/dataset3-ra/testcase28/source-model.epml,,unknown,,unknown,
src/main/resources/data/dataset3/dataset3-ra/testcase28/source-model.epml,,unknown,,unknown,
src/main/resources/data/dataset3/dataset3-ra/testcase28/source-model.epml,,unknown,,unknown,
src/main/resources/data/dataset3/dataset3-ra/testcase28/source-model.epml,,unknown,,unknown,
src/main/resources/data/dataset3/dataset3-ra/testcase28/source-model.epml,,unknown,,unknown,
src/main/resources/data/dataset3/dataset3-ra/testcase28/source-model.epml,,unknown,,unknown,
src/main/resources/data/dataset3/dataset3-ra/testcase28/source-model.epml,,unknown,,unknown,
src/main/resources/data/dataset3/dataset3-ra/testcase28/source-model.epml,,unknown,,unknown,
src/main/resources/data/dataset3/dataset3-ra/testcase28/source-model.epml,,unknown,,unknown,
src/main/resources/data/dataset3/dataset3-ra/testcase28/source-model.epml,,unknown,,unknown,
src/main/resources/data/dataset3/dataset3-ra/testcase28/target-model.epml,,unknown,,unknown,
src/main/resources/data/dataset3/dataset3-ra/testcase28/target-model.epml,,unknown,,unknown,
src/main/resources/data/dataset3/dataset3-ra/testcase28/target-model.epml,,unknown,,unknown,
src/main/resources/data/dataset3/dataset3-ra/testcase28/target-model.epml,,unknown,,unknown,
src/main/resources/data/dataset3/dataset3-ra/testcase28/target-model.epml,,unknown,,unknown,
src/main/resources/data/dataset3/dataset3-ra/testcase28/target-model.epml,,unknown,,unknown,
src/main/resources/data/dataset3/dataset3-ra/testcase28/target-model.epml,,unknown,,unknown,
src/main/resources/data/dataset3/dataset3-ra/testcase28/target-model.epml,,unknown,,unknown,
src/main/resources/data/dataset3/dataset3-ra/testcase28/target-model.epml,,unknown,,unknown,
src/main/resources/data/dataset3/dataset3-ra/testcase28/target-model.epml,,unknown,,unknown,
src/main/resources/data/dataset3/dataset3-ra/testcase28/target-model.epml,,unknown,,unknown,
src/main/resources/data/dataset3/dataset3-ra/testcase28/target-model.epml,,unknown,,unknown,
src/main/resources/data/dataset3/dataset3-ra/testcase28/target-model.epml,,unknown,,unknown,
src/main/resources/data/dataset3/dataset3-ra/testcase28/target-model.epml,,unknown,,unknown,
src/main/resources/data/dataset3/dataset3-ra/testcase28/target-model.epml,,unknown,,unknown,
src/main/resources/data/dataset3/dataset3-ra/testcase28/target-model.epml,,unknown,,unknown,
src/main/resources/data/dataset3/dataset3-ra/testcase28/target-model.epml,,unknown,,unknown,
src/main/resources/data/dataset3/dataset3-ra/testcase28/target-model.epml,,unknown,,unknown,
src/main/resources/data/dataset3/dataset3-ra/testcase28/target-model.epml,,unknown,,unknown,
src/main/resources/data/dataset3/dataset3-ra/testcase28/target-model.epml,,unknown,,unknown,
src/main/resources/data/dataset3/dataset3-ra/testcase29/source-model.epml,,unknown,,unknown,
src/main/resources/data/dataset3/dataset3-ra/testcase29/source-model.epml,,unknown,,unknown,
src/main/resources/data/dataset3/dataset3-ra/testcase29/source-model.epml,,unknown,,unknown,
src/main/resources/data/dataset3/dataset3-ra/testcase29/source-model.epml,,unknown,,unknown,
src/main/resources/data/dataset3/dataset3-ra/testcase29/source-model.epml,,unknown,,unknown,
src/main/resources/data/dataset3/dataset3-ra/testcase29/source-model.epml,,unknown,,unknown,
src/main/resources/data/dataset3/dataset3-ra/testcase29/source-model.epml,,unknown,,unknown,
src/main/resources/data/dataset3/dataset3-ra/testcase29/source-model.epml,,unknown,,unknown,
src/main/resources/data/dataset3/dataset3-ra/testcase29/source-model.epml,,unknown,,unknown,
src/main/resources/data/dataset3/dataset3-ra/testcase29/source-model.epml,,unknown,,unknown,
src/main/resources/data/dataset3/dataset3-ra/testcase29/source-model.epml,,unknown,,unknown,
src/main/resources/data/dataset3/dataset3-ra/testcase29/source-model.epml,,unknown,,unknown,
src/main/resources/data/dataset3/dataset3-ra/testcase29/source-model.epml,,unknown,,unknown,
src/main/resources/data/dataset3/dataset3-ra/testcase29/source-model.epml,,unknown,,unknown,
src/main/resources/data/dataset3/dataset3-ra/testcase29/source-model.epml,,unknown,,unknown,
src/main/resources/data/dataset3/dataset3-ra/testcase29/source-model.epml,,unknown,,unknown,
src/main/resources/data/dataset3/dataset3-ra/testcase29/source-model.epml,,unknown,,unknown,
src/main/resources/data/dataset3/dataset3-ra/testcase29/source-model.epml,,unknown,,unknown,
src/main/resources/data/dataset3/dataset3-ra/testcase29/source-model.epml,,unknown,,unknown,
src/main/resources/data/dataset3/dataset3-ra/testcase29/source-model.epml,,unknown,,unknown,
src/main/resources/data/dataset3/dataset3-ra/testcase29/source-model.epml,,unknown,,unknown,
src/main/resources/data/dataset3/dataset3-ra/testcase29/source-model.epml,,unknown,,unknown,
src/main/resources/data/dataset3/dataset3-ra/testcase29/source-model.epml,,unknown,,unknown,
src/main/resources/data/dataset3/dataset3-ra/testcase29/source-model.epml,,unknown,,unknown,
src/main/resources/data/dataset3/dataset3-ra/testcase29/source-model.epml,,unknown,,unknown,
src/main/resources/data/dataset3/dataset3-ra/testcase29/source-model.epml,,unknown,,unknown,
src/main/resources/data/dataset3/dataset3-ra/testcase29/source-model.epml,,unknown,,unknown,
src/main/resources/data/dataset3/dataset3-ra/testcase29/source-model.epml,,unknown,,unknown,
src/main/resources/data/dataset3/dataset3-ra/testcase29/source-model.epml,,unknown,,unknown,
src/main/resources/data/dataset3/dataset3-ra/testcase29/source-model.epml,,unknown,,unknown,
src/main/resources/data/dataset3/dataset3-ra/testcase29/source-model.epml,,unknown,,unknown,
src/main/resources/data/dataset3/dataset3-ra/testcase29/source-model.epml,,unknown,,unknown,
src/main/resources/data/dataset3/dataset3-ra/testcase29/source-model.epml,,unknown,,unknown,
src/main/resources/data/dataset3/dataset3-ra/testcase29/source-model.epml,,unknown,,unknown,
src/main/resources/data/dataset3/dataset3-ra/testcase29/source-model.epml,,unknown,,unknown,
src/main/resources/data/dataset3/dataset3-ra/testcase29/source-model.epml,,unknown,,unknown,
src/main/resources/data/dataset3/dataset3-ra/testcase29/source-model.epml,,unknown,,unknown,
src/main/resources/data/dataset3/dataset3-ra/testcase29/source-model.epml,,unknown,,unknown,
src/main/resources/data/dataset3/dataset3-ra/testcase29/source-model.epml,,unknown,,unknown,
src/main/resources/data/dataset3/dataset3-ra/testcase29/source-model.epml,,unknown,,unknown,
src/main/resources/data/dataset3/dataset3-ra/testcase29/source-model.epml,,unknown,,unknown,
src/main/resources/data/dataset3/dataset3-ra/testcase29/source-model.epml,,unknown,,unknown,
src/main/resources/data/dataset3/dataset3-ra/testcase29/source-model.epml,,unknown,,unknown,
src/main/resources/data/dataset3/dataset3-ra/testcase29/source-model.epml,,unknown,,unknown,
src/main/resources/data/dataset3/dataset3-ra/testcase29/source-model.epml,,unknown,,unknown,
src/main/resources/data/dataset3/dataset3-ra/testcase29/source-model.epml,,unknown,,unknown,
src/main/resources/data/dataset3/dataset3-ra/testcase29/source-model.epml,,unknown,,unknown,
src/main/resources/data/dataset3/dataset3-ra/testcase29/source-model.epml,,unknown,,unknown,
src/main/resources/data/dataset3/dataset3-ra/testcase29/source-model.epml,,unknown,,unknown,
src/main/resources/data/dataset3/dataset3-ra/testcase29/source-model.epml,,unknown,,unknown,
src/main/resources/data/dataset3/dataset3-ra/testcase29/source-model.epml,,unknown,,unknown,
src/main/resources/data/dataset3/dataset3-ra/testcase29/source-model.epml,,unknown,,unknown,
src/main/resources/data/dataset3/dataset3-ra/testcase29/source-model.epml,,unknown,,unknown,
src/main/resources/data/dataset3/dataset3-ra/testcase29/source-model.epml,,unknown,,unknown,
src/main/resources/data/dataset3/dataset3-ra/testcase29/source-model.epml,,unknown,,unknown,
src/main/resources/data/dataset3/dataset3-ra/testcase29/source-model.epml,,unknown,,unknown,
src/main/resources/data/dataset3/dataset3-ra/testcase29/source-model.epml,,unknown,,unknown,
src/main/resources/data/dataset3/dataset3-ra/testcase29/source-model.epml,,unknown,,unknown,
src/main/resources/data/dataset3/dataset3-ra/testcase29/source-model.epml,,unknown,,unknown,
src/main/resources/data/dataset3/dataset3-ra/testcase29/source-model.epml,,unknown,,unknown,
src/main/resources/data/dataset3/dataset3-ra/testcase29/source-model.epml,,unknown,,unknown,
src/main/resources/data/dataset3/dataset3-ra/testcase29/source-model.epml,,unknown,,unknown,
src/main/resources/data/dataset3/dataset3-ra/testcase29/source-model.epml,,unknown,,unknown,
src/main/resources/data/dataset3/dataset3-ra/testcase29/source-model.epml,,unknown,,unknown,
src/main/resources/data/dataset3/dataset3-ra/testcase29/source-model.epml,,unknown,,unknown,
src/main/resources/data/dataset3/dataset3-ra/testcase29/source-model.epml,,unknown,,unknown,
src/main/resources/data/dataset3/dataset3-ra/testcase29/source-model.epml,,unknown,,unknown,
src/main/resources/data/dataset3/dataset3-ra/testcase29/source-model.epml,,unknown,,unknown,
src/main/resources/data/dataset3/dataset3-ra/testcase29/source-model.epml,,unknown,,unknown,
src/main/resources/data/dataset3/dataset3-ra/testcase29/source-model.epml,,unknown,,unknown,
src/main/resources/data/dataset3/dataset3-ra/testcase29/source-model.epml,,unknown,,unknown,
src/main/resources/data/dataset3/dataset3-ra/testcase29/source-model.epml,,unknown,,unknown,
src/main/resources/data/dataset3/dataset3-ra/testcase29/source-model.epml,,unknown,,unknown,
src/main/resources/data/dataset3/dataset3-ra/testcase29/source-model.epml,,unknown,,unknown,
src/main/resources/data/dataset3/dataset3-ra/testcase29/source-model.epml,,unknown,,unknown,
src/main/resources/data/dataset3/dataset3-ra/testcase29/source-model.epml,,unknown,,unknown,
src/main/resources/data/dataset3/dataset3-ra/testcase29/source-model.epml,,unknown,,unknown,
src/main/resources/data/dataset3/dataset3-ra/testcase29/source-model.epml,,unknown,,unknown,
src/main/resources/data/dataset3/dataset3-ra/testcase29/source-model.epml,,unknown,,unknown,
src/main/resources/data/dataset3/dataset3-ra/testcase29/source-model.epml,,unknown,,unknown,
src/main/resources/data/dataset3/dataset3-ra/testcase29/source-model.epml,,unknown,,unknown,
src/main/resources/data/dataset3/dataset3-ra/testcase29/source-model.epml,,unknown,,unknown,
src/main/resources/data/dataset3/dataset3-ra/testcase29/source-model.epml,,unknown,,unknown,
src/main/resources/data/dataset3/dataset3-ra/testcase29/source-model.epml,,unknown,,unknown,
src/main/resources/data/dataset3/dataset3-ra/testcase29/source-model.epml,,unknown,,unknown,
src/main/resources/data/dataset3/dataset3-ra/testcase29/source-model.epml,,unknown,,unknown,
src/main/resources/data/dataset3/dataset3-ra/testcase29/source-model.epml,,unknown,,unknown,
src/main/resources/data/dataset3/dataset3-ra/testcase29/source-model.epml,,unknown,,unknown,
src/main/resources/data/dataset3/dataset3-ra/testcase29/source-model.epml,,unknown,,unknown,
src/main/resources/data/dataset3/dataset3-ra/testcase29/source-model.epml,,unknown,,unknown,
src/main/resources/data/dataset3/dataset3-ra/testcase29/source-model.epml,,unknown,,unknown,
src/main/resources/data/dataset3/dataset3-ra/testcase29/source-model.epml,,unknown,,unknown,
src/main/resources/data/dataset3/dataset3-ra/testcase29/source-model.epml,,unknown,,unknown,
src/main/resources/data/dataset3/dataset3-ra/testcase29/source-model.epml,,unknown,,unknown,
src/main/resources/data/dataset3/dataset3-ra/testcase29/source-model.epml,,unknown,,unknown,
src/main/resources/data/dataset3/dataset3-ra/testcase29/source-model.epml,,unknown,,unknown,
src/main/resources/data/dataset3/dataset3-ra/testcase29/source-model.epml,,unknown,,unknown,
src/main/resources/data/dataset3/dataset3-ra/testcase29/source-model.epml,,unknown,,unknown,
src/main/resources/data/dataset3/dataset3-ra/testcase29/source-model.epml,,unknown,,unknown,
src/main/resources/data/dataset3/dataset3-ra/testcase29/source-model.epml,,unknown,,unknown,
src/main/resources/data/dataset3/dataset3-ra/testcase29/source-model.epml,,unknown,,unknown,
src/main/resources/data/dataset3/dataset3-ra/testcase29/source-model.epml,,unknown,,unknown,
src/main/resources/data/dataset3/dataset3-ra/testcase29/source-model.epml,,unknown,,unknown,
src/main/resources/data/dataset3/dataset3-ra/testcase29/source-model.epml,,unknown,,unknown,
src/main/resources/data/dataset3/dataset3-ra/testcase29/source-model.epml,,unknown,,unknown,
src/main/resources/data/dataset3/dataset3-ra/testcase29/source-model.epml,,unknown,,unknown,
src/main/resources/data/dataset3/dataset3-ra/testcase29/source-model.epml,,unknown,,unknown,
src/main/resources/data/dataset3/dataset3-ra/testcase29/source-model.epml,,unknown,,unknown,
src/main/resources/data/dataset3/dataset3-ra/testcase29/source-model.epml,,unknown,,unknown,
src/main/resources/data/dataset3/dataset3-ra/testcase29/source-model.epml,,unknown,,unknown,
src/main/resources/data/dataset3/dataset3-ra/testcase29/source-model.epml,,unknown,,unknown,
src/main/resources/data/dataset3/dataset3-ra/testcase29/source-model.epml,,unknown,,unknown,
src/main/resources/data/dataset3/dataset3-ra/testcase29/source-model.epml,,unknown,,unknown,
src/main/resources/data/dataset3/dataset3-ra/testcase29/source-model.epml,,unknown,,unknown,
src/main/resources/data/dataset3/dataset3-ra/testcase29/source-model.epml,,unknown,,unknown,
src/main/resources/data/dataset3/dataset3-ra/testcase29/source-model.epml,,unknown,,unknown,
src/main/resources/data/dataset3/dataset3-ra/testcase29/source-model.epml,,unknown,,unknown,
src/main/resources/data/dataset3/dataset3-ra/testcase29/source-model.epml,,unknown,,unknown,
src/main/resources/data/dataset3/dataset3-ra/testcase29/source-model.epml,,unknown,,unknown,
src/main/resources/data/dataset3/dataset3-ra/testcase29/source-model.epml,,unknown,,unknown,
src/main/resources/data/dataset3/dataset3-ra/testcase29/source-model.epml,,unknown,,unknown,
src/main/resources/data/dataset3/dataset3-ra/testcase29/source-model.epml,,unknown,,unknown,
src/main/resources/data/dataset3/dataset3-ra/testcase29/target-model.epml,,unknown,,unknown,
src/main/resources/data/dataset3/dataset3-ra/testcase29/target-model.epml,,unknown,,unknown,
src/main/resources/data/dataset3/dataset3-ra/testcase29/target-model.epml,,unknown,,unknown,
src/main/resources/data/dataset3/dataset3-ra/testcase29/target-model.epml,,unknown,,unknown,
src/main/resources/data/dataset3/dataset3-ra/testcase29/target-model.epml,,unknown,,unknown,
src/main/resources/data/dataset3/dataset3-ra/testcase29/target-model.epml,,unknown,,unknown,
src/main/resources/data/dataset3/dataset3-ra/testcase29/target-model.epml,,unknown,,unknown,
src/main/resources/data/dataset3/dataset3-ra/testcase29/target-model.epml,,unknown,,unknown,
src/main/resources/data/dataset3/dataset3-ra/testcase29/target-model.epml,,unknown,,unknown,
src/main/resources/data/dataset3/dataset3-ra/testcase29/target-model.epml,,unknown,,unknown,
src/main/resources/data/dataset3/dataset3-ra/testcase29/target-model.epml,,unknown,,unknown,
src/main/resources/data/dataset3/dataset3-ra/testcase29/target-model.epml,,unknown,,unknown,
src/main/resources/data/dataset3/dataset3-ra/testcase29/target-model.epml,,unknown,,unknown,
src/main/resources/data/dataset3/dataset3-ra/testcase29/target-model.epml,,unknown,,unknown,
src/main/resources/data/dataset3/dataset3-ra/testcase29/target-model.epml,,unknown,,unknown,
src/main/resources/data/dataset3/dataset3-ra/testcase29/target-model.epml,,unknown,,unknown,
src/main/resources/data/dataset3/dataset3-ra/testcase29/target-model.epml,,unknown,,unknown,
src/main/resources/data/dataset3/dataset3-ra/testcase29/target-model.epml,,unknown,,unknown,
src/main/resources/data/dataset3/dataset3-ra/testcase29/target-model.epml,,unknown,,unknown,
src/main/resources/data/dataset3/dataset3-ra/testcase29/target-model.epml,,unknown,,unknown,
src/main/resources/data/dataset3/dataset3-ra/testcase29/target-model.epml,,unknown,,unknown,
src/main/resources/data/dataset3/dataset3-ra/testcase29/target-model.epml,,unknown,,unknown,
src/main/resources/data/dataset3/dataset3-ra/testcase29/target-model.epml,,unknown,,unknown,
src/main/resources/data/dataset3/dataset3-ra/testcase29/target-model.epml,,unknown,,unknown,
src/main/resources/data/dataset3/dataset3-ra/testcase29/target-model.epml,,unknown,,unknown,
src/main/resources/data/dataset3/dataset3-ra/testcase29/target-model.epml,,unknown,,unknown,
src/main/resources/data/dataset3/dataset3-ra/testcase29/target-model.epml,,unknown,,unknown,
src/main/resources/data/dataset3/dataset3-ra/testcase29/target-model.epml,,unknown,,unknown,
src/main/resources/data/dataset3/dataset3-ra/testcase29/target-model.epml,,unknown,,unknown,
src/main/resources/data/dataset3/dataset3-ra/testcase29/target-model.epml,,unknown,,unknown,
src/main/resources/data/dataset3/dataset3-ra/testcase29/target-model.epml,,unknown,,unknown,
src/main/resources/data/dataset3/dataset3-ra/testcase29/target-model.epml,,unknown,,unknown,
src/main/resources/data/dataset3/dataset3-ra/testcase29/target-model.epml,,unknown,,unknown,
src/main/resources/data/dataset3/dataset3-ra/testcase29/target-model.epml,,unknown,,unknown,
src/main/resources/data/dataset3/dataset3-ra/testcase29/target-model.epml,,unknown,,unknown,
src/main/resources/data/dataset3/dataset3-ra/testcase29/target-model.epml,,unknown,,unknown,
src/main/resources/data/dataset3/dataset3-ra/testcase29/target-model.epml,,unknown,,unknown,
src/main/resources/data/dataset3/dataset3-ra/testcase29/target-model.epml,,unknown,,unknown,
src/main/resources/data/dataset3/dataset3-ra/testcase29/target-model.epml,,unknown,,unknown,
src/main/resources/data/dataset3/dataset3-ra/testcase29/target-model.epml,,unknown,,unknown,
src/main/resources/data/dataset3/dataset3-ra/testcase29/target-model.epml,,unknown,,unknown,
src/main/resources/data/dataset3/dataset3-ra/testcase29/target-model.epml,,unknown,,unknown,
src/main/resources/data/dataset3/dataset3-ra/testcase29/target-model.epml,,unknown,,unknown,
src/main/resources/data/dataset3/dataset3-ra/testcase29/target-model.epml,,unknown,,unknown,
src/main/resources/data/dataset3/dataset3-ra/testcase29/target-model.epml,,unknown,,unknown,
src/main/resources/data/dataset3/dataset3-ra/testcase29/target-model.epml,,unknown,,unknown,
src/main/resources/data/dataset3/dataset3-ra/testcase29/target-model.epml,,unknown,,unknown,
src/main/resources/data/dataset3/dataset3-ra/testcase29/target-model.epml,,unknown,,unknown,
src/main/resources/data/dataset3/dataset3-ra/testcase29/target-model.epml,,unknown,,unknown,
src/main/resources/data/dataset3/dataset3-ra/testcase29/target-model.epml,,unknown,,unknown,
src/main/resources/data/dataset3/dataset3-ra/testcase29/target-model.epml,,unknown,,unknown,
src/main/resources/data/dataset3/dataset3-ra/testcase29/target-model.epml,,unknown,,unknown,
src/main/resources/data/dataset3/dataset3-ra/testcase29/target-model.epml,,unknown,,unknown,
src/main/resources/data/dataset3/dataset3-ra/testcase29/target-model.epml,,unknown,,unknown,
src/main/resources/data/dataset3/dataset3-ra/testcase29/target-model.epml,,unknown,,unknown,
src/main/resources/data/dataset3/dataset3-ra/testcase29/target-model.epml,,unknown,,unknown,
src/main/resources/data/dataset3/dataset3-ra/testcase29/target-model.epml,,unknown,,unknown,
src/main/resources/data/dataset3/dataset3-ra/testcase29/target-model.epml,,unknown,,unknown,
src/main/resources/data/dataset3/dataset3-ra/testcase29/target-model.epml,,unknown,,unknown,
src/main/resources/data/dataset3/dataset3-ra/testcase29/target-model.epml,,unknown,,unknown,
src/main/resources/data/dataset3/dataset3-ra/testcase29/target-model.epml,,unknown,,unknown,
src/main/resources/data/dataset3/dataset3-ra/testcase29/target-model.epml,,unknown,,unknown,
src/main/resources/data/dataset3/dataset3-ra/testcase29/target-model.epml,,unknown,,unknown,
src/main/resources/data/dataset3/dataset3-ra/testcase29/target-model.epml,,unknown,,unknown,
src/main/resources/data/dataset3/dataset3-ra/testcase29/target-model.epml,,unknown,,unknown,
src/main/resources/data/dataset3/dataset3-ra/testcase29/target-model.epml,,unknown,,unknown,
src/main/resources/data/dataset3/dataset3-ra/testcase29/target-model.epml,,unknown,,unknown,
src/main/resources/data/dataset3/dataset3-ra/testcase29/target-model.epml,,unknown,,unknown,
src/main/resources/data/dataset3/dataset3-ra/testcase29/target-model.epml,,unknown,,unknown,
src/main/resources/data/dataset3/dataset3-ra/testcase29/target-model.epml,,unknown,,unknown,
src/main/resources/data/dataset3/dataset3-ra/testcase29/target-model.epml,,unknown,,unknown,
src/main/resources/data/dataset3/dataset3-ra/testcase29/target-model.epml,,unknown,,unknown,
src/main/resources/data/dataset3/dataset3-ra/testcase29/target-model.epml,,unknown,,unknown,
src/main/resources/data/dataset3/dataset3-ra/testcase29/target-model.epml,,unknown,,unknown,
src/main/resources/data/dataset3/dataset3-ra/testcase29/target-model.epml,,unknown,,unknown,
src/main/resources/data/dataset3/dataset3-ra/testcase29/target-model.epml,,unknown,,unknown,
src/main/resources/data/dataset3/dataset3-ra/testcase29/target-model.epml,,unknown,,unknown,
src/main/resources/data/dataset3/dataset3-ra/testcase29/target-model.epml,,unknown,,unknown,
src/main/resources/data/dataset3/dataset3-ra/testcase29/target-model.epml,,unknown,,unknown,
src/main/resources/data/dataset3/dataset3-ra/testcase29/target-model.epml,,unknown,,unknown,
src/main/resources/data/dataset3/dataset3-ra/testcase29/target-model.epml,,unknown,,unknown,
src/main/resources/data/dataset3/dataset3-ra/testcase29/target-model.epml,,unknown,,unknown,
src/main/resources/data/dataset3/dataset3-ra/testcase29/target-model.epml,,unknown,,unknown,
src/main/resources/data/dataset3/dataset3-ra/testcase29/target-model.epml,,unknown,,unknown,
src/main/resources/data/dataset3/dataset3-ra/testcase29/target-model.epml,,unknown,,unknown,
src/main/resources/data/dataset3/dataset3-ra/testcase29/target-model.epml,,unknown,,unknown,
src/main/resources/data/dataset3/dataset3-ra/testcase29/target-model.epml,,unknown,,unknown,
src/main/resources/data/dataset3/dataset3-ra/testcase29/target-model.epml,,unknown,,unknown,
src/main/resources/data/dataset3/dataset3-ra/testcase29/target-model.epml,,unknown,,unknown,
src/main/resources/data/dataset3/dataset3-ra/testcase29/target-model.epml,,unknown,,unknown,
src/main/resources/data/dataset3/dataset3-ra/testcase29/target-model.epml,,unknown,,unknown,
src/main/resources/data/dataset3/dataset3-ra/testcase29/target-model.epml,,unknown,,unknown,
src/main/resources/data/dataset3/dataset3-ra/testcase29/target-model.epml,,unknown,,unknown,
src/main/resources/data/dataset3/dataset3-ra/testcase29/target-model.epml,,unknown,,unknown,
src/main/resources/data/dataset3/dataset3-ra/testcase29/target-model.epml,,unknown,,unknown,
src/main/resources/data/dataset3/dataset3-ra/testcase29/target-model.epml,,unknown,,unknown,
src/main/resources/data/dataset3/dataset3-ra/testcase29/target-model.epml,,unknown,,unknown,
src/main/resources/data/dataset3/dataset3-ra/testcase29/target-model.epml,,unknown,,unknown,
src/main/resources/data/dataset3/dataset3-ra/testcase29/target-model.epml,,unknown,,unknown,
src/main/resources/data/dataset3/dataset3-ra/testcase29/target-model.epml,,unknown,,unknown,
src/main/resources/data/dataset3/dataset3-ra/testcase29/target-model.epml,,unknown,,unknown,
src/main/resources/data/dataset3/dataset3-ra/testcase29/target-model.epml,,unknown,,unknown,
src/main/resources/data/dataset3/dataset3-ra/testcase29/target-model.epml,,unknown,,unknown,
src/main/resources/data/dataset3/dataset3-ra/testcase29/target-model.epml,,unknown,,unknown,
src/main/resources/data/dataset3/dataset3-ra/testcase29/target-model.epml,,unknown,,unknown,
src/main/resources/data/dataset3/dataset3-ra/testcase29/target-model.epml,,unknown,,unknown,
src/main/resources/data/dataset3/dataset3-ra/testcase29/target-model.epml,,unknown,,unknown,
src/main/resources/data/dataset3/dataset3-ra/testcase29/target-model.epml,,unknown,,unknown,
src/main/resources/data/dataset3/dataset3-ra/testcase29/target-model.epml,,unknown,,unknown,
src/main/resources/data/dataset3/dataset3-ra/testcase29/target-model.epml,,unknown,,unknown,
src/main/resources/data/dataset3/dataset3-ra/testcase29/target-model.epml,,unknown,,unknown,
src/main/resources/data/dataset3/dataset3-ra/testcase29/target-model.epml,,unknown,,unknown,
src/main/resources/data/dataset3/dataset3-ra/testcase29/target-model.epml,,unknown,,unknown,
src/main/resources/data/dataset3/dataset3-ra/testcase29/target-model.epml,,unknown,,unknown,
src/main/resources/data/dataset3/dataset3-ra/testcase29/target-model.epml,,unknown,,unknown,
src/main/resources/data/dataset3/dataset3-ra/testcase29/target-model.epml,,unknown,,unknown,
src/main/resources/data/dataset3/dataset3-ra/testcase29/target-model.epml,,unknown,,unknown,
src/main/resources/data/dataset3/dataset3-ra/testcase29/target-model.epml,,unknown,,unknown,
src/main/resources/data/dataset3/dataset3-ra/testcase29/target-model.epml,,unknown,,unknown,
src/main/resources/data/dataset3/dataset3-ra/testcase29/target-model.epml,,unknown,,unknown,
src/main/resources/data/dataset3/dataset3-ra/testcase29/target-model.epml,,unknown,,unknown,
src/main/resources/data/dataset3/dataset3-ra/testcase29/target-model.epml,,unknown,,unknown,
src/main/resources/data/dataset3/dataset3-ra/testcase3/source-model.epml,,unknown,,unknown,
src/main/resources/data/dataset3/dataset3-ra/testcase3/source-model.epml,,unknown,,unknown,
src/main/resources/data/dataset3/dataset3-ra/testcase3/source-model.epml,,unknown,,unknown,
src/main/resources/data/dataset3/dataset3-ra/testcase3/source-model.epml,,unknown,,unknown,
src/main/resources/data/dataset3/dataset3-ra/testcase3/source-model.epml,,unknown,,unknown,
src/main/resources/data/dataset3/dataset3-ra/testcase3/source-model.epml,,unknown,,unknown,
src/main/resources/data/dataset3/dataset3-ra/testcase3/source-model.epml,,unknown,,unknown,
src/main/resources/data/dataset3/dataset3-ra/testcase3/source-model.epml,,unknown,,unknown,
src/main/resources/data/dataset3/dataset3-ra/testcase3/source-model.epml,,unknown,,unknown,
src/main/resources/data/dataset3/dataset3-ra/testcase3/source-model.epml,,unknown,,unknown,
src/main/resources/data/dataset3/dataset3-ra/testcase3/source-model.epml,,unknown,,unknown,
src/main/resources/data/dataset3/dataset3-ra/testcase3/source-model.epml,,unknown,,unknown,
src/main/resources/data/dataset3/dataset3-ra/testcase3/source-model.epml,,unknown,,unknown,
src/main/resources/data/dataset3/dataset3-ra/testcase3/source-model.epml,,unknown,,unknown,
src/main/resources/data/dataset3/dataset3-ra/testcase3/source-model.epml,,unknown,,unknown,
src/main/resources/data/dataset3/dataset3-ra/testcase3/source-model.epml,,unknown,,unknown,
src/main/resources/data/dataset3/dataset3-ra/testcase3/source-model.epml,,unknown,,unknown,
src/main/resources/data/dataset3/dataset3-ra/testcase3/source-model.epml,,unknown,,unknown,
src/main/resources/data/dataset3/dataset3-ra/testcase3/source-model.epml,,unknown,,unknown,
src/main/resources/data/dataset3/dataset3-ra/testcase3/source-model.epml,,unknown,,unknown,
src/main/resources/data/dataset3/dataset3-ra/testcase3/source-model.epml,,unknown,,unknown,
src/main/resources/data/dataset3/dataset3-ra/testcase3/source-model.epml,,unknown,,unknown,
src/main/resources/data/dataset3/dataset3-ra/testcase3/source-model.epml,,unknown,,unknown,
src/main/resources/data/dataset3/dataset3-ra/testcase3/source-model.epml,,unknown,,unknown,
src/main/resources/data/dataset3/dataset3-ra/testcase3/target-model.epml,,unknown,,unknown,
src/main/resources/data/dataset3/dataset3-ra/testcase3/target-model.epml,,unknown,,unknown,
src/main/resources/data/dataset3/dataset3-ra/testcase3/target-model.epml,,unknown,,unknown,
src/main/resources/data/dataset3/dataset3-ra/testcase3/target-model.epml,,unknown,,unknown,
src/main/resources/data/dataset3/dataset3-ra/testcase3/target-model.epml,,unknown,,unknown,
src/main/resources/data/dataset3/dataset3-ra/testcase3/target-model.epml,,unknown,,unknown,
src/main/resources/data/dataset3/dataset3-ra/testcase3/target-model.epml,,unknown,,unknown,
src/main/resources/data/dataset3/dataset3-ra/testcase3/target-model.epml,,unknown,,unknown,
src/main/resources/data/dataset3/dataset3-ra/testcase3/target-model.epml,,unknown,,unknown,
src/main/resources/data/dataset3/dataset3-ra/testcase3/target-model.epml,,unknown,,unknown,
src/main/resources/data/dataset3/dataset3-ra/testcase3/target-model.epml,,unknown,,unknown,
src/main/resources/data/dataset3/dataset3-ra/testcase3/target-model.epml,,unknown,,unknown,
src/main/resources/data/dataset3/dataset3-ra/testcase3/target-model.epml,,unknown,,unknown,
src/main/resources/data/dataset3/dataset3-ra/testcase3/target-model.epml,,unknown,,unknown,
src/main/resources/data/dataset3/dataset3-ra/testcase3/target-model.epml,,unknown,,unknown,
src/main/resources/data/dataset3/dataset3-ra/testcase3/target-model.epml,,unknown,,unknown,
src/main/resources/data/dataset3/dataset3-ra/testcase3/target-model.epml,,unknown,,unknown,
src/main/resources/data/dataset3/dataset3-ra/testcase3/target-model.epml,,unknown,,unknown,
src/main/resources/data/dataset3/dataset3-ra/testcase3/target-model.epml,,unknown,,unknown,
src/main/resources/data/dataset3/dataset3-ra/testcase3/target-model.epml,,unknown,,unknown,
src/main/resources/data/dataset3/dataset3-ra/testcase3/target-model.epml,,unknown,,unknown,
src/main/resources/data/dataset3/dataset3-ra/testcase3/target-model.epml,,unknown,,unknown,
src/main/resources/data/dataset3/dataset3-ra/testcase3/target-model.epml,,unknown,,unknown,
src/main/resources/data/dataset3/dataset3-ra/testcase3/target-model.epml,,unknown,,unknown,
src/main/resources/data/dataset3/dataset3-ra/testcase30/source-model.epml,,unknown,,unknown,
src/main/resources/data/dataset3/dataset3-ra/testcase30/source-model.epml,,unknown,,unknown,
src/main/resources/data/dataset3/dataset3-ra/testcase30/source-model.epml,,unknown,,unknown,
src/main/resources/data/dataset3/dataset3-ra/testcase30/source-model.epml,,unknown,,unknown,
src/main/resources/data/dataset3/dataset3-ra/testcase30/source-model.epml,,unknown,,unknown,
src/main/resources/data/dataset3/dataset3-ra/testcase30/source-model.epml,,unknown,,unknown,
src/main/resources/data/dataset3/dataset3-ra/testcase30/source-model.epml,,unknown,,unknown,
src/main/resources/data/dataset3/dataset3-ra/testcase30/source-model.epml,,unknown,,unknown,
src/main/resources/data/dataset3/dataset3-ra/testcase30/source-model.epml,,unknown,,unknown,
src/main/resources/data/dataset3/dataset3-ra/testcase30/source-model.epml,,unknown,,unknown,
src/main/resources/data/dataset3/dataset3-ra/testcase30/source-model.epml,,unknown,,unknown,
src/main/resources/data/dataset3/dataset3-ra/testcase30/source-model.epml,,unknown,,unknown,
src/main/resources/data/dataset3/dataset3-ra/testcase30/source-model.epml,,unknown,,unknown,
src/main/resources/data/dataset3/dataset3-ra/testcase30/source-model.epml,,unknown,,unknown,
src/main/resources/data/dataset3/dataset3-ra/testcase30/source-model.epml,,unknown,,unknown,
src/main/resources/data/dataset3/dataset3-ra/testcase30/source-model.epml,,unknown,,unknown,
src/main/resources/data/dataset3/dataset3-ra/testcase30/target-model.epml,,unknown,,unknown,
src/main/resources/data/dataset3/dataset3-ra/testcase30/target-model.epml,,unknown,,unknown,
src/main/resources/data/dataset3/dataset3-ra/testcase30/target-model.epml,,unknown,,unknown,
src/main/resources/data/dataset3/dataset3-ra/testcase30/target-model.epml,,unknown,,unknown,
src/main/resources/data/dataset3/dataset3-ra/testcase30/target-model.epml,,unknown,,unknown,
src/main/resources/data/dataset3/dataset3-ra/testcase30/target-model.epml,,unknown,,unknown,
src/main/resources/data/dataset3/dataset3-ra/testcase30/target-model.epml,,unknown,,unknown,
src/main/resources/data/dataset3/dataset3-ra/testcase30/target-model.epml,,unknown,,unknown,
src/main/resources/data/dataset3/dataset3-ra/testcase30/target-model.epml,,unknown,,unknown,
src/main/resources/data/dataset3/dataset3-ra/testcase30/target-model.epml,,unknown,,unknown,
src/main/resources/data/dataset3/dataset3-ra/testcase30/target-model.epml,,unknown,,unknown,
src/main/resources/data/dataset3/dataset3-ra/testcase30/target-model.epml,,unknown,,unknown,
src/main/resources/data/dataset3/dataset3-ra/testcase30/target-model.epml,,unknown,,unknown,
src/main/resources/data/dataset3/dataset3-ra/testcase30/target-model.epml,,unknown,,unknown,
src/main/resources/data/dataset3/dataset3-ra/testcase30/target-model.epml,,unknown,,unknown,
src/main/resources/data/dataset3/dataset3-ra/testcase30/target-model.epml,,unknown,,unknown,
src/main/resources/data/dataset3/dataset3-ra/testcase30/target-model.epml,,unknown,,unknown,
src/main/resources/data/dataset3/dataset3-ra/testcase30/target-model.epml,,unknown,,unknown,
src/main/resources/data/dataset3/dataset3-ra/testcase30/target-model.epml,,unknown,,unknown,
src/main/resources/data/dataset3/dataset3-ra/testcase30/target-model.epml,,unknown,,unknown,
src/main/resources/data/dataset3/dataset3-ra/testcase30/target-model.epml,,unknown,,unknown,
src/main/resources/data/dataset3/dataset3-ra/testcase30/target-model.epml,,unknown,,unknown,
src/main/resources/data/dataset3/dataset3-ra/testcase31/source-model.epml,,unknown,,unknown,
src/main/resources/data/dataset3/dataset3-ra/testcase31/source-model.epml,,unknown,,unknown,
src/main/resources/data/dataset3/dataset3-ra/testcase31/source-model.epml,,unknown,,unknown,
src/main/resources/data/dataset3/dataset3-ra/testcase31/source-model.epml,,unknown,,unknown,
src/main/resources/data/dataset3/dataset3-ra/testcase31/source-model.epml,,unknown,,unknown,
src/main/resources/data/dataset3/dataset3-ra/testcase31/source-model.epml,,unknown,,unknown,
src/main/resources/data/dataset3/dataset3-ra/testcase31/source-model.epml,,unknown,,unknown,
src/main/resources/data/dataset3/dataset3-ra/testcase31/source-model.epml,,unknown,,unknown,
src/main/resources/data/dataset3/dataset3-ra/testcase31/source-model.epml,,unknown,,unknown,
src/main/resources/data/dataset3/dataset3-ra/testcase31/source-model.epml,,unknown,,unknown,
src/main/resources/data/dataset3/dataset3-ra/testcase31/source-model.epml,,unknown,,unknown,
src/main/resources/data/dataset3/dataset3-ra/testcase31/source-model.epml,,unknown,,unknown,
src/main/resources/data/dataset3/dataset3-ra/testcase31/source-model.epml,,unknown,,unknown,
src/main/resources/data/dataset3/dataset3-ra/testcase31/source-model.epml,,unknown,,unknown,
src/main/resources/data/dataset3/dataset3-ra/testcase31/source-model.epml,,unknown,,unknown,
src/main/resources/data/dataset3/dataset3-ra/testcase31/source-model.epml,,unknown,,unknown,
src/main/resources/data/dataset3/dataset3-ra/testcase31/source-model.epml,,unknown,,unknown,
src/main/resources/data/dataset3/dataset3-ra/testcase31/source-model.epml,,unknown,,unknown,
src/main/resources/data/dataset3/dataset3-ra/testcase31/source-model.epml,,unknown,,unknown,
src/main/resources/data/dataset3/dataset3-ra/testcase31/source-model.epml,,unknown,,unknown,
src/main/resources/data/dataset3/dataset3-ra/testcase31/source-model.epml,,unknown,,unknown,
src/main/resources/data/dataset3/dataset3-ra/testcase31/source-model.epml,,unknown,,unknown,
src/main/resources/data/dataset3/dataset3-ra/testcase31/source-model.epml,,unknown,,unknown,
src/main/resources/data/dataset3/dataset3-ra/testcase31/source-model.epml,,unknown,,unknown,
src/main/resources/data/dataset3/dataset3-ra/testcase31/source-model.epml,,unknown,,unknown,
src/main/resources/data/dataset3/dataset3-ra/testcase31/source-model.epml,,unknown,,unknown,
src/main/resources/data/dataset3/dataset3-ra/testcase31/source-model.epml,,unknown,,unknown,
src/main/resources/data/dataset3/dataset3-ra/testcase31/source-model.epml,,unknown,,unknown,
src/main/resources/data/dataset3/dataset3-ra/testcase31/source-model.epml,,unknown,,unknown,
src/main/resources/data/dataset3/dataset3-ra/testcase31/source-model.epml,,unknown,,unknown,
src/main/resources/data/dataset3/dataset3-ra/testcase31/source-model.epml,,unknown,,unknown,
src/main/resources/data/dataset3/dataset3-ra/testcase31/source-model.epml,,unknown,,unknown,
src/main/resources/data/dataset3/dataset3-ra/testcase31/source-model.epml,,unknown,,unknown,
src/main/resources/data/dataset3/dataset3-ra/testcase31/source-model.epml,,unknown,,unknown,
src/main/resources/data/dataset3/dataset3-ra/testcase31/source-model.epml,,unknown,,unknown,
src/main/resources/data/dataset3/dataset3-ra/testcase31/source-model.epml,,unknown,,unknown,
src/main/resources/data/dataset3/dataset3-ra/testcase31/source-model.epml,,unknown,,unknown,
src/main/resources/data/dataset3/dataset3-ra/testcase31/source-model.epml,,unknown,,unknown,
src/main/resources/data/dataset3/dataset3-ra/testcase31/source-model.epml,,unknown,,unknown,
src/main/resources/data/dataset3/dataset3-ra/testcase31/source-model.epml,,unknown,,unknown,
src/main/resources/data/dataset3/dataset3-ra/testcase31/source-model.epml,,unknown,,unknown,
src/main/resources/data/dataset3/dataset3-ra/testcase31/source-model.epml,,unknown,,unknown,
src/main/resources/data/dataset3/dataset3-ra/testcase31/source-model.epml,,unknown,,unknown,
src/main/resources/data/dataset3/dataset3-ra/testcase31/source-model.epml,,unknown,,unknown,
src/main/resources/data/dataset3/dataset3-ra/testcase31/source-model.epml,,unknown,,unknown,
src/main/resources/data/dataset3/dataset3-ra/testcase31/source-model.epml,,unknown,,unknown,
src/main/resources/data/dataset3/dataset3-ra/testcase31/source-model.epml,,unknown,,unknown,
src/main/resources/data/dataset3/dataset3-ra/testcase31/source-model.epml,,unknown,,unknown,
src/main/resources/data/dataset3/dataset3-ra/testcase31/source-model.epml,,unknown,,unknown,
src/main/resources/data/dataset3/dataset3-ra/testcase31/source-model.epml,,unknown,,unknown,
src/main/resources/data/dataset3/dataset3-ra/testcase31/source-model.epml,,unknown,,unknown,
src/main/resources/data/dataset3/dataset3-ra/testcase31/source-model.epml,,unknown,,unknown,
src/main/resources/data/dataset3/dataset3-ra/testcase31/source-model.epml,,unknown,,unknown,
src/main/resources/data/dataset3/dataset3-ra/testcase31/target-model.epml,,unknown,,unknown,
src/main/resources/data/dataset3/dataset3-ra/testcase31/target-model.epml,,unknown,,unknown,
src/main/resources/data/dataset3/dataset3-ra/testcase31/target-model.epml,,unknown,,unknown,
src/main/resources/data/dataset3/dataset3-ra/testcase31/target-model.epml,,unknown,,unknown,
src/main/resources/data/dataset3/dataset3-ra/testcase31/target-model.epml,,unknown,,unknown,
src/main/resources/data/dataset3/dataset3-ra/testcase31/target-model.epml,,unknown,,unknown,
src/main/resources/data/dataset3/dataset3-ra/testcase31/target-model.epml,,unknown,,unknown,
src/main/resources/data/dataset3/dataset3-ra/testcase31/target-model.epml,,unknown,,unknown,
src/main/resources/data/dataset3/dataset3-ra/testcase31/target-model.epml,,unknown,,unknown,
src/main/resources/data/dataset3/dataset3-ra/testcase31/target-model.epml,,unknown,,unknown,
src/main/resources/data/dataset3/dataset3-ra/testcase31/target-model.epml,,unknown,,unknown,
src/main/resources/data/dataset3/dataset3-ra/testcase31/target-model.epml,,unknown,,unknown,
src/main/resources/data/dataset3/dataset3-ra/testcase31/target-model.epml,,unknown,,unknown,
src/main/resources/data/dataset3/dataset3-ra/testcase31/target-model.epml,,unknown,,unknown,
src/main/resources/data/dataset3/dataset3-ra/testcase31/target-model.epml,,unknown,,unknown,
src/main/resources/data/dataset3/dataset3-ra/testcase31/target-model.epml,,unknown,,unknown,
src/main/resources/data/dataset3/dataset3-ra/testcase31/target-model.epml,,unknown,,unknown,
src/main/resources/data/dataset3/dataset3-ra/testcase31/target-model.epml,,unknown,,unknown,
src/main/resources/data/dataset3/dataset3-ra/testcase31/target-model.epml,,unknown,,unknown,
src/main/resources/data/dataset3/dataset3-ra/testcase31/target-model.epml,,unknown,,unknown,
src/main/resources/data/dataset3/dataset3-ra/testcase31/target-model.epml,,unknown,,unknown,
src/main/resources/data/dataset3/dataset3-ra/testcase31/target-model.epml,,unknown,,unknown,
src/main/resources/data/dataset3/dataset3-ra/testcase31/target-model.epml,,unknown,,unknown,
src/main/resources/data/dataset3/dataset3-ra/testcase31/target-model.epml,,unknown,,unknown,
src/main/resources/data/dataset3/dataset3-ra/testcase31/target-model.epml,,unknown,,unknown,
src/main/resources/data/dataset3/dataset3-ra/testcase31/target-model.epml,,unknown,,unknown,
src/main/resources/data/dataset3/dataset3-ra/testcase31/target-model.epml,,unknown,,unknown,
src/main/resources/data/dataset3/dataset3-ra/testcase31/target-model.epml,,unknown,,unknown,
src/main/resources/data/dataset3/dataset3-ra/testcase31/target-model.epml,,unknown,,unknown,
src/main/resources/data/dataset3/dataset3-ra/testcase31/target-model.epml,,unknown,,unknown,
src/main/resources/data/dataset3/dataset3-ra/testcase31/target-model.epml,,unknown,,unknown,
src/main/resources/data/dataset3/dataset3-ra/testcase31/target-model.epml,,unknown,,unknown,
src/main/resources/data/dataset3/dataset3-ra/testcase31/target-model.epml,,unknown,,unknown,
src/main/resources/data/dataset3/dataset3-ra/testcase31/target-model.epml,,unknown,,unknown,
src/main/resources/data/dataset3/dataset3-ra/testcase31/target-model.epml,,unknown,,unknown,
src/main/resources/data/dataset3/dataset3-ra/testcase31/target-model.epml,,unknown,,unknown,
src/main/resources/data/dataset3/dataset3-ra/testcase31/target-model.epml,,unknown,,unknown,
src/main/resources/data/dataset3/dataset3-ra/testcase31/target-model.epml,,unknown,,unknown,
src/main/resources/data/dataset3/dataset3-ra/testcase31/target-model.epml,,unknown,,unknown,
src/main/resources/data/dataset3/dataset3-ra/testcase32/source-model.epml,,unknown,,unknown,
src/main/resources/data/dataset3/dataset3-ra/testcase32/source-model.epml,,unknown,,unknown,
src/main/resources/data/dataset3/dataset3-ra/testcase32/source-model.epml,,unknown,,unknown,
src/main/resources/data/dataset3/dataset3-ra/testcase32/source-model.epml,,unknown,,unknown,
src/main/resources/data/dataset3/dataset3-ra/testcase32/source-model.epml,,unknown,,unknown,
src/main/resources/data/dataset3/dataset3-ra/testcase32/source-model.epml,,unknown,,unknown,
src/main/resources/data/dataset3/dataset3-ra/testcase32/source-model.epml,,unknown,,unknown,
src/main/resources/data/dataset3/dataset3-ra/testcase32/source-model.epml,,unknown,,unknown,
src/main/resources/data/dataset3/dataset3-ra/testcase32/source-model.epml,,unknown,,unknown,
src/main/resources/data/dataset3/dataset3-ra/testcase32/source-model.epml,,unknown,,unknown,
src/main/resources/data/dataset3/dataset3-ra/testcase32/source-model.epml,,unknown,,unknown,
src/main/resources/data/dataset3/dataset3-ra/testcase32/source-model.epml,,unknown,,unknown,
src/main/resources/data/dataset3/dataset3-ra/testcase32/source-model.epml,,unknown,,unknown,
src/main/resources/data/dataset3/dataset3-ra/testcase32/source-model.epml,,unknown,,unknown,
src/main/resources/data/dataset3/dataset3-ra/testcase32/source-model.epml,,unknown,,unknown,
src/main/resources/data/dataset3/dataset3-ra/testcase32/source-model.epml,,unknown,,unknown,
src/main/resources/data/dataset3/dataset3-ra/testcase32/source-model.epml,,unknown,,unknown,
src/main/resources/data/dataset3/dataset3-ra/testcase32/source-model.epml,,unknown,,unknown,
src/main/resources/data/dataset3/dataset3-ra/testcase32/source-model.epml,,unknown,,unknown,
src/main/resources/data/dataset3/dataset3-ra/testcase32/source-model.epml,,unknown,,unknown,
src/main/resources/data/dataset3/dataset3-ra/testcase32/source-model.epml,,unknown,,unknown,
src/main/resources/data/dataset3/dataset3-ra/testcase32/source-model.epml,,unknown,,unknown,
src/main/resources/data/dataset3/dataset3-ra/testcase32/source-model.epml,,unknown,,unknown,
src/main/resources/data/dataset3/dataset3-ra/testcase32/source-model.epml,,unknown,,unknown,
src/main/resources/data/dataset3/dataset3-ra/testcase32/source-model.epml,,unknown,,unknown,
src/main/resources/data/dataset3/dataset3-ra/testcase32/source-model.epml,,unknown,,unknown,
src/main/resources/data/dataset3/dataset3-ra/testcase32/source-model.epml,,unknown,,unknown,
src/main/resources/data/dataset3/dataset3-ra/testcase32/source-model.epml,,unknown,,unknown,
src/main/resources/data/dataset3/dataset3-ra/testcase32/source-model.epml,,unknown,,unknown,
src/main/resources/data/dataset3/dataset3-ra/testcase32/source-model.epml,,unknown,,unknown,
src/main/resources/data/dataset3/dataset3-ra/testcase32/source-model.epml,,unknown,,unknown,
src/main/resources/data/dataset3/dataset3-ra/testcase32/source-model.epml,,unknown,,unknown,
src/main/resources/data/dataset3/dataset3-ra/testcase32/source-model.epml,,unknown,,unknown,
src/main/resources/data/dataset3/dataset3-ra/testcase32/source-model.epml,,unknown,,unknown,
src/main/resources/data/dataset3/dataset3-ra/testcase32/source-model.epml,,unknown,,unknown,
src/main/resources/data/dataset3/dataset3-ra/testcase32/source-model.epml,,unknown,,unknown,
src/main/resources/data/dataset3/dataset3-ra/testcase32/target-model.epml,,unknown,,unknown,
src/main/resources/data/dataset3/dataset3-ra/testcase32/target-model.epml,,unknown,,unknown,
src/main/resources/data/dataset3/dataset3-ra/testcase32/target-model.epml,,unknown,,unknown,
src/main/resources/data/dataset3/dataset3-ra/testcase32/target-model.epml,,unknown,,unknown,
src/main/resources/data/dataset3/dataset3-ra/testcase32/target-model.epml,,unknown,,unknown,
src/main/resources/data/dataset3/dataset3-ra/testcase32/target-model.epml,,unknown,,unknown,
src/main/resources/data/dataset3/dataset3-ra/testcase32/target-model.epml,,unknown,,unknown,
src/main/resources/data/dataset3/dataset3-ra/testcase32/target-model.epml,,unknown,,unknown,
src/main/resources/data/dataset3/dataset3-ra/testcase32/target-model.epml,,unknown,,unknown,
src/main/resources/data/dataset3/dataset3-ra/testcase32/target-model.epml,,unknown,,unknown,
src/main/resources/data/dataset3/dataset3-ra/testcase32/target-model.epml,,unknown,,unknown,
src/main/resources/data/dataset3/dataset3-ra/testcase32/target-model.epml,,unknown,,unknown,
src/main/resources/data/dataset3/dataset3-ra/testcase32/target-model.epml,,unknown,,unknown,
src/main/resources/data/dataset3/dataset3-ra/testcase32/target-model.epml,,unknown,,unknown,
src/main/resources/data/dataset3/dataset3-ra/testcase32/target-model.epml,,unknown,,unknown,
src/main/resources/data/dataset3/dataset3-ra/testcase32/target-model.epml,,unknown,,unknown,
src/main/resources/data/dataset3/dataset3-ra/testcase32/target-model.epml,,unknown,,unknown,
src/main/resources/data/dataset3/dataset3-ra/testcase32/target-model.epml,,unknown,,unknown,
src/main/resources/data/dataset3/dataset3-ra/testcase32/target-model.epml,,unknown,,unknown,
src/main/resources/data/dataset3/dataset3-ra/testcase32/target-model.epml,,unknown,,unknown,
src/main/resources/data/dataset3/dataset3-ra/testcase32/target-model.epml,,unknown,,unknown,
src/main/resources/data/dataset3/dataset3-ra/testcase32/target-model.epml,,unknown,,unknown,
src/main/resources/data/dataset3/dataset3-ra/testcase32/target-model.epml,,unknown,,unknown,
src/main/resources/data/dataset3/dataset3-ra/testcase32/target-model.epml,,unknown,,unknown,
src/main/resources/data/dataset3/dataset3-ra/testcase32/target-model.epml,,unknown,,unknown,
src/main/resources/data/dataset3/dataset3-ra/testcase32/target-model.epml,,unknown,,unknown,
src/main/resources/data/dataset3/dataset3-ra/testcase32/target-model.epml,,unknown,,unknown,
src/main/resources/data/dataset3/dataset3-ra/testcase32/target-model.epml,,unknown,,unknown,
src/main/resources/data/dataset3/dataset3-ra/testcase32/target-model.epml,,unknown,,unknown,
src/main/resources/data/dataset3/dataset3-ra/testcase32/target-model.epml,,unknown,,unknown,
src/main/resources/data/dataset3/dataset3-ra/testcase32/target-model.epml,,unknown,,unknown,
src/main/resources/data/dataset3/dataset3-ra/testcase32/target-model.epml,,unknown,,unknown,
src/main/resources/data/dataset3/dataset3-ra/testcase32/target-model.epml,,unknown,,unknown,
src/main/resources/data/dataset3/dataset3-ra/testcase32/target-model.epml,,unknown,,unknown,
src/main/resources/data/dataset3/dataset3-ra/testcase32/target-model.epml,,unknown,,unknown,
src/main/resources/data/dataset3/dataset3-ra/testcase32/target-model.epml,,unknown,,unknown,
src/main/resources/data/dataset3/dataset3-ra/testcase32/target-model.epml,,unknown,,unknown,
src/main/resources/data/dataset3/dataset3-ra/testcase32/target-model.epml,,unknown,,unknown,
src/main/resources/data/dataset3/dataset3-ra/testcase32/target-model.epml,,unknown,,unknown,
src/main/resources/data/dataset3/dataset3-ra/testcase32/target-model.epml,,unknown,,unknown,
src/main/resources/data/dataset3/dataset3-ra/testcase32/target-model.epml,,unknown,,unknown,
src/main/resources/data/dataset3/dataset3-ra/testcase32/target-model.epml,,unknown,,unknown,
src/main/resources/data/dataset3/dataset3-ra/testcase32/target-model.epml,,unknown,,unknown,
src/main/resources/data/dataset3/dataset3-ra/testcase32/target-model.epml,,unknown,,unknown,
src/main/resources/data/dataset3/dataset3-ra/testcase32/target-model.epml,,unknown,,unknown,
src/main/resources/data/dataset3/dataset3-ra/testcase32/target-model.epml,,unknown,,unknown,
src/main/resources/data/dataset3/dataset3-ra/testcase32/target-model.epml,,unknown,,unknown,
src/main/resources/data/dataset3/dataset3-ra/testcase32/target-model.epml,,unknown,,unknown,
src/main/resources/data/dataset3/dataset3-ra/testcase32/target-model.epml,,unknown,,unknown,
src/main/resources/data/dataset3/dataset3-ra/testcase32/target-model.epml,,unknown,,unknown,
src/main/resources/data/dataset3/dataset3-ra/testcase32/target-model.epml,,unknown,,unknown,
src/main/resources/data/dataset3/dataset3-ra/testcase32/target-model.epml,,unknown,,unknown,
src/main/resources/data/dataset3/dataset3-ra/testcase32/target-model.epml,,unknown,,unknown,
src/main/resources/data/dataset3/dataset3-ra/testcase32/target-model.epml,,unknown,,unknown,
src/main/resources/data/dataset3/dataset3-ra/testcase32/target-model.epml,,unknown,,unknown,
src/main/resources/data/dataset3/dataset3-ra/testcase32/target-model.epml,,unknown,,unknown,
src/main/resources/data/dataset3/dataset3-ra/testcase32/target-model.epml,,unknown,,unknown,
src/main/resources/data/dataset3/dataset3-ra/testcase32/target-model.epml,,unknown,,unknown,
src/main/resources/data/dataset3/dataset3-ra/testcase32/target-model.epml,,unknown,,unknown,
src/main/resources/data/dataset3/dataset3-ra/testcase32/target-model.epml,,unknown,,unknown,
src/main/resources/data/dataset3/dataset3-ra/testcase32/target-model.epml,,unknown,,unknown,
src/main/resources/data/dataset3/dataset3-ra/testcase32/target-model.epml,,unknown,,unknown,
src/main/resources/data/dataset3/dataset3-ra/testcase32/target-model.epml,,unknown,,unknown,
src/main/resources/data/dataset3/dataset3-ra/testcase32/target-model.epml,,unknown,,unknown,
src/main/resources/data/dataset3/dataset3-ra/testcase32/target-model.epml,,unknown,,unknown,
src/main/resources/data/dataset3/dataset3-ra/testcase32/target-model.epml,,unknown,,unknown,
src/main/resources/data/dataset3/dataset3-ra/testcase32/target-model.epml,,unknown,,unknown,
src/main/resources/data/dataset3/dataset3-ra/testcase32/target-model.epml,,unknown,,unknown,
src/main/resources/data/dataset3/dataset3-ra/testcase32/target-model.epml,,unknown,,unknown,
src/main/resources/data/dataset3/dataset3-ra/testcase32/target-model.epml,,unknown,,unknown,
src/main/resources/data/dataset3/dataset3-ra/testcase32/target-model.epml,,unknown,,unknown,
src/main/resources/data/dataset3/dataset3-ra/testcase32/target-model.epml,,unknown,,unknown,
src/main/resources/data/dataset3/dataset3-ra/testcase32/target-model.epml,,unknown,,unknown,
src/main/resources/data/dataset3/dataset3-ra/testcase33/source-model.epml,,unknown,,unknown,
src/main/resources/data/dataset3/dataset3-ra/testcase33/source-model.epml,,unknown,,unknown,
src/main/resources/data/dataset3/dataset3-ra/testcase33/source-model.epml,,unknown,,unknown,
src/main/resources/data/dataset3/dataset3-ra/testcase33/source-model.epml,,unknown,,unknown,
src/main/resources/data/dataset3/dataset3-ra/testcase33/source-model.epml,,unknown,,unknown,
src/main/resources/data/dataset3/dataset3-ra/testcase33/source-model.epml,,unknown,,unknown,
src/main/resources/data/dataset3/dataset3-ra/testcase33/source-model.epml,,unknown,,unknown,
src/main/resources/data/dataset3/dataset3-ra/testcase33/source-model.epml,,unknown,,unknown,
src/main/resources/data/dataset3/dataset3-ra/testcase33/source-model.epml,,unknown,,unknown,
src/main/resources/data/dataset3/dataset3-ra/testcase33/source-model.epml,,unknown,,unknown,
src/main/resources/data/dataset3/dataset3-ra/testcase33/source-model.epml,,unknown,,unknown,
src/main/resources/data/dataset3/dataset3-ra/testcase33/source-model.epml,,unknown,,unknown,
src/main/resources/data/dataset3/dataset3-ra/testcase33/source-model.epml,,unknown,,unknown,
src/main/resources/data/dataset3/dataset3-ra/testcase33/source-model.epml,,unknown,,unknown,
src/main/resources/data/dataset3/dataset3-ra/testcase33/source-model.epml,,unknown,,unknown,
src/main/resources/data/dataset3/dataset3-ra/testcase33/source-model.epml,,unknown,,unknown,
src/main/resources/data/dataset3/dataset3-ra/testcase33/source-model.epml,,unknown,,unknown,
src/main/resources/data/dataset3/dataset3-ra/testcase33/source-model.epml,,unknown,,unknown,
src/main/resources/data/dataset3/dataset3-ra/testcase33/source-model.epml,,unknown,,unknown,
src/main/resources/data/dataset3/dataset3-ra/testcase33/source-model.epml,,unknown,,unknown,
src/main/resources/data/dataset3/dataset3-ra/testcase33/source-model.epml,,unknown,,unknown,
src/main/resources/data/dataset3/dataset3-ra/testcase33/source-model.epml,,unknown,,unknown,
src/main/resources/data/dataset3/dataset3-ra/testcase33/source-model.epml,,unknown,,unknown,
src/main/resources/data/dataset3/dataset3-ra/testcase33/target-model.epml,,unknown,,unknown,
src/main/resources/data/dataset3/dataset3-ra/testcase33/target-model.epml,,unknown,,unknown,
src/main/resources/data/dataset3/dataset3-ra/testcase33/target-model.epml,,unknown,,unknown,
src/main/resources/data/dataset3/dataset3-ra/testcase33/target-model.epml,,unknown,,unknown,
src/main/resources/data/dataset3/dataset3-ra/testcase33/target-model.epml,,unknown,,unknown,
src/main/resources/data/dataset3/dataset3-ra/testcase33/target-model.epml,,unknown,,unknown,
src/main/resources/data/dataset3/dataset3-ra/testcase33/target-model.epml,,unknown,,unknown,
src/main/resources/data/dataset3/dataset3-ra/testcase33/target-model.epml,,unknown,,unknown,
src/main/resources/data/dataset3/dataset3-ra/testcase33/target-model.epml,,unknown,,unknown,
src/main/resources/data/dataset3/dataset3-ra/testcase33/target-model.epml,,unknown,,unknown,
src/main/resources/data/dataset3/dataset3-ra/testcase33/target-model.epml,,unknown,,unknown,
src/main/resources/data/dataset3/dataset3-ra/testcase33/target-model.epml,,unknown,,unknown,
src/main/resources/data/dataset3/dataset3-ra/testcase33/target-model.epml,,unknown,,unknown,
src/main/resources/data/dataset3/dataset3-ra/testcase33/target-model.epml,,unknown,,unknown,
src/main/resources/data/dataset3/dataset3-ra/testcase33/target-model.epml,,unknown,,unknown,
src/main/resources/data/dataset3/dataset3-ra/testcase33/target-model.epml,,unknown,,unknown,
src/main/resources/data/dataset3/dataset3-ra/testcase33/target-model.epml,,unknown,,unknown,
src/main/resources/data/dataset3/dataset3-ra/testcase33/target-model.epml,,unknown,,unknown,
src/main/resources/data/dataset3/dataset3-ra/testcase33/target-model.epml,,unknown,,unknown,
src/main/resources/data/dataset3/dataset3-ra/testcase33/target-model.epml,,unknown,,unknown,
src/main/resources/data/dataset3/dataset3-ra/testcase33/target-model.epml,,unknown,,unknown,
src/main/resources/data/dataset3/dataset3-ra/testcase33/target-model.epml,,unknown,,unknown,
src/main/resources/data/dataset3/dataset3-ra/testcase33/target-model.epml,,unknown,,unknown,
src/main/resources/data/dataset3/dataset3-ra/testcase33/target-model.epml,,unknown,,unknown,
src/main/resources/data/dataset3/dataset3-ra/testcase33/target-model.epml,,unknown,,unknown,
src/main/resources/data/dataset3/dataset3-ra/testcase33/target-model.epml,,unknown,,unknown,
src/main/resources/data/dataset3/dataset3-ra/testcase33/target-model.epml,,unknown,,unknown,
src/main/resources/data/dataset3/dataset3-ra/testcase33/target-model.epml,,unknown,,unknown,
src/main/resources/data/dataset3/dataset3-ra/testcase33/target-model.epml,,unknown,,unknown,
src/main/resources/data/dataset3/dataset3-ra/testcase33/target-model.epml,,unknown,,unknown,
src/main/resources/data/dataset3/dataset3-ra/testcase33/target-model.epml,,unknown,,unknown,
src/main/resources/data/dataset3/dataset3-ra/testcase33/target-model.epml,,unknown,,unknown,
src/main/resources/data/dataset3/dataset3-ra/testcase33/target-model.epml,,unknown,,unknown,
src/main/resources/data/dataset3/dataset3-ra/testcase33/target-model.epml,,unknown,,unknown,
src/main/resources/data/dataset3/dataset3-ra/testcase33/target-model.epml,,unknown,,unknown,
src/main/resources/data/dataset3/dataset3-ra/testcase33/target-model.epml,,unknown,,unknown,
src/main/resources/data/dataset3/dataset3-ra/testcase33/target-model.epml,,unknown,,unknown,
src/main/resources/data/dataset3/dataset3-ra/testcase33/target-model.epml,,unknown,,unknown,
src/main/resources/data/dataset3/dataset3-ra/testcase33/target-model.epml,,unknown,,unknown,
src/main/resources/data/dataset3/dataset3-ra/testcase33/target-model.epml,,unknown,,unknown,
src/main/resources/data/dataset3/dataset3-ra/testcase33/target-model.epml,,unknown,,unknown,
src/main/resources/data/dataset3/dataset3-ra/testcase33/target-model.epml,,unknown,,unknown,
src/main/resources/data/dataset3/dataset3-ra/testcase33/target-model.epml,,unknown,,unknown,
src/main/resources/data/dataset3/dataset3-ra/testcase33/target-model.epml,,unknown,,unknown,
src/main/resources/data/dataset3/dataset3-ra/testcase33/target-model.epml,,unknown,,unknown,
src/main/resources/data/dataset3/dataset3-ra/testcase33/target-model.epml,,unknown,,unknown,
src/main/resources/data/dataset3/dataset3-ra/testcase33/target-model.epml,,unknown,,unknown,
src/main/resources/data/dataset3/dataset3-ra/testcase33/target-model.epml,,unknown,,unknown,
src/main/resources/data/dataset3/dataset3-ra/testcase33/target-model.epml,,unknown,,unknown,
src/main/resources/data/dataset3/dataset3-ra/testcase33/target-model.epml,,unknown,,unknown,
src/main/resources/data/dataset3/dataset3-ra/testcase33/target-model.epml,,unknown,,unknown,
src/main/resources/data/dataset3/dataset3-ra/testcase33/target-model.epml,,unknown,,unknown,
src/main/resources/data/dataset3/dataset3-ra/testcase33/target-model.epml,,unknown,,unknown,
src/main/resources/data/dataset3/dataset3-ra/testcase33/target-model.epml,,unknown,,unknown,
src/main/resources/data/dataset3/dataset3-ra/testcase33/target-model.epml,,unknown,,unknown,
src/main/resources/data/dataset3/dataset3-ra/testcase33/target-model.epml,,unknown,,unknown,
src/main/resources/data/dataset3/dataset3-ra/testcase33/target-model.epml,,unknown,,unknown,
src/main/resources/data/dataset3/dataset3-ra/testcase33/target-model.epml,,unknown,,unknown,
src/main/resources/data/dataset3/dataset3-ra/testcase33/target-model.epml,,unknown,,unknown,
src/main/resources/data/dataset3/dataset3-ra/testcase33/target-model.epml,,unknown,,unknown,
src/main/resources/data/dataset3/dataset3-ra/testcase33/target-model.epml,,unknown,,unknown,
src/main/resources/data/dataset3/dataset3-ra/testcase33/target-model.epml,,unknown,,unknown,
src/main/resources/data/dataset3/dataset3-ra/testcase33/target-model.epml,,unknown,,unknown,
src/main/resources/data/dataset3/dataset3-ra/testcase33/target-model.epml,,unknown,,unknown,
src/main/resources/data/dataset3/dataset3-ra/testcase33/target-model.epml,,unknown,,unknown,
src/main/resources/data/dataset3/dataset3-ra/testcase33/target-model.epml,,unknown,,unknown,
src/main/resources/data/dataset3/dataset3-ra/testcase33/target-model.epml,,unknown,,unknown,
src/main/resources/data/dataset3/dataset3-ra/testcase33/target-model.epml,,unknown,,unknown,
src/main/resources/data/dataset3/dataset3-ra/testcase33/target-model.epml,,unknown,,unknown,
src/main/resources/data/dataset3/dataset3-ra/testcase33/target-model.epml,,unknown,,unknown,
src/main/resources/data/dataset3/dataset3-ra/testcase33/target-model.epml,,unknown,,unknown,
src/main/resources/data/dataset3/dataset3-ra/testcase33/target-model.epml,,unknown,,unknown,
src/main/resources/data/dataset3/dataset3-ra/testcase33/target-model.epml,,unknown,,unknown,
src/main/resources/data/dataset3/dataset3-ra/testcase33/target-model.epml,,unknown,,unknown,
src/main/resources/data/dataset3/dataset3-ra/testcase33/target-model.epml,,unknown,,unknown,
src/main/resources/data/dataset3/dataset3-ra/testcase33/target-model.epml,,unknown,,unknown,
src/main/resources/data/dataset3/dataset3-ra/testcase33/target-model.epml,,unknown,,unknown,
src/main/resources/data/dataset3/dataset3-ra/testcase33/target-model.epml,,unknown,,unknown,
src/main/resources/data/dataset3/dataset3-ra/testcase34/source-model.epml,,unknown,,unknown,
src/main/resources/data/dataset3/dataset3-ra/testcase34/source-model.epml,,unknown,,unknown,
src/main/resources/data/dataset3/dataset3-ra/testcase34/source-model.epml,,unknown,,unknown,
src/main/resources/data/dataset3/dataset3-ra/testcase34/source-model.epml,,unknown,,unknown,
src/main/resources/data/dataset3/dataset3-ra/testcase34/source-model.epml,,unknown,,unknown,
src/main/resources/data/dataset3/dataset3-ra/testcase34/source-model.epml,,unknown,,unknown,
src/main/resources/data/dataset3/dataset3-ra/testcase34/source-model.epml,,unknown,,unknown,
src/main/resources/data/dataset3/dataset3-ra/testcase34/source-model.epml,,unknown,,unknown,
src/main/resources/data/dataset3/dataset3-ra/testcase34/source-model.epml,,unknown,,unknown,
src/main/resources/data/dataset3/dataset3-ra/testcase34/source-model.epml,,unknown,,unknown,
src/main/resources/data/dataset3/dataset3-ra/testcase34/source-model.epml,,unknown,,unknown,
src/main/resources/data/dataset3/dataset3-ra/testcase34/source-model.epml,,unknown,,unknown,
src/main/resources/data/dataset3/dataset3-ra/testcase34/source-model.epml,,unknown,,unknown,
src/main/resources/data/dataset3/dataset3-ra/testcase34/source-model.epml,,unknown,,unknown,
src/main/resources/data/dataset3/dataset3-ra/testcase34/source-model.epml,,unknown,,unknown,
src/main/resources/data/dataset3/dataset3-ra/testcase34/source-model.epml,,unknown,,unknown,
src/main/resources/data/dataset3/dataset3-ra/testcase34/source-model.epml,,unknown,,unknown,
src/main/resources/data/dataset3/dataset3-ra/testcase34/source-model.epml,,unknown,,unknown,
src/main/resources/data/dataset3/dataset3-ra/testcase34/source-model.epml,,unknown,,unknown,
src/main/resources/data/dataset3/dataset3-ra/testcase34/source-model.epml,,unknown,,unknown,
src/main/resources/data/dataset3/dataset3-ra/testcase34/source-model.epml,,unknown,,unknown,
src/main/resources/data/dataset3/dataset3-ra/testcase34/source-model.epml,,unknown,,unknown,
src/main/resources/data/dataset3/dataset3-ra/testcase34/source-model.epml,,unknown,,unknown,
src/main/resources/data/dataset3/dataset3-ra/testcase34/source-model.epml,,unknown,,unknown,
src/main/resources/data/dataset3/dataset3-ra/testcase34/source-model.epml,,unknown,,unknown,
src/main/resources/data/dataset3/dataset3-ra/testcase34/source-model.epml,,unknown,,unknown,
src/main/resources/data/dataset3/dataset3-ra/testcase34/source-model.epml,,unknown,,unknown,
src/main/resources/data/dataset3/dataset3-ra/testcase34/source-model.epml,,unknown,,unknown,
src/main/resources/data/dataset3/dataset3-ra/testcase34/source-model.epml,,unknown,,unknown,
src/main/resources/data/dataset3/dataset3-ra/testcase34/source-model.epml,,unknown,,unknown,
src/main/resources/data/dataset3/dataset3-ra/testcase34/source-model.epml,,unknown,,unknown,
src/main/resources/data/dataset3/dataset3-ra/testcase34/source-model.epml,,unknown,,unknown,
src/main/resources/data/dataset3/dataset3-ra/testcase34/source-model.epml,,unknown,,unknown,
src/main/resources/data/dataset3/dataset3-ra/testcase34/source-model.epml,,unknown,,unknown,
src/main/resources/data/dataset3/dataset3-ra/testcase34/source-model.epml,,unknown,,unknown,
src/main/resources/data/dataset3/dataset3-ra/testcase34/source-model.epml,,unknown,,unknown,
src/main/resources/data/dataset3/dataset3-ra/testcase34/source-model.epml,,unknown,,unknown,
src/main/resources/data/dataset3/dataset3-ra/testcase34/source-model.epml,,unknown,,unknown,
src/main/resources/data/dataset3/dataset3-ra/testcase34/source-model.epml,,unknown,,unknown,
src/main/resources/data/dataset3/dataset3-ra/testcase34/source-model.epml,,unknown,,unknown,
src/main/resources/data/dataset3/dataset3-ra/testcase34/source-model.epml,,unknown,,unknown,
src/main/resources/data/dataset3/dataset3-ra/testcase34/source-model.epml,,unknown,,unknown,
src/main/resources/data/dataset3/dataset3-ra/testcase34/source-model.epml,,unknown,,unknown,
src/main/resources/data/dataset3/dataset3-ra/testcase34/source-model.epml,,unknown,,unknown,
src/main/resources/data/dataset3/dataset3-ra/testcase34/source-model.epml,,unknown,,unknown,
src/main/resources/data/dataset3/dataset3-ra/testcase34/source-model.epml,,unknown,,unknown,
src/main/resources/data/dataset3/dataset3-ra/testcase34/source-model.epml,,unknown,,unknown,
src/main/resources/data/dataset3/dataset3-ra/testcase34/source-model.epml,,unknown,,unknown,
src/main/resources/data/dataset3/dataset3-ra/testcase34/source-model.epml,,unknown,,unknown,
src/main/resources/data/dataset3/dataset3-ra/testcase34/source-model.epml,,unknown,,unknown,
src/main/resources/data/dataset3/dataset3-ra/testcase34/source-model.epml,,unknown,,unknown,
src/main/resources/data/dataset3/dataset3-ra/testcase34/source-model.epml,,unknown,,unknown,
src/main/resources/data/dataset3/dataset3-ra/testcase34/source-model.epml,,unknown,,unknown,
src/main/resources/data/dataset3/dataset3-ra/testcase34/source-model.epml,,unknown,,unknown,
src/main/resources/data/dataset3/dataset3-ra/testcase34/source-model.epml,,unknown,,unknown,
src/main/resources/data/dataset3/dataset3-ra/testcase34/target-model.epml,,unknown,,unknown,
src/main/resources/data/dataset3/dataset3-ra/testcase34/target-model.epml,,unknown,,unknown,
src/main/resources/data/dataset3/dataset3-ra/testcase34/target-model.epml,,unknown,,unknown,
src/main/resources/data/dataset3/dataset3-ra/testcase34/target-model.epml,,unknown,,unknown,
src/main/resources/data/dataset3/dataset3-ra/testcase34/target-model.epml,,unknown,,unknown,
src/main/resources/data/dataset3/dataset3-ra/testcase34/target-model.epml,,unknown,,unknown,
src/main/resources/data/dataset3/dataset3-ra/testcase34/target-model.epml,,unknown,,unknown,
src/main/resources/data/dataset3/dataset3-ra/testcase34/target-model.epml,,unknown,,unknown,
src/main/resources/data/dataset3/dataset3-ra/testcase34/target-model.epml,,unknown,,unknown,
src/main/resources/data/dataset3/dataset3-ra/testcase34/target-model.epml,,unknown,,unknown,
src/main/resources/data/dataset3/dataset3-ra/testcase34/target-model.epml,,unknown,,unknown,
src/main/resources/data/dataset3/dataset3-ra/testcase34/target-model.epml,,unknown,,unknown,
src/main/resources/data/dataset3/dataset3-ra/testcase34/target-model.epml,,unknown,,unknown,
src/main/resources/data/dataset3/dataset3-ra/testcase34/target-model.epml,,unknown,,unknown,
src/main/resources/data/dataset3/dataset3-ra/testcase34/target-model.epml,,unknown,,unknown,
src/main/resources/data/dataset3/dataset3-ra/testcase34/target-model.epml,,unknown,,unknown,
src/main/resources/data/dataset3/dataset3-ra/testcase34/target-model.epml,,unknown,,unknown,
src/main/resources/data/dataset3/dataset3-ra/testcase34/target-model.epml,,unknown,,unknown,
src/main/resources/data/dataset3/dataset3-ra/testcase34/target-model.epml,,unknown,,unknown,
src/main/resources/data/dataset3/dataset3-ra/testcase34/target-model.epml,,unknown,,unknown,
src/main/resources/data/dataset3/dataset3-ra/testcase34/target-model.epml,,unknown,,unknown,
src/main/resources/data/dataset3/dataset3-ra/testcase34/target-model.epml,,unknown,,unknown,
src/main/resources/data/dataset3/dataset3-ra/testcase34/target-model.epml,,unknown,,unknown,
src/main/resources/data/dataset3/dataset3-ra/testcase34/target-model.epml,,unknown,,unknown,
src/main/resources/data/dataset3/dataset3-ra/testcase34/target-model.epml,,unknown,,unknown,
src/main/resources/data/dataset3/dataset3-ra/testcase34/target-model.epml,,unknown,,unknown,
src/main/resources/data/dataset3/dataset3-ra/testcase34/target-model.epml,,unknown,,unknown,
src/main/resources/data/dataset3/dataset3-ra/testcase34/target-model.epml,,unknown,,unknown,
src/main/resources/data/dataset3/dataset3-ra/testcase34/target-model.epml,,unknown,,unknown,
src/main/resources/data/dataset3/dataset3-ra/testcase34/target-model.epml,,unknown,,unknown,
src/main/resources/data/dataset3/dataset3-ra/testcase34/target-model.epml,,unknown,,unknown,
src/main/resources/data/dataset3/dataset3-ra/testcase34/target-model.epml,,unknown,,unknown,
src/main/resources/data/dataset3/dataset3-ra/testcase34/target-model.epml,,unknown,,unknown,
src/main/resources/data/dataset3/dataset3-ra/testcase34/target-model.epml,,unknown,,unknown,
src/main/resources/data/dataset3/dataset3-ra/testcase34/target-model.epml,,unknown,,unknown,
src/main/resources/data/dataset3/dataset3-ra/testcase34/target-model.epml,,unknown,,unknown,
src/main/resources/data/dataset3/dataset3-ra/testcase34/target-model.epml,,unknown,,unknown,
src/main/resources/data/dataset3/dataset3-ra/testcase34/target-model.epml,,unknown,,unknown,
src/main/resources/data/dataset3/dataset3-ra/testcase34/target-model.epml,,unknown,,unknown,
src/main/resources/data/dataset3/dataset3-ra/testcase34/target-model.epml,,unknown,,unknown,
src/main/resources/data/dataset3/dataset3-ra/testcase34/target-model.epml,,unknown,,unknown,
src/main/resources/data/dataset3/dataset3-ra/testcase35/source-model.epml,,unknown,,unknown,
src/main/resources/data/dataset3/dataset3-ra/testcase35/source-model.epml,,unknown,,unknown,
src/main/resources/data/dataset3/dataset3-ra/testcase35/source-model.epml,,unknown,,unknown,
src/main/resources/data/dataset3/dataset3-ra/testcase35/source-model.epml,,unknown,,unknown,
src/main/resources/data/dataset3/dataset3-ra/testcase35/source-model.epml,,unknown,,unknown,
src/main/resources/data/dataset3/dataset3-ra/testcase35/source-model.epml,,unknown,,unknown,
src/main/resources/data/dataset3/dataset3-ra/testcase35/source-model.epml,,unknown,,unknown,
src/main/resources/data/dataset3/dataset3-ra/testcase35/source-model.epml,,unknown,,unknown,
src/main/resources/data/dataset3/dataset3-ra/testcase35/source-model.epml,,unknown,,unknown,
src/main/resources/data/dataset3/dataset3-ra/testcase35/source-model.epml,,unknown,,unknown,
src/main/resources/data/dataset3/dataset3-ra/testcase35/source-model.epml,,unknown,,unknown,
src/main/resources/data/dataset3/dataset3-ra/testcase35/source-model.epml,,unknown,,unknown,
src/main/resources/data/dataset3/dataset3-ra/testcase35/source-model.epml,,unknown,,unknown,
src/main/resources/data/dataset3/dataset3-ra/testcase35/source-model.epml,,unknown,,unknown,
src/main/resources/data/dataset3/dataset3-ra/testcase35/source-model.epml,,unknown,,unknown,
src/main/resources/data/dataset3/dataset3-ra/testcase35/source-model.epml,,unknown,,unknown,
src/main/resources/data/dataset3/dataset3-ra/testcase35/source-model.epml,,unknown,,unknown,
src/main/resources/data/dataset3/dataset3-ra/testcase35/source-model.epml,,unknown,,unknown,
src/main/resources/data/dataset3/dataset3-ra/testcase35/source-model.epml,,unknown,,unknown,
src/main/resources/data/dataset3/dataset3-ra/testcase35/source-model.epml,,unknown,,unknown,
src/main/resources/data/dataset3/dataset3-ra/testcase35/source-model.epml,,unknown,,unknown,
src/main/resources/data/dataset3/dataset3-ra/testcase35/source-model.epml,,unknown,,unknown,
src/main/resources/data/dataset3/dataset3-ra/testcase35/source-model.epml,,unknown,,unknown,
src/main/resources/data/dataset3/dataset3-ra/testcase35/source-model.epml,,unknown,,unknown,
src/main/resources/data/dataset3/dataset3-ra/testcase35/source-model.epml,,unknown,,unknown,
src/main/resources/data/dataset3/dataset3-ra/testcase35/source-model.epml,,unknown,,unknown,
src/main/resources/data/dataset3/dataset3-ra/testcase35/source-model.epml,,unknown,,unknown,
src/main/resources/data/dataset3/dataset3-ra/testcase35/source-model.epml,,unknown,,unknown,
src/main/resources/data/dataset3/dataset3-ra/testcase35/source-model.epml,,unknown,,unknown,
src/main/resources/data/dataset3/dataset3-ra/testcase35/source-model.epml,,unknown,,unknown,
src/main/resources/data/dataset3/dataset3-ra/testcase35/source-model.epml,,unknown,,unknown,
src/main/resources/data/dataset3/dataset3-ra/testcase35/source-model.epml,,unknown,,unknown,
src/main/resources/data/dataset3/dataset3-ra/testcase35/source-model.epml,,unknown,,unknown,
src/main/resources/data/dataset3/dataset3-ra/testcase35/source-model.epml,,unknown,,unknown,
src/main/resources/data/dataset3/dataset3-ra/testcase35/source-model.epml,,unknown,,unknown,
src/main/resources/data/dataset3/dataset3-ra/testcase35/source-model.epml,,unknown,,unknown,
src/main/resources/data/dataset3/dataset3-ra/testcase35/source-model.epml,,unknown,,unknown,
src/main/resources/data/dataset3/dataset3-ra/testcase35/source-model.epml,,unknown,,unknown,
src/main/resources/data/dataset3/dataset3-ra/testcase35/source-model.epml,,unknown,,unknown,
src/main/resources/data/dataset3/dataset3-ra/testcase35/source-model.epml,,unknown,,unknown,
src/main/resources/data/dataset3/dataset3-ra/testcase35/source-model.epml,,unknown,,unknown,
src/main/resources/data/dataset3/dataset3-ra/testcase35/source-model.epml,,unknown,,unknown,
src/main/resources/data/dataset3/dataset3-ra/testcase35/source-model.epml,,unknown,,unknown,
src/main/resources/data/dataset3/dataset3-ra/testcase35/source-model.epml,,unknown,,unknown,
src/main/resources/data/dataset3/dataset3-ra/testcase35/source-model.epml,,unknown,,unknown,
src/main/resources/data/dataset3/dataset3-ra/testcase35/source-model.epml,,unknown,,unknown,
src/main/resources/data/dataset3/dataset3-ra/testcase35/source-model.epml,,unknown,,unknown,
src/main/resources/data/dataset3/dataset3-ra/testcase35/source-model.epml,,unknown,,unknown,
src/main/resources/data/dataset3/dataset3-ra/testcase35/source-model.epml,,unknown,,unknown,
src/main/resources/data/dataset3/dataset3-ra/testcase35/source-model.epml,,unknown,,unknown,
src/main/resources/data/dataset3/dataset3-ra/testcase35/source-model.epml,,unknown,,unknown,
src/main/resources/data/dataset3/dataset3-ra/testcase35/source-model.epml,,unknown,,unknown,
src/main/resources/data/dataset3/dataset3-ra/testcase35/source-model.epml,,unknown,,unknown,
src/main/resources/data/dataset3/dataset3-ra/testcase35/source-model.epml,,unknown,,unknown,
src/main/resources/data/dataset3/dataset3-ra/testcase35/source-model.epml,,unknown,,unknown,
src/main/resources/data/dataset3/dataset3-ra/testcase35/source-model.epml,,unknown,,unknown,
src/main/resources/data/dataset3/dataset3-ra/testcase35/source-model.epml,,unknown,,unknown,
src/main/resources/data/dataset3/dataset3-ra/testcase35/source-model.epml,,unknown,,unknown,
src/main/resources/data/dataset3/dataset3-ra/testcase35/source-model.epml,,unknown,,unknown,
src/main/resources/data/dataset3/dataset3-ra/testcase35/source-model.epml,,unknown,,unknown,
src/main/resources/data/dataset3/dataset3-ra/testcase35/target-model.epml,,unknown,,unknown,
src/main/resources/data/dataset3/dataset3-ra/testcase35/target-model.epml,,unknown,,unknown,
src/main/resources/data/dataset3/dataset3-ra/testcase35/target-model.epml,,unknown,,unknown,
src/main/resources/data/dataset3/dataset3-ra/testcase35/target-model.epml,,unknown,,unknown,
src/main/resources/data/dataset3/dataset3-ra/testcase35/target-model.epml,,unknown,,unknown,
src/main/resources/data/dataset3/dataset3-ra/testcase35/target-model.epml,,unknown,,unknown,
src/main/resources/data/dataset3/dataset3-ra/testcase35/target-model.epml,,unknown,,unknown,
src/main/resources/data/dataset3/dataset3-ra/testcase35/target-model.epml,,unknown,,unknown,
src/main/resources/data/dataset3/dataset3-ra/testcase35/target-model.epml,,unknown,,unknown,
src/main/resources/data/dataset3/dataset3-ra/testcase35/target-model.epml,,unknown,,unknown,
src/main/resources/data/dataset3/dataset3-ra/testcase35/target-model.epml,,unknown,,unknown,
src/main/resources/data/dataset3/dataset3-ra/testcase35/target-model.epml,,unknown,,unknown,
src/main/resources/data/dataset3/dataset3-ra/testcase35/target-model.epml,,unknown,,unknown,
src/main/resources/data/dataset3/dataset3-ra/testcase35/target-model.epml,,unknown,,unknown,
src/main/resources/data/dataset3/dataset3-ra/testcase35/target-model.epml,,unknown,,unknown,
src/main/resources/data/dataset3/dataset3-ra/testcase35/target-model.epml,,unknown,,unknown,
src/main/resources/data/dataset3/dataset3-ra/testcase35/target-model.epml,,unknown,,unknown,
src/main/resources/data/dataset3/dataset3-ra/testcase35/target-model.epml,,unknown,,unknown,
src/main/resources/data/dataset3/dataset3-ra/testcase35/target-model.epml,,unknown,,unknown,
src/main/resources/data/dataset3/dataset3-ra/testcase35/target-model.epml,,unknown,,unknown,
src/main/resources/data/dataset3/dataset3-ra/testcase35/target-model.epml,,unknown,,unknown,
src/main/resources/data/dataset3/dataset3-ra/testcase35/target-model.epml,,unknown,,unknown,
src/main/resources/data/dataset3/dataset3-ra/testcase35/target-model.epml,,unknown,,unknown,
src/main/resources/data/dataset3/dataset3-ra/testcase35/target-model.epml,,unknown,,unknown,
src/main/resources/data/dataset3/dataset3-ra/testcase35/target-model.epml,,unknown,,unknown,
src/main/resources/data/dataset3/dataset3-ra/testcase35/target-model.epml,,unknown,,unknown,
src/main/resources/data/dataset3/dataset3-ra/testcase35/target-model.epml,,unknown,,unknown,
src/main/resources/data/dataset3/dataset3-ra/testcase35/target-model.epml,,unknown,,unknown,
src/main/resources/data/dataset3/dataset3-ra/testcase35/target-model.epml,,unknown,,unknown,
src/main/resources/data/dataset3/dataset3-ra/testcase35/target-model.epml,,unknown,,unknown,
src/main/resources/data/dataset3/dataset3-ra/testcase35/target-model.epml,,unknown,,unknown,
src/main/resources/data/dataset3/dataset3-ra/testcase35/target-model.epml,,unknown,,unknown,
src/main/resources/data/dataset3/dataset3-ra/testcase35/target-model.epml,,unknown,,unknown,
src/main/resources/data/dataset3/dataset3-ra/testcase35/target-model.epml,,unknown,,unknown,
src/main/resources/data/dataset3/dataset3-ra/testcase35/target-model.epml,,unknown,,unknown,
src/main/resources/data/dataset3/dataset3-ra/testcase35/target-model.epml,,unknown,,unknown,
src/main/resources/data/dataset3/dataset3-ra/testcase35/target-model.epml,,unknown,,unknown,
src/main/resources/data/dataset3/dataset3-ra/testcase35/target-model.epml,,unknown,,unknown,
src/main/resources/data/dataset3/dataset3-ra/testcase35/target-model.epml,,unknown,,unknown,
src/main/resources/data/dataset3/dataset3-ra/testcase35/target-model.epml,,unknown,,unknown,
src/main/resources/data/dataset3/dataset3-ra/testcase35/target-model.epml,,unknown,,unknown,
src/main/resources/data/dataset3/dataset3-ra/testcase35/target-model.epml,,unknown,,unknown,
src/main/resources/data/dataset3/dataset3-ra/testcase35/target-model.epml,,unknown,,unknown,
src/main/resources/data/dataset3/dataset3-ra/testcase35/target-model.epml,,unknown,,unknown,
src/main/resources/data/dataset3/dataset3-ra/testcase35/target-model.epml,,unknown,,unknown,
src/main/resources/data/dataset3/dataset3-ra/testcase35/target-model.epml,,unknown,,unknown,
src/main/resources/data/dataset3/dataset3-ra/testcase35/target-model.epml,,unknown,,unknown,
src/main/resources/data/dataset3/dataset3-ra/testcase35/target-model.epml,,unknown,,unknown,
src/main/resources/data/dataset3/dataset3-ra/testcase35/target-model.epml,,unknown,,unknown,
src/main/resources/data/dataset3/dataset3-ra/testcase35/target-model.epml,,unknown,,unknown,
src/main/resources/data/dataset3/dataset3-ra/testcase35/target-model.epml,,unknown,,unknown,
src/main/resources/data/dataset3/dataset3-ra/testcase35/target-model.epml,,unknown,,unknown,
src/main/resources/data/dataset3/dataset3-ra/testcase35/target-model.epml,,unknown,,unknown,
src/main/resources/data/dataset3/dataset3-ra/testcase35/target-model.epml,,unknown,,unknown,
src/main/resources/data/dataset3/dataset3-ra/testcase35/target-model.epml,,unknown,,unknown,
src/main/resources/data/dataset3/dataset3-ra/testcase35/target-model.epml,,unknown,,unknown,
src/main/resources/data/dataset3/dataset3-ra/testcase35/target-model.epml,,unknown,,unknown,
src/main/resources/data/dataset3/dataset3-ra/testcase35/target-model.epml,,unknown,,unknown,
src/main/resources/data/dataset3/dataset3-ra/testcase35/target-model.epml,,unknown,,unknown,
src/main/resources/data/dataset3/dataset3-ra/testcase35/target-model.epml,,unknown,,unknown,
src/main/resources/data/dataset3/dataset3-ra/testcase35/target-model.epml,,unknown,,unknown,
src/main/resources/data/dataset3/dataset3-ra/testcase35/target-model.epml,,unknown,,unknown,
src/main/resources/data/dataset3/dataset3-ra/testcase35/target-model.epml,,unknown,,unknown,
src/main/resources/data/dataset3/dataset3-ra/testcase35/target-model.epml,,unknown,,unknown,
src/main/resources/data/dataset3/dataset3-ra/testcase35/target-model.epml,,unknown,,unknown,
src/main/resources/data/dataset3/dataset3-ra/testcase35/target-model.epml,,unknown,,unknown,
src/main/resources/data/dataset3/dataset3-ra/testcase35/target-model.epml,,unknown,,unknown,
src/main/resources/data/dataset3/dataset3-ra/testcase35/target-model.epml,,unknown,,unknown,
src/main/resources/data/dataset3/dataset3-ra/testcase35/target-model.epml,,unknown,,unknown,
src/main/resources/data/dataset3/dataset3-ra/testcase35/target-model.epml,,unknown,,unknown,
src/main/resources/data/dataset3/dataset3-ra/testcase35/target-model.epml,,unknown,,unknown,
src/main/resources/data/dataset3/dataset3-ra/testcase35/target-model.epml,,unknown,,unknown,
src/main/resources/data/dataset3/dataset3-ra/testcase35/target-model.epml,,unknown,,unknown,
src/main/resources/data/dataset3/dataset3-ra/testcase35/target-model.epml,,unknown,,unknown,
src/main/resources/data/dataset3/dataset3-ra/testcase35/target-model.epml,,unknown,,unknown,
src/main/resources/data/dataset3/dataset3-ra/testcase35/target-model.epml,,unknown,,unknown,
src/main/resources/data/dataset3/dataset3-ra/testcase35/target-model.epml,,unknown,,unknown,
src/main/resources/data/dataset3/dataset3-ra/testcase35/target-model.epml,,unknown,,unknown,
src/main/resources/data/dataset3/dataset3-ra/testcase35/target-model.epml,,unknown,,unknown,
src/main/resources/data/dataset3/dataset3-ra/testcase35/target-model.epml,,unknown,,unknown,
src/main/resources/data/dataset3/dataset3-ra/testcase35/target-model.epml,,unknown,,unknown,
src/main/resources/data/dataset3/dataset3-ra/testcase35/target-model.epml,,unknown,,unknown,
src/main/resources/data/dataset3/dataset3-ra/testcase35/target-model.epml,,unknown,,unknown,
src/main/resources/data/dataset3/dataset3-ra/testcase35/target-model.epml,,unknown,,unknown,
src/main/resources/data/dataset3/dataset3-ra/testcase35/target-model.epml,,unknown,,unknown,
src/main/resources/data/dataset3/dataset3-ra/testcase35/target-model.epml,,unknown,,unknown,
src/main/resources/data/dataset3/dataset3-ra/testcase35/target-model.epml,,unknown,,unknown,
src/main/resources/data/dataset3/dataset3-ra/testcase35/target-model.epml,,unknown,,unknown,
src/main/resources/data/dataset3/dataset3-ra/testcase35/target-model.epml,,unknown,,unknown,
src/main/resources/data/dataset3/dataset3-ra/testcase35/target-model.epml,,unknown,,unknown,
src/main/resources/data/dataset3/dataset3-ra/testcase35/target-model.epml,,unknown,,unknown,
src/main/resources/data/dataset3/dataset3-ra/testcase35/target-model.epml,,unknown,,unknown,
src/main/resources/data/dataset3/dataset3-ra/testcase35/target-model.epml,,unknown,,unknown,
src/main/resources/data/dataset3/dataset3-ra/testcase35/target-model.epml,,unknown,,unknown,
src/main/resources/data/dataset3/dataset3-ra/testcase35/target-model.epml,,unknown,,unknown,
src/main/resources/data/dataset3/dataset3-ra/testcase35/target-model.epml,,unknown,,unknown,
src/main/resources/data/dataset3/dataset3-ra/testcase35/target-model.epml,,unknown,,unknown,
src/main/resources/data/dataset3/dataset3-ra/testcase35/target-model.epml,,unknown,,unknown,
src/main/resources/data/dataset3/dataset3-ra/testcase35/target-model.epml,,unknown,,unknown,
src/main/resources/data/dataset3/dataset3-ra/testcase35/target-model.epml,,unknown,,unknown,
src/main/resources/data/dataset3/dataset3-ra/testcase35/target-model.epml,,unknown,,unknown,
src/main/resources/data/dataset3/dataset3-ra/testcase35/target-model.epml,,unknown,,unknown,
src/main/resources/data/dataset3/dataset3-ra/testcase35/target-model.epml,,unknown,,unknown,
src/main/resources/data/dataset3/dataset3-ra/testcase35/target-model.epml,,unknown,,unknown,
src/main/resources/data/dataset3/dataset3-ra/testcase35/target-model.epml,,unknown,,unknown,
src/main/resources/data/dataset3/dataset3-ra/testcase35/target-model.epml,,unknown,,unknown,
src/main/resources/data/dataset3/dataset3-ra/testcase35/target-model.epml,,unknown,,unknown,
src/main/resources/data/dataset3/dataset3-ra/testcase35/target-model.epml,,unknown,,unknown,
src/main/resources/data/dataset3/dataset3-ra/testcase35/target-model.epml,,unknown,,unknown,
src/main/resources/data/dataset3/dataset3-ra/testcase35/target-model.epml,,unknown,,unknown,
src/main/resources/data/dataset3/dataset3-ra/testcase36/source-model.epml,,unknown,,unknown,
src/main/resources/data/dataset3/dataset3-ra/testcase36/source-model.epml,,unknown,,unknown,
src/main/resources/data/dataset3/dataset3-ra/testcase36/source-model.epml,,unknown,,unknown,
src/main/resources/data/dataset3/dataset3-ra/testcase36/source-model.epml,,unknown,,unknown,
src/main/resources/data/dataset3/dataset3-ra/testcase36/source-model.epml,,unknown,,unknown,
src/main/resources/data/dataset3/dataset3-ra/testcase36/source-model.epml,,unknown,,unknown,
src/main/resources/data/dataset3/dataset3-ra/testcase36/source-model.epml,,unknown,,unknown,
src/main/resources/data/dataset3/dataset3-ra/testcase36/source-model.epml,,unknown,,unknown,
src/main/resources/data/dataset3/dataset3-ra/testcase36/source-model.epml,,unknown,,unknown,
src/main/resources/data/dataset3/dataset3-ra/testcase36/source-model.epml,,unknown,,unknown,
src/main/resources/data/dataset3/dataset3-ra/testcase36/source-model.epml,,unknown,,unknown,
src/main/resources/data/dataset3/dataset3-ra/testcase36/source-model.epml,,unknown,,unknown,
src/main/resources/data/dataset3/dataset3-ra/testcase36/source-model.epml,,unknown,,unknown,
src/main/resources/data/dataset3/dataset3-ra/testcase36/source-model.epml,,unknown,,unknown,
src/main/resources/data/dataset3/dataset3-ra/testcase36/source-model.epml,,unknown,,unknown,
src/main/resources/data/dataset3/dataset3-ra/testcase36/source-model.epml,,unknown,,unknown,
src/main/resources/data/dataset3/dataset3-ra/testcase36/source-model.epml,,unknown,,unknown,
src/main/resources/data/dataset3/dataset3-ra/testcase36/source-model.epml,,unknown,,unknown,
src/main/resources/data/dataset3/dataset3-ra/testcase36/source-model.epml,,unknown,,unknown,
src/main/resources/data/dataset3/dataset3-ra/testcase36/source-model.epml,,unknown,,unknown,
src/main/resources/data/dataset3/dataset3-ra/testcase36/source-model.epml,,unknown,,unknown,
src/main/resources/data/dataset3/dataset3-ra/testcase36/source-model.epml,,unknown,,unknown,
src/main/resources/data/dataset3/dataset3-ra/testcase36/target-model.epml,,unknown,,unknown,
src/main/resources/data/dataset3/dataset3-ra/testcase36/target-model.epml,,unknown,,unknown,
src/main/resources/data/dataset3/dataset3-ra/testcase36/target-model.epml,,unknown,,unknown,
src/main/resources/data/dataset3/dataset3-ra/testcase36/target-model.epml,,unknown,,unknown,
src/main/resources/data/dataset3/dataset3-ra/testcase36/target-model.epml,,unknown,,unknown,
src/main/resources/data/dataset3/dataset3-ra/testcase36/target-model.epml,,unknown,,unknown,
src/main/resources/data/dataset3/dataset3-ra/testcase36/target-model.epml,,unknown,,unknown,
src/main/resources/data/dataset3/dataset3-ra/testcase36/target-model.epml,,unknown,,unknown,
src/main/resources/data/dataset3/dataset3-ra/testcase36/target-model.epml,,unknown,,unknown,
src/main/resources/data/dataset3/dataset3-ra/testcase36/target-model.epml,,unknown,,unknown,
src/main/resources/data/dataset3/dataset3-ra/testcase36/target-model.epml,,unknown,,unknown,
src/main/resources/data/dataset3/dataset3-ra/testcase36/target-model.epml,,unknown,,unknown,
src/main/resources/data/dataset3/dataset3-ra/testcase36/target-model.epml,,unknown,,unknown,
src/main/resources/data/dataset3/dataset3-ra/testcase36/target-model.epml,,unknown,,unknown,
src/main/resources/data/dataset3/dataset3-ra/testcase36/target-model.epml,,unknown,,unknown,
src/main/resources/data/dataset3/dataset3-ra/testcase36/target-model.epml,,unknown,,unknown,
src/main/resources/data/dataset3/dataset3-ra/testcase36/target-model.epml,,unknown,,unknown,
src/main/resources/data/dataset3/dataset3-ra/testcase36/target-model.epml,,unknown,,unknown,
src/main/resources/data/dataset3/dataset3-ra/testcase36/target-model.epml,,unknown,,unknown,
src/main/resources/data/dataset3/dataset3-ra/testcase36/target-model.epml,,unknown,,unknown,
src/main/resources/data/dataset3/dataset3-ra/testcase36/target-model.epml,,unknown,,unknown,
src/main/resources/data/dataset3/dataset3-ra/testcase36/target-model.epml,,unknown,,unknown,
src/main/resources/data/dataset3/dataset3-ra/testcase36/target-model.epml,,unknown,,unknown,
src/main/resources/data/dataset3/dataset3-ra/testcase36/target-model.epml,,unknown,,unknown,
src/main/resources/data/dataset3/dataset3-ra/testcase36/target-model.epml,,unknown,,unknown,
src/main/resources/data/dataset3/dataset3-ra/testcase36/target-model.epml,,unknown,,unknown,
src/main/resources/data/dataset3/dataset3-ra/testcase36/target-model.epml,,unknown,,unknown,
src/main/resources/data/dataset3/dataset3-ra/testcase36/target-model.epml,,unknown,,unknown,
src/main/resources/data/dataset3/dataset3-ra/testcase36/target-model.epml,,unknown,,unknown,
src/main/resources/data/dataset3/dataset3-ra/testcase36/target-model.epml,,unknown,,unknown,
src/main/resources/data/dataset3/dataset3-ra/testcase36/target-model.epml,,unknown,,unknown,
src/main/resources/data/dataset3/dataset3-ra/testcase36/target-model.epml,,unknown,,unknown,
src/main/resources/data/dataset3/dataset3-ra/testcase36/target-model.epml,,unknown,,unknown,
src/main/resources/data/dataset3/dataset3-ra/testcase4/source-model.epml,,unknown,,unknown,
src/main/resources/data/dataset3/dataset3-ra/testcase4/source-model.epml,,unknown,,unknown,
src/main/resources/data/dataset3/dataset3-ra/testcase4/source-model.epml,,unknown,,unknown,
src/main/resources/data/dataset3/dataset3-ra/testcase4/source-model.epml,,unknown,,unknown,
src/main/resources/data/dataset3/dataset3-ra/testcase4/source-model.epml,,unknown,,unknown,
src/main/resources/data/dataset3/dataset3-ra/testcase4/source-model.epml,,unknown,,unknown,
src/main/resources/data/dataset3/dataset3-ra/testcase4/source-model.epml,,unknown,,unknown,
src/main/resources/data/dataset3/dataset3-ra/testcase4/source-model.epml,,unknown,,unknown,
src/main/resources/data/dataset3/dataset3-ra/testcase4/source-model.epml,,unknown,,unknown,
src/main/resources/data/dataset3/dataset3-ra/testcase4/source-model.epml,,unknown,,unknown,
src/main/resources/data/dataset3/dataset3-ra/testcase4/source-model.epml,,unknown,,unknown,
src/main/resources/data/dataset3/dataset3-ra/testcase4/source-model.epml,,unknown,,unknown,
src/main/resources/data/dataset3/dataset3-ra/testcase4/source-model.epml,,unknown,,unknown,
src/main/resources/data/dataset3/dataset3-ra/testcase4/source-model.epml,,unknown,,unknown,
src/main/resources/data/dataset3/dataset3-ra/testcase4/source-model.epml,,unknown,,unknown,
src/main/resources/data/dataset3/dataset3-ra/testcase4/source-model.epml,,unknown,,unknown,
src/main/resources/data/dataset3/dataset3-ra/testcase4/source-model.epml,,unknown,,unknown,
src/main/resources/data/dataset3/dataset3-ra/testcase4/source-model.epml,,unknown,,unknown,
src/main/resources/data/dataset3/dataset3-ra/testcase4/source-model.epml,,unknown,,unknown,
src/main/resources/data/dataset3/dataset3-ra/testcase4/source-model.epml,,unknown,,unknown,
src/main/resources/data/dataset3/dataset3-ra/testcase4/source-model.epml,,unknown,,unknown,
src/main/resources/data/dataset3/dataset3-ra/testcase4/source-model.epml,,unknown,,unknown,
src/main/resources/data/dataset3/dataset3-ra/testcase4/source-model.epml,,unknown,,unknown,
src/main/resources/data/dataset3/dataset3-ra/testcase4/target-model.epml,,unknown,,unknown,
src/main/resources/data/dataset3/dataset3-ra/testcase4/target-model.epml,,unknown,,unknown,
src/main/resources/data/dataset3/dataset3-ra/testcase4/target-model.epml,,unknown,,unknown,
src/main/resources/data/dataset3/dataset3-ra/testcase4/target-model.epml,,unknown,,unknown,
src/main/resources/data/dataset3/dataset3-ra/testcase4/target-model.epml,,unknown,,unknown,
src/main/resources/data/dataset3/dataset3-ra/testcase4/target-model.epml,,unknown,,unknown,
src/main/resources/data/dataset3/dataset3-ra/testcase4/target-model.epml,,unknown,,unknown,
src/main/resources/data/dataset3/dataset3-ra/testcase4/target-model.epml,,unknown,,unknown,
src/main/resources/data/dataset3/dataset3-ra/testcase4/target-model.epml,,unknown,,unknown,
src/main/resources/data/dataset3/dataset3-ra/testcase4/target-model.epml,,unknown,,unknown,
src/main/resources/data/dataset3/dataset3-ra/testcase4/target-model.epml,,unknown,,unknown,
src/main/resources/data/dataset3/dataset3-ra/testcase4/target-model.epml,,unknown,,unknown,
src/main/resources/data/dataset3/dataset3-ra/testcase4/target-model.epml,,unknown,,unknown,
src/main/resources/data/dataset3/dataset3-ra/testcase4/target-model.epml,,unknown,,unknown,
src/main/resources/data/dataset3/dataset3-ra/testcase4/target-model.epml,,unknown,,unknown,
src/main/resources/data/dataset3/dataset3-ra/testcase4/target-model.epml,,unknown,,unknown,
src/main/resources/data/dataset3/dataset3-ra/testcase4/target-model.epml,,unknown,,unknown,
src/main/resources/data/dataset3/dataset3-ra/testcase4/target-model.epml,,unknown,,unknown,
src/main/resources/data/dataset3/dataset3-ra/testcase4/target-model.epml,,unknown,,unknown,
src/main/resources/data/dataset3/dataset3-ra/testcase4/target-model.epml,,unknown,,unknown,
src/main/resources/data/dataset3/dataset3-ra/testcase4/target-model.epml,,unknown,,unknown,
src/main/resources/data/dataset3/dataset3-ra/testcase5/source-model.epml,,unknown,,unknown,
src/main/resources/data/dataset3/dataset3-ra/testcase5/source-model.epml,,unknown,,unknown,
src/main/resources/data/dataset3/dataset3-ra/testcase5/source-model.epml,,unknown,,unknown,
src/main/resources/data/dataset3/dataset3-ra/testcase5/source-model.epml,,unknown,,unknown,
src/main/resources/data/dataset3/dataset3-ra/testcase5/source-model.epml,,unknown,,unknown,
src/main/resources/data/dataset3/dataset3-ra/testcase5/source-model.epml,,unknown,,unknown,
src/main/resources/data/dataset3/dataset3-ra/testcase5/source-model.epml,,unknown,,unknown,
src/main/resources/data/dataset3/dataset3-ra/testcase5/source-model.epml,,unknown,,unknown,
src/main/resources/data/dataset3/dataset3-ra/testcase5/source-model.epml,,unknown,,unknown,
src/main/resources/data/dataset3/dataset3-ra/testcase5/source-model.epml,,unknown,,unknown,
src/main/resources/data/dataset3/dataset3-ra/testcase5/source-model.epml,,unknown,,unknown,
src/main/resources/data/dataset3/dataset3-ra/testcase5/source-model.epml,,unknown,,unknown,
src/main/resources/data/dataset3/dataset3-ra/testcase5/source-model.epml,,unknown,,unknown,
src/main/resources/data/dataset3/dataset3-ra/testcase5/source-model.epml,,unknown,,unknown,
src/main/resources/data/dataset3/dataset3-ra/testcase5/source-model.epml,,unknown,,unknown,
src/main/resources/data/dataset3/dataset3-ra/testcase5/source-model.epml,,unknown,,unknown,
src/main/resources/data/dataset3/dataset3-ra/testcase5/source-model.epml,,unknown,,unknown,
src/main/resources/data/dataset3/dataset3-ra/testcase5/source-model.epml,,unknown,,unknown,
src/main/resources/data/dataset3/dataset3-ra/testcase5/source-model.epml,,unknown,,unknown,
src/main/resources/data/dataset3/dataset3-ra/testcase5/source-model.epml,,unknown,,unknown,
src/main/resources/data/dataset3/dataset3-ra/testcase5/source-model.epml,,unknown,,unknown,
src/main/resources/data/dataset3/dataset3-ra/testcase5/source-model.epml,,unknown,,unknown,
src/main/resources/data/dataset3/dataset3-ra/testcase5/source-model.epml,,unknown,,unknown,
src/main/resources/data/dataset3/dataset3-ra/testcase5/source-model.epml,,unknown,,unknown,
src/main/resources/data/dataset3/dataset3-ra/testcase5/source-model.epml,,unknown,,unknown,
src/main/resources/data/dataset3/dataset3-ra/testcase5/source-model.epml,,unknown,,unknown,
src/main/resources/data/dataset3/dataset3-ra/testcase5/source-model.epml,,unknown,,unknown,
src/main/resources/data/dataset3/dataset3-ra/testcase5/source-model.epml,,unknown,,unknown,
src/main/resources/data/dataset3/dataset3-ra/testcase5/source-model.epml,,unknown,,unknown,
src/main/resources/data/dataset3/dataset3-ra/testcase5/source-model.epml,,unknown,,unknown,
src/main/resources/data/dataset3/dataset3-ra/testcase5/source-model.epml,,unknown,,unknown,
src/main/resources/data/dataset3/dataset3-ra/testcase5/source-model.epml,,unknown,,unknown,
src/main/resources/data/dataset3/dataset3-ra/testcase5/source-model.epml,,unknown,,unknown,
src/main/resources/data/dataset3/dataset3-ra/testcase5/source-model.epml,,unknown,,unknown,
src/main/resources/data/dataset3/dataset3-ra/testcase5/source-model.epml,,unknown,,unknown,
src/main/resources/data/dataset3/dataset3-ra/testcase5/source-model.epml,,unknown,,unknown,
src/main/resources/data/dataset3/dataset3-ra/testcase5/source-model.epml,,unknown,,unknown,
src/main/resources/data/dataset3/dataset3-ra/testcase5/source-model.epml,,unknown,,unknown,
src/main/resources/data/dataset3/dataset3-ra/testcase5/source-model.epml,,unknown,,unknown,
src/main/resources/data/dataset3/dataset3-ra/testcase5/source-model.epml,,unknown,,unknown,
src/main/resources/data/dataset3/dataset3-ra/testcase5/source-model.epml,,unknown,,unknown,
src/main/resources/data/dataset3/dataset3-ra/testcase5/source-model.epml,,unknown,,unknown,
src/main/resources/data/dataset3/dataset3-ra/testcase5/source-model.epml,,unknown,,unknown,
src/main/resources/data/dataset3/dataset3-ra/testcase5/source-model.epml,,unknown,,unknown,
src/main/resources/data/dataset3/dataset3-ra/testcase5/source-model.epml,,unknown,,unknown,
src/main/resources/data/dataset3/dataset3-ra/testcase5/source-model.epml,,unknown,,unknown,
src/main/resources/data/dataset3/dataset3-ra/testcase5/source-model.epml,,unknown,,unknown,
src/main/resources/data/dataset3/dataset3-ra/testcase5/source-model.epml,,unknown,,unknown,
src/main/resources/data/dataset3/dataset3-ra/testcase5/source-model.epml,,unknown,,unknown,
src/main/resources/data/dataset3/dataset3-ra/testcase5/source-model.epml,,unknown,,unknown,
src/main/resources/data/dataset3/dataset3-ra/testcase5/source-model.epml,,unknown,,unknown,
src/main/resources/data/dataset3/dataset3-ra/testcase5/source-model.epml,,unknown,,unknown,
src/main/resources/data/dataset3/dataset3-ra/testcase5/source-model.epml,,unknown,,unknown,
src/main/resources/data/dataset3/dataset3-ra/testcase5/source-model.epml,,unknown,,unknown,
src/main/resources/data/dataset3/dataset3-ra/testcase5/source-model.epml,,unknown,,unknown,
src/main/resources/data/dataset3/dataset3-ra/testcase5/source-model.epml,,unknown,,unknown,
src/main/resources/data/dataset3/dataset3-ra/testcase5/source-model.epml,,unknown,,unknown,
src/main/resources/data/dataset3/dataset3-ra/testcase5/target-model.epml,,unknown,,unknown,
src/main/resources/data/dataset3/dataset3-ra/testcase5/target-model.epml,,unknown,,unknown,
src/main/resources/data/dataset3/dataset3-ra/testcase5/target-model.epml,,unknown,,unknown,
src/main/resources/data/dataset3/dataset3-ra/testcase5/target-model.epml,,unknown,,unknown,
src/main/resources/data/dataset3/dataset3-ra/testcase5/target-model.epml,,unknown,,unknown,
src/main/resources/data/dataset3/dataset3-ra/testcase5/target-model.epml,,unknown,,unknown,
src/main/resources/data/dataset3/dataset3-ra/testcase5/target-model.epml,,unknown,,unknown,
src/main/resources/data/dataset3/dataset3-ra/testcase5/target-model.epml,,unknown,,unknown,
src/main/resources/data/dataset3/dataset3-ra/testcase5/target-model.epml,,unknown,,unknown,
src/main/resources/data/dataset3/dataset3-ra/testcase5/target-model.epml,,unknown,,unknown,
src/main/resources/data/dataset3/dataset3-ra/testcase5/target-model.epml,,unknown,,unknown,
src/main/resources/data/dataset3/dataset3-ra/testcase5/target-model.epml,,unknown,,unknown,
src/main/resources/data/dataset3/dataset3-ra/testcase5/target-model.epml,,unknown,,unknown,
src/main/resources/data/dataset3/dataset3-ra/testcase5/target-model.epml,,unknown,,unknown,
src/main/resources/data/dataset3/dataset3-ra/testcase5/target-model.epml,,unknown,,unknown,
src/main/resources/data/dataset3/dataset3-ra/testcase5/target-model.epml,,unknown,,unknown,
src/main/resources/data/dataset3/dataset3-ra/testcase5/target-model.epml,,unknown,,unknown,
src/main/resources/data/dataset3/dataset3-ra/testcase5/target-model.epml,,unknown,,unknown,
src/main/resources/data/dataset3/dataset3-ra/testcase5/target-model.epml,,unknown,,unknown,
src/main/resources/data/dataset3/dataset3-ra/testcase5/target-model.epml,,unknown,,unknown,
src/main/resources/data/dataset3/dataset3-ra/testcase5/target-model.epml,,unknown,,unknown,
src/main/resources/data/dataset3/dataset3-ra/testcase5/target-model.epml,,unknown,,unknown,
src/main/resources/data/dataset3/dataset3-ra/testcase5/target-model.epml,,unknown,,unknown,
src/main/resources/data/dataset3/dataset3-ra/testcase5/target-model.epml,,unknown,,unknown,
src/main/resources/data/dataset3/dataset3-ra/testcase5/target-model.epml,,unknown,,unknown,
src/main/resources/data/dataset3/dataset3-ra/testcase5/target-model.epml,,unknown,,unknown,
src/main/resources/data/dataset3/dataset3-ra/testcase5/target-model.epml,,unknown,,unknown,
src/main/resources/data/dataset3/dataset3-ra/testcase5/target-model.epml,,unknown,,unknown,
src/main/resources/data/dataset3/dataset3-ra/testcase5/target-model.epml,,unknown,,unknown,
src/main/resources/data/dataset3/dataset3-ra/testcase5/target-model.epml,,unknown,,unknown,
src/main/resources/data/dataset3/dataset3-ra/testcase5/target-model.epml,,unknown,,unknown,
src/main/resources/data/dataset3/dataset3-ra/testcase5/target-model.epml,,unknown,,unknown,
src/main/resources/data/dataset3/dataset3-ra/testcase5/target-model.epml,,unknown,,unknown,
src/main/resources/data/dataset3/dataset3-ra/testcase5/target-model.epml,,unknown,,unknown,
src/main/resources/data/dataset3/dataset3-ra/testcase5/target-model.epml,,unknown,,unknown,
src/main/resources/data/dataset3/dataset3-ra/testcase5/target-model.epml,,unknown,,unknown,
src/main/resources/data/dataset3/dataset3-ra/testcase5/target-model.epml,,unknown,,unknown,
src/main/resources/data/dataset3/dataset3-ra/testcase5/target-model.epml,,unknown,,unknown,
src/main/resources/data/dataset3/dataset3-ra/testcase5/target-model.epml,,unknown,,unknown,
src/main/resources/data/dataset3/dataset3-ra/testcase5/target-model.epml,,unknown,,unknown,
src/main/resources/data/dataset3/dataset3-ra/testcase5/target-model.epml,,unknown,,unknown,
src/main/resources/data/dataset3/dataset3-ra/testcase5/target-model.epml,,unknown,,unknown,
src/main/resources/data/dataset3/dataset3-ra/testcase5/target-model.epml,,unknown,,unknown,
src/main/resources/data/dataset3/dataset3-ra/testcase5/target-model.epml,,unknown,,unknown,
src/main/resources/data/dataset3/dataset3-ra/testcase5/target-model.epml,,unknown,,unknown,
src/main/resources/data/dataset3/dataset3-ra/testcase5/target-model.epml,,unknown,,unknown,
src/main/resources/data/dataset3/dataset3-ra/testcase5/target-model.epml,,unknown,,unknown,
src/main/resources/data/dataset3/dataset3-ra/testcase5/target-model.epml,,unknown,,unknown,
src/main/resources/data/dataset3/dataset3-ra/testcase5/target-model.epml,,unknown,,unknown,
src/main/resources/data/dataset3/dataset3-ra/testcase5/target-model.epml,,unknown,,unknown,
src/main/resources/data/dataset3/dataset3-ra/testcase5/target-model.epml,,unknown,,unknown,
src/main/resources/data/dataset3/dataset3-ra/testcase5/target-model.epml,,unknown,,unknown,
src/main/resources/data/dataset3/dataset3-ra/testcase5/target-model.epml,,unknown,,unknown,
src/main/resources/data/dataset3/dataset3-ra/testcase5/target-model.epml,,unknown,,unknown,
src/main/resources/data/dataset3/dataset3-ra/testcase5/target-model.epml,,unknown,,unknown,
src/main/resources/data/dataset3/dataset3-ra/testcase5/target-model.epml,,unknown,,unknown,
src/main/resources/data/dataset3/dataset3-ra/testcase5/target-model.epml,,unknown,,unknown,
src/main/resources/data/dataset3/dataset3-ra/testcase5/target-model.epml,,unknown,,unknown,
src/main/resources/data/dataset3/dataset3-ra/testcase5/target-model.epml,,unknown,,unknown,
src/main/resources/data/dataset3/dataset3-ra/testcase5/target-model.epml,,unknown,,unknown,
src/main/resources/data/dataset3/dataset3-ra/testcase5/target-model.epml,,unknown,,unknown,
src/main/resources/data/dataset3/dataset3-ra/testcase5/target-model.epml,,unknown,,unknown,
src/main/resources/data/dataset3/dataset3-ra/testcase5/target-model.epml,,unknown,,unknown,
src/main/resources/data/dataset3/dataset3-ra/testcase5/target-model.epml,,unknown,,unknown,
src/main/resources/data/dataset3/dataset3-ra/testcase5/target-model.epml,,unknown,,unknown,
src/main/resources/data/dataset3/dataset3-ra/testcase5/target-model.epml,,unknown,,unknown,
src/main/resources/data/dataset3/dataset3-ra/testcase5/target-model.epml,,unknown,,unknown,
src/main/resources/data/dataset3/dataset3-ra/testcase5/target-model.epml,,unknown,,unknown,
src/main/resources/data/dataset3/dataset3-ra/testcase5/target-model.epml,,unknown,,unknown,
src/main/resources/data/dataset3/dataset3-ra/testcase5/target-model.epml,,unknown,,unknown,
src/main/resources/data/dataset3/dataset3-ra/testcase5/target-model.epml,,unknown,,unknown,
src/main/resources/data/dataset3/dataset3-ra/testcase5/target-model.epml,,unknown,,unknown,
src/main/resources/data/dataset3/dataset3-ra/testcase5/target-model.epml,,unknown,,unknown,
src/main/resources/data/dataset3/dataset3-ra/testcase5/target-model.epml,,unknown,,unknown,
src/main/resources/data/dataset3/dataset3-ra/testcase5/target-model.epml,,unknown,,unknown,
src/main/resources/data/dataset3/dataset3-ra/testcase5/target-model.epml,,unknown,,unknown,
src/main/resources/data/dataset3/dataset3-ra/testcase5/target-model.epml,,unknown,,unknown,
src/main/resources/data/dataset3/dataset3-ra/testcase5/target-model.epml,,unknown,,unknown,
src/main/resources/data/dataset3/dataset3-ra/testcase5/target-model.epml,,unknown,,unknown,
src/main/resources/data/dataset3/dataset3-ra/testcase5/target-model.epml,,unknown,,unknown,
src/main/resources/data/dataset3/dataset3-ra/testcase5/target-model.epml,,unknown,,unknown,
src/main/resources/data/dataset3/dataset3-ra/testcase5/target-model.epml,,unknown,,unknown,
src/main/resources/data/dataset3/dataset3-ra/testcase5/target-model.epml,,unknown,,unknown,
src/main/resources/data/dataset3/dataset3-ra/testcase5/target-model.epml,,unknown,,unknown,
src/main/resources/data/dataset3/dataset3-ra/testcase5/target-model.epml,,unknown,,unknown,
src/main/resources/data/dataset3/dataset3-ra/testcase5/target-model.epml,,unknown,,unknown,
src/main/resources/data/dataset3/dataset3-ra/testcase5/target-model.epml,,unknown,,unknown,
src/main/resources/data/dataset3/dataset3-ra/testcase6/source-model.epml,,unknown,,unknown,
src/main/resources/data/dataset3/dataset3-ra/testcase6/source-model.epml,,unknown,,unknown,
src/main/resources/data/dataset3/dataset3-ra/testcase6/source-model.epml,,unknown,,unknown,
src/main/resources/data/dataset3/dataset3-ra/testcase6/source-model.epml,,unknown,,unknown,
src/main/resources/data/dataset3/dataset3-ra/testcase6/source-model.epml,,unknown,,unknown,
src/main/resources/data/dataset3/dataset3-ra/testcase6/source-model.epml,,unknown,,unknown,
src/main/resources/data/dataset3/dataset3-ra/testcase6/source-model.epml,,unknown,,unknown,
src/main/resources/data/dataset3/dataset3-ra/testcase6/source-model.epml,,unknown,,unknown,
src/main/resources/data/dataset3/dataset3-ra/testcase6/source-model.epml,,unknown,,unknown,
src/main/resources/data/dataset3/dataset3-ra/testcase6/source-model.epml,,unknown,,unknown,
src/main/resources/data/dataset3/dataset3-ra/testcase6/source-model.epml,,unknown,,unknown,
src/main/resources/data/dataset3/dataset3-ra/testcase6/source-model.epml,,unknown,,unknown,
src/main/resources/data/dataset3/dataset3-ra/testcase6/source-model.epml,,unknown,,unknown,
src/main/resources/data/dataset3/dataset3-ra/testcase6/source-model.epml,,unknown,,unknown,
src/main/resources/data/dataset3/dataset3-ra/testcase6/source-model.epml,,unknown,,unknown,
src/main/resources/data/dataset3/dataset3-ra/testcase6/source-model.epml,,unknown,,unknown,
src/main/resources/data/dataset3/dataset3-ra/testcase6/source-model.epml,,unknown,,unknown,
src/main/resources/data/dataset3/dataset3-ra/testcase6/source-model.epml,,unknown,,unknown,
src/main/resources/data/dataset3/dataset3-ra/testcase6/source-model.epml,,unknown,,unknown,
src/main/resources/data/dataset3/dataset3-ra/testcase6/source-model.epml,,unknown,,unknown,
src/main/resources/data/dataset3/dataset3-ra/testcase6/source-model.epml,,unknown,,unknown,
src/main/resources/data/dataset3/dataset3-ra/testcase6/source-model.epml,,unknown,,unknown,
src/main/resources/data/dataset3/dataset3-ra/testcase6/source-model.epml,,unknown,,unknown,
src/main/resources/data/dataset3/dataset3-ra/testcase6/source-model.epml,,unknown,,unknown,
src/main/resources/data/dataset3/dataset3-ra/testcase6/source-model.epml,,unknown,,unknown,
src/main/resources/data/dataset3/dataset3-ra/testcase6/target-model.epml,,unknown,,unknown,
src/main/resources/data/dataset3/dataset3-ra/testcase6/target-model.epml,,unknown,,unknown,
src/main/resources/data/dataset3/dataset3-ra/testcase6/target-model.epml,,unknown,,unknown,
src/main/resources/data/dataset3/dataset3-ra/testcase6/target-model.epml,,unknown,,unknown,
src/main/resources/data/dataset3/dataset3-ra/testcase6/target-model.epml,,unknown,,unknown,
src/main/resources/data/dataset3/dataset3-ra/testcase6/target-model.epml,,unknown,,unknown,
src/main/resources/data/dataset3/dataset3-ra/testcase6/target-model.epml,,unknown,,unknown,
src/main/resources/data/dataset3/dataset3-ra/testcase6/target-model.epml,,unknown,,unknown,
src/main/resources/data/dataset3/dataset3-ra/testcase6/target-model.epml,,unknown,,unknown,
src/main/resources/data/dataset3/dataset3-ra/testcase6/target-model.epml,,unknown,,unknown,
src/main/resources/data/dataset3/dataset3-ra/testcase6/target-model.epml,,unknown,,unknown,
src/main/resources/data/dataset3/dataset3-ra/testcase6/target-model.epml,,unknown,,unknown,
src/main/resources/data/dataset3/dataset3-ra/testcase6/target-model.epml,,unknown,,unknown,
src/main/resources/data/dataset3/dataset3-ra/testcase6/target-model.epml,,unknown,,unknown,
src/main/resources/data/dataset3/dataset3-ra/testcase6/target-model.epml,,unknown,,unknown,
src/main/resources/data/dataset3/dataset3-ra/testcase6/target-model.epml,,unknown,,unknown,
src/main/resources/data/dataset3/dataset3-ra/testcase6/target-model.epml,,unknown,,unknown,
src/main/resources/data/dataset3/dataset3-ra/testcase6/target-model.epml,,unknown,,unknown,
src/main/resources/data/dataset3/dataset3-ra/testcase6/target-model.epml,,unknown,,unknown,
src/main/resources/data/dataset3/dataset3-ra/testcase6/target-model.epml,,unknown,,unknown,
src/main/resources/data/dataset3/dataset3-ra/testcase6/target-model.epml,,unknown,,unknown,
src/main/resources/data/dataset3/dataset3-ra/testcase6/target-model.epml,,unknown,,unknown,
src/main/resources/data/dataset3/dataset3-ra/testcase6/target-model.epml,,unknown,,unknown,
src/main/resources/data/dataset3/dataset3-ra/testcase6/target-model.epml,,unknown,,unknown,
src/main/resources/data/dataset3/dataset3-ra/testcase6/target-model.epml,,unknown,,unknown,
src/main/resources/data/dataset3/dataset3-ra/testcase6/target-model.epml,,unknown,,unknown,
src/main/resources/data/dataset3/dataset3-ra/testcase6/target-model.epml,,unknown,,unknown,
src/main/resources/data/dataset3/dataset3-ra/testcase7/source-model.epml,,unknown,,unknown,
src/main/resources/data/dataset3/dataset3-ra/testcase7/source-model.epml,,unknown,,unknown,
src/main/resources/data/dataset3/dataset3-ra/testcase7/source-model.epml,,unknown,,unknown,
src/main/resources/data/dataset3/dataset3-ra/testcase7/source-model.epml,,unknown,,unknown,
src/main/resources/data/dataset3/dataset3-ra/testcase7/source-model.epml,,unknown,,unknown,
src/main/resources/data/dataset3/dataset3-ra/testcase7/source-model.epml,,unknown,,unknown,
src/main/resources/data/dataset3/dataset3-ra/testcase7/source-model.epml,,unknown,,unknown,
src/main/resources/data/dataset3/dataset3-ra/testcase7/source-model.epml,,unknown,,unknown,
src/main/resources/data/dataset3/dataset3-ra/testcase7/source-model.epml,,unknown,,unknown,
src/main/resources/data/dataset3/dataset3-ra/testcase7/source-model.epml,,unknown,,unknown,
src/main/resources/data/dataset3/dataset3-ra/testcase7/source-model.epml,,unknown,,unknown,
src/main/resources/data/dataset3/dataset3-ra/testcase7/source-model.epml,,unknown,,unknown,
src/main/resources/data/dataset3/dataset3-ra/testcase7/source-model.epml,,unknown,,unknown,
src/main/resources/data/dataset3/dataset3-ra/testcase7/source-model.epml,,unknown,,unknown,
src/main/resources/data/dataset3/dataset3-ra/testcase7/source-model.epml,,unknown,,unknown,
src/main/resources/data/dataset3/dataset3-ra/testcase7/source-model.epml,,unknown,,unknown,
src/main/resources/data/dataset3/dataset3-ra/testcase7/source-model.epml,,unknown,,unknown,
src/main/resources/data/dataset3/dataset3-ra/testcase7/source-model.epml,,unknown,,unknown,
src/main/resources/data/dataset3/dataset3-ra/testcase7/source-model.epml,,unknown,,unknown,
src/main/resources/data/dataset3/dataset3-ra/testcase7/source-model.epml,,unknown,,unknown,
src/main/resources/data/dataset3/dataset3-ra/testcase7/source-model.epml,,unknown,,unknown,
src/main/resources/data/dataset3/dataset3-ra/testcase7/source-model.epml,,unknown,,unknown,
src/main/resources/data/dataset3/dataset3-ra/testcase7/source-model.epml,,unknown,,unknown,
src/main/resources/data/dataset3/dataset3-ra/testcase7/source-model.epml,,unknown,,unknown,
src/main/resources/data/dataset3/dataset3-ra/testcase7/source-model.epml,,unknown,,unknown,
src/main/resources/data/dataset3/dataset3-ra/testcase7/source-model.epml,,unknown,,unknown,
src/main/resources/data/dataset3/dataset3-ra/testcase7/source-model.epml,,unknown,,unknown,
src/main/resources/data/dataset3/dataset3-ra/testcase7/source-model.epml,,unknown,,unknown,
src/main/resources/data/dataset3/dataset3-ra/testcase7/source-model.epml,,unknown,,unknown,
src/main/resources/data/dataset3/dataset3-ra/testcase7/source-model.epml,,unknown,,unknown,
src/main/resources/data/dataset3/dataset3-ra/testcase7/source-model.epml,,unknown,,unknown,
src/main/resources/data/dataset3/dataset3-ra/testcase7/source-model.epml,,unknown,,unknown,
src/main/resources/data/dataset3/dataset3-ra/testcase7/source-model.epml,,unknown,,unknown,
src/main/resources/data/dataset3/dataset3-ra/testcase7/source-model.epml,,unknown,,unknown,
src/main/resources/data/dataset3/dataset3-ra/testcase7/source-model.epml,,unknown,,unknown,
src/main/resources/data/dataset3/dataset3-ra/testcase7/source-model.epml,,unknown,,unknown,
src/main/resources/data/dataset3/dataset3-ra/testcase7/source-model.epml,,unknown,,unknown,
src/main/resources/data/dataset3/dataset3-ra/testcase7/source-model.epml,,unknown,,unknown,
src/main/resources/data/dataset3/dataset3-ra/testcase7/target-model.epml,,unknown,,unknown,
src/main/resources/data/dataset3/dataset3-ra/testcase7/target-model.epml,,unknown,,unknown,
src/main/resources/data/dataset3/dataset3-ra/testcase7/target-model.epml,,unknown,,unknown,
src/main/resources/data/dataset3/dataset3-ra/testcase7/target-model.epml,,unknown,,unknown,
src/main/resources/data/dataset3/dataset3-ra/testcase7/target-model.epml,,unknown,,unknown,
src/main/resources/data/dataset3/dataset3-ra/testcase7/target-model.epml,,unknown,,unknown,
src/main/resources/data/dataset3/dataset3-ra/testcase7/target-model.epml,,unknown,,unknown,
src/main/resources/data/dataset3/dataset3-ra/testcase7/target-model.epml,,unknown,,unknown,
src/main/resources/data/dataset3/dataset3-ra/testcase7/target-model.epml,,unknown,,unknown,
src/main/resources/data/dataset3/dataset3-ra/testcase7/target-model.epml,,unknown,,unknown,
src/main/resources/data/dataset3/dataset3-ra/testcase7/target-model.epml,,unknown,,unknown,
src/main/resources/data/dataset3/dataset3-ra/testcase7/target-model.epml,,unknown,,unknown,
src/main/resources/data/dataset3/dataset3-ra/testcase7/target-model.epml,,unknown,,unknown,
src/main/resources/data/dataset3/dataset3-ra/testcase7/target-model.epml,,unknown,,unknown,
src/main/resources/data/dataset3/dataset3-ra/testcase7/target-model.epml,,unknown,,unknown,
src/main/resources/data/dataset3/dataset3-ra/testcase7/target-model.epml,,unknown,,unknown,
src/main/resources/data/dataset3/dataset3-ra/testcase7/target-model.epml,,unknown,,unknown,
src/main/resources/data/dataset3/dataset3-ra/testcase7/target-model.epml,,unknown,,unknown,
src/main/resources/data/dataset3/dataset3-ra/testcase7/target-model.epml,,unknown,,unknown,
src/main/resources/data/dataset3/dataset3-ra/testcase7/target-model.epml,,unknown,,unknown,
src/main/resources/data/dataset3/dataset3-ra/testcase7/target-model.epml,,unknown,,unknown,
src/main/resources/data/dataset3/dataset3-ra/testcase7/target-model.epml,,unknown,,unknown,
src/main/resources/data/dataset3/dataset3-ra/testcase7/target-model.epml,,unknown,,unknown,
src/main/resources/data/dataset3/dataset3-ra/testcase7/target-model.epml,,unknown,,unknown,
src/main/resources/data/dataset3/dataset3-ra/testcase7/target-model.epml,,unknown,,unknown,
src/main/resources/data/dataset3/dataset3-ra/testcase7/target-model.epml,,unknown,,unknown,
src/main/resources/data/dataset3/dataset3-ra/testcase7/target-model.epml,,unknown,,unknown,
src/main/resources/data/dataset3/dataset3-ra/testcase7/target-model.epml,,unknown,,unknown,
src/main/resources/data/dataset3/dataset3-ra/testcase7/target-model.epml,,unknown,,unknown,
src/main/resources/data/dataset3/dataset3-ra/testcase7/target-model.epml,,unknown,,unknown,
src/main/resources/data/dataset3/dataset3-ra/testcase7/target-model.epml,,unknown,,unknown,
src/main/resources/data/dataset3/dataset3-ra/testcase7/target-model.epml,,unknown,,unknown,
src/main/resources/data/dataset3/dataset3-ra/testcase7/target-model.epml,,unknown,,unknown,
src/main/resources/data/dataset3/dataset3-ra/testcase8/source-model.epml,,unknown,,unknown,
src/main/resources/data/dataset3/dataset3-ra/testcase8/source-model.epml,,unknown,,unknown,
src/main/resources/data/dataset3/dataset3-ra/testcase8/source-model.epml,,unknown,,unknown,
src/main/resources/data/dataset3/dataset3-ra/testcase8/source-model.epml,,unknown,,unknown,
src/main/resources/data/dataset3/dataset3-ra/testcase8/source-model.epml,,unknown,,unknown,
src/main/resources/data/dataset3/dataset3-ra/testcase8/source-model.epml,,unknown,,unknown,
src/main/resources/data/dataset3/dataset3-ra/testcase8/source-model.epml,,unknown,,unknown,
src/main/resources/data/dataset3/dataset3-ra/testcase8/source-model.epml,,unknown,,unknown,
src/main/resources/data/dataset3/dataset3-ra/testcase8/source-model.epml,,unknown,,unknown,
src/main/resources/data/dataset3/dataset3-ra/testcase8/source-model.epml,,unknown,,unknown,
src/main/resources/data/dataset3/dataset3-ra/testcase8/source-model.epml,,unknown,,unknown,
src/main/resources/data/dataset3/dataset3-ra/testcase8/source-model.epml,,unknown,,unknown,
src/main/resources/data/dataset3/dataset3-ra/testcase8/source-model.epml,,unknown,,unknown,
src/main/resources/data/dataset3/dataset3-ra/testcase8/source-model.epml,,unknown,,unknown,
src/main/resources/data/dataset3/dataset3-ra/testcase8/source-model.epml,,unknown,,unknown,
src/main/resources/data/dataset3/dataset3-ra/testcase8/source-model.epml,,unknown,,unknown,
src/main/resources/data/dataset3/dataset3-ra/testcase8/source-model.epml,,unknown,,unknown,
src/main/resources/data/dataset3/dataset3-ra/testcase8/source-model.epml,,unknown,,unknown,
src/main/resources/data/dataset3/dataset3-ra/testcase8/target-model.epml,,unknown,,unknown,
src/main/resources/data/dataset3/dataset3-ra/testcase8/target-model.epml,,unknown,,unknown,
src/main/resources/data/dataset3/dataset3-ra/testcase8/target-model.epml,,unknown,,unknown,
src/main/resources/data/dataset3/dataset3-ra/testcase8/target-model.epml,,unknown,,unknown,
src/main/resources/data/dataset3/dataset3-ra/testcase8/target-model.epml,,unknown,,unknown,
src/main/resources/data/dataset3/dataset3-ra/testcase8/target-model.epml,,unknown,,unknown,
src/main/resources/data/dataset3/dataset3-ra/testcase8/target-model.epml,,unknown,,unknown,
src/main/resources/data/dataset3/dataset3-ra/testcase8/target-model.epml,,unknown,,unknown,
src/main/resources/data/dataset3/dataset3-ra/testcase8/target-model.epml,,unknown,,unknown,
src/main/resources/data/dataset3/dataset3-ra/testcase9/source-model.epml,,unknown,,unknown,
src/main/resources/data/dataset3/dataset3-ra/testcase9/source-model.epml,,unknown,,unknown,
src/main/resources/data/dataset3/dataset3-ra/testcase9/source-model.epml,,unknown,,unknown,
src/main/resources/data/dataset3/dataset3-ra/testcase9/source-model.epml,,unknown,,unknown,
src/main/resources/data/dataset3/dataset3-ra/testcase9/source-model.epml,,unknown,,unknown,
src/main/resources/data/dataset3/dataset3-ra/testcase9/source-model.epml,,unknown,,unknown,
src/main/resources/data/dataset3/dataset3-ra/testcase9/source-model.epml,,unknown,,unknown,
src/main/resources/data/dataset3/dataset3-ra/testcase9/source-model.epml,,unknown,,unknown,
src/main/resources/data/dataset3/dataset3-ra/testcase9/source-model.epml,,unknown,,unknown,
src/main/resources/data/dataset3/dataset3-ra/testcase9/source-model.epml,,unknown,,unknown,
src/main/resources/data/dataset3/dataset3-ra/testcase9/source-model.epml,,unknown,,unknown,
src/main/resources/data/dataset3/dataset3-ra/testcase9/source-model.epml,,unknown,,unknown,
src/main/resources/data/dataset3/dataset3-ra/testcase9/source-model.epml,,unknown,,unknown,
src/main/resources/data/dataset3/dataset3-ra/testcase9/source-model.epml,,unknown,,unknown,
src/main/resources/data/dataset3/dataset3-ra/testcase9/source-model.epml,,unknown,,unknown,
src/main/resources/data/dataset3/dataset3-ra/testcase9/source-model.epml,,unknown,,unknown,
src/main/resources/data/dataset3/dataset3-ra/testcase9/source-model.epml,,unknown,,unknown,
src/main/resources/data/dataset3/dataset3-ra/testcase9/source-model.epml,,unknown,,unknown,
src/main/resources/data/dataset3/dataset3-ra/testcase9/source-model.epml,,unknown,,unknown,
src/main/resources/data/dataset3/dataset3-ra/testcase9/source-model.epml,,unknown,,unknown,
src/main/resources/data/dataset3/dataset3-ra/testcase9/source-model.epml,,unknown,,unknown,
src/main/resources/data/dataset3/dataset3-ra/testcase9/source-model.epml,,unknown,,unknown,
src/main/resources/data/dataset3/dataset3-ra/testcase9/source-model.epml,,unknown,,unknown,
src/main/resources/data/dataset3/dataset3-ra/testcase9/source-model.epml,,unknown,,unknown,
src/main/resources/data/dataset3/dataset3-ra/testcase9/source-model.epml,,unknown,,unknown,
src/main/resources/data/dataset3/dataset3-ra/testcase9/source-model.epml,,unknown,,unknown,
src/main/resources/data/dataset3/dataset3-ra/testcase9/source-model.epml,,unknown,,unknown,
src/main/resources/data/dataset3/dataset3-ra/testcase9/source-model.epml,,unknown,,unknown,
src/main/resources/data/dataset3/dataset3-ra/testcase9/source-model.epml,,unknown,,unknown,
src/main/resources/data/dataset3/dataset3-ra/testcase9/source-model.epml,,unknown,,unknown,
src/main/resources/data/dataset3/dataset3-ra/testcase9/source-model.epml,,unknown,,unknown,
src/main/resources/data/dataset3/dataset3-ra/testcase9/source-model.epml,,unknown,,unknown,
src/main/resources/data/dataset3/dataset3-ra/testcase9/source-model.epml,,unknown,,unknown,
src/main/resources/data/dataset3/dataset3-ra/testcase9/source-model.epml,,unknown,,unknown,
src/main/resources/data/dataset3/dataset3-ra/testcase9/source-model.epml,,unknown,,unknown,
src/main/resources/data/dataset3/dataset3-ra/testcase9/source-model.epml,,unknown,,unknown,
src/main/resources/data/dataset3/dataset3-ra/testcase9/source-model.epml,,unknown,,unknown,
src/main/resources/data/dataset3/dataset3-ra/testcase9/source-model.epml,,unknown,,unknown,
src/main/resources/data/dataset3/dataset3-ra/testcase9/source-model.epml,,unknown,,unknown,
src/main/resources/data/dataset3/dataset3-ra/testcase9/source-model.epml,,unknown,,unknown,
src/main/resources/data/dataset3/dataset3-ra/testcase9/source-model.epml,,unknown,,unknown,
src/main/resources/data/dataset3/dataset3-ra/testcase9/target-model.epml,,unknown,,unknown,
src/main/resources/data/dataset3/dataset3-ra/testcase9/target-model.epml,,unknown,,unknown,
src/main/resources/data/dataset3/dataset3-ra/testcase9/target-model.epml,,unknown,,unknown,
src/main/resources/data/dataset3/dataset3-ra/testcase9/target-model.epml,,unknown,,unknown,
src/main/resources/data/dataset3/dataset3-ra/testcase9/target-model.epml,,unknown,,unknown,
src/main/resources/data/dataset3/dataset3-ra/testcase9/target-model.epml,,unknown,,unknown,
src/main/resources/data/dataset3/dataset3-ra/testcase9/target-model.epml,,unknown,,unknown,
src/main/resources/data/dataset3/dataset3-ra/testcase9/target-model.epml,,unknown,,unknown,
src/main/resources/data/dataset3/dataset3-ra/testcase9/target-model.epml,,unknown,,unknown,
src/main/resources/data/dataset3/dataset3-ra/testcase9/target-model.epml,,unknown,,unknown,
src/main/resources/data/dataset3/dataset3-ra/testcase9/target-model.epml,,unknown,,unknown,
src/main/resources/data/dataset3/dataset3-ra/testcase9/target-model.epml,,unknown,,unknown,
src/main/resources/data/dataset3/dataset3-ra/testcase9/target-model.epml,,unknown,,unknown,
src/main/resources/data/dataset3/dataset3-ra/testcase9/target-model.epml,,unknown,,unknown,
src/main/resources/data/dataset3/dataset3-ra/testcase9/target-model.epml,,unknown,,unknown,
src/main/resources/data/dataset3/dataset3-ra/testcase9/target-model.epml,,unknown,,unknown,
src/main/resources/data/dataset3/dataset3-ra/testcase9/target-model.epml,,unknown,,unknown,
src/main/resources/data/dataset3/dataset3-ra/testcase9/target-model.epml,,unknown,,unknown,
src/main/resources/data/dataset3/dataset3-ra/testcase9/target-model.epml,,unknown,,unknown,
src/main/resources/data/dataset3/dataset3-ra/testcase9/target-model.epml,,unknown,,unknown,
src/main/resources/data/dataset3/dataset3-ra/testcase9/target-model.epml,,unknown,,unknown,
src/main/resources/data/dataset3/dataset3-ra/testcase9/target-model.epml,,unknown,,unknown,
src/main/resources/data/dataset3/dataset3-ra/testcase9/target-model.epml,,unknown,,unknown,
src/main/resources/data/dataset3/dataset3-ra/testcase9/target-model.epml,,unknown,,unknown,
src/main/resources/data/dataset3/dataset3-ra/testcase9/target-model.epml,,unknown,,unknown,
src/main/resources/data/dataset3/dataset3-ra/testcase9/target-model.epml,,unknown,,unknown,
src/main/resources/data/dataset3/dataset3-ra/testcase9/target-model.epml,,unknown,,unknown,
src/main/resources/data/dataset3/models/1Be_1y63.epml,,unknown,,unknown,
src/main/resources/data/dataset3/models/1Be_1y63.epml,,unknown,,unknown,
src/main/resources/data/dataset3/models/1Be_1y63.epml,,unknown,,unknown,
src/main/resources/data/dataset3/models/1Be_1y63.epml,,unknown,,unknown,
src/main/resources/data/dataset3/models/1Be_1y63.epml,,unknown,,unknown,
src/main/resources/data/dataset3/models/1Be_1y63.epml,,unknown,,unknown,
src/main/resources/data/dataset3/models/1Be_1y63.epml,,unknown,,unknown,
src/main/resources/data/dataset3/models/1Be_1y63.epml,,unknown,,unknown,
src/main/resources/data/dataset3/models/1Be_1y63.epml,,unknown,,unknown,
src/main/resources/data/dataset3/models/1Be_1y63.epml,,unknown,,unknown,
src/main/resources/data/dataset3/models/1Be_1y63.epml,,unknown,,unknown,
src/main/resources/data/dataset3/models/1Be_1y63.epml,,unknown,,unknown,
src/main/resources/data/dataset3/models/1Be_1y63.epml,,unknown,,unknown,
src/main/resources/data/dataset3/models/1Be_1y63.epml,,unknown,,unknown,
src/main/resources/data/dataset3/models/1Be_1y63.epml,,unknown,,unknown,
src/main/resources/data/dataset3/models/1Be_1y63.epml,,unknown,,unknown,
src/main/resources/data/dataset3/models/1Be_1y63.epml,,unknown,,unknown,
src/main/resources/data/dataset3/models/1Be_1y63.epml,,unknown,,unknown,
src/main/resources/data/dataset3/models/1Be_1y63.epml,,unknown,,unknown,
src/main/resources/data/dataset3/models/1Be_1y63.epml,,unknown,,unknown,
src/main/resources/data/dataset3/models/1Be_1y63.epml,,unknown,,unknown,
src/main/resources/data/dataset3/models/1Be_1y63.epml,,unknown,,unknown,
src/main/resources/data/dataset3/models/1Be_1y63.epml,,unknown,,unknown,
src/main/resources/data/dataset3/models/1Be_1y63.epml,,unknown,,unknown,
src/main/resources/data/dataset3/models/1Be_1y63.epml,,unknown,,unknown,
src/main/resources/data/dataset3/models/1Be_1y63.epml,,unknown,,unknown,
src/main/resources/data/dataset3/models/1Be_1y63.epml,,unknown,,unknown,
src/main/resources/data/dataset3/models/1Be_1y63.epml,,unknown,,unknown,
src/main/resources/data/dataset3/models/1Be_1y63.epml,,unknown,,unknown,
src/main/resources/data/dataset3/models/1Be_1y63.epml,,unknown,,unknown,
src/main/resources/data/dataset3/models/1Be_1y63.epml,,unknown,,unknown,
src/main/resources/data/dataset3/models/1Be_1y63.epml,,unknown,,unknown,
src/main/resources/data/dataset3/models/1Be_1y63.epml,,unknown,,unknown,
src/main/resources/data/dataset3/models/1Be_1yk5.epml,,unknown,,unknown,
src/main/resources/data/dataset3/models/1Be_1yk5.epml,,unknown,,unknown,
src/main/resources/data/dataset3/models/1Be_1yk5.epml,,unknown,,unknown,
src/main/resources/data/dataset3/models/1Be_1yk5.epml,,unknown,,unknown,
src/main/resources/data/dataset3/models/1Be_1yk5.epml,,unknown,,unknown,
src/main/resources/data/dataset3/models/1Be_1yk5.epml,,unknown,,unknown,
src/main/resources/data/dataset3/models/1Be_1yk5.epml,,unknown,,unknown,
src/main/resources/data/dataset3/models/1Be_1yk5.epml,,unknown,,unknown,
src/main/resources/data/dataset3/models/1Be_1yk5.epml,,unknown,,unknown,
src/main/resources/data/dataset3/models/1Be_204a.epml,,unknown,,unknown,
src/main/resources/data/dataset3/models/1Be_204a.epml,,unknown,,unknown,
src/main/resources/data/dataset3/models/1Be_204a.epml,,unknown,,unknown,
src/main/resources/data/dataset3/models/1Be_204a.epml,,unknown,,unknown,
src/main/resources/data/dataset3/models/1Be_204a.epml,,unknown,,unknown,
src/main/resources/data/dataset3/models/1Be_204a.epml,,unknown,,unknown,
src/main/resources/data/dataset3/models/1Be_204a.epml,,unknown,,unknown,
src/main/resources/data/dataset3/models/1Be_204a.epml,,unknown,,unknown,
src/main/resources/data/dataset3/models/1Be_204a.epml,,unknown,,unknown,
src/main/resources/data/dataset3/models/1Be_204a.epml,,unknown,,unknown,
src/main/resources/data/dataset3/models/1Be_204a.epml,,unknown,,unknown,
src/main/resources/data/dataset3/models/1Be_204a.epml,,unknown,,unknown,
src/main/resources/data/dataset3/models/1Be_204a.epml,,unknown,,unknown,
src/main/resources/data/dataset3/models/1Be_204a.epml,,unknown,,unknown,
src/main/resources/data/dataset3/models/1Be_204a.epml,,unknown,,unknown,
src/main/resources/data/dataset3/models/1Be_204a.epml,,unknown,,unknown,
src/main/resources/data/dataset3/models/1Be_204a.epml,,unknown,,unknown,
src/main/resources/data/dataset3/models/1Be_204a.epml,,unknown,,unknown,
src/main/resources/data/dataset3/models/1Be_204a.epml,,unknown,,unknown,
src/main/resources/data/dataset3/models/1Be_204a.epml,,unknown,,unknown,
src/main/resources/data/dataset3/models/1Be_204a.epml,,unknown,,unknown,
src/main/resources/data/dataset3/models/1Be_204a.epml,,unknown,,unknown,
src/main/resources/data/dataset3/models/1Be_2aze.epml,,unknown,,unknown,
src/main/resources/data/dataset3/models/1Be_2aze.epml,,unknown,,unknown,
src/main/resources/data/dataset3/models/1Be_2aze.epml,,unknown,,unknown,
src/main/resources/data/dataset3/models/1Be_2aze.epml,,unknown,,unknown,
src/main/resources/data/dataset3/models/1Be_2aze.epml,,unknown,,unknown,
src/main/resources/data/dataset3/models/1Be_2aze.epml,,unknown,,unknown,
src/main/resources/data/dataset3/models/1Be_2aze.epml,,unknown,,unknown,
src/main/resources/data/dataset3/models/1Be_2aze.epml,,unknown,,unknown,
src/main/resources/data/dataset3/models/1Be_2aze.epml,,unknown,,unknown,
src/main/resources/data/dataset3/models/1Be_2aze.epml,,unknown,,unknown,
src/main/resources/data/dataset3/models/1Be_2aze.epml,,unknown,,unknown,
src/main/resources/data/dataset3/models/1Be_2aze.epml,,unknown,,unknown,
src/main/resources/data/dataset3/models/1Be_2aze.epml,,unknown,,unknown,
src/main/resources/data/dataset3/models/1Be_2aze.epml,,unknown,,unknown,
src/main/resources/data/dataset3/models/1Be_2aze.epml,,unknown,,unknown,
src/main/resources/data/dataset3/models/1Be_2aze.epml,,unknown,,unknown,
src/main/resources/data/dataset3/models/1Be_2aze.epml,,unknown,,unknown,
src/main/resources/data/dataset3/models/1Be_2aze.epml,,unknown,,unknown,
src/main/resources/data/dataset3/models/1Be_2aze.epml,,unknown,,unknown,
src/main/resources/data/dataset3/models/1Be_2aze.epml,,unknown,,unknown,
src/main/resources/data/dataset3/models/1Be_2aze.epml,,unknown,,unknown,
src/main/resources/data/dataset3/models/1Be_2aze.epml,,unknown,,unknown,
src/main/resources/data/dataset3/models/1Be_2n9n.epml,,unknown,,unknown,
src/main/resources/data/dataset3/models/1Be_2n9n.epml,,unknown,,unknown,
src/main/resources/data/dataset3/models/1Be_2n9n.epml,,unknown,,unknown,
src/main/resources/data/dataset3/models/1Be_2n9n.epml,,unknown,,unknown,
src/main/resources/data/dataset3/models/1Be_2n9n.epml,,unknown,,unknown,
src/main/resources/data/dataset3/models/1Be_2n9n.epml,,unknown,,unknown,
src/main/resources/data/dataset3/models/1Be_2n9n.epml,,unknown,,unknown,
src/main/resources/data/dataset3/models/1Be_2n9n.epml,,unknown,,unknown,
src/main/resources/data/dataset3/models/1Be_2n9n.epml,,unknown,,unknown,
src/main/resources/data/dataset3/models/1Be_2n9n.epml,,unknown,,unknown,
src/main/resources/data/dataset3/models/1Be_2n9n.epml,,unknown,,unknown,
src/main/resources/data/dataset3/models/1Be_2n9n.epml,,unknown,,unknown,
src/main/resources/data/dataset3/models/1Be_2xk1.epml,,unknown,,unknown,
src/main/resources/data/dataset3/models/1Be_2xk1.epml,,unknown,,unknown,
src/main/resources/data/dataset3/models/1Be_2xk1.epml,,unknown,,unknown,
src/main/resources/data/dataset3/models/1Be_2xk1.epml,,unknown,,unknown,
src/main/resources/data/dataset3/models/1Be_2xk1.epml,,unknown,,unknown,
src/main/resources/data/dataset3/models/1Be_2xk1.epml,,unknown,,unknown,
src/main/resources/data/dataset3/models/1Be_2xk1.epml,,unknown,,unknown,
src/main/resources/data/dataset3/models/1Be_2xk1.epml,,unknown,,unknown,
src/main/resources/data/dataset3/models/1Be_2xk1.epml,,unknown,,unknown,
src/main/resources/data/dataset3/models/1Be_2xk1.epml,,unknown,,unknown,
src/main/resources/data/dataset3/models/1Be_2xk1.epml,,unknown,,unknown,
src/main/resources/data/dataset3/models/1Be_2xk1.epml,,unknown,,unknown,
src/main/resources/data/dataset3/models/1Be_2xk1.epml,,unknown,,unknown,
src/main/resources/data/dataset3/models/1Be_2xk1.epml,,unknown,,unknown,
src/main/resources/data/dataset3/models/1Be_2xk1.epml,,unknown,,unknown,
src/main/resources/data/dataset3/models/1Be_2xk1.epml,,unknown,,unknown,
src/main/resources/data/dataset3/models/1Be_2xk1.epml,,unknown,,unknown,
src/main/resources/data/dataset3/models/1Be_2xk1.epml,,unknown,,unknown,
src/main/resources/data/dataset3/models/1Be_2xk1.epml,,unknown,,unknown,
src/main/resources/data/dataset3/models/1Be_2xk1.epml,,unknown,,unknown,
src/main/resources/data/dataset3/models/1Be_2xk1.epml,,unknown,,unknown,
src/main/resources/data/dataset3/models/1Be_2xk1.epml,,unknown,,unknown,
src/main/resources/data/dataset3/models/1Be_34is.epml,,unknown,,unknown,
src/main/resources/data/dataset3/models/1Be_34is.epml,,unknown,,unknown,
src/main/resources/data/dataset3/models/1Be_34is.epml,,unknown,,unknown,
src/main/resources/data/dataset3/models/1Be_34is.epml,,unknown,,unknown,
src/main/resources/data/dataset3/models/1Be_34is.epml,,unknown,,unknown,
src/main/resources/data/dataset3/models/1Be_34is.epml,,unknown,,unknown,
src/main/resources/data/dataset3/models/1Be_34is.epml,,unknown,,unknown,
src/main/resources/data/dataset3/models/1Be_34is.epml,,unknown,,unknown,
src/main/resources/data/dataset3/models/1Be_34is.epml,,unknown,,unknown,
src/main/resources/data/dataset3/models/1Be_34is.epml,,unknown,,unknown,
src/main/resources/data/dataset3/models/1Be_34is.epml,,unknown,,unknown,
src/main/resources/data/dataset3/models/1Be_34is.epml,,unknown,,unknown,
src/main/resources/data/dataset3/models/1Be_34is.epml,,unknown,,unknown,
src/main/resources/data/dataset3/models/1Be_34is.epml,,unknown,,unknown,
src/main/resources/data/dataset3/models/1Be_34is.epml,,unknown,,unknown,
src/main/resources/data/dataset3/models/1Be_34is.epml,,unknown,,unknown,
src/main/resources/data/dataset3/models/1Be_34is.epml,,unknown,,unknown,
src/main/resources/data/dataset3/models/1Be_34is.epml,,unknown,,unknown,
src/main/resources/data/dataset3/models/1Be_34is.epml,,unknown,,unknown,
src/main/resources/data/dataset3/models/1Be_34is.epml,,unknown,,unknown,
src/main/resources/data/dataset3/models/1Be_34is.epml,,unknown,,unknown,
src/main/resources/data/dataset3/models/1Be_34is.epml,,unknown,,unknown,
src/main/resources/data/dataset3/models/1Be_8ri3.epml,,unknown,,unknown,
src/main/resources/data/dataset3/models/1Be_8ri3.epml,,unknown,,unknown,
src/main/resources/data/dataset3/models/1Be_8ri3.epml,,unknown,,unknown,
src/main/resources/data/dataset3/models/1Be_8ri3.epml,,unknown,,unknown,
src/main/resources/data/dataset3/models/1Be_8ri3.epml,,unknown,,unknown,
src/main/resources/data/dataset3/models/1Be_8ri3.epml,,unknown,,unknown,
src/main/resources/data/dataset3/models/1Be_8ri3.epml,,unknown,,unknown,
src/main/resources/data/dataset3/models/1Be_8ri3.epml,,unknown,,unknown,
src/main/resources/data/dataset3/models/1Be_8ri3.epml,,unknown,,unknown,
src/main/resources/data/dataset3/models/1Be_8ri3.epml,,unknown,,unknown,
src/main/resources/data/dataset3/models/1Be_8ri3.epml,,unknown,,unknown,
src/main/resources/data/dataset3/models/1Be_8ri3.epml,,unknown,,unknown,
src/main/resources/data/dataset3/models/1Be_8ri3.epml,,unknown,,unknown,
src/main/resources/data/dataset3/models/1Be_8ri3.epml,,unknown,,unknown,
src/main/resources/data/dataset3/models/1Be_8ri3.epml,,unknown,,unknown,
src/main/resources/data/dataset3/models/1Be_8ri3.epml,,unknown,,unknown,
src/main/resources/data/dataset3/models/1Be_8ri3.epml,,unknown,,unknown,
src/main/resources/data/dataset3/models/1Be_8ri3.epml,,unknown,,unknown,
src/main/resources/data/dataset3/models/1Be_8ri3.epml,,unknown,,unknown,
src/main/resources/data/dataset3/models/1Be_8ri3.epml,,unknown,,unknown,
src/main/resources/data/dataset3/models/1Be_8ri3.epml,,unknown,,unknown,
src/main/resources/data/dataset3/models/1Be_8ri3.epml,,unknown,,unknown,
src/main/resources/data/dataset3/models/1Be_8ri3.epml,,unknown,,unknown,
src/main/resources/data/dataset3/models/1Be_8ri3.epml,,unknown,,unknown,
src/main/resources/data/dataset3/models/1Be_8ri3.epml,,unknown,,unknown,
src/main/resources/data/dataset3/models/1Be_8ri3.epml,,unknown,,unknown,
src/main/resources/data/dataset3/models/1Be_8ri3.epml,,unknown,,unknown,
src/main/resources/data/dataset3/models/1Be_8ri3.epml,,unknown,,unknown,
src/main/resources/data/dataset3/models/1Be_8ri3.epml,,unknown,,unknown,
src/main/resources/data/dataset3/models/1Be_8ri3.epml,,unknown,,unknown,
src/main/resources/data/dataset3/models/1Be_8ri3.epml,,unknown,,unknown,
src/main/resources/data/dataset3/models/1Be_8ri3.epml,,unknown,,unknown,
src/main/resources/data/dataset3/models/1Be_8ri3.epml,,unknown,,unknown,
src/main/resources/data/dataset3/models/1Er_h8hr.epml,,unknown,,unknown,
src/main/resources/data/dataset3/models/1Er_h8hr.epml,,unknown,,unknown,
src/main/resources/data/dataset3/models/1Er_h8hr.epml,,unknown,,unknown,
src/main/resources/data/dataset3/models/1Er_h8hr.epml,,unknown,,unknown,
src/main/resources/data/dataset3/models/1Er_h8hr.epml,,unknown,,unknown,
src/main/resources/data/dataset3/models/1Er_h8hr.epml,,unknown,,unknown,
src/main/resources/data/dataset3/models/1Er_h8hr.epml,,unknown,,unknown,
src/main/resources/data/dataset3/models/1Er_h8hr.epml,,unknown,,unknown,
src/main/resources/data/dataset3/models/1Er_h8hr.epml,,unknown,,unknown,
src/main/resources/data/dataset3/models/1Er_h8hr.epml,,unknown,,unknown,
src/main/resources/data/dataset3/models/1Er_h8hr.epml,,unknown,,unknown,
src/main/resources/data/dataset3/models/1Er_h8hr.epml,,unknown,,unknown,
src/main/resources/data/dataset3/models/1Er_h8hr.epml,,unknown,,unknown,
src/main/resources/data/dataset3/models/1Er_h8hr.epml,,unknown,,unknown,
src/main/resources/data/dataset3/models/1Er_h8hr.epml,,unknown,,unknown,
src/main/resources/data/dataset3/models/1Er_h8hr.epml,,unknown,,unknown,
src/main/resources/data/dataset3/models/1Er_h8hr.epml,,unknown,,unknown,
src/main/resources/data/dataset3/models/1Er_h8hr.epml,,unknown,,unknown,
src/main/resources/data/dataset3/models/1Er_h8hr.epml,,unknown,,unknown,
src/main/resources/data/dataset3/models/1Er_h8hr.epml,,unknown,,unknown,
src/main/resources/data/dataset3/models/1Er_h8hr.epml,,unknown,,unknown,
src/main/resources/data/dataset3/models/1Er_h8hr.epml,,unknown,,unknown,
src/main/resources/data/dataset3/models/1Er_h8hr.epml,,unknown,,unknown,
src/main/resources/data/dataset3/models/1Er_h8hr.epml,,unknown,,unknown,
src/main/resources/data/dataset3/models/1Er_h8hr.epml,,unknown,,unknown,
src/main/resources/data/dataset3/models/1Er_h8hr.epml,,unknown,,unknown,
src/main/resources/data/dataset3/models/1Er_h8hr.epml,,unknown,,unknown,
src/main/resources/data/dataset3/models/1Er_h8hr.epml,,unknown,,unknown,
src/main/resources/data/dataset3/models/1Er_h8hr.epml,,unknown,,unknown,
src/main/resources/data/dataset3/models/1Er_hhi9.epml,,unknown,,unknown,
src/main/resources/data/dataset3/models/1Er_hhi9.epml,,unknown,,unknown,
src/main/resources/data/dataset3/models/1Er_hhi9.epml,,unknown,,unknown,
src/main/resources/data/dataset3/models/1Er_hhi9.epml,,unknown,,unknown,
src/main/resources/data/dataset3/models/1Er_hhi9.epml,,unknown,,unknown,
src/main/resources/data/dataset3/models/1Er_hhi9.epml,,unknown,,unknown,
src/main/resources/data/dataset3/models/1Er_hhi9.epml,,unknown,,unknown,
src/main/resources/data/dataset3/models/1Er_hhi9.epml,,unknown,,unknown,
src/main/resources/data/dataset3/models/1Er_hhi9.epml,,unknown,,unknown,
src/main/resources/data/dataset3/models/1Er_hhi9.epml,,unknown,,unknown,
src/main/resources/data/dataset3/models/1Er_hhi9.epml,,unknown,,unknown,
src/main/resources/data/dataset3/models/1Er_hhi9.epml,,unknown,,unknown,
src/main/resources/data/dataset3/models/1Er_hhi9.epml,,unknown,,unknown,
src/main/resources/data/dataset3/models/1Er_hhi9.epml,,unknown,,unknown,
src/main/resources/data/dataset3/models/1Er_hhi9.epml,,unknown,,unknown,
src/main/resources/data/dataset3/models/1Er_hhi9.epml,,unknown,,unknown,
src/main/resources/data/dataset3/models/1Er_hhi9.epml,,unknown,,unknown,
src/main/resources/data/dataset3/models/1Er_hhi9.epml,,unknown,,unknown,
src/main/resources/data/dataset3/models/1Er_hhi9.epml,,unknown,,unknown,
src/main/resources/data/dataset3/models/1Er_hhi9.epml,,unknown,,unknown,
src/main/resources/data/dataset3/models/1Er_hhi9.epml,,unknown,,unknown,
src/main/resources/data/dataset3/models/1Er_hhi9.epml,,unknown,,unknown,
src/main/resources/data/dataset3/models/1Er_hhi9.epml,,unknown,,unknown,
src/main/resources/data/dataset3/models/1Er_hhi9.epml,,unknown,,unknown,
src/main/resources/data/dataset3/models/1Er_hhi9.epml,,unknown,,unknown,
src/main/resources/data/dataset3/models/1Er_hhi9.epml,,unknown,,unknown,
src/main/resources/data/dataset3/models/1Er_hhi9.epml,,unknown,,unknown,
src/main/resources/data/dataset3/models/1Er_hhi9.epml,,unknown,,unknown,
src/main/resources/data/dataset3/models/1Er_hhi9.epml,,unknown,,unknown,
src/main/resources/data/dataset3/models/1Er_hhi9.epml,,unknown,,unknown,
src/main/resources/data/dataset3/models/1Er_hhi9.epml,,unknown,,unknown,
src/main/resources/data/dataset3/models/1Er_hhi9.epml,,unknown,,unknown,
src/main/resources/data/dataset3/models/1Er_hhi9.epml,,unknown,,unknown,
src/main/resources/data/dataset3/models/1Er_hhi9.epml,,unknown,,unknown,
src/main/resources/data/dataset3/models/1Er_hhi9.epml,,unknown,,unknown,
src/main/resources/data/dataset3/models/1Er_hhi9.epml,,unknown,,unknown,
src/main/resources/data/dataset3/models/1Er_hhi9.epml,,unknown,,unknown,
src/main/resources/data/dataset3/models/1Er_hhi9.epml,,unknown,,unknown,
src/main/resources/data/dataset3/models/1Er_hhi9.epml,,unknown,,unknown,
src/main/resources/data/dataset3/models/1Er_hhi9.epml,,unknown,,unknown,
src/main/resources/data/dataset3/models/1Er_hhi9.epml,,unknown,,unknown,
src/main/resources/data/dataset3/models/1Er_hhi9.epml,,unknown,,unknown,
src/main/resources/data/dataset3/models/1Er_hhi9.epml,,unknown,,unknown,
src/main/resources/data/dataset3/models/1Er_hhi9.epml,,unknown,,unknown,
src/main/resources/data/dataset3/models/1Er_hhi9.epml,,unknown,,unknown,
src/main/resources/data/dataset3/models/1Er_hhi9.epml,,unknown,,unknown,
src/main/resources/data/dataset3/models/1Er_hhi9.epml,,unknown,,unknown,
src/main/resources/data/dataset3/models/1Er_hhi9.epml,,unknown,,unknown,
src/main/resources/data/dataset3/models/1Er_hhi9.epml,,unknown,,unknown,
src/main/resources/data/dataset3/models/1Er_hhi9.epml,,unknown,,unknown,
src/main/resources/data/dataset3/models/1Er_hhi9.epml,,unknown,,unknown,
src/main/resources/data/dataset3/models/1Er_hhi9.epml,,unknown,,unknown,
src/main/resources/data/dataset3/models/1Er_hhi9.epml,,unknown,,unknown,
src/main/resources/data/dataset3/models/1Er_hhi9.epml,,unknown,,unknown,
src/main/resources/data/dataset3/models/1Er_hhi9.epml,,unknown,,unknown,
src/main/resources/data/dataset3/models/1Er_hhi9.epml,,unknown,,unknown,
src/main/resources/data/dataset3/models/1Er_hhi9.epml,,unknown,,unknown,
src/main/resources/data/dataset3/models/1Er_hhi9.epml,,unknown,,unknown,
src/main/resources/data/dataset3/models/1Er_hhi9.epml,,unknown,,unknown,
src/main/resources/data/dataset3/models/1Er_hhi9.epml,,unknown,,unknown,
src/main/resources/data/dataset3/models/1Er_hhi9.epml,,unknown,,unknown,
src/main/resources/data/dataset3/models/1Er_hhi9.epml,,unknown,,unknown,
src/main/resources/data/dataset3/models/1Er_hhi9.epml,,unknown,,unknown,
src/main/resources/data/dataset3/models/1Er_hhi9.epml,,unknown,,unknown,
src/main/resources/data/dataset3/models/1Er_hhi9.epml,,unknown,,unknown,
src/main/resources/data/dataset3/models/1Er_hhi9.epml,,unknown,,unknown,
src/main/resources/data/dataset3/models/1Er_hhi9.epml,,unknown,,unknown,
src/main/resources/data/dataset3/models/1Er_hhi9.epml,,unknown,,unknown,
src/main/resources/data/dataset3/models/1Er_hhi9.epml,,unknown,,unknown,
src/main/resources/data/dataset3/models/1Er_hhi9.epml,,unknown,,unknown,
src/main/resources/data/dataset3/models/1Er_hhi9.epml,,unknown,,unknown,
src/main/resources/data/dataset3/models/1Er_hhi9.epml,,unknown,,unknown,
src/main/resources/data/dataset3/models/1Er_hhi9.epml,,unknown,,unknown,
src/main/resources/data/dataset3/models/1Er_hhi9.epml,,unknown,,unknown,
src/main/resources/data/dataset3/models/1Er_hhi9.epml,,unknown,,unknown,
src/main/resources/data/dataset3/models/1Er_hhi9.epml,,unknown,,unknown,
src/main/resources/data/dataset3/models/1Er_hhi9.epml,,unknown,,unknown,
src/main/resources/data/dataset3/models/1Er_hhi9.epml,,unknown,,unknown,
src/main/resources/data/dataset3/models/1Er_hhi9.epml,,unknown,,unknown,
src/main/resources/data/dataset3/models/1Er_hhi9.epml,,unknown,,unknown,
src/main/resources/data/dataset3/models/1Er_hhi9.epml,,unknown,,unknown,
src/main/resources/data/dataset3/models/1Er_hhi9.epml,,unknown,,unknown,
src/main/resources/data/dataset3/models/1Er_hhi9.epml,,unknown,,unknown,
src/main/resources/data/dataset3/models/1Er_hhi9.epml,,unknown,,unknown,
src/main/resources/data/dataset3/models/1Er_hhi9.epml,,unknown,,unknown,
src/main/resources/data/dataset3/models/1Er_hhi9.epml,,unknown,,unknown,
src/main/resources/data/dataset3/models/1Er_hhi9.epml,,unknown,,unknown,
src/main/resources/data/dataset3/models/1Er_hhi9.epml,,unknown,,unknown,
src/main/resources/data/dataset3/models/1Er_hhi9.epml,,unknown,,unknown,
src/main/resources/data/dataset3/models/1Er_hhi9.epml,,unknown,,unknown,
src/main/resources/data/dataset3/models/1Er_hhi9.epml,,unknown,,unknown,
src/main/resources/data/dataset3/models/1Er_hhi9.epml,,unknown,,unknown,
src/main/resources/data/dataset3/models/1Er_hhi9.epml,,unknown,,unknown,
src/main/resources/data/dataset3/models/1Er_hhi9.epml,,unknown,,unknown,
src/main/resources/data/dataset3/models/1Er_hhi9.epml,,unknown,,unknown,
src/main/resources/data/dataset3/models/1Er_hhi9.epml,,unknown,,unknown,
src/main/resources/data/dataset3/models/1Er_hhi9.epml,,unknown,,unknown,
src/main/resources/data/dataset3/models/1Er_hhi9.epml,,unknown,,unknown,
src/main/resources/data/dataset3/models/1Er_hhi9.epml,,unknown,,unknown,
src/main/resources/data/dataset3/models/1Er_hhi9.epml,,unknown,,unknown,
src/main/resources/data/dataset3/models/1Er_hhi9.epml,,unknown,,unknown,
src/main/resources/data/dataset3/models/1Er_hhi9.epml,,unknown,,unknown,
src/main/resources/data/dataset3/models/1Er_hhi9.epml,,unknown,,unknown,
src/main/resources/data/dataset3/models/1Er_hhi9.epml,,unknown,,unknown,
src/main/resources/data/dataset3/models/1Er_hhi9.epml,,unknown,,unknown,
src/main/resources/data/dataset3/models/1Er_hhi9.epml,,unknown,,unknown,
src/main/resources/data/dataset3/models/1Er_hhi9.epml,,unknown,,unknown,
src/main/resources/data/dataset3/models/1Er_hhi9.epml,,unknown,,unknown,
src/main/resources/data/dataset3/models/1Er_hhi9.epml,,unknown,,unknown,
src/main/resources/data/dataset3/models/1Er_hhi9.epml,,unknown,,unknown,
src/main/resources/data/dataset3/models/1Er_hhi9.epml,,unknown,,unknown,
src/main/resources/data/dataset3/models/1Er_hhi9.epml,,unknown,,unknown,
src/main/resources/data/dataset3/models/1Er_hhi9.epml,,unknown,,unknown,
src/main/resources/data/dataset3/models/1Er_hhi9.epml,,unknown,,unknown,
src/main/resources/data/dataset3/models/1Er_hhi9.epml,,unknown,,unknown,
src/main/resources/data/dataset3/models/1Er_hhi9.epml,,unknown,,unknown,
src/main/resources/data/dataset3/models/1Er_hhi9.epml,,unknown,,unknown,
src/main/resources/data/dataset3/models/1Er_hhi9.epml,,unknown,,unknown,
src/main/resources/data/dataset3/models/1Er_hhi9.epml,,unknown,,unknown,
src/main/resources/data/dataset3/models/1Er_hhi9.epml,,unknown,,unknown,
src/main/resources/data/dataset3/models/1Er_hhi9.epml,,unknown,,unknown,
src/main/resources/data/dataset3/models/1Er_hhi9.epml,,unknown,,unknown,
src/main/resources/data/dataset3/models/1Er_hsto.epml,,unknown,,unknown,
src/main/resources/data/dataset3/models/1Er_hsto.epml,,unknown,,unknown,
src/main/resources/data/dataset3/models/1Er_hsto.epml,,unknown,,unknown,
src/main/resources/data/dataset3/models/1Er_hsto.epml,,unknown,,unknown,
src/main/resources/data/dataset3/models/1Er_hsto.epml,,unknown,,unknown,
src/main/resources/data/dataset3/models/1Er_hsto.epml,,unknown,,unknown,
src/main/resources/data/dataset3/models/1Er_hsto.epml,,unknown,,unknown,
src/main/resources/data/dataset3/models/1Er_hsto.epml,,unknown,,unknown,
src/main/resources/data/dataset3/models/1Er_hsto.epml,,unknown,,unknown,
src/main/resources/data/dataset3/models/1Er_hsto.epml,,unknown,,unknown,
src/main/resources/data/dataset3/models/1Er_hsto.epml,,unknown,,unknown,
src/main/resources/data/dataset3/models/1Er_hsto.epml,,unknown,,unknown,
src/main/resources/data/dataset3/models/1Er_hsto.epml,,unknown,,unknown,
src/main/resources/data/dataset3/models/1Er_hsto.epml,,unknown,,unknown,
src/main/resources/data/dataset3/models/1Er_hsto.epml,,unknown,,unknown,
src/main/resources/data/dataset3/models/1Er_hsto.epml,,unknown,,unknown,
src/main/resources/data/dataset3/models/1Er_hsto.epml,,unknown,,unknown,
src/main/resources/data/dataset3/models/1Er_hsto.epml,,unknown,,unknown,
src/main/resources/data/dataset3/models/1Er_hsto.epml,,unknown,,unknown,
src/main/resources/data/dataset3/models/1Er_hsto.epml,,unknown,,unknown,
src/main/resources/data/dataset3/models/1Er_hsto.epml,,unknown,,unknown,
src/main/resources/data/dataset3/models/1Er_hsto.epml,,unknown,,unknown,
src/main/resources/data/dataset3/models/1Er_hsto.epml,,unknown,,unknown,
src/main/resources/data/dataset3/models/1Er_hsto.epml,,unknown,,unknown,
src/main/resources/data/dataset3/models/1Er_hsto.epml,,unknown,,unknown,
src/main/resources/data/dataset3/models/1Er_hsto.epml,,unknown,,unknown,
src/main/resources/data/dataset3/models/1Er_hsto.epml,,unknown,,unknown,
src/main/resources/data/dataset3/models/1Er_hsto.epml,,unknown,,unknown,
src/main/resources/data/dataset3/models/1Er_hsto.epml,,unknown,,unknown,
src/main/resources/data/dataset3/models/1Er_hsto.epml,,unknown,,unknown,
src/main/resources/data/dataset3/models/1Er_hsto.epml,,unknown,,unknown,
src/main/resources/data/dataset3/models/1Er_hsto.epml,,unknown,,unknown,
src/main/resources/data/dataset3/models/1Er_hsto.epml,,unknown,,unknown,
src/main/resources/data/dataset3/models/1Er_hsto.epml,,unknown,,unknown,
src/main/resources/data/dataset3/models/1Er_hsto.epml,,unknown,,unknown,
src/main/resources/data/dataset3/models/1Er_hsto.epml,,unknown,,unknown,
src/main/resources/data/dataset3/models/1Er_hsto.epml,,unknown,,unknown,
src/main/resources/data/dataset3/models/1Er_hsto.epml,,unknown,,unknown,
src/main/resources/data/dataset3/models/1Er_hsto.epml,,unknown,,unknown,
src/main/resources/data/dataset3/models/1Er_hsto.epml,,unknown,,unknown,
src/main/resources/data/dataset3/models/1Er_hsto.epml,,unknown,,unknown,
src/main/resources/data/dataset3/models/1Er_hsto.epml,,unknown,,unknown,
src/main/resources/data/dataset3/models/1Er_hsto.epml,,unknown,,unknown,
src/main/resources/data/dataset3/models/1Er_hsto.epml,,unknown,,unknown,
src/main/resources/data/dataset3/models/1Er_hsto.epml,,unknown,,unknown,
src/main/resources/data/dataset3/models/1Er_hsto.epml,,unknown,,unknown,
src/main/resources/data/dataset3/models/1Er_hsto.epml,,unknown,,unknown,
src/main/resources/data/dataset3/models/1Er_hsto.epml,,unknown,,unknown,
src/main/resources/data/dataset3/models/1Er_hsto.epml,,unknown,,unknown,
src/main/resources/data/dataset3/models/1Er_hsto.epml,,unknown,,unknown,
src/main/resources/data/dataset3/models/1Er_hsto.epml,,unknown,,unknown,
src/main/resources/data/dataset3/models/1Er_hsto.epml,,unknown,,unknown,
src/main/resources/data/dataset3/models/1Er_hsto.epml,,unknown,,unknown,
src/main/resources/data/dataset3/models/1Er_hsto.epml,,unknown,,unknown,
src/main/resources/data/dataset3/models/1Er_hsto.epml,,unknown,,unknown,
src/main/resources/data/dataset3/models/1Er_hsto.epml,,unknown,,unknown,
src/main/resources/data/dataset3/models/1Er_hsto.epml,,unknown,,unknown,
src/main/resources/data/dataset3/models/1Er_hsto.epml,,unknown,,unknown,
src/main/resources/data/dataset3/models/1Er_hsto.epml,,unknown,,unknown,
src/main/resources/data/dataset3/models/1Er_hsto.epml,,unknown,,unknown,
src/main/resources/data/dataset3/models/1Er_hsto.epml,,unknown,,unknown,
src/main/resources/data/dataset3/models/1Er_hsto.epml,,unknown,,unknown,
src/main/resources/data/dataset3/models/1Er_hsto.epml,,unknown,,unknown,
src/main/resources/data/dataset3/models/1Er_hsto.epml,,unknown,,unknown,
src/main/resources/data/dataset3/models/1Er_hsto.epml,,unknown,,unknown,
src/main/resources/data/dataset3/models/1Er_hsto.epml,,unknown,,unknown,
src/main/resources/data/dataset3/models/1Er_hsto.epml,,unknown,,unknown,
src/main/resources/data/dataset3/models/1Er_hsto.epml,,unknown,,unknown,
src/main/resources/data/dataset3/models/1Er_hsto.epml,,unknown,,unknown,
src/main/resources/data/dataset3/models/1Er_hsto.epml,,unknown,,unknown,
src/main/resources/data/dataset3/models/1Er_hsto.epml,,unknown,,unknown,
src/main/resources/data/dataset3/models/1Er_hsto.epml,,unknown,,unknown,
src/main/resources/data/dataset3/models/1Er_hsto.epml,,unknown,,unknown,
src/main/resources/data/dataset3/models/1Er_hsto.epml,,unknown,,unknown,
src/main/resources/data/dataset3/models/1Er_hsto.epml,,unknown,,unknown,
src/main/resources/data/dataset3/models/1Er_hsto.epml,,unknown,,unknown,
src/main/resources/data/dataset3/models/1Er_hsto.epml,,unknown,,unknown,
src/main/resources/data/dataset3/models/1Er_hsto.epml,,unknown,,unknown,
src/main/resources/data/dataset3/models/1Er_i9qm.epml,,unknown,,unknown,
src/main/resources/data/dataset3/models/1Er_i9qm.epml,,unknown,,unknown,
src/main/resources/data/dataset3/models/1Er_i9qm.epml,,unknown,,unknown,
src/main/resources/data/dataset3/models/1Er_i9qm.epml,,unknown,,unknown,
src/main/resources/data/dataset3/models/1Er_i9qm.epml,,unknown,,unknown,
src/main/resources/data/dataset3/models/1Er_i9qm.epml,,unknown,,unknown,
src/main/resources/data/dataset3/models/1Er_i9qm.epml,,unknown,,unknown,
src/main/resources/data/dataset3/models/1Er_i9qm.epml,,unknown,,unknown,
src/main/resources/data/dataset3/models/1Er_i9qm.epml,,unknown,,unknown,
src/main/resources/data/dataset3/models/1Er_i9qm.epml,,unknown,,unknown,
src/main/resources/data/dataset3/models/1Er_i9qm.epml,,unknown,,unknown,
src/main/resources/data/dataset3/models/1Er_i9qm.epml,,unknown,,unknown,
src/main/resources/data/dataset3/models/1Er_i9qm.epml,,unknown,,unknown,
src/main/resources/data/dataset3/models/1Er_i9qm.epml,,unknown,,unknown,
src/main/resources/data/dataset3/models/1Er_i9qm.epml,,unknown,,unknown,
src/main/resources/data/dataset3/models/1Er_i9qm.epml,,unknown,,unknown,
src/main/resources/data/dataset3/models/1Er_i9qm.epml,,unknown,,unknown,
src/main/resources/data/dataset3/models/1Er_i9qm.epml,,unknown,,unknown,
src/main/resources/data/dataset3/models/1Er_i9qm.epml,,unknown,,unknown,
src/main/resources/data/dataset3/models/1Er_i9qm.epml,,unknown,,unknown,
src/main/resources/data/dataset3/models/1Er_i9qm.epml,,unknown,,unknown,
src/main/resources/data/dataset3/models/1Er_i9qm.epml,,unknown,,unknown,
src/main/resources/data/dataset3/models/1Er_i9qm.epml,,unknown,,unknown,
src/main/resources/data/dataset3/models/1Er_ixso.epml,,unknown,,unknown,
src/main/resources/data/dataset3/models/1Er_ixso.epml,,unknown,,unknown,
src/main/resources/data/dataset3/models/1Er_ixso.epml,,unknown,,unknown,
src/main/resources/data/dataset3/models/1Er_ixso.epml,,unknown,,unknown,
src/main/resources/data/dataset3/models/1Er_ixso.epml,,unknown,,unknown,
src/main/resources/data/dataset3/models/1Er_ixso.epml,,unknown,,unknown,
src/main/resources/data/dataset3/models/1Er_ixso.epml,,unknown,,unknown,
src/main/resources/data/dataset3/models/1Er_ixso.epml,,unknown,,unknown,
src/main/resources/data/dataset3/models/1Er_ixso.epml,,unknown,,unknown,
src/main/resources/data/dataset3/models/1Er_ixso.epml,,unknown,,unknown,
src/main/resources/data/dataset3/models/1Er_ixso.epml,,unknown,,unknown,
src/main/resources/data/dataset3/models/1Er_ixso.epml,,unknown,,unknown,
src/main/resources/data/dataset3/models/1Er_ixso.epml,,unknown,,unknown,
src/main/resources/data/dataset3/models/1Er_ixso.epml,,unknown,,unknown,
src/main/resources/data/dataset3/models/1Er_ixso.epml,,unknown,,unknown,
src/main/resources/data/dataset3/models/1Er_ixso.epml,,unknown,,unknown,
src/main/resources/data/dataset3/models/1Er_ixso.epml,,unknown,,unknown,
src/main/resources/data/dataset3/models/1Er_ixso.epml,,unknown,,unknown,
src/main/resources/data/dataset3/models/1Er_ixso.epml,,unknown,,unknown,
src/main/resources/data/dataset3/models/1Er_ixso.epml,,unknown,,unknown,
src/main/resources/data/dataset3/models/1Er_ixso.epml,,unknown,,unknown,
src/main/resources/data/dataset3/models/1Er_ixso.epml,,unknown,,unknown,
src/main/resources/data/dataset3/models/1Er_ixso.epml,,unknown,,unknown,
src/main/resources/data/dataset3/models/1Er_ixso.epml,,unknown,,unknown,
src/main/resources/data/dataset3/models/1Er_ixso.epml,,unknown,,unknown,
src/main/resources/data/dataset3/models/1Er_ixso.epml,,unknown,,unknown,
src/main/resources/data/dataset3/models/1Er_ixso.epml,,unknown,,unknown,
src/main/resources/data/dataset3/models/1Er_ixso.epml,,unknown,,unknown,
src/main/resources/data/dataset3/models/1Er_ixso.epml,,unknown,,unknown,
src/main/resources/data/dataset3/models/1Er_ixso.epml,,unknown,,unknown,
src/main/resources/data/dataset3/models/1Er_ixso.epml,,unknown,,unknown,
src/main/resources/data/dataset3/models/1Er_ixso.epml,,unknown,,unknown,
src/main/resources/data/dataset3/models/1Er_ixso.epml,,unknown,,unknown,
src/main/resources/data/dataset3/models/1Er_ixso.epml,,unknown,,unknown,
src/main/resources/data/dataset3/models/1Er_ixso.epml,,unknown,,unknown,
src/main/resources/data/dataset3/models/1Er_ixso.epml,,unknown,,unknown,
src/main/resources/data/dataset3/models/1Er_ixso.epml,,unknown,,unknown,
src/main/resources/data/dataset3/models/1Er_ixso.epml,,unknown,,unknown,
src/main/resources/data/dataset3/models/1Er_ixso.epml,,unknown,,unknown,
src/main/resources/data/dataset3/models/1Er_ixso.epml,,unknown,,unknown,
src/main/resources/data/dataset3/models/1Er_ixso.epml,,unknown,,unknown,
src/main/resources/data/dataset3/models/1Er_ixso.epml,,unknown,,unknown,
src/main/resources/data/dataset3/models/1Er_ixso.epml,,unknown,,unknown,
src/main/resources/data/dataset3/models/1Er_ixso.epml,,unknown,,unknown,
src/main/resources/data/dataset3/models/1Er_ixso.epml,,unknown,,unknown,
src/main/resources/data/dataset3/models/1Er_ixso.epml,,unknown,,unknown,
src/main/resources/data/dataset3/models/1Er_ixso.epml,,unknown,,unknown,
src/main/resources/data/dataset3/models/1Er_ixso.epml,,unknown,,unknown,
src/main/resources/data/dataset3/models/1Er_ixso.epml,,unknown,,unknown,
src/main/resources/data/dataset3/models/1Er_ixso.epml,,unknown,,unknown,
src/main/resources/data/dataset3/models/1Er_ixso.epml,,unknown,,unknown,
src/main/resources/data/dataset3/models/1Er_ixso.epml,,unknown,,unknown,
src/main/resources/data/dataset3/models/1Er_ixso.epml,,unknown,,unknown,
src/main/resources/data/dataset3/models/1Er_ixso.epml,,unknown,,unknown,
src/main/resources/data/dataset3/models/1Er_ixso.epml,,unknown,,unknown,
src/main/resources/data/dataset3/models/1Er_ixso.epml,,unknown,,unknown,
src/main/resources/data/dataset3/models/1Er_ixso.epml,,unknown,,unknown,
src/main/resources/data/dataset3/models/1Er_ixso.epml,,unknown,,unknown,
src/main/resources/data/dataset3/models/1Er_ixso.epml,,unknown,,unknown,
src/main/resources/data/dataset3/models/1Er_ixso.epml,,unknown,,unknown,
src/main/resources/data/dataset3/models/1Er_ixso.epml,,unknown,,unknown,
src/main/resources/data/dataset3/models/1Er_ixso.epml,,unknown,,unknown,
src/main/resources/data/dataset3/models/1Er_ixso.epml,,unknown,,unknown,
src/main/resources/data/dataset3/models/1Er_ixso.epml,,unknown,,unknown,
src/main/resources/data/dataset3/models/1Er_ixso.epml,,unknown,,unknown,
src/main/resources/data/dataset3/models/1Er_ixso.epml,,unknown,,unknown,
src/main/resources/data/dataset3/models/1Er_ixso.epml,,unknown,,unknown,
src/main/resources/data/dataset3/models/1Er_ixso.epml,,unknown,,unknown,
src/main/resources/data/dataset3/models/1Er_ixso.epml,,unknown,,unknown,
src/main/resources/data/dataset3/models/1Er_ixso.epml,,unknown,,unknown,
src/main/resources/data/dataset3/models/1Er_ixso.epml,,unknown,,unknown,
src/main/resources/data/dataset3/models/1Er_ixso.epml,,unknown,,unknown,
src/main/resources/data/dataset3/models/1Er_ixso.epml,,unknown,,unknown,
src/main/resources/data/dataset3/models/1Er_ixso.epml,,unknown,,unknown,
src/main/resources/data/dataset3/models/1Er_ixso.epml,,unknown,,unknown,
src/main/resources/data/dataset3/models/1Er_ixso.epml,,unknown,,unknown,
src/main/resources/data/dataset3/models/1Er_ixso.epml,,unknown,,unknown,
src/main/resources/data/dataset3/models/1Er_ixso.epml,,unknown,,unknown,
src/main/resources/data/dataset3/models/1Er_ixso.epml,,unknown,,unknown,
src/main/resources/data/dataset3/models/1Er_ixso.epml,,unknown,,unknown,
src/main/resources/data/dataset3/models/1Er_ixso.epml,,unknown,,unknown,
src/main/resources/data/dataset3/models/1Er_ixso.epml,,unknown,,unknown,
src/main/resources/data/dataset3/models/1Er_ixso.epml,,unknown,,unknown,
src/main/resources/data/dataset3/models/1Er_ixso.epml,,unknown,,unknown,
src/main/resources/data/dataset3/models/1Er_ixso.epml,,unknown,,unknown,
src/main/resources/data/dataset3/models/1Er_ixso.epml,,unknown,,unknown,
src/main/resources/data/dataset3/models/1Er_ixso.epml,,unknown,,unknown,
src/main/resources/data/dataset3/models/1Ex_dzq9.epml,,unknown,,unknown,
src/main/resources/data/dataset3/models/1Ex_dzq9.epml,,unknown,,unknown,
src/main/resources/data/dataset3/models/1Ex_dzq9.epml,,unknown,,unknown,
src/main/resources/data/dataset3/models/1Ex_dzq9.epml,,unknown,,unknown,
src/main/resources/data/dataset3/models/1Ex_dzq9.epml,,unknown,,unknown,
src/main/resources/data/dataset3/models/1Ex_dzq9.epml,,unknown,,unknown,
src/main/resources/data/dataset3/models/1Ex_dzq9.epml,,unknown,,unknown,
src/main/resources/data/dataset3/models/1Ex_dzq9.epml,,unknown,,unknown,
src/main/resources/data/dataset3/models/1Ex_dzq9.epml,,unknown,,unknown,
src/main/resources/data/dataset3/models/1Ex_dzq9.epml,,unknown,,unknown,
src/main/resources/data/dataset3/models/1Ex_dzq9.epml,,unknown,,unknown,
src/main/resources/data/dataset3/models/1Ex_dzq9.epml,,unknown,,unknown,
src/main/resources/data/dataset3/models/1Ex_dzq9.epml,,unknown,,unknown,
src/main/resources/data/dataset3/models/1Ex_dzq9.epml,,unknown,,unknown,
src/main/resources/data/dataset3/models/1Ex_dzq9.epml,,unknown,,unknown,
src/main/resources/data/dataset3/models/1Ex_dzq9.epml,,unknown,,unknown,
src/main/resources/data/dataset3/models/1Ex_dzq9.epml,,unknown,,unknown,
src/main/resources/data/dataset3/models/1Ex_dzq9.epml,,unknown,,unknown,
src/main/resources/data/dataset3/models/1Ex_dzq9.epml,,unknown,,unknown,
src/main/resources/data/dataset3/models/1Ex_dzq9.epml,,unknown,,unknown,
src/main/resources/data/dataset3/models/1Ex_dzq9.epml,,unknown,,unknown,
src/main/resources/data/dataset3/models/1Ex_dzq9.epml,,unknown,,unknown,
src/main/resources/data/dataset3/models/1Ex_dzq9.epml,,unknown,,unknown,
src/main/resources/data/dataset3/models/1Ex_dzq9.epml,,unknown,,unknown,
src/main/resources/data/dataset3/models/1Ex_dzq9.epml,,unknown,,unknown,
src/main/resources/data/dataset3/models/1Ex_dzq9.epml,,unknown,,unknown,
src/main/resources/data/dataset3/models/1Ex_dzq9.epml,,unknown,,unknown,
src/main/resources/data/dataset3/models/1Ex_dzq9.epml,,unknown,,unknown,
src/main/resources/data/dataset3/models/1Ex_dzq9.epml,,unknown,,unknown,
src/main/resources/data/dataset3/models/1Ex_dzq9.epml,,unknown,,unknown,
src/main/resources/data/dataset3/models/1Ex_dzq9.epml,,unknown,,unknown,
src/main/resources/data/dataset3/models/1Ex_dzq9.epml,,unknown,,unknown,
src/main/resources/data/dataset3/models/1Ex_dzq9.epml,,unknown,,unknown,
src/main/resources/data/dataset3/models/1Ex_dzq9.epml,,unknown,,unknown,
src/main/resources/data/dataset3/models/1Ex_dzq9.epml,,unknown,,unknown,
src/main/resources/data/dataset3/models/1Ex_dzq9.epml,,unknown,,unknown,
src/main/resources/data/dataset3/models/1Ex_dzq9.epml,,unknown,,unknown,
src/main/resources/data/dataset3/models/1Ex_dzq9.epml,,unknown,,unknown,
src/main/resources/data/dataset3/models/1Ex_dzq9.epml,,unknown,,unknown,
src/main/resources/data/dataset3/models/1Ex_dzq9.epml,,unknown,,unknown,
src/main/resources/data/dataset3/models/1Ex_dzq9.epml,,unknown,,unknown,
src/main/resources/data/dataset3/models/1Ex_dzq9.epml,,unknown,,unknown,
src/main/resources/data/dataset3/models/1Ex_dzq9.epml,,unknown,,unknown,
src/main/resources/data/dataset3/models/1Ex_dzq9.epml,,unknown,,unknown,
src/main/resources/data/dataset3/models/1Ex_dzq9.epml,,unknown,,unknown,
src/main/resources/data/dataset3/models/1Ex_dzq9.epml,,unknown,,unknown,
src/main/resources/data/dataset3/models/1Ex_dzq9.epml,,unknown,,unknown,
src/main/resources/data/dataset3/models/1Ex_dzq9.epml,,unknown,,unknown,
src/main/resources/data/dataset3/models/1Ex_dzq9.epml,,unknown,,unknown,
src/main/resources/data/dataset3/models/1Ex_dzq9.epml,,unknown,,unknown,
src/main/resources/data/dataset3/models/1Ex_dzq9.epml,,unknown,,unknown,
src/main/resources/data/dataset3/models/1Ex_dzq9.epml,,unknown,,unknown,
src/main/resources/data/dataset3/models/1Ex_dzq9.epml,,unknown,,unknown,
src/main/resources/data/dataset3/models/1Ex_dzq9.epml,,unknown,,unknown,
src/main/resources/data/dataset3/models/1Ex_dzq9.epml,,unknown,,unknown,
src/main/resources/data/dataset3/models/1Ex_e8vj.epml,,unknown,,unknown,
src/main/resources/data/dataset3/models/1Ex_e8vj.epml,,unknown,,unknown,
src/main/resources/data/dataset3/models/1Ex_e8vj.epml,,unknown,,unknown,
src/main/resources/data/dataset3/models/1Ex_e8vj.epml,,unknown,,unknown,
src/main/resources/data/dataset3/models/1Ex_e8vj.epml,,unknown,,unknown,
src/main/resources/data/dataset3/models/1Ex_e8vj.epml,,unknown,,unknown,
src/main/resources/data/dataset3/models/1Ex_e8vj.epml,,unknown,,unknown,
src/main/resources/data/dataset3/models/1Ex_e8vj.epml,,unknown,,unknown,
src/main/resources/data/dataset3/models/1Ex_e8vj.epml,,unknown,,unknown,
src/main/resources/data/dataset3/models/1Ex_e8vj.epml,,unknown,,unknown,
src/main/resources/data/dataset3/models/1Ex_e8vj.epml,,unknown,,unknown,
src/main/resources/data/dataset3/models/1Ex_e8vj.epml,,unknown,,unknown,
src/main/resources/data/dataset3/models/1Ex_e8vj.epml,,unknown,,unknown,
src/main/resources/data/dataset3/models/1Ex_e8vj.epml,,unknown,,unknown,
src/main/resources/data/dataset3/models/1Ex_e8vj.epml,,unknown,,unknown,
src/main/resources/data/dataset3/models/1Ex_e8vj.epml,,unknown,,unknown,
src/main/resources/data/dataset3/models/1Ex_e8vj.epml,,unknown,,unknown,
src/main/resources/data/dataset3/models/1Ex_e8vj.epml,,unknown,,unknown,
src/main/resources/data/dataset3/models/1Ex_e8vj.epml,,unknown,,unknown,
src/main/resources/data/dataset3/models/1Ex_e8vj.epml,,unknown,,unknown,
src/main/resources/data/dataset3/models/1Ex_e8vj.epml,,unknown,,unknown,
src/main/resources/data/dataset3/models/1Ex_e8vj.epml,,unknown,,unknown,
src/main/resources/data/dataset3/models/1Ex_e8vj.epml,,unknown,,unknown,
src/main/resources/data/dataset3/models/1Ex_e8vj.epml,,unknown,,unknown,
src/main/resources/data/dataset3/models/1Ex_e8vj.epml,,unknown,,unknown,
src/main/resources/data/dataset3/models/1Ex_e8vj.epml,,unknown,,unknown,
src/main/resources/data/dataset3/models/1Ex_e8vj.epml,,unknown,,unknown,
src/main/resources/data/dataset3/models/1Ex_e8vj.epml,,unknown,,unknown,
src/main/resources/data/dataset3/models/1Ex_e8vj.epml,,unknown,,unknown,
src/main/resources/data/dataset3/models/1Ex_e8vj.epml,,unknown,,unknown,
src/main/resources/data/dataset3/models/1Ex_e8vj.epml,,unknown,,unknown,
src/main/resources/data/dataset3/models/1Ex_e8vj.epml,,unknown,,unknown,
src/main/resources/data/dataset3/models/1Ex_e8vj.epml,,unknown,,unknown,
src/main/resources/data/dataset3/models/1Ex_e8vj.epml,,unknown,,unknown,
src/main/resources/data/dataset3/models/1Ex_e8vj.epml,,unknown,,unknown,
src/main/resources/data/dataset3/models/1Ex_e8vj.epml,,unknown,,unknown,
src/main/resources/data/dataset3/models/1Ex_e8vj.epml,,unknown,,unknown,
src/main/resources/data/dataset3/models/1Ex_e8vj.epml,,unknown,,unknown,
src/main/resources/data/dataset3/models/1Ex_e8vj.epml,,unknown,,unknown,
src/main/resources/data/dataset3/models/1Ex_e8vj.epml,,unknown,,unknown,
src/main/resources/data/dataset3/models/1Ex_e8vj.epml,,unknown,,unknown,
src/main/resources/data/dataset3/models/1Ex_egln.epml,,unknown,,unknown,
src/main/resources/data/dataset3/models/1Ex_egln.epml,,unknown,,unknown,
src/main/resources/data/dataset3/models/1Ex_egln.epml,,unknown,,unknown,
src/main/resources/data/dataset3/models/1Ex_egln.epml,,unknown,,unknown,
src/main/resources/data/dataset3/models/1Ex_egln.epml,,unknown,,unknown,
src/main/resources/data/dataset3/models/1Ex_egln.epml,,unknown,,unknown,
src/main/resources/data/dataset3/models/1Ex_egln.epml,,unknown,,unknown,
src/main/resources/data/dataset3/models/1Ex_egln.epml,,unknown,,unknown,
src/main/resources/data/dataset3/models/1Ex_egln.epml,,unknown,,unknown,
src/main/resources/data/dataset3/models/1Ex_egln.epml,,unknown,,unknown,
src/main/resources/data/dataset3/models/1Ex_egln.epml,,unknown,,unknown,
src/main/resources/data/dataset3/models/1Ex_egln.epml,,unknown,,unknown,
src/main/resources/data/dataset3/models/1Ex_egln.epml,,unknown,,unknown,
src/main/resources/data/dataset3/models/1Ex_egln.epml,,unknown,,unknown,
src/main/resources/data/dataset3/models/1Ex_egln.epml,,unknown,,unknown,
src/main/resources/data/dataset3/models/1Ex_egln.epml,,unknown,,unknown,
src/main/resources/data/dataset3/models/1Ex_egln.epml,,unknown,,unknown,
src/main/resources/data/dataset3/models/1Ex_egln.epml,,unknown,,unknown,
src/main/resources/data/dataset3/models/1Ex_egln.epml,,unknown,,unknown,
src/main/resources/data/dataset3/models/1Ex_egln.epml,,unknown,,unknown,
src/main/resources/data/dataset3/models/1Ex_egln.epml,,unknown,,unknown,
src/main/resources/data/dataset3/models/1Ex_egln.epml,,unknown,,unknown,
src/main/resources/data/dataset3/models/1Ex_egln.epml,,unknown,,unknown,
src/main/resources/data/dataset3/models/1Ex_egln.epml,,unknown,,unknown,
src/main/resources/data/dataset3/models/1Ex_egln.epml,,unknown,,unknown,
src/main/resources/data/dataset3/models/1Ex_egln.epml,,unknown,,unknown,
src/main/resources/data/dataset3/models/1Ex_egln.epml,,unknown,,unknown,
src/main/resources/data/dataset3/models/1Ex_egln.epml,,unknown,,unknown,
src/main/resources/data/dataset3/models/1Ex_egln.epml,,unknown,,unknown,
src/main/resources/data/dataset3/models/1Ex_egln.epml,,unknown,,unknown,
src/main/resources/data/dataset3/models/1Ex_egln.epml,,unknown,,unknown,
src/main/resources/data/dataset3/models/1Ex_egln.epml,,unknown,,unknown,
src/main/resources/data/dataset3/models/1Ex_egln.epml,,unknown,,unknown,
src/main/resources/data/dataset3/models/1Ex_egln.epml,,unknown,,unknown,
src/main/resources/data/dataset3/models/1Ex_egln.epml,,unknown,,unknown,
src/main/resources/data/dataset3/models/1Ex_egln.epml,,unknown,,unknown,
src/main/resources/data/dataset3/models/1Ex_egln.epml,,unknown,,unknown,
src/main/resources/data/dataset3/models/1Ex_egln.epml,,unknown,,unknown,
src/main/resources/data/dataset3/models/1Ex_egln.epml,,unknown,,unknown,
src/main/resources/data/dataset3/models/1Ex_egln.epml,,unknown,,unknown,
src/main/resources/data/dataset3/models/1Ex_egln.epml,,unknown,,unknown,
src/main/resources/data/dataset3/models/1Ex_egln.epml,,unknown,,unknown,
src/main/resources/data/dataset3/models/1Ex_egln.epml,,unknown,,unknown,
src/main/resources/data/dataset3/models/1Ex_egln.epml,,unknown,,unknown,
src/main/resources/data/dataset3/models/1Ex_egln.epml,,unknown,,unknown,
src/main/resources/data/dataset3/models/1Ex_egln.epml,,unknown,,unknown,
src/main/resources/data/dataset3/models/1Ex_egln.epml,,unknown,,unknown,
src/main/resources/data/dataset3/models/1Ex_egln.epml,,unknown,,unknown,
src/main/resources/data/dataset3/models/1In_aklk.epml,,unknown,,unknown,
src/main/resources/data/dataset3/models/1In_aklk.epml,,unknown,,unknown,
src/main/resources/data/dataset3/models/1In_aklk.epml,,unknown,,unknown,
src/main/resources/data/dataset3/models/1In_aklk.epml,,unknown,,unknown,
src/main/resources/data/dataset3/models/1In_aklk.epml,,unknown,,unknown,
src/main/resources/data/dataset3/models/1In_aklk.epml,,unknown,,unknown,
src/main/resources/data/dataset3/models/1In_aklk.epml,,unknown,,unknown,
src/main/resources/data/dataset3/models/1In_aklk.epml,,unknown,,unknown,
src/main/resources/data/dataset3/models/1In_aklk.epml,,unknown,,unknown,
src/main/resources/data/dataset3/models/1In_aklk.epml,,unknown,,unknown,
src/main/resources/data/dataset3/models/1In_aklk.epml,,unknown,,unknown,
src/main/resources/data/dataset3/models/1In_aklk.epml,,unknown,,unknown,
src/main/resources/data/dataset3/models/1In_aklk.epml,,unknown,,unknown,
src/main/resources/data/dataset3/models/1In_aklk.epml,,unknown,,unknown,
src/main/resources/data/dataset3/models/1In_aklk.epml,,unknown,,unknown,
src/main/resources/data/dataset3/models/1In_aklk.epml,,unknown,,unknown,
src/main/resources/data/dataset3/models/1In_aklk.epml,,unknown,,unknown,
src/main/resources/data/dataset3/models/1In_aklk.epml,,unknown,,unknown,
src/main/resources/data/dataset3/models/1In_aklk.epml,,unknown,,unknown,
src/main/resources/data/dataset3/models/1In_aklk.epml,,unknown,,unknown,
src/main/resources/data/dataset3/models/1In_aklk.epml,,unknown,,unknown,
src/main/resources/data/dataset3/models/1In_aklk.epml,,unknown,,unknown,
src/main/resources/data/dataset3/models/1In_aklk.epml,,unknown,,unknown,
src/main/resources/data/dataset3/models/1In_aklk.epml,,unknown,,unknown,
src/main/resources/data/dataset3/models/1In_aklk.epml,,unknown,,unknown,
src/main/resources/data/dataset3/models/1In_aklk.epml,,unknown,,unknown,
src/main/resources/data/dataset3/models/1In_aklk.epml,,unknown,,unknown,
src/main/resources/data/dataset3/models/1In_aklk.epml,,unknown,,unknown,
src/main/resources/data/dataset3/models/1In_aklk.epml,,unknown,,unknown,
src/main/resources/data/dataset3/models/1In_aklk.epml,,unknown,,unknown,
src/main/resources/data/dataset3/models/1In_aklk.epml,,unknown,,unknown,
src/main/resources/data/dataset3/models/1In_aklk.epml,,unknown,,unknown,
src/main/resources/data/dataset3/models/1In_aklk.epml,,unknown,,unknown,
src/main/resources/data/dataset3/models/1In_aklk.epml,,unknown,,unknown,
src/main/resources/data/dataset3/models/1In_aklk.epml,,unknown,,unknown,
src/main/resources/data/dataset3/models/1In_aklk.epml,,unknown,,unknown,
src/main/resources/data/dataset3/models/1In_aklk.epml,,unknown,,unknown,
src/main/resources/data/dataset3/models/1In_aklk.epml,,unknown,,unknown,
src/main/resources/data/dataset3/models/1In_aklk.epml,,unknown,,unknown,
src/main/resources/data/dataset3/models/1In_aklk.epml,,unknown,,unknown,
src/main/resources/data/dataset3/models/1In_aklk.epml,,unknown,,unknown,
src/main/resources/data/dataset3/models/1In_aklk.epml,,unknown,,unknown,
src/main/resources/data/dataset3/models/1In_aklk.epml,,unknown,,unknown,
src/main/resources/data/dataset3/models/1In_aklk.epml,,unknown,,unknown,
src/main/resources/data/dataset3/models/1In_aklk.epml,,unknown,,unknown,
src/main/resources/data/dataset3/models/1In_aklk.epml,,unknown,,unknown,
src/main/resources/data/dataset3/models/1In_aklk.epml,,unknown,,unknown,
src/main/resources/data/dataset3/models/1In_aklk.epml,,unknown,,unknown,
src/main/resources/data/dataset3/models/1In_aklk.epml,,unknown,,unknown,
src/main/resources/data/dataset3/models/1In_aklk.epml,,unknown,,unknown,
src/main/resources/data/dataset3/models/1In_aklk.epml,,unknown,,unknown,
src/main/resources/data/dataset3/models/1In_aklk.epml,,unknown,,unknown,
src/main/resources/data/dataset3/models/1In_aklk.epml,,unknown,,unknown,
src/main/resources/data/dataset3/models/1In_aklk.epml,,unknown,,unknown,
src/main/resources/data/dataset3/models/1In_aklk.epml,,unknown,,unknown,
src/main/resources/data/dataset3/models/1In_aklk.epml,,unknown,,unknown,
src/main/resources/data/dataset3/models/1In_aklk.epml,,unknown,,unknown,
src/main/resources/data/dataset3/models/1In_aklk.epml,,unknown,,unknown,
src/main/resources/data/dataset3/models/1In_aklk.epml,,unknown,,unknown,
src/main/resources/data/dataset3/models/1In_aklk.epml,,unknown,,unknown,
src/main/resources/data/dataset3/models/1In_awpb.epml,,unknown,,unknown,
src/main/resources/data/dataset3/models/1In_awpb.epml,,unknown,,unknown,
src/main/resources/data/dataset3/models/1In_awpb.epml,,unknown,,unknown,
src/main/resources/data/dataset3/models/1In_awpb.epml,,unknown,,unknown,
src/main/resources/data/dataset3/models/1In_awpb.epml,,unknown,,unknown,
src/main/resources/data/dataset3/models/1In_awpb.epml,,unknown,,unknown,
src/main/resources/data/dataset3/models/1In_awpb.epml,,unknown,,unknown,
src/main/resources/data/dataset3/models/1In_awpb.epml,,unknown,,unknown,
src/main/resources/data/dataset3/models/1In_awpb.epml,,unknown,,unknown,
src/main/resources/data/dataset3/models/1In_awpb.epml,,unknown,,unknown,
src/main/resources/data/dataset3/models/1In_awpb.epml,,unknown,,unknown,
src/main/resources/data/dataset3/models/1In_awpb.epml,,unknown,,unknown,
src/main/resources/data/dataset3/models/1In_awpb.epml,,unknown,,unknown,
src/main/resources/data/dataset3/models/1In_awpb.epml,,unknown,,unknown,
src/main/resources/data/dataset3/models/1In_awpb.epml,,unknown,,unknown,
src/main/resources/data/dataset3/models/1In_awpb.epml,,unknown,,unknown,
src/main/resources/data/dataset3/models/1In_awpb.epml,,unknown,,unknown,
src/main/resources/data/dataset3/models/1In_awpb.epml,,unknown,,unknown,
src/main/resources/data/dataset3/models/1In_awpb.epml,,unknown,,unknown,
src/main/resources/data/dataset3/models/1In_awpb.epml,,unknown,,unknown,
src/main/resources/data/dataset3/models/1In_awpb.epml,,unknown,,unknown,
src/main/resources/data/dataset3/models/1In_awpb.epml,,unknown,,unknown,
src/main/resources/data/dataset3/models/1In_awpb.epml,,unknown,,unknown,
src/main/resources/data/dataset3/models/1In_awpb.epml,,unknown,,unknown,
src/main/resources/data/dataset3/models/1In_awpb.epml,,unknown,,unknown,
src/main/resources/data/dataset3/models/1In_awpb.epml,,unknown,,unknown,
src/main/resources/data/dataset3/models/1In_awpb.epml,,unknown,,unknown,
src/main/resources/data/dataset3/models/1In_awpb.epml,,unknown,,unknown,
src/main/resources/data/dataset3/models/1In_awpb.epml,,unknown,,unknown,
src/main/resources/data/dataset3/models/1In_awpb.epml,,unknown,,unknown,
src/main/resources/data/dataset3/models/1In_awpb.epml,,unknown,,unknown,
src/main/resources/data/dataset3/models/1In_awpb.epml,,unknown,,unknown,
src/main/resources/data/dataset3/models/1In_awpb.epml,,unknown,,unknown,
src/main/resources/data/dataset3/models/1In_awpb.epml,,unknown,,unknown,
src/main/resources/data/dataset3/models/1In_awpb.epml,,unknown,,unknown,
src/main/resources/data/dataset3/models/1In_awpb.epml,,unknown,,unknown,
src/main/resources/data/dataset3/models/1In_awpb.epml,,unknown,,unknown,
src/main/resources/data/dataset3/models/1In_awpb.epml,,unknown,,unknown,
src/main/resources/data/dataset3/models/1In_awpb.epml,,unknown,,unknown,
src/main/resources/data/dataset3/models/1In_awpb.epml,,unknown,,unknown,
src/main/resources/data/dataset3/models/1In_awpb.epml,,unknown,,unknown,
src/main/resources/data/dataset3/models/1In_awpb.epml,,unknown,,unknown,
src/main/resources/data/dataset3/models/1In_awpb.epml,,unknown,,unknown,
src/main/resources/data/dataset3/models/1In_awpb.epml,,unknown,,unknown,
src/main/resources/data/dataset3/models/1In_awpb.epml,,unknown,,unknown,
src/main/resources/data/dataset3/models/1In_awpb.epml,,unknown,,unknown,
src/main/resources/data/dataset3/models/1In_awpb.epml,,unknown,,unknown,
src/main/resources/data/dataset3/models/1In_awpb.epml,,unknown,,unknown,
src/main/resources/data/dataset3/models/1In_awpb.epml,,unknown,,unknown,
src/main/resources/data/dataset3/models/1In_awpb.epml,,unknown,,unknown,
src/main/resources/data/dataset3/models/1In_awpb.epml,,unknown,,unknown,
src/main/resources/data/dataset3/models/1In_awpb.epml,,unknown,,unknown,
src/main/resources/data/dataset3/models/1In_awpb.epml,,unknown,,unknown,
src/main/resources/data/dataset3/models/1In_awpb.epml,,unknown,,unknown,
src/main/resources/data/dataset3/models/1In_awpb.epml,,unknown,,unknown,
src/main/resources/data/dataset3/models/1In_awpb.epml,,unknown,,unknown,
src/main/resources/data/dataset3/models/1In_awpb.epml,,unknown,,unknown,
src/main/resources/data/dataset3/models/1In_awpb.epml,,unknown,,unknown,
src/main/resources/data/dataset3/models/1In_awpb.epml,,unknown,,unknown,
src/main/resources/data/dataset3/models/1In_awpb.epml,,unknown,,unknown,
src/main/resources/data/dataset3/models/1In_b3z3.epml,,unknown,,unknown,
src/main/resources/data/dataset3/models/1In_b3z3.epml,,unknown,,unknown,
src/main/resources/data/dataset3/models/1In_b3z3.epml,,unknown,,unknown,
src/main/resources/data/dataset3/models/1In_b3z3.epml,,unknown,,unknown,
src/main/resources/data/dataset3/models/1In_b3z3.epml,,unknown,,unknown,
src/main/resources/data/dataset3/models/1In_b3z3.epml,,unknown,,unknown,
src/main/resources/data/dataset3/models/1In_b3z3.epml,,unknown,,unknown,
src/main/resources/data/dataset3/models/1In_b3z3.epml,,unknown,,unknown,
src/main/resources/data/dataset3/models/1In_b3z3.epml,,unknown,,unknown,
src/main/resources/data/dataset3/models/1In_b3z3.epml,,unknown,,unknown,
src/main/resources/data/dataset3/models/1In_b3z3.epml,,unknown,,unknown,
src/main/resources/data/dataset3/models/1In_b3z3.epml,,unknown,,unknown,
src/main/resources/data/dataset3/models/1In_b3z3.epml,,unknown,,unknown,
src/main/resources/data/dataset3/models/1In_b3z3.epml,,unknown,,unknown,
src/main/resources/data/dataset3/models/1In_b3z3.epml,,unknown,,unknown,
src/main/resources/data/dataset3/models/1In_b3z3.epml,,unknown,,unknown,
src/main/resources/data/dataset3/models/1In_b3z3.epml,,unknown,,unknown,
src/main/resources/data/dataset3/models/1In_b3z3.epml,,unknown,,unknown,
src/main/resources/data/dataset3/models/1In_b3z3.epml,,unknown,,unknown,
src/main/resources/data/dataset3/models/1In_b3z3.epml,,unknown,,unknown,
src/main/resources/data/dataset3/models/1In_b3z3.epml,,unknown,,unknown,
src/main/resources/data/dataset3/models/1In_b3z3.epml,,unknown,,unknown,
src/main/resources/data/dataset3/models/1In_b3z3.epml,,unknown,,unknown,
src/main/resources/data/dataset3/models/1In_b3z3.epml,,unknown,,unknown,
src/main/resources/data/dataset3/models/1In_b3z3.epml,,unknown,,unknown,
src/main/resources/data/dataset3/models/1In_b3z3.epml,,unknown,,unknown,
src/main/resources/data/dataset3/models/1In_b3z3.epml,,unknown,,unknown,
src/main/resources/data/dataset3/models/1In_b3z3.epml,,unknown,,unknown,
src/main/resources/data/dataset3/models/1In_b3z3.epml,,unknown,,unknown,
src/main/resources/data/dataset3/models/1In_b3z3.epml,,unknown,,unknown,
src/main/resources/data/dataset3/models/1In_b3z3.epml,,unknown,,unknown,
src/main/resources/data/dataset3/models/1In_b3z3.epml,,unknown,,unknown,
src/main/resources/data/dataset3/models/1In_b3z3.epml,,unknown,,unknown,
src/main/resources/data/dataset3/models/1In_b3z3.epml,,unknown,,unknown,
src/main/resources/data/dataset3/models/1In_b3z3.epml,,unknown,,unknown,
src/main/resources/data/dataset3/models/1In_b3z3.epml,,unknown,,unknown,
src/main/resources/data/dataset3/models/1In_b3z3.epml,,unknown,,unknown,
src/main/resources/data/dataset3/models/1In_b3z3.epml,,unknown,,unknown,
src/main/resources/data/dataset3/models/1In_b3z3.epml,,unknown,,unknown,
src/main/resources/data/dataset3/models/1In_b3z3.epml,,unknown,,unknown,
src/main/resources/data/dataset3/models/1In_b3z3.epml,,unknown,,unknown,
src/main/resources/data/dataset3/models/1In_b3z3.epml,,unknown,,unknown,
src/main/resources/data/dataset3/models/1In_b3z3.epml,,unknown,,unknown,
src/main/resources/data/dataset3/models/1In_b3z3.epml,,unknown,,unknown,
src/main/resources/data/dataset3/models/1In_b3z3.epml,,unknown,,unknown,
src/main/resources/data/dataset3/models/1In_b3z3.epml,,unknown,,unknown,
src/main/resources/data/dataset3/models/1In_b3z3.epml,,unknown,,unknown,
src/main/resources/data/dataset3/models/1In_b3z3.epml,,unknown,,unknown,
src/main/resources/data/dataset3/models/1In_b3z3.epml,,unknown,,unknown,
src/main/resources/data/dataset3/models/1In_b3z3.epml,,unknown,,unknown,
src/main/resources/data/dataset3/models/1In_b3z3.epml,,unknown,,unknown,
src/main/resources/data/dataset3/models/1In_b3z3.epml,,unknown,,unknown,
src/main/resources/data/dataset3/models/1In_b3z3.epml,,unknown,,unknown,
src/main/resources/data/dataset3/models/1In_b3z3.epml,,unknown,,unknown,
src/main/resources/data/dataset3/models/1In_b3z3.epml,,unknown,,unknown,
src/main/resources/data/dataset3/models/1In_b3z3.epml,,unknown,,unknown,
src/main/resources/data/dataset3/models/1In_b3z3.epml,,unknown,,unknown,
src/main/resources/data/dataset3/models/1In_bb6y.epml,,unknown,,unknown,
src/main/resources/data/dataset3/models/1In_bb6y.epml,,unknown,,unknown,
src/main/resources/data/dataset3/models/1In_bb6y.epml,,unknown,,unknown,
src/main/resources/data/dataset3/models/1In_bb6y.epml,,unknown,,unknown,
src/main/resources/data/dataset3/models/1In_bb6y.epml,,unknown,,unknown,
src/main/resources/data/dataset3/models/1In_bb6y.epml,,unknown,,unknown,
src/main/resources/data/dataset3/models/1In_bb6y.epml,,unknown,,unknown,
src/main/resources/data/dataset3/models/1In_bb6y.epml,,unknown,,unknown,
src/main/resources/data/dataset3/models/1In_bb6y.epml,,unknown,,unknown,
src/main/resources/data/dataset3/models/1In_bb6y.epml,,unknown,,unknown,
src/main/resources/data/dataset3/models/1In_bb6y.epml,,unknown,,unknown,
src/main/resources/data/dataset3/models/1In_bb6y.epml,,unknown,,unknown,
src/main/resources/data/dataset3/models/1In_bb6y.epml,,unknown,,unknown,
src/main/resources/data/dataset3/models/1In_bb6y.epml,,unknown,,unknown,
src/main/resources/data/dataset3/models/1In_bb6y.epml,,unknown,,unknown,
src/main/resources/data/dataset3/models/1In_bb6y.epml,,unknown,,unknown,
src/main/resources/data/dataset3/models/1In_bb6y.epml,,unknown,,unknown,
src/main/resources/data/dataset3/models/1In_bb6y.epml,,unknown,,unknown,
src/main/resources/data/dataset3/models/1In_bb6y.epml,,unknown,,unknown,
src/main/resources/data/dataset3/models/1In_bb6y.epml,,unknown,,unknown,
src/main/resources/data/dataset3/models/1In_bb6y.epml,,unknown,,unknown,
src/main/resources/data/dataset3/models/1In_bb6y.epml,,unknown,,unknown,
src/main/resources/data/dataset3/models/1In_bb6y.epml,,unknown,,unknown,
src/main/resources/data/dataset3/models/1In_bb6y.epml,,unknown,,unknown,
src/main/resources/data/dataset3/models/1In_bb6y.epml,,unknown,,unknown,
src/main/resources/data/dataset3/models/1In_bb6y.epml,,unknown,,unknown,
src/main/resources/data/dataset3/models/1In_bb6y.epml,,unknown,,unknown,
src/main/resources/data/dataset3/models/1In_bb6y.epml,,unknown,,unknown,
src/main/resources/data/dataset3/models/1In_bb6y.epml,,unknown,,unknown,
src/main/resources/data/dataset3/models/1In_bb6y.epml,,unknown,,unknown,
src/main/resources/data/dataset3/models/1In_bb6y.epml,,unknown,,unknown,
src/main/resources/data/dataset3/models/1In_bb6y.epml,,unknown,,unknown,
src/main/resources/data/dataset3/models/1In_bb6y.epml,,unknown,,unknown,
src/main/resources/data/dataset3/models/1In_bb6y.epml,,unknown,,unknown,
src/main/resources/data/dataset3/models/1In_bb6y.epml,,unknown,,unknown,
src/main/resources/data/dataset3/models/1In_bb6y.epml,,unknown,,unknown,
src/main/resources/data/dataset3/models/1In_bb6y.epml,,unknown,,unknown,
src/main/resources/data/dataset3/models/1In_bb6y.epml,,unknown,,unknown,
src/main/resources/data/dataset3/models/1In_bb6y.epml,,unknown,,unknown,
src/main/resources/data/dataset3/models/1In_bb6y.epml,,unknown,,unknown,
src/main/resources/data/dataset3/models/1In_bb6y.epml,,unknown,,unknown,
src/main/resources/data/dataset3/models/1In_bb6y.epml,,unknown,,unknown,
src/main/resources/data/dataset3/models/1In_bb6y.epml,,unknown,,unknown,
src/main/resources/data/dataset3/models/1In_bb6y.epml,,unknown,,unknown,
src/main/resources/data/dataset3/models/1In_bb6y.epml,,unknown,,unknown,
src/main/resources/data/dataset3/models/1In_bb6y.epml,,unknown,,unknown,
src/main/resources/data/dataset3/models/1In_bb6y.epml,,unknown,,unknown,
src/main/resources/data/dataset3/models/1In_bb6y.epml,,unknown,,unknown,
src/main/resources/data/dataset3/models/1In_bb6y.epml,,unknown,,unknown,
src/main/resources/data/dataset3/models/1In_bb6y.epml,,unknown,,unknown,
src/main/resources/data/dataset3/models/1In_bb6y.epml,,unknown,,unknown,
src/main/resources/data/dataset3/models/1In_bb6y.epml,,unknown,,unknown,
src/main/resources/data/dataset3/models/1In_bb6y.epml,,unknown,,unknown,
src/main/resources/data/dataset3/models/1In_bb6y.epml,,unknown,,unknown,
src/main/resources/data/dataset3/models/1In_bb6y.epml,,unknown,,unknown,
src/main/resources/data/dataset3/models/1In_bb6y.epml,,unknown,,unknown,
src/main/resources/data/dataset3/models/1In_bb6y.epml,,unknown,,unknown,
src/main/resources/data/dataset3/models/1In_bb6y.epml,,unknown,,unknown,
src/main/resources/data/dataset3/models/1In_bb6y.epml,,unknown,,unknown,
src/main/resources/data/dataset3/models/1In_bb6y.epml,,unknown,,unknown,
src/main/resources/data/dataset3/models/1In_bb6y.epml,,unknown,,unknown,
src/main/resources/data/dataset3/models/1In_bb6y.epml,,unknown,,unknown,
src/main/resources/data/dataset3/models/1In_bb6y.epml,,unknown,,unknown,
src/main/resources/data/dataset3/models/1In_bb6y.epml,,unknown,,unknown,
src/main/resources/data/dataset3/models/1In_bb6y.epml,,unknown,,unknown,
src/main/resources/data/dataset3/models/1In_bb6y.epml,,unknown,,unknown,
src/main/resources/data/dataset3/models/1In_bb6y.epml,,unknown,,unknown,
src/main/resources/data/dataset3/models/1In_bb6y.epml,,unknown,,unknown,
src/main/resources/data/dataset3/models/1In_bb6y.epml,,unknown,,unknown,
src/main/resources/data/dataset3/models/1In_bb6y.epml,,unknown,,unknown,
src/main/resources/data/dataset3/models/1In_bb6y.epml,,unknown,,unknown,
src/main/resources/data/dataset3/models/1In_bb6y.epml,,unknown,,unknown,
src/main/resources/data/dataset3/models/1In_bb6y.epml,,unknown,,unknown,
src/main/resources/data/dataset3/models/1In_bb6y.epml,,unknown,,unknown,
src/main/resources/data/dataset3/models/1In_bb6y.epml,,unknown,,unknown,
src/main/resources/data/dataset3/models/1In_bb6y.epml,,unknown,,unknown,
src/main/resources/data/dataset3/models/1In_bb6y.epml,,unknown,,unknown,
src/main/resources/data/dataset3/models/1In_bb6y.epml,,unknown,,unknown,
src/main/resources/data/dataset3/models/1In_bb6y.epml,,unknown,,unknown,
src/main/resources/data/dataset3/models/1In_bb6y.epml,,unknown,,unknown,
src/main/resources/data/dataset3/models/1In_bb6y.epml,,unknown,,unknown,
src/main/resources/data/dataset3/models/1In_bb6y.epml,,unknown,,unknown,
src/main/resources/data/dataset3/models/1In_bb6y.epml,,unknown,,unknown,
src/main/resources/data/dataset3/models/1In_bb6y.epml,,unknown,,unknown,
src/main/resources/data/dataset3/models/1In_bb6y.epml,,unknown,,unknown,
src/main/resources/data/dataset3/models/1In_bb6y.epml,,unknown,,unknown,
src/main/resources/data/dataset3/models/1In_bb6y.epml,,unknown,,unknown,
src/main/resources/data/dataset3/models/1In_bb6y.epml,,unknown,,unknown,
src/main/resources/data/dataset3/models/1In_bb6y.epml,,unknown,,unknown,
src/main/resources/data/dataset3/models/1In_bb6y.epml,,unknown,,unknown,
src/main/resources/data/dataset3/models/1In_bb6y.epml,,unknown,,unknown,
src/main/resources/data/dataset3/models/1In_bb6y.epml,,unknown,,unknown,
src/main/resources/data/dataset3/models/1In_bb6y.epml,,unknown,,unknown,
src/main/resources/data/dataset3/models/1In_bb6y.epml,,unknown,,unknown,
src/main/resources/data/dataset3/models/1In_bb6y.epml,,unknown,,unknown,
src/main/resources/data/dataset3/models/1In_bb6y.epml,,unknown,,unknown,
src/main/resources/data/dataset3/models/1In_bb6y.epml,,unknown,,unknown,
src/main/resources/data/dataset3/models/1In_bb6y.epml,,unknown,,unknown,
src/main/resources/data/dataset3/models/1In_bb6y.epml,,unknown,,unknown,
src/main/resources/data/dataset3/models/1In_bb6y.epml,,unknown,,unknown,
src/main/resources/data/dataset3/models/1In_bb6y.epml,,unknown,,unknown,
src/main/resources/data/dataset3/models/1In_bb6y.epml,,unknown,,unknown,
src/main/resources/data/dataset3/models/1In_bb6y.epml,,unknown,,unknown,
src/main/resources/data/dataset3/models/1In_bb6y.epml,,unknown,,unknown,
src/main/resources/data/dataset3/models/1In_bb6y.epml,,unknown,,unknown,
src/main/resources/data/dataset3/models/1In_bb6y.epml,,unknown,,unknown,
src/main/resources/data/dataset3/models/1In_bb6y.epml,,unknown,,unknown,
src/main/resources/data/dataset3/models/1In_bb6y.epml,,unknown,,unknown,
src/main/resources/data/dataset3/models/1In_bb6y.epml,,unknown,,unknown,
src/main/resources/data/dataset3/models/1In_bb6y.epml,,unknown,,unknown,
src/main/resources/data/dataset3/models/1Ku_903f.epml,,unknown,,unknown,
src/main/resources/data/dataset3/models/1Ku_903f.epml,,unknown,,unknown,
src/main/resources/data/dataset3/models/1Ku_903f.epml,,unknown,,unknown,
src/main/resources/data/dataset3/models/1Ku_903f.epml,,unknown,,unknown,
src/main/resources/data/dataset3/models/1Ku_903f.epml,,unknown,,unknown,
src/main/resources/data/dataset3/models/1Ku_903f.epml,,unknown,,unknown,
src/main/resources/data/dataset3/models/1Ku_903f.epml,,unknown,,unknown,
src/main/resources/data/dataset3/models/1Ku_903f.epml,,unknown,,unknown,
src/main/resources/data/dataset3/models/1Ku_903f.epml,,unknown,,unknown,
src/main/resources/data/dataset3/models/1Ku_903f.epml,,unknown,,unknown,
src/main/resources/data/dataset3/models/1Ku_903f.epml,,unknown,,unknown,
src/main/resources/data/dataset3/models/1Ku_903f.epml,,unknown,,unknown,
src/main/resources/data/dataset3/models/1Ku_903f.epml,,unknown,,unknown,
src/main/resources/data/dataset3/models/1Ku_903f.epml,,unknown,,unknown,
src/main/resources/data/dataset3/models/1Ku_903f.epml,,unknown,,unknown,
src/main/resources/data/dataset3/models/1Ku_903f.epml,,unknown,,unknown,
src/main/resources/data/dataset3/models/1Ku_903f.epml,,unknown,,unknown,
src/main/resources/data/dataset3/models/1Ku_903f.epml,,unknown,,unknown,
src/main/resources/data/dataset3/models/1Ku_903f.epml,,unknown,,unknown,
src/main/resources/data/dataset3/models/1Ku_903f.epml,,unknown,,unknown,
src/main/resources/data/dataset3/models/1Ku_903f.epml,,unknown,,unknown,
src/main/resources/data/dataset3/models/1Ku_903f.epml,,unknown,,unknown,
src/main/resources/data/dataset3/models/1Ku_903f.epml,,unknown,,unknown,
src/main/resources/data/dataset3/models/1Ku_903f.epml,,unknown,,unknown,
src/main/resources/data/dataset3/models/1Ku_903f.epml,,unknown,,unknown,
src/main/resources/data/dataset3/models/1Ku_903f.epml,,unknown,,unknown,
src/main/resources/data/dataset3/models/1Ku_903f.epml,,unknown,,unknown,
src/main/resources/data/dataset3/models/1Ku_903f.epml,,unknown,,unknown,
src/main/resources/data/dataset3/models/1Ku_903f.epml,,unknown,,unknown,
src/main/resources/data/dataset3/models/1Ku_903f.epml,,unknown,,unknown,
src/main/resources/data/dataset3/models/1Ku_903f.epml,,unknown,,unknown,
src/main/resources/data/dataset3/models/1Ku_903f.epml,,unknown,,unknown,
src/main/resources/data/dataset3/models/1Ku_903f.epml,,unknown,,unknown,
src/main/resources/data/dataset3/models/1Ku_903f.epml,,unknown,,unknown,
src/main/resources/data/dataset3/models/1Ku_903f.epml,,unknown,,unknown,
src/main/resources/data/dataset3/models/1Ku_903f.epml,,unknown,,unknown,
src/main/resources/data/dataset3/models/1Ku_903f.epml,,unknown,,unknown,
src/main/resources/data/dataset3/models/1Ku_903f.epml,,unknown,,unknown,
src/main/resources/data/dataset3/models/1Ku_903f.epml,,unknown,,unknown,
src/main/resources/data/dataset3/models/1Ku_903f.epml,,unknown,,unknown,
src/main/resources/data/dataset3/models/1Ku_903f.epml,,unknown,,unknown,
src/main/resources/data/dataset3/models/1Ku_903f.epml,,unknown,,unknown,
src/main/resources/data/dataset3/models/1Ku_903f.epml,,unknown,,unknown,
src/main/resources/data/dataset3/models/1Ku_903f.epml,,unknown,,unknown,
src/main/resources/data/dataset3/models/1Ku_903f.epml,,unknown,,unknown,
src/main/resources/data/dataset3/models/1Ku_903f.epml,,unknown,,unknown,
src/main/resources/data/dataset3/models/1Ku_903f.epml,,unknown,,unknown,
src/main/resources/data/dataset3/models/1Ku_903f.epml,,unknown,,unknown,
src/main/resources/data/dataset3/models/1Ku_903f.epml,,unknown,,unknown,
src/main/resources/data/dataset3/models/1Ku_903f.epml,,unknown,,unknown,
src/main/resources/data/dataset3/models/1Ku_903f.epml,,unknown,,unknown,
src/main/resources/data/dataset3/models/1Ku_903f.epml,,unknown,,unknown,
src/main/resources/data/dataset3/models/1Ku_903f.epml,,unknown,,unknown,
src/main/resources/data/dataset3/models/1Ku_903f.epml,,unknown,,unknown,
src/main/resources/data/dataset3/models/1Ku_903f.epml,,unknown,,unknown,
src/main/resources/data/dataset3/models/1Ku_903f.epml,,unknown,,unknown,
src/main/resources/data/dataset3/models/1Ku_903f.epml,,unknown,,unknown,
src/main/resources/data/dataset3/models/1Ku_903f.epml,,unknown,,unknown,
src/main/resources/data/dataset3/models/1Ku_903f.epml,,unknown,,unknown,
src/main/resources/data/dataset3/models/1Ku_903f.epml,,unknown,,unknown,
src/main/resources/data/dataset3/models/1Ku_903f.epml,,unknown,,unknown,
src/main/resources/data/dataset3/models/1Ku_903f.epml,,unknown,,unknown,
src/main/resources/data/dataset3/models/1Ku_903f.epml,,unknown,,unknown,
src/main/resources/data/dataset3/models/1Ku_903f.epml,,unknown,,unknown,
src/main/resources/data/dataset3/models/1Ku_903f.epml,,unknown,,unknown,
src/main/resources/data/dataset3/models/1Ku_903f.epml,,unknown,,unknown,
src/main/resources/data/dataset3/models/1Ku_903f.epml,,unknown,,unknown,
src/main/resources/data/dataset3/models/1Ku_903f.epml,,unknown,,unknown,
src/main/resources/data/dataset3/models/1Ku_903f.epml,,unknown,,unknown,
src/main/resources/data/dataset3/models/1Ku_903f.epml,,unknown,,unknown,
src/main/resources/data/dataset3/models/1Ku_903f.epml,,unknown,,unknown,
src/main/resources/data/dataset3/models/1Ku_903f.epml,,unknown,,unknown,
src/main/resources/data/dataset3/models/1Ku_903f.epml,,unknown,,unknown,
src/main/resources/data/dataset3/models/1Ku_903f.epml,,unknown,,unknown,
src/main/resources/data/dataset3/models/1Ku_903f.epml,,unknown,,unknown,
src/main/resources/data/dataset3/models/1Ku_903f.epml,,unknown,,unknown,
src/main/resources/data/dataset3/models/1Ku_903f.epml,,unknown,,unknown,
src/main/resources/data/dataset3/models/1Ku_903f.epml,,unknown,,unknown,
src/main/resources/data/dataset3/models/1Ku_903f.epml,,unknown,,unknown,
src/main/resources/data/dataset3/models/1Ku_903f.epml,,unknown,,unknown,
src/main/resources/data/dataset3/models/1Ku_903f.epml,,unknown,,unknown,
src/main/resources/data/dataset3/models/1Ku_903f.epml,,unknown,,unknown,
src/main/resources/data/dataset3/models/1Ku_903f.epml,,unknown,,unknown,
src/main/resources/data/dataset3/models/1Ku_903f.epml,,unknown,,unknown,
src/main/resources/data/dataset3/models/1Ku_903f.epml,,unknown,,unknown,
src/main/resources/data/dataset3/models/1Ku_903f.epml,,unknown,,unknown,
src/main/resources/data/dataset3/models/1Ku_903f.epml,,unknown,,unknown,
src/main/resources/data/dataset3/models/1Ku_903f.epml,,unknown,,unknown,
src/main/resources/data/dataset3/models/1Ku_903f.epml,,unknown,,unknown,
src/main/resources/data/dataset3/models/1Ku_903f.epml,,unknown,,unknown,
src/main/resources/data/dataset3/models/1Ku_903f.epml,,unknown,,unknown,
src/main/resources/data/dataset3/models/1Ku_903f.epml,,unknown,,unknown,
src/main/resources/data/dataset3/models/1Ku_903f.epml,,unknown,,unknown,
src/main/resources/data/dataset3/models/1Ku_903f.epml,,unknown,,unknown,
src/main/resources/data/dataset3/models/1Ku_903f.epml,,unknown,,unknown,
src/main/resources/data/dataset3/models/1Ku_903f.epml,,unknown,,unknown,
src/main/resources/data/dataset3/models/1Ku_903f.epml,,unknown,,unknown,
src/main/resources/data/dataset3/models/1Ku_903f.epml,,unknown,,unknown,
src/main/resources/data/dataset3/models/1Ku_903f.epml,,unknown,,unknown,
src/main/resources/data/dataset3/models/1Ku_903f.epml,,unknown,,unknown,
src/main/resources/data/dataset3/models/1Ku_903f.epml,,unknown,,unknown,
src/main/resources/data/dataset3/models/1Ku_903f.epml,,unknown,,unknown,
src/main/resources/data/dataset3/models/1Ku_903f.epml,,unknown,,unknown,
src/main/resources/data/dataset3/models/1Ku_903f.epml,,unknown,,unknown,
src/main/resources/data/dataset3/models/1Ku_903f.epml,,unknown,,unknown,
src/main/resources/data/dataset3/models/1Ku_903f.epml,,unknown,,unknown,
src/main/resources/data/dataset3/models/1Ku_903f.epml,,unknown,,unknown,
src/main/resources/data/dataset3/models/1Ku_903f.epml,,unknown,,unknown,
src/main/resources/data/dataset3/models/1Ku_903f.epml,,unknown,,unknown,
src/main/resources/data/dataset3/models/1Ku_903f.epml,,unknown,,unknown,
src/main/resources/data/dataset3/models/1Ku_903f.epml,,unknown,,unknown,
src/main/resources/data/dataset3/models/1Ku_903f.epml,,unknown,,unknown,
src/main/resources/data/dataset3/models/1Ku_903f.epml,,unknown,,unknown,
src/main/resources/data/dataset3/models/1Ku_903f.epml,,unknown,,unknown,
src/main/resources/data/dataset3/models/1Ku_903f.epml,,unknown,,unknown,
src/main/resources/data/dataset3/models/1Ku_903f.epml,,unknown,,unknown,
src/main/resources/data/dataset3/models/1Ku_903f.epml,,unknown,,unknown,
src/main/resources/data/dataset3/models/1Ku_903f.epml,,unknown,,unknown,
src/main/resources/data/dataset3/models/1Ku_903f.epml,,unknown,,unknown,
src/main/resources/data/dataset3/models/1Ku_903f.epml,,unknown,,unknown,
src/main/resources/data/dataset3/models/1Ku_903f.epml,,unknown,,unknown,
src/main/resources/data/dataset3/models/1Ku_903f.epml,,unknown,,unknown,
src/main/resources/data/dataset3/models/1Ku_903f.epml,,unknown,,unknown,
src/main/resources/data/dataset3/models/1Ku_903f.epml,,unknown,,unknown,
src/main/resources/data/dataset3/models/1Ku_903f.epml,,unknown,,unknown,
src/main/resources/data/dataset3/models/1Ku_97uj.epml,,unknown,,unknown,
src/main/resources/data/dataset3/models/1Ku_97uj.epml,,unknown,,unknown,
src/main/resources/data/dataset3/models/1Ku_97uj.epml,,unknown,,unknown,
src/main/resources/data/dataset3/models/1Ku_97uj.epml,,unknown,,unknown,
src/main/resources/data/dataset3/models/1Ku_97uj.epml,,unknown,,unknown,
src/main/resources/data/dataset3/models/1Ku_97uj.epml,,unknown,,unknown,
src/main/resources/data/dataset3/models/1Ku_97uj.epml,,unknown,,unknown,
src/main/resources/data/dataset3/models/1Ku_97uj.epml,,unknown,,unknown,
src/main/resources/data/dataset3/models/1Ku_97uj.epml,,unknown,,unknown,
src/main/resources/data/dataset3/models/1Ku_97uj.epml,,unknown,,unknown,
src/main/resources/data/dataset3/models/1Ku_97uj.epml,,unknown,,unknown,
src/main/resources/data/dataset3/models/1Ku_97uj.epml,,unknown,,unknown,
src/main/resources/data/dataset3/models/1Ku_97uj.epml,,unknown,,unknown,
src/main/resources/data/dataset3/models/1Ku_97uj.epml,,unknown,,unknown,
src/main/resources/data/dataset3/models/1Ku_97uj.epml,,unknown,,unknown,
src/main/resources/data/dataset3/models/1Ku_97uj.epml,,unknown,,unknown,
src/main/resources/data/dataset3/models/1Ku_97uj.epml,,unknown,,unknown,
src/main/resources/data/dataset3/models/1Ku_97uj.epml,,unknown,,unknown,
src/main/resources/data/dataset3/models/1Ku_97uj.epml,,unknown,,unknown,
src/main/resources/data/dataset3/models/1Ku_97uj.epml,,unknown,,unknown,
src/main/resources/data/dataset3/models/1Ku_97uj.epml,,unknown,,unknown,
src/main/resources/data/dataset3/models/1Ku_97uj.epml,,unknown,,unknown,
src/main/resources/data/dataset3/models/1Ku_97uj.epml,,unknown,,unknown,
src/main/resources/data/dataset3/models/1Ku_97uj.epml,,unknown,,unknown,
src/main/resources/data/dataset3/models/1Ku_97uj.epml,,unknown,,unknown,
src/main/resources/data/dataset3/models/1Ku_97uj.epml,,unknown,,unknown,
src/main/resources/data/dataset3/models/1Ku_97uj.epml,,unknown,,unknown,
src/main/resources/data/dataset3/models/1Ku_97uj.epml,,unknown,,unknown,
src/main/resources/data/dataset3/models/1Ku_97uj.epml,,unknown,,unknown,
src/main/resources/data/dataset3/models/1Ku_97uj.epml,,unknown,,unknown,
src/main/resources/data/dataset3/models/1Ku_97uj.epml,,unknown,,unknown,
src/main/resources/data/dataset3/models/1Ku_97uj.epml,,unknown,,unknown,
src/main/resources/data/dataset3/models/1Ku_97uj.epml,,unknown,,unknown,
src/main/resources/data/dataset3/models/1Ku_97uj.epml,,unknown,,unknown,
src/main/resources/data/dataset3/models/1Ku_97uj.epml,,unknown,,unknown,
src/main/resources/data/dataset3/models/1Ku_97uj.epml,,unknown,,unknown,
src/main/resources/data/dataset3/models/1Ku_97uj.epml,,unknown,,unknown,
src/main/resources/data/dataset3/models/1Ku_97uj.epml,,unknown,,unknown,
src/main/resources/data/dataset3/models/1Ku_97uj.epml,,unknown,,unknown,
src/main/resources/data/dataset3/models/1Ku_97uj.epml,,unknown,,unknown,
src/main/resources/data/dataset3/models/1Ku_97uj.epml,,unknown,,unknown,
src/main/resources/data/dataset3/models/1Ku_97uj.epml,,unknown,,unknown,
src/main/resources/data/dataset3/models/1Ku_97uj.epml,,unknown,,unknown,
src/main/resources/data/dataset3/models/1Ku_97uj.epml,,unknown,,unknown,
src/main/resources/data/dataset3/models/1Ku_97uj.epml,,unknown,,unknown,
src/main/resources/data/dataset3/models/1Ku_97uj.epml,,unknown,,unknown,
src/main/resources/data/dataset3/models/1Ku_97uj.epml,,unknown,,unknown,
src/main/resources/data/dataset3/models/1Ku_97uj.epml,,unknown,,unknown,
src/main/resources/data/dataset3/models/1Ku_97uj.epml,,unknown,,unknown,
src/main/resources/data/dataset3/models/1Ku_97uj.epml,,unknown,,unknown,
src/main/resources/data/dataset3/models/1Ku_97uj.epml,,unknown,,unknown,
src/main/resources/data/dataset3/models/1Ku_97uj.epml,,unknown,,unknown,
src/main/resources/data/dataset3/models/1Ku_97uj.epml,,unknown,,unknown,
src/main/resources/data/dataset3/models/1Ku_9soy.epml,,unknown,,unknown,
src/main/resources/data/dataset3/models/1Ku_9soy.epml,,unknown,,unknown,
src/main/resources/data/dataset3/models/1Ku_9soy.epml,,unknown,,unknown,
src/main/resources/data/dataset3/models/1Ku_9soy.epml,,unknown,,unknown,
src/main/resources/data/dataset3/models/1Ku_9soy.epml,,unknown,,unknown,
src/main/resources/data/dataset3/models/1Ku_9soy.epml,,unknown,,unknown,
src/main/resources/data/dataset3/models/1Ku_9soy.epml,,unknown,,unknown,
src/main/resources/data/dataset3/models/1Ku_9soy.epml,,unknown,,unknown,
src/main/resources/data/dataset3/models/1Ku_9soy.epml,,unknown,,unknown,
src/main/resources/data/dataset3/models/1Ku_9soy.epml,,unknown,,unknown,
src/main/resources/data/dataset3/models/1Ku_9soy.epml,,unknown,,unknown,
src/main/resources/data/dataset3/models/1Ku_9soy.epml,,unknown,,unknown,
src/main/resources/data/dataset3/models/1Ku_9soy.epml,,unknown,,unknown,
src/main/resources/data/dataset3/models/1Ku_9soy.epml,,unknown,,unknown,
src/main/resources/data/dataset3/models/1Ku_9soy.epml,,unknown,,unknown,
src/main/resources/data/dataset3/models/1Ku_9soy.epml,,unknown,,unknown,
src/main/resources/data/dataset3/models/1Ku_9soy.epml,,unknown,,unknown,
src/main/resources/data/dataset3/models/1Ku_9soy.epml,,unknown,,unknown,
src/main/resources/data/dataset3/models/1Ku_9soy.epml,,unknown,,unknown,
src/main/resources/data/dataset3/models/1Ku_9soy.epml,,unknown,,unknown,
src/main/resources/data/dataset3/models/1Ku_9soy.epml,,unknown,,unknown,
src/main/resources/data/dataset3/models/1Ku_9soy.epml,,unknown,,unknown,
src/main/resources/data/dataset3/models/1Ku_9soy.epml,,unknown,,unknown,
src/main/resources/data/dataset3/models/1Ku_9soy.epml,,unknown,,unknown,
src/main/resources/data/dataset3/models/1Ku_9soy.epml,,unknown,,unknown,
src/main/resources/data/dataset3/models/1Ku_9soy.epml,,unknown,,unknown,
src/main/resources/data/dataset3/models/1Ku_9soy.epml,,unknown,,unknown,
src/main/resources/data/dataset3/models/1Ku_9soy.epml,,unknown,,unknown,
src/main/resources/data/dataset3/models/1Ku_9soy.epml,,unknown,,unknown,
src/main/resources/data/dataset3/models/1Ku_9soy.epml,,unknown,,unknown,
src/main/resources/data/dataset3/models/1Ku_9soy.epml,,unknown,,unknown,
src/main/resources/data/dataset3/models/1Ku_9soy.epml,,unknown,,unknown,
src/main/resources/data/dataset3/models/1Ku_9soy.epml,,unknown,,unknown,
src/main/resources/data/dataset3/models/1Ku_9soy.epml,,unknown,,unknown,
src/main/resources/data/dataset3/models/1Ku_9soy.epml,,unknown,,unknown,
src/main/resources/data/dataset3/models/1Ku_9soy.epml,,unknown,,unknown,
src/main/resources/data/dataset3/models/1Ku_9soy.epml,,unknown,,unknown,
src/main/resources/data/dataset3/models/1Ku_9soy.epml,,unknown,,unknown,
src/main/resources/data/dataset3/models/1Ku_9soy.epml,,unknown,,unknown,
src/main/resources/data/dataset3/models/1Ku_9soy.epml,,unknown,,unknown,
src/main/resources/data/dataset3/models/1Ku_9soy.epml,,unknown,,unknown,
src/main/resources/data/dataset3/models/1Ku_9soy.epml,,unknown,,unknown,
src/main/resources/data/dataset3/models/1Ku_9soy.epml,,unknown,,unknown,
src/main/resources/data/dataset3/models/1Ku_9soy.epml,,unknown,,unknown,
src/main/resources/data/dataset3/models/1Ku_9soy.epml,,unknown,,unknown,
src/main/resources/data/dataset3/models/1Ku_9soy.epml,,unknown,,unknown,
src/main/resources/data/dataset3/models/1Ku_9soy.epml,,unknown,,unknown,
src/main/resources/data/dataset3/models/1Ku_9soy.epml,,unknown,,unknown,
src/main/resources/data/dataset3/models/1Ku_9soy.epml,,unknown,,unknown,
src/main/resources/data/dataset3/models/1Ku_9soy.epml,,unknown,,unknown,
src/main/resources/data/dataset3/models/1Ku_9soy.epml,,unknown,,unknown,
src/main/resources/data/dataset3/models/1Ku_9soy.epml,,unknown,,unknown,
src/main/resources/data/dataset3/models/1Ku_9soy.epml,,unknown,,unknown,
src/main/resources/data/dataset3/models/1Ku_9soy.epml,,unknown,,unknown,
src/main/resources/data/dataset3/models/1Ku_9soy.epml,,unknown,,unknown,
src/main/resources/data/dataset3/models/1Ku_9soy.epml,,unknown,,unknown,
src/main/resources/data/dataset3/models/1Ku_9soy.epml,,unknown,,unknown,
src/main/resources/data/dataset3/models/1Ku_9soy.epml,,unknown,,unknown,
src/main/resources/data/dataset3/models/1Ku_9soy.epml,,unknown,,unknown,
src/main/resources/data/dataset3/models/1Ku_9soy.epml,,unknown,,unknown,
src/main/resources/data/dataset3/models/1Ku_9vyx.epml,,unknown,,unknown,
src/main/resources/data/dataset3/models/1Ku_9vyx.epml,,unknown,,unknown,
src/main/resources/data/dataset3/models/1Ku_9vyx.epml,,unknown,,unknown,
src/main/resources/data/dataset3/models/1Ku_9vyx.epml,,unknown,,unknown,
src/main/resources/data/dataset3/models/1Ku_9vyx.epml,,unknown,,unknown,
src/main/resources/data/dataset3/models/1Ku_9vyx.epml,,unknown,,unknown,
src/main/resources/data/dataset3/models/1Ku_9vyx.epml,,unknown,,unknown,
src/main/resources/data/dataset3/models/1Ku_9vyx.epml,,unknown,,unknown,
src/main/resources/data/dataset3/models/1Ku_9vyx.epml,,unknown,,unknown,
src/main/resources/data/dataset3/models/1Ku_9vyx.epml,,unknown,,unknown,
src/main/resources/data/dataset3/models/1Ku_9vyx.epml,,unknown,,unknown,
src/main/resources/data/dataset3/models/1Ku_9vyx.epml,,unknown,,unknown,
src/main/resources/data/dataset3/models/1Ku_9vyx.epml,,unknown,,unknown,
src/main/resources/data/dataset3/models/1Ku_9vyx.epml,,unknown,,unknown,
src/main/resources/data/dataset3/models/1Ku_9vyx.epml,,unknown,,unknown,
src/main/resources/data/dataset3/models/1Ku_9vyx.epml,,unknown,,unknown,
src/main/resources/data/dataset3/models/1Ku_9vyx.epml,,unknown,,unknown,
src/main/resources/data/dataset3/models/1Ku_9vyx.epml,,unknown,,unknown,
src/main/resources/data/dataset3/models/1Ku_9vyx.epml,,unknown,,unknown,
src/main/resources/data/dataset3/models/1Ku_9vyx.epml,,unknown,,unknown,
src/main/resources/data/dataset3/models/1Ku_9vyx.epml,,unknown,,unknown,
src/main/resources/data/dataset3/models/1Ku_9vyx.epml,,unknown,,unknown,
src/main/resources/data/dataset3/models/1Ku_9vyx.epml,,unknown,,unknown,
src/main/resources/data/dataset3/models/1Ku_9vyx.epml,,unknown,,unknown,
src/main/resources/data/dataset3/models/1Ku_aa4c.epml,,unknown,,unknown,
src/main/resources/data/dataset3/models/1Ku_aa4c.epml,,unknown,,unknown,
src/main/resources/data/dataset3/models/1Ku_aa4c.epml,,unknown,,unknown,
src/main/resources/data/dataset3/models/1Ku_aa4c.epml,,unknown,,unknown,
src/main/resources/data/dataset3/models/1Ku_aa4c.epml,,unknown,,unknown,
src/main/resources/data/dataset3/models/1Ku_aa4c.epml,,unknown,,unknown,
src/main/resources/data/dataset3/models/1Ku_aa4c.epml,,unknown,,unknown,
src/main/resources/data/dataset3/models/1Ku_aa4c.epml,,unknown,,unknown,
src/main/resources/data/dataset3/models/1Ku_aa4c.epml,,unknown,,unknown,
src/main/resources/data/dataset3/models/1Ku_aa4c.epml,,unknown,,unknown,
src/main/resources/data/dataset3/models/1Ku_aa4c.epml,,unknown,,unknown,
src/main/resources/data/dataset3/models/1Ku_aa4c.epml,,unknown,,unknown,
src/main/resources/data/dataset3/models/1Ku_aa4c.epml,,unknown,,unknown,
src/main/resources/data/dataset3/models/1Ku_aa4c.epml,,unknown,,unknown,
src/main/resources/data/dataset3/models/1Ku_aa4c.epml,,unknown,,unknown,
src/main/resources/data/dataset3/models/1Ku_aa4c.epml,,unknown,,unknown,
src/main/resources/data/dataset3/models/1Ku_aa4c.epml,,unknown,,unknown,
src/main/resources/data/dataset3/models/1Ku_aa4c.epml,,unknown,,unknown,
src/main/resources/data/dataset3/models/1Ku_aa4c.epml,,unknown,,unknown,
src/main/resources/data/dataset3/models/1Ku_aa4c.epml,,unknown,,unknown,
src/main/resources/data/dataset3/models/1Ku_aa4c.epml,,unknown,,unknown,
src/main/resources/data/dataset3/models/1Ku_aa4c.epml,,unknown,,unknown,
src/main/resources/data/dataset3/models/1Ku_aa4c.epml,,unknown,,unknown,
src/main/resources/data/dataset3/models/1Ku_aa4c.epml,,unknown,,unknown,
src/main/resources/data/dataset3/models/1Pr_10om.epml,,unknown,,unknown,
src/main/resources/data/dataset3/models/1Pr_10om.epml,,unknown,,unknown,
src/main/resources/data/dataset3/models/1Pr_10om.epml,,unknown,,unknown,
src/main/resources/data/dataset3/models/1Pr_10om.epml,,unknown,,unknown,
src/main/resources/data/dataset3/models/1Pr_10om.epml,,unknown,,unknown,
src/main/resources/data/dataset3/models/1Pr_10om.epml,,unknown,,unknown,
src/main/resources/data/dataset3/models/1Pr_10om.epml,,unknown,,unknown,
src/main/resources/data/dataset3/models/1Pr_10om.epml,,unknown,,unknown,
src/main/resources/data/dataset3/models/1Pr_10om.epml,,unknown,,unknown,
src/main/resources/data/dataset3/models/1Pr_10om.epml,,unknown,,unknown,
src/main/resources/data/dataset3/models/1Pr_10om.epml,,unknown,,unknown,
src/main/resources/data/dataset3/models/1Pr_10om.epml,,unknown,,unknown,
src/main/resources/data/dataset3/models/1Pr_10om.epml,,unknown,,unknown,
src/main/resources/data/dataset3/models/1Pr_10om.epml,,unknown,,unknown,
src/main/resources/data/dataset3/models/1Pr_10om.epml,,unknown,,unknown,
src/main/resources/data/dataset3/models/1Pr_10om.epml,,unknown,,unknown,
src/main/resources/data/dataset3/models/1Pr_10om.epml,,unknown,,unknown,
src/main/resources/data/dataset3/models/1Pr_10om.epml,,unknown,,unknown,
src/main/resources/data/dataset3/models/1Pr_10om.epml,,unknown,,unknown,
src/main/resources/data/dataset3/models/1Pr_10om.epml,,unknown,,unknown,
src/main/resources/data/dataset3/models/1Pr_10om.epml,,unknown,,unknown,
src/main/resources/data/dataset3/models/1Pr_10om.epml,,unknown,,unknown,
src/main/resources/data/dataset3/models/1Pr_10om.epml,,unknown,,unknown,
src/main/resources/data/dataset3/models/1Pr_10om.epml,,unknown,,unknown,
src/main/resources/data/dataset3/models/1Pr_10om.epml,,unknown,,unknown,
src/main/resources/data/dataset3/models/1Pr_10om.epml,,unknown,,unknown,
src/main/resources/data/dataset3/models/1Pr_10om.epml,,unknown,,unknown,
src/main/resources/data/dataset3/models/1Pr_10om.epml,,unknown,,unknown,
src/main/resources/data/dataset3/models/1Pr_10om.epml,,unknown,,unknown,
src/main/resources/data/dataset3/models/1Pr_10om.epml,,unknown,,unknown,
src/main/resources/data/dataset3/models/1Pr_10om.epml,,unknown,,unknown,
src/main/resources/data/dataset3/models/1Pr_10om.epml,,unknown,,unknown,
src/main/resources/data/dataset3/models/1Pr_10om.epml,,unknown,,unknown,
src/main/resources/data/dataset3/models/1Pr_10om.epml,,unknown,,unknown,
src/main/resources/data/dataset3/models/1Pr_10om.epml,,unknown,,unknown,
src/main/resources/data/dataset3/models/1Pr_10om.epml,,unknown,,unknown,
src/main/resources/data/dataset3/models/1Pr_10om.epml,,unknown,,unknown,
src/main/resources/data/dataset3/models/1Pr_10om.epml,,unknown,,unknown,
src/main/resources/data/dataset3/models/1Pr_10om.epml,,unknown,,unknown,
src/main/resources/data/dataset3/models/1Pr_10om.epml,,unknown,,unknown,
src/main/resources/data/dataset3/models/1Pr_10om.epml,,unknown,,unknown,
src/main/resources/data/dataset3/models/1Pr_10om.epml,,unknown,,unknown,
src/main/resources/data/dataset3/models/1Pr_10om.epml,,unknown,,unknown,
src/main/resources/data/dataset3/models/1Pr_10om.epml,,unknown,,unknown,
src/main/resources/data/dataset3/models/1Pr_10om.epml,,unknown,,unknown,
src/main/resources/data/dataset3/models/1Pr_10om.epml,,unknown,,unknown,
src/main/resources/data/dataset3/models/1Pr_10om.epml,,unknown,,unknown,
src/main/resources/data/dataset3/models/1Pr_10om.epml,,unknown,,unknown,
src/main/resources/data/dataset3/models/1Pr_10om.epml,,unknown,,unknown,
src/main/resources/data/dataset3/models/1Pr_10om.epml,,unknown,,unknown,
src/main/resources/data/dataset3/models/1Pr_10om.epml,,unknown,,unknown,
src/main/resources/data/dataset3/models/1Pr_10om.epml,,unknown,,unknown,
src/main/resources/data/dataset3/models/1Pr_10om.epml,,unknown,,unknown,
src/main/resources/data/dataset3/models/1Pr_10om.epml,,unknown,,unknown,
src/main/resources/data/dataset3/models/1Pr_10om.epml,,unknown,,unknown,
src/main/resources/data/dataset3/models/1Pr_afh-.epml,,unknown,,unknown,
src/main/resources/data/dataset3/models/1Pr_afh-.epml,,unknown,,unknown,
src/main/resources/data/dataset3/models/1Pr_afh-.epml,,unknown,,unknown,
src/main/resources/data/dataset3/models/1Pr_afh-.epml,,unknown,,unknown,
src/main/resources/data/dataset3/models/1Pr_afh-.epml,,unknown,,unknown,
src/main/resources/data/dataset3/models/1Pr_afh-.epml,,unknown,,unknown,
src/main/resources/data/dataset3/models/1Pr_afh-.epml,,unknown,,unknown,
src/main/resources/data/dataset3/models/1Pr_afh-.epml,,unknown,,unknown,
src/main/resources/data/dataset3/models/1Pr_afh-.epml,,unknown,,unknown,
src/main/resources/data/dataset3/models/1Pr_afh-.epml,,unknown,,unknown,
src/main/resources/data/dataset3/models/1Pr_afh-.epml,,unknown,,unknown,
src/main/resources/data/dataset3/models/1Pr_afh-.epml,,unknown,,unknown,
src/main/resources/data/dataset3/models/1Pr_afh-.epml,,unknown,,unknown,
src/main/resources/data/dataset3/models/1Pr_afh-.epml,,unknown,,unknown,
src/main/resources/data/dataset3/models/1Pr_afh-.epml,,unknown,,unknown,
src/main/resources/data/dataset3/models/1Pr_afh-.epml,,unknown,,unknown,
src/main/resources/data/dataset3/models/1Pr_afh-.epml,,unknown,,unknown,
src/main/resources/data/dataset3/models/1Pr_afh-.epml,,unknown,,unknown,
src/main/resources/data/dataset3/models/1Pr_afh-.epml,,unknown,,unknown,
src/main/resources/data/dataset3/models/1Pr_afh-.epml,,unknown,,unknown,
src/main/resources/data/dataset3/models/1Pr_afh-.epml,,unknown,,unknown,
src/main/resources/data/dataset3/models/1Pr_afh-.epml,,unknown,,unknown,
src/main/resources/data/dataset3/models/1Pr_afh-.epml,,unknown,,unknown,
src/main/resources/data/dataset3/models/1Pr_afh-.epml,,unknown,,unknown,
src/main/resources/data/dataset3/models/1Pr_afh-.epml,,unknown,,unknown,
src/main/resources/data/dataset3/models/1Pr_afh-.epml,,unknown,,unknown,
src/main/resources/data/dataset3/models/1Pr_afh-.epml,,unknown,,unknown,
src/main/resources/data/dataset3/models/1Pr_afh-.epml,,unknown,,unknown,
src/main/resources/data/dataset3/models/1Pr_afh-.epml,,unknown,,unknown,
src/main/resources/data/dataset3/models/1Pr_afh-.epml,,unknown,,unknown,
src/main/resources/data/dataset3/models/1Pr_afh-.epml,,unknown,,unknown,
src/main/resources/data/dataset3/models/1Pr_afh-.epml,,unknown,,unknown,
src/main/resources/data/dataset3/models/1Pr_afh-.epml,,unknown,,unknown,
src/main/resources/data/dataset3/models/1Pr_afh-.epml,,unknown,,unknown,
src/main/resources/data/dataset3/models/1Pr_afh-.epml,,unknown,,unknown,
src/main/resources/data/dataset3/models/1Pr_afh-.epml,,unknown,,unknown,
src/main/resources/data/dataset3/models/1Pr_d1ur.epml,,unknown,,unknown,
src/main/resources/data/dataset3/models/1Pr_d1ur.epml,,unknown,,unknown,
src/main/resources/data/dataset3/models/1Pr_d1ur.epml,,unknown,,unknown,
src/main/resources/data/dataset3/models/1Pr_d1ur.epml,,unknown,,unknown,
src/main/resources/data/dataset3/models/1Pr_d1ur.epml,,unknown,,unknown,
src/main/resources/data/dataset3/models/1Pr_d1ur.epml,,unknown,,unknown,
src/main/resources/data/dataset3/models/1Pr_d1ur.epml,,unknown,,unknown,
src/main/resources/data/dataset3/models/1Pr_d1ur.epml,,unknown,,unknown,
src/main/resources/data/dataset3/models/1Pr_d1ur.epml,,unknown,,unknown,
src/main/resources/data/dataset3/models/1Pr_d1ur.epml,,unknown,,unknown,
src/main/resources/data/dataset3/models/1Pr_d1ur.epml,,unknown,,unknown,
src/main/resources/data/dataset3/models/1Pr_d1ur.epml,,unknown,,unknown,
src/main/resources/data/dataset3/models/1Pr_d1ur.epml,,unknown,,unknown,
src/main/resources/data/dataset3/models/1Pr_d1ur.epml,,unknown,,unknown,
src/main/resources/data/dataset3/models/1Pr_d1ur.epml,,unknown,,unknown,
src/main/resources/data/dataset3/models/1Pr_d1ur.epml,,unknown,,unknown,
src/main/resources/data/dataset3/models/1Pr_d1ur.epml,,unknown,,unknown,
src/main/resources/data/dataset3/models/1Pr_d1ur.epml,,unknown,,unknown,
src/main/resources/data/dataset3/models/1Pr_d1ur.epml,,unknown,,unknown,
src/main/resources/data/dataset3/models/1Pr_d1ur.epml,,unknown,,unknown,
src/main/resources/data/dataset3/models/1Pr_d1ur.epml,,unknown,,unknown,
src/main/resources/data/dataset3/models/1Pr_d1ur.epml,,unknown,,unknown,
src/main/resources/data/dataset3/models/1Pr_d1ur.epml,,unknown,,unknown,
src/main/resources/data/dataset3/models/1Pr_d1ur.epml,,unknown,,unknown,
src/main/resources/data/dataset3/models/1Pr_d1ur.epml,,unknown,,unknown,
src/main/resources/data/dataset3/models/1Pr_d1ur.epml,,unknown,,unknown,
src/main/resources/data/dataset3/models/1Pr_d1ur.epml,,unknown,,unknown,
src/main/resources/data/dataset3/models/1Pr_d1ur.epml,,unknown,,unknown,
src/main/resources/data/dataset3/models/1Pr_d1ur.epml,,unknown,,unknown,
src/main/resources/data/dataset3/models/1Pr_d1ur.epml,,unknown,,unknown,
src/main/resources/data/dataset3/models/1Pr_d1ur.epml,,unknown,,unknown,
src/main/resources/data/dataset3/models/1Pr_d1ur.epml,,unknown,,unknown,
src/main/resources/data/dataset3/models/1Pr_d1ur.epml,,unknown,,unknown,
src/main/resources/data/dataset3/models/1Pr_d1ur.epml,,unknown,,unknown,
src/main/resources/data/dataset3/models/1Pr_d1ur.epml,,unknown,,unknown,
src/main/resources/data/dataset3/models/1Pr_d1ur.epml,,unknown,,unknown,
src/main/resources/data/dataset3/models/1Pr_d1ur.epml,,unknown,,unknown,
src/main/resources/data/dataset3/models/1Pr_d1ur.epml,,unknown,,unknown,
src/main/resources/data/dataset3/models/1Pr_d1ur.epml,,unknown,,unknown,
src/main/resources/data/dataset3/models/1Pr_d1ur.epml,,unknown,,unknown,
src/main/resources/data/dataset3/models/1Pr_d1ur.epml,,unknown,,unknown,
src/main/resources/data/dataset3/models/1Pr_d1ur.epml,,unknown,,unknown,
src/main/resources/data/dataset3/models/1Pr_d1ur.epml,,unknown,,unknown,
src/main/resources/data/dataset3/models/1Pr_d1ur.epml,,unknown,,unknown,
src/main/resources/data/dataset3/models/1Pr_d1ur.epml,,unknown,,unknown,
src/main/resources/data/dataset3/models/1Pr_d1ur.epml,,unknown,,unknown,
src/main/resources/data/dataset3/models/1Pr_d1ur.epml,,unknown,,unknown,
src/main/resources/data/dataset3/models/1Pr_d1ur.epml,,unknown,,unknown,
src/main/resources/data/dataset3/models/1Pr_d1ur.epml,,unknown,,unknown,
src/main/resources/data/dataset3/models/1Pr_d1ur.epml,,unknown,,unknown,
src/main/resources/data/dataset3/models/1Pr_d1ur.epml,,unknown,,unknown,
src/main/resources/data/dataset3/models/1Pr_d1ur.epml,,unknown,,unknown,
src/main/resources/data/dataset3/models/1Pr_d1ur.epml,,unknown,,unknown,
src/main/resources/data/dataset3/models/1Pr_d1ur.epml,,unknown,,unknown,
src/main/resources/data/dataset3/models/1Pr_d1ur.epml,,unknown,,unknown,
src/main/resources/data/dataset3/models/1Pr_d1ur.epml,,unknown,,unknown,
src/main/resources/data/dataset3/models/1Pr_d1ur.epml,,unknown,,unknown,
src/main/resources/data/dataset3/models/1Pr_d1ur.epml,,unknown,,unknown,
src/main/resources/data/dataset3/models/1Pr_d1ur.epml,,unknown,,unknown,
src/main/resources/data/dataset3/models/1Pr_d1ur.epml,,unknown,,unknown,
src/main/resources/data/dataset3/models/1Pr_d1ur.epml,,unknown,,unknown,
src/main/resources/data/dataset3/models/1Pr_d1ur.epml,,unknown,,unknown,
src/main/resources/data/dataset3/models/1Pr_d1ur.epml,,unknown,,unknown,
src/main/resources/data/dataset3/models/1Pr_d1ur.epml,,unknown,,unknown,
src/main/resources/data/dataset3/models/1Pr_d1ur.epml,,unknown,,unknown,
src/main/resources/data/dataset3/models/1Pr_d1ur.epml,,unknown,,unknown,
src/main/resources/data/dataset3/models/1Pr_d1ur.epml,,unknown,,unknown,
src/main/resources/data/dataset3/models/1Pr_d1ur.epml,,unknown,,unknown,
src/main/resources/data/dataset3/models/1Pr_d1ur.epml,,unknown,,unknown,
src/main/resources/data/dataset3/models/1Pr_d1ur.epml,,unknown,,unknown,
src/main/resources/data/dataset3/models/1Pr_d1ur.epml,,unknown,,unknown,
src/main/resources/data/dataset3/models/1Pr_d1ur.epml,,unknown,,unknown,
src/main/resources/data/dataset3/models/1Pr_d1ur.epml,,unknown,,unknown,
src/main/resources/data/dataset3/models/1Pr_d1ur.epml,,unknown,,unknown,
src/main/resources/data/dataset3/models/1Pr_d1ur.epml,,unknown,,unknown,
src/main/resources/data/dataset3/models/1Pr_d1ur.epml,,unknown,,unknown,
src/main/resources/data/dataset3/models/1Pr_d1ur.epml,,unknown,,unknown,
src/main/resources/data/dataset3/models/1Pr_d1ur.epml,,unknown,,unknown,
src/main/resources/data/dataset3/models/1Pr_d1ur.epml,,unknown,,unknown,
src/main/resources/data/dataset3/models/1Pr_d1ur.epml,,unknown,,unknown,
src/main/resources/data/dataset3/models/1Pr_d1ur.epml,,unknown,,unknown,
src/main/resources/data/dataset3/models/1Pr_d1ur.epml,,unknown,,unknown,
src/main/resources/data/dataset3/models/1Pr_d1ur.epml,,unknown,,unknown,
src/main/resources/data/dataset3/models/1Pr_d1ur.epml,,unknown,,unknown,
src/main/resources/data/dataset3/models/1Pr_d6dk.epml,,unknown,,unknown,
src/main/resources/data/dataset3/models/1Pr_d6dk.epml,,unknown,,unknown,
src/main/resources/data/dataset3/models/1Pr_d6dk.epml,,unknown,,unknown,
src/main/resources/data/dataset3/models/1Pr_d6dk.epml,,unknown,,unknown,
src/main/resources/data/dataset3/models/1Pr_d6dk.epml,,unknown,,unknown,
src/main/resources/data/dataset3/models/1Pr_d6dk.epml,,unknown,,unknown,
src/main/resources/data/dataset3/models/1Pr_d6dk.epml,,unknown,,unknown,
src/main/resources/data/dataset3/models/1Pr_d6dk.epml,,unknown,,unknown,
src/main/resources/data/dataset3/models/1Pr_d6dk.epml,,unknown,,unknown,
src/main/resources/data/dataset3/models/1Pr_d6dk.epml,,unknown,,unknown,
src/main/resources/data/dataset3/models/1Pr_d6dk.epml,,unknown,,unknown,
src/main/resources/data/dataset3/models/1Pr_d6dk.epml,,unknown,,unknown,
src/main/resources/data/dataset3/models/1Pr_d6dk.epml,,unknown,,unknown,
src/main/resources/data/dataset3/models/1Pr_d6dk.epml,,unknown,,unknown,
src/main/resources/data/dataset3/models/1Pr_d6dk.epml,,unknown,,unknown,
src/main/resources/data/dataset3/models/1Pr_d6dk.epml,,unknown,,unknown,
src/main/resources/data/dataset3/models/1Pr_d6dk.epml,,unknown,,unknown,
src/main/resources/data/dataset3/models/1Pr_dgrn.epml,,unknown,,unknown,
src/main/resources/data/dataset3/models/1Pr_dgrn.epml,,unknown,,unknown,
src/main/resources/data/dataset3/models/1Pr_dgrn.epml,,unknown,,unknown,
src/main/resources/data/dataset3/models/1Pr_dgrn.epml,,unknown,,unknown,
src/main/resources/data/dataset3/models/1Pr_dgrn.epml,,unknown,,unknown,
src/main/resources/data/dataset3/models/1Pr_dgrn.epml,,unknown,,unknown,
src/main/resources/data/dataset3/models/1Pr_dgrn.epml,,unknown,,unknown,
src/main/resources/data/dataset3/models/1Pr_dgrn.epml,,unknown,,unknown,
src/main/resources/data/dataset3/models/1Pr_dgrn.epml,,unknown,,unknown,
src/main/resources/data/dataset3/models/1Pr_dgrn.epml,,unknown,,unknown,
src/main/resources/data/dataset3/models/1Pr_dgrn.epml,,unknown,,unknown,
src/main/resources/data/dataset3/models/1Pr_dgrn.epml,,unknown,,unknown,
src/main/resources/data/dataset3/models/1Pr_dgrn.epml,,unknown,,unknown,
src/main/resources/data/dataset3/models/1Pr_dgrn.epml,,unknown,,unknown,
src/main/resources/data/dataset3/models/1Pr_dgrn.epml,,unknown,,unknown,
src/main/resources/data/dataset3/models/1Pr_dgrn.epml,,unknown,,unknown,
src/main/resources/data/dataset3/models/1Pr_dkfa.epml,,unknown,,unknown,
src/main/resources/data/dataset3/models/1Pr_dkfa.epml,,unknown,,unknown,
src/main/resources/data/dataset3/models/1Pr_dkfa.epml,,unknown,,unknown,
src/main/resources/data/dataset3/models/1Pr_dkfa.epml,,unknown,,unknown,
src/main/resources/data/dataset3/models/1Pr_dkfa.epml,,unknown,,unknown,
src/main/resources/data/dataset3/models/1Pr_dkfa.epml,,unknown,,unknown,
src/main/resources/data/dataset3/models/1Pr_dkfa.epml,,unknown,,unknown,
src/main/resources/data/dataset3/models/1Pr_dkfa.epml,,unknown,,unknown,
src/main/resources/data/dataset3/models/1Pr_dkfa.epml,,unknown,,unknown,
src/main/resources/data/dataset3/models/1Pr_dkfa.epml,,unknown,,unknown,
src/main/resources/data/dataset3/models/1Pr_dkfa.epml,,unknown,,unknown,
src/main/resources/data/dataset3/models/1Pr_dkfa.epml,,unknown,,unknown,
src/main/resources/data/dataset3/models/1Pr_dkfa.epml,,unknown,,unknown,
src/main/resources/data/dataset3/models/1Pr_dkfa.epml,,unknown,,unknown,
src/main/resources/data/dataset3/models/1Pr_dkfa.epml,,unknown,,unknown,
src/main/resources/data/dataset3/models/1Pr_dkfa.epml,,unknown,,unknown,
src/main/resources/data/dataset3/models/1Pr_dkfa.epml,,unknown,,unknown,
src/main/resources/data/dataset3/models/1Pr_dkfa.epml,,unknown,,unknown,
src/main/resources/data/dataset3/models/1Pr_dkfa.epml,,unknown,,unknown,
src/main/resources/data/dataset3/models/1Pr_dkfa.epml,,unknown,,unknown,
src/main/resources/data/dataset3/models/1Pr_dkfa.epml,,unknown,,unknown,
src/main/resources/data/dataset3/models/1Pr_dkfa.epml,,unknown,,unknown,
src/main/resources/data/dataset3/models/1Pr_dkfa.epml,,unknown,,unknown,
src/main/resources/data/dataset3/models/1Pr_dkfa.epml,,unknown,,unknown,
src/main/resources/data/dataset3/models/1Pr_dkfa.epml,,unknown,,unknown,
src/main/resources/data/dataset3/models/1Pr_dkfa.epml,,unknown,,unknown,
src/main/resources/data/dataset3/models/1Pr_dkfa.epml,,unknown,,unknown,
src/main/resources/data/dataset3/models/1Pr_dkfa.epml,,unknown,,unknown,
src/main/resources/data/dataset3/models/1Pr_dkfa.epml,,unknown,,unknown,
src/main/resources/data/dataset3/models/1Pr_dkfa.epml,,unknown,,unknown,
src/main/resources/data/dataset3/models/1Pr_dkfa.epml,,unknown,,unknown,
src/main/resources/data/dataset3/models/1Pr_dkfa.epml,,unknown,,unknown,
src/main/resources/data/dataset3/models/1Pr_dkfa.epml,,unknown,,unknown,
src/main/resources/data/dataset3/models/1Pr_dkfa.epml,,unknown,,unknown,
src/main/resources/data/dataset3/models/1Pr_dkfa.epml,,unknown,,unknown,
src/main/resources/data/dataset3/models/1Pr_dkfa.epml,,unknown,,unknown,
src/main/resources/data/dataset3/models/1Pr_dkfa.epml,,unknown,,unknown,
src/main/resources/data/dataset3/models/1Pr_dkfa.epml,,unknown,,unknown,
src/main/resources/data/dataset3/models/1Pr_dkfa.epml,,unknown,,unknown,
src/main/resources/data/dataset3/models/1Pr_dkfa.epml,,unknown,,unknown,
src/main/resources/data/dataset3/models/1Pr_dkfa.epml,,unknown,,unknown,
src/main/resources/data/dataset3/models/1Pr_dkfa.epml,,unknown,,unknown,
src/main/resources/data/dataset3/models/1Pr_dkfa.epml,,unknown,,unknown,
src/main/resources/data/dataset3/models/1Pr_dkfa.epml,,unknown,,unknown,
src/main/resources/data/dataset3/models/1Pr_dkfa.epml,,unknown,,unknown,
src/main/resources/data/dataset3/models/1Pr_dkfa.epml,,unknown,,unknown,
src/main/resources/data/dataset3/models/1Pr_dkfa.epml,,unknown,,unknown,
src/main/resources/data/dataset3/models/1Pr_dkfa.epml,,unknown,,unknown,
src/main/resources/data/dataset3/models/1Pr_dkfa.epml,,unknown,,unknown,
src/main/resources/data/dataset3/models/1Pr_dkfa.epml,,unknown,,unknown,
src/main/resources/data/dataset3/models/1Pr_dkfa.epml,,unknown,,unknown,
src/main/resources/data/dataset3/models/1Pr_dkfa.epml,,unknown,,unknown,
src/main/resources/data/dataset3/models/1Pr_dkfa.epml,,unknown,,unknown,
src/main/resources/data/dataset3/models/1Pr_dkfa.epml,,unknown,,unknown,
src/main/resources/data/dataset3/models/1Pr_dkfa.epml,,unknown,,unknown,
src/main/resources/data/dataset3/models/1Pr_dkfa.epml,,unknown,,unknown,
src/main/resources/data/dataset3/models/1Pr_dkfa.epml,,unknown,,unknown,
src/main/resources/data/dataset3/models/1Pr_dkfa.epml,,unknown,,unknown,
src/main/resources/data/dataset3/models/1Pr_dkfa.epml,,unknown,,unknown,
src/main/resources/data/dataset3/models/1Pr_dkfa.epml,,unknown,,unknown,
src/main/resources/data/dataset3/models/1Pr_dkfa.epml,,unknown,,unknown,
src/main/resources/data/dataset3/models/1Pr_dkfa.epml,,unknown,,unknown,
src/main/resources/data/dataset3/models/1Pr_dkfa.epml,,unknown,,unknown,
src/main/resources/data/dataset3/models/1Pr_dkfa.epml,,unknown,,unknown,
src/main/resources/data/dataset3/models/1Pr_dkfa.epml,,unknown,,unknown,
src/main/resources/data/dataset3/models/1Pr_dkfa.epml,,unknown,,unknown,
src/main/resources/data/dataset3/models/1Pr_dkfa.epml,,unknown,,unknown,
src/main/resources/data/dataset3/models/1Pr_dkfa.epml,,unknown,,unknown,
src/main/resources/data/dataset3/models/1Pr_dkfa.epml,,unknown,,unknown,
src/main/resources/data/dataset3/models/1Pr_dkfa.epml,,unknown,,unknown,
src/main/resources/data/dataset3/models/1Pr_dkfa.epml,,unknown,,unknown,
src/main/resources/data/dataset3/models/1Pr_dkfa.epml,,unknown,,unknown,
src/main/resources/data/dataset3/models/1Pr_dkfa.epml,,unknown,,unknown,
src/main/resources/data/dataset3/models/1Pr_dn32.epml,,unknown,,unknown,
src/main/resources/data/dataset3/models/1Pr_dn32.epml,,unknown,,unknown,
src/main/resources/data/dataset3/models/1Pr_dn32.epml,,unknown,,unknown,
src/main/resources/data/dataset3/models/1Pr_dn32.epml,,unknown,,unknown,
src/main/resources/data/dataset3/models/1Pr_dn32.epml,,unknown,,unknown,
src/main/resources/data/dataset3/models/1Pr_dn32.epml,,unknown,,unknown,
src/main/resources/data/dataset3/models/1Pr_dn32.epml,,unknown,,unknown,
src/main/resources/data/dataset3/models/1Pr_dn32.epml,,unknown,,unknown,
src/main/resources/data/dataset3/models/1Pr_dn32.epml,,unknown,,unknown,
src/main/resources/data/dataset3/models/1Pr_dn32.epml,,unknown,,unknown,
src/main/resources/data/dataset3/models/1Pr_dn32.epml,,unknown,,unknown,
src/main/resources/data/dataset3/models/1Pr_dn32.epml,,unknown,,unknown,
src/main/resources/data/dataset3/models/1Pr_dn32.epml,,unknown,,unknown,
src/main/resources/data/dataset3/models/1Pr_dn32.epml,,unknown,,unknown,
src/main/resources/data/dataset3/models/1Pr_dn32.epml,,unknown,,unknown,
src/main/resources/data/dataset3/models/1Pr_dn32.epml,,unknown,,unknown,
src/main/resources/data/dataset3/models/1Pr_dn32.epml,,unknown,,unknown,
src/main/resources/data/dataset3/models/1Pr_smx-.epml,,unknown,,unknown,
src/main/resources/data/dataset3/models/1Pr_smx-.epml,,unknown,,unknown,
src/main/resources/data/dataset3/models/1Pr_smx-.epml,,unknown,,unknown,
src/main/resources/data/dataset3/models/1Pr_smx-.epml,,unknown,,unknown,
src/main/resources/data/dataset3/models/1Pr_smx-.epml,,unknown,,unknown,
src/main/resources/data/dataset3/models/1Pr_smx-.epml,,unknown,,unknown,
src/main/resources/data/dataset3/models/1Pr_smx-.epml,,unknown,,unknown,
src/main/resources/data/dataset3/models/1Pr_smx-.epml,,unknown,,unknown,
src/main/resources/data/dataset3/models/1Pr_smx-.epml,,unknown,,unknown,
src/main/resources/data/dataset3/models/1Pr_smx-.epml,,unknown,,unknown,
src/main/resources/data/dataset3/models/1Pr_smx-.epml,,unknown,,unknown,
src/main/resources/data/dataset3/models/1Pr_smx-.epml,,unknown,,unknown,
src/main/resources/data/dataset3/models/1Pr_smx-.epml,,unknown,,unknown,
src/main/resources/data/dataset3/models/1Pr_smx-.epml,,unknown,,unknown,
src/main/resources/data/dataset3/models/1Pr_smx-.epml,,unknown,,unknown,
src/main/resources/data/dataset3/models/1Pr_smx-.epml,,unknown,,unknown,
src/main/resources/data/dataset3/models/1Pr_smx-.epml,,unknown,,unknown,
src/main/resources/data/dataset3/models/1Pr_smx-.epml,,unknown,,unknown,
src/main/resources/data/dataset3/models/1Pr_smx-.epml,,unknown,,unknown,
src/main/resources/data/dataset3/models/1Pr_smx-.epml,,unknown,,unknown,
src/main/resources/data/dataset3/models/1Pr_smx-.epml,,unknown,,unknown,
src/main/resources/data/dataset3/models/1Pr_smx-.epml,,unknown,,unknown,
src/main/resources/data/dataset3/models/1Pr_smx-.epml,,unknown,,unknown,
src/main/resources/data/dataset3/models/1Pr_smx-.epml,,unknown,,unknown,
src/main/resources/data/dataset3/models/1Pr_smx-.epml,,unknown,,unknown,
src/main/resources/data/dataset3/models/1Pr_smx-.epml,,unknown,,unknown,
src/main/resources/data/dataset3/models/1Pr_smx-.epml,,unknown,,unknown,
src/main/resources/data/dataset3/models/1Pr_smx-.epml,,unknown,,unknown,
src/main/resources/data/dataset3/models/1Pr_smx-.epml,,unknown,,unknown,
src/main/resources/data/dataset3/models/1Pr_smx-.epml,,unknown,,unknown,
src/main/resources/data/dataset3/models/1Pr_smx-.epml,,unknown,,unknown,
src/main/resources/data/dataset3/models/1Pr_smx-.epml,,unknown,,unknown,
src/main/resources/data/dataset3/models/1Pr_smx-.epml,,unknown,,unknown,
src/main/resources/data/dataset3/models/1Pr_smx-.epml,,unknown,,unknown,
src/main/resources/data/dataset3/models/1Pr_smx-.epml,,unknown,,unknown,
src/main/resources/data/dataset3/models/1Pr_smx-.epml,,unknown,,unknown,
src/main/resources/data/dataset3/models/1Pr_smx-.epml,,unknown,,unknown,
src/main/resources/data/dataset3/models/1Pr_smx-.epml,,unknown,,unknown,
src/main/resources/data/dataset3/models/1Pr_smx-.epml,,unknown,,unknown,
src/main/resources/data/dataset3/models/1Tr_g68b.epml,,unknown,,unknown,
src/main/resources/data/dataset3/models/1Tr_g68b.epml,,unknown,,unknown,
src/main/resources/data/dataset3/models/1Tr_g68b.epml,,unknown,,unknown,
src/main/resources/data/dataset3/models/1Tr_g68b.epml,,unknown,,unknown,
src/main/resources/data/dataset3/models/1Tr_g68b.epml,,unknown,,unknown,
src/main/resources/data/dataset3/models/1Tr_g68b.epml,,unknown,,unknown,
src/main/resources/data/dataset3/models/1Tr_g68b.epml,,unknown,,unknown,
src/main/resources/data/dataset3/models/1Tr_g68b.epml,,unknown,,unknown,
src/main/resources/data/dataset3/models/1Tr_g68b.epml,,unknown,,unknown,
src/main/resources/data/dataset3/models/1Tr_g68b.epml,,unknown,,unknown,
src/main/resources/data/dataset3/models/1Tr_g68b.epml,,unknown,,unknown,
src/main/resources/data/dataset3/models/1Tr_g68b.epml,,unknown,,unknown,
src/main/resources/data/dataset3/models/1Tr_g68b.epml,,unknown,,unknown,
src/main/resources/data/dataset3/models/1Tr_g68b.epml,,unknown,,unknown,
src/main/resources/data/dataset3/models/1Tr_g68b.epml,,unknown,,unknown,
src/main/resources/data/dataset3/models/1Tr_g68b.epml,,unknown,,unknown,
src/main/resources/data/dataset3/models/1Tr_g68b.epml,,unknown,,unknown,
src/main/resources/data/dataset3/models/1Tr_g68b.epml,,unknown,,unknown,
src/main/resources/data/dataset3/models/1Tr_g68b.epml,,unknown,,unknown,
src/main/resources/data/dataset3/models/1Tr_g68b.epml,,unknown,,unknown,
src/main/resources/data/dataset3/models/1Tr_g68b.epml,,unknown,,unknown,
src/main/resources/data/dataset3/models/1Tr_g68b.epml,,unknown,,unknown,
src/main/resources/data/dataset3/models/1Tr_g68b.epml,,unknown,,unknown,
src/main/resources/data/dataset3/models/1Tr_g68b.epml,,unknown,,unknown,
src/main/resources/data/dataset3/models/1Tr_g68b.epml,,unknown,,unknown,
src/main/resources/data/dataset3/models/1Tr_g68b.epml,,unknown,,unknown,
src/main/resources/data/dataset3/models/1Tr_g68b.epml,,unknown,,unknown,
src/main/resources/data/dataset3/models/1Tr_gabg.epml,,unknown,,unknown,
src/main/resources/data/dataset3/models/1Tr_gabg.epml,,unknown,,unknown,
src/main/resources/data/dataset3/models/1Tr_gabg.epml,,unknown,,unknown,
src/main/resources/data/dataset3/models/1Tr_gabg.epml,,unknown,,unknown,
src/main/resources/data/dataset3/models/1Tr_gabg.epml,,unknown,,unknown,
src/main/resources/data/dataset3/models/1Tr_gabg.epml,,unknown,,unknown,
src/main/resources/data/dataset3/models/1Tr_gabg.epml,,unknown,,unknown,
src/main/resources/data/dataset3/models/1Tr_gabg.epml,,unknown,,unknown,
src/main/resources/data/dataset3/models/1Tr_gabg.epml,,unknown,,unknown,
src/main/resources/data/dataset3/models/1Tr_gabg.epml,,unknown,,unknown,
src/main/resources/data/dataset3/models/1Tr_gabg.epml,,unknown,,unknown,
src/main/resources/data/dataset3/models/1Tr_gabg.epml,,unknown,,unknown,
src/main/resources/data/dataset3/models/1Tr_gabg.epml,,unknown,,unknown,
src/main/resources/data/dataset3/models/1Tr_gabg.epml,,unknown,,unknown,
src/main/resources/data/dataset3/models/1Tr_gabg.epml,,unknown,,unknown,
src/main/resources/data/dataset3/models/1Tr_gabg.epml,,unknown,,unknown,
src/main/resources/data/dataset3/models/1Tr_gabg.epml,,unknown,,unknown,
src/main/resources/data/dataset3/models/1Tr_gabg.epml,,unknown,,unknown,
src/main/resources/data/dataset3/models/1Tr_gabg.epml,,unknown,,unknown,
src/main/resources/data/dataset3/models/1Tr_gabg.epml,,unknown,,unknown,
src/main/resources/data/dataset3/models/1Tr_gabg.epml,,unknown,,unknown,
src/main/resources/data/dataset3/models/1Tr_gabg.epml,,unknown,,unknown,
src/main/resources/data/dataset3/models/1Tr_gabg.epml,,unknown,,unknown,
src/main/resources/data/dataset3/models/1Tr_gabg.epml,,unknown,,unknown,
src/main/resources/data/dataset3/models/1Tr_gabg.epml,,unknown,,unknown,
src/main/resources/data/dataset3/models/1Tr_gabg.epml,,unknown,,unknown,
src/main/resources/data/dataset3/models/1Tr_gabg.epml,,unknown,,unknown,
src/main/resources/data/dataset3/models/1Tr_gabg.epml,,unknown,,unknown,
src/main/resources/data/dataset3/models/1Tr_gabg.epml,,unknown,,unknown,
src/main/resources/data/dataset3/models/1Tr_gabg.epml,,unknown,,unknown,
src/main/resources/data/dataset3/models/1Tr_gabg.epml,,unknown,,unknown,
src/main/resources/data/dataset3/models/1Tr_gabg.epml,,unknown,,unknown,
src/main/resources/data/dataset3/models/1Tr_gabg.epml,,unknown,,unknown,
src/main/resources/data/dataset3/models/1Tr_gabg.epml,,unknown,,unknown,
src/main/resources/data/dataset3/models/1Tr_gabg.epml,,unknown,,unknown,
src/main/resources/data/dataset3/models/1Tr_gabg.epml,,unknown,,unknown,
src/main/resources/data/dataset3/models/1Tr_gabg.epml,,unknown,,unknown,
src/main/resources/data/dataset3/models/1Tr_gabg.epml,,unknown,,unknown,
src/main/resources/data/dataset3/models/1Tr_gabg.epml,,unknown,,unknown,
src/main/resources/data/dataset3/models/1Tr_gabg.epml,,unknown,,unknown,
src/main/resources/data/dataset3/models/1Tr_gabg.epml,,unknown,,unknown,
src/main/resources/data/dataset3/models/1Un_japr.epml,,unknown,,unknown,
src/main/resources/data/dataset3/models/1Un_japr.epml,,unknown,,unknown,
src/main/resources/data/dataset3/models/1Un_japr.epml,,unknown,,unknown,
src/main/resources/data/dataset3/models/1Un_japr.epml,,unknown,,unknown,
src/main/resources/data/dataset3/models/1Un_japr.epml,,unknown,,unknown,
src/main/resources/data/dataset3/models/1Un_japr.epml,,unknown,,unknown,
src/main/resources/data/dataset3/models/1Un_japr.epml,,unknown,,unknown,
src/main/resources/data/dataset3/models/1Un_japr.epml,,unknown,,unknown,
src/main/resources/data/dataset3/models/1Un_japr.epml,,unknown,,unknown,
src/main/resources/data/dataset3/models/1Un_japr.epml,,unknown,,unknown,
src/main/resources/data/dataset3/models/1Un_japr.epml,,unknown,,unknown,
src/main/resources/data/dataset3/models/1Un_japr.epml,,unknown,,unknown,
src/main/resources/data/dataset3/models/1Un_japr.epml,,unknown,,unknown,
src/main/resources/data/dataset3/models/1Un_japr.epml,,unknown,,unknown,
src/main/resources/data/dataset3/models/1Un_japr.epml,,unknown,,unknown,
src/main/resources/data/dataset3/models/1Un_japr.epml,,unknown,,unknown,
src/main/resources/data/dataset3/models/1Un_japr.epml,,unknown,,unknown,
src/main/resources/data/dataset3/models/1Un_japr.epml,,unknown,,unknown,
src/main/resources/data/dataset3/models/1Un_japr.epml,,unknown,,unknown,
src/main/resources/data/dataset3/models/1Un_japr.epml,,unknown,,unknown,
src/main/resources/data/dataset3/models/1Un_japr.epml,,unknown,,unknown,
src/main/resources/data/dataset3/models/1Un_japr.epml,,unknown,,unknown,
src/main/resources/data/dataset3/models/1Un_japr.epml,,unknown,,unknown,
src/main/resources/data/dataset3/models/1Un_japr.epml,,unknown,,unknown,
src/main/resources/data/dataset3/models/1Un_japr.epml,,unknown,,unknown,
src/main/resources/data/dataset3/models/1Un_japr.epml,,unknown,,unknown,
src/main/resources/data/dataset3/models/1Un_japr.epml,,unknown,,unknown,
src/main/resources/data/dataset3/models/1Un_japr.epml,,unknown,,unknown,
src/main/resources/data/dataset3/models/1Un_japr.epml,,unknown,,unknown,
src/main/resources/data/dataset3/models/1Un_jh6h.epml,,unknown,,unknown,
src/main/resources/data/dataset3/models/1Un_jh6h.epml,,unknown,,unknown,
src/main/resources/data/dataset3/models/1Un_jh6h.epml,,unknown,,unknown,
src/main/resources/data/dataset3/models/1Un_jh6h.epml,,unknown,,unknown,
src/main/resources/data/dataset3/models/1Un_jh6h.epml,,unknown,,unknown,
src/main/resources/data/dataset3/models/1Un_jh6h.epml,,unknown,,unknown,
src/main/resources/data/dataset3/models/1Un_jh6h.epml,,unknown,,unknown,
src/main/resources/data/dataset3/models/1Un_jh6h.epml,,unknown,,unknown,
src/main/resources/data/dataset3/models/1Un_jh6h.epml,,unknown,,unknown,
src/main/resources/data/dataset3/models/1Un_jh6h.epml,,unknown,,unknown,
src/main/resources/data/dataset3/models/1Un_jh6h.epml,,unknown,,unknown,
src/main/resources/data/dataset3/models/1Un_jh6h.epml,,unknown,,unknown,
src/main/resources/data/dataset3/models/1Un_jh6h.epml,,unknown,,unknown,
src/main/resources/data/dataset3/models/1Un_jh6h.epml,,unknown,,unknown,
src/main/resources/data/dataset3/models/1Un_jh6h.epml,,unknown,,unknown,
src/main/resources/data/dataset3/models/1Un_jh6h.epml,,unknown,,unknown,
src/main/resources/data/dataset3/models/1Un_jh6h.epml,,unknown,,unknown,
src/main/resources/data/dataset3/models/1Un_jh6h.epml,,unknown,,unknown,
src/main/resources/data/dataset3/models/1Un_jh6h.epml,,unknown,,unknown,
src/main/resources/data/dataset3/models/1Un_jh6h.epml,,unknown,,unknown,
src/main/resources/data/dataset3/models/1Un_jh6h.epml,,unknown,,unknown,
src/main/resources/data/dataset3/models/1Un_jh6h.epml,,unknown,,unknown,
src/main/resources/data/dataset3/models/1Un_jh6h.epml,,unknown,,unknown,
src/main/resources/data/dataset3/models/1Un_jh6h.epml,,unknown,,unknown,
src/main/resources/data/dataset3/models/1Un_jh6h.epml,,unknown,,unknown,
src/main/resources/data/dataset3/models/1Un_jh6h.epml,,unknown,,unknown,
src/main/resources/data/dataset3/models/1Un_jh6h.epml,,unknown,,unknown,
src/main/resources/data/dataset3/models/1Un_jh6h.epml,,unknown,,unknown,
src/main/resources/data/dataset3/models/1Un_jh6h.epml,,unknown,,unknown,
src/main/resources/data/dataset3/models/1Un_jh6h.epml,,unknown,,unknown,
src/main/resources/data/dataset3/models/1Un_jh6h.epml,,unknown,,unknown,
src/main/resources/data/dataset3/models/1Un_jh6h.epml,,unknown,,unknown,
src/main/resources/data/dataset3/models/1Un_jh6h.epml,,unknown,,unknown,
src/main/resources/data/dataset3/models/1Un_jh6h.epml,,unknown,,unknown,
src/main/resources/data/dataset3/models/1Un_jh6h.epml,,unknown,,unknown,
src/main/resources/data/dataset3/models/1Un_jh6h.epml,,unknown,,unknown,
src/main/resources/data/dataset3/models/1Un_jh6h.epml,,unknown,,unknown,
src/main/resources/data/dataset3/models/1Un_jh6h.epml,,unknown,,unknown,
src/main/resources/data/dataset3/models/1Un_jh6h.epml,,unknown,,unknown,
src/main/resources/data/dataset3/models/1Un_jh6h.epml,,unknown,,unknown,
src/main/resources/data/dataset3/models/1Un_jh6h.epml,,unknown,,unknown,
src/main/resources/data/dataset3/models/1Un_jh6h.epml,,unknown,,unknown,
src/main/resources/data/dataset3/models/1Un_jh6h.epml,,unknown,,unknown,
src/main/resources/data/dataset3/models/1Un_jh6h.epml,,unknown,,unknown,
src/main/resources/data/dataset3/models/1Un_jh6h.epml,,unknown,,unknown,
src/main/resources/data/dataset3/models/1Un_jh6h.epml,,unknown,,unknown,
src/main/resources/data/dataset3/models/1Un_jh6h.epml,,unknown,,unknown,
src/main/resources/data/dataset3/models/1Un_jh6h.epml,,unknown,,unknown,
src/main/resources/data/dataset3/models/1Un_jh6h.epml,,unknown,,unknown,
src/main/resources/data/dataset3/models/1Un_jh6h.epml,,unknown,,unknown,
src/main/resources/data/dataset3/models/1Un_jh6h.epml,,unknown,,unknown,
src/main/resources/data/dataset3/models/1Un_jh6h.epml,,unknown,,unknown,
src/main/resources/data/dataset3/models/1Un_jh6h.epml,,unknown,,unknown,
src/main/resources/data/dataset3/models/1Un_jh6h.epml,,unknown,,unknown,
src/main/resources/data/dataset3/models/1Un_jh6h.epml,,unknown,,unknown,
src/main/resources/data/dataset3/models/1Un_jh6h.epml,,unknown,,unknown,
src/main/resources/data/dataset3/models/1Un_jh6h.epml,,unknown,,unknown,
src/main/resources/data/dataset3/models/1Un_jh6h.epml,,unknown,,unknown,
src/main/resources/data/dataset3/models/1Un_jh6h.epml,,unknown,,unknown,
src/main/resources/data/dataset3/models/1Un_jh6h.epml,,unknown,,unknown,
src/main/resources/data/dataset3/models/1Un_jh6h.epml,,unknown,,unknown,
src/main/resources/data/dataset3/models/1Un_jh6h.epml,,unknown,,unknown,
src/main/resources/data/dataset3/models/1Un_jh6h.epml,,unknown,,unknown,
src/main/resources/data/dataset3/models/1Un_jh6h.epml,,unknown,,unknown,
src/main/resources/data/dataset3/models/1Un_jh6h.epml,,unknown,,unknown,
src/main/resources/data/dataset3/models/1Un_jh6h.epml,,unknown,,unknown,
src/main/resources/data/dataset3/models/1Un_jh6h.epml,,unknown,,unknown,
src/main/resources/data/dataset3/models/1Un_jh6h.epml,,unknown,,unknown,
src/main/resources/data/dataset3/models/1Un_jh6h.epml,,unknown,,unknown,
src/main/resources/data/dataset3/models/1Un_jh6h.epml,,unknown,,unknown,
src/main/resources/data/dataset3/models/1Un_jh6h.epml,,unknown,,unknown,
src/main/resources/data/dataset3/models/1Un_jh6h.epml,,unknown,,unknown,
src/main/resources/data/dataset3/models/1Un_jh6h.epml,,unknown,,unknown,
src/main/resources/data/dataset3/models/1Un_jh6h.epml,,unknown,,unknown,
src/main/resources/data/dataset3/models/1Un_jh6h.epml,,unknown,,unknown,
src/main/resources/data/dataset3/models/1Un_jh6h.epml,,unknown,,unknown,
src/main/resources/data/dataset3/models/1Un_jh6h.epml,,unknown,,unknown,
src/main/resources/data/dataset3/models/1Un_jh6h.epml,,unknown,,unknown,
src/main/resources/data/dataset3/models/1Un_jh6h.epml,,unknown,,unknown,
src/main/resources/data/dataset3/models/1Un_jh6h.epml,,unknown,,unknown,
src/main/resources/data/dataset3/models/1Un_jh6h.epml,,unknown,,unknown,
src/main/resources/data/dataset3/models/1Un_jh6h.epml,,unknown,,unknown,
src/main/resources/data/dataset3/models/1Un_jh6h.epml,,unknown,,unknown,
src/main/resources/data/dataset3/models/1Un_jh6h.epml,,unknown,,unknown,
src/main/resources/data/dataset3/models/1Un_jh6h.epml,,unknown,,unknown,
src/main/resources/data/dataset3/models/1Un_jh6h.epml,,unknown,,unknown,
src/main/resources/data/dataset3/models/1Un_jh6h.epml,,unknown,,unknown,
src/main/resources/data/dataset3/models/1Un_jh6h.epml,,unknown,,unknown,
src/main/resources/data/dataset3/models/1Un_jh6h.epml,,unknown,,unknown,
src/main/resources/data/dataset3/models/1Un_jh6h.epml,,unknown,,unknown,
src/main/resources/data/dataset3/models/1Un_jh6h.epml,,unknown,,unknown,
src/main/resources/data/dataset3/models/1Un_jh6h.epml,,unknown,,unknown,
src/main/resources/data/dataset3/models/1Un_jh6h.epml,,unknown,,unknown,
src/main/resources/data/dataset3/models/1Un_jh6h.epml,,unknown,,unknown,
src/main/resources/data/dataset3/models/1Un_jh6h.epml,,unknown,,unknown,
src/main/resources/data/dataset3/models/1Un_jh6h.epml,,unknown,,unknown,
src/main/resources/data/dataset3/models/1Un_jh6h.epml,,unknown,,unknown,
src/main/resources/data/dataset3/models/1Un_jh6h.epml,,unknown,,unknown,
src/main/resources/data/dataset3/models/1Un_jh6h.epml,,unknown,,unknown,
src/main/resources/data/dataset3/models/1Un_jh6h.epml,,unknown,,unknown,
src/main/resources/data/dataset3/models/1Un_jh6h.epml,,unknown,,unknown,
src/main/resources/data/dataset3/models/1Un_jh6h.epml,,unknown,,unknown,
src/main/resources/data/dataset3/models/1Un_jh6h.epml,,unknown,,unknown,
src/main/resources/data/dataset3/models/1Un_jh6h.epml,,unknown,,unknown,
src/main/resources/data/dataset3/models/1Un_jh6h.epml,,unknown,,unknown,
src/main/resources/data/dataset3/models/1Un_jh6h.epml,,unknown,,unknown,
src/main/resources/data/dataset3/models/1Un_jh6h.epml,,unknown,,unknown,
src/main/resources/data/dataset3/models/1Un_jh6h.epml,,unknown,,unknown,
src/main/resources/data/dataset3/models/1Un_jh6h.epml,,unknown,,unknown,
src/main/resources/data/dataset3/models/1Un_jh6h.epml,,unknown,,unknown,
src/main/resources/data/dataset3/models/1Un_jh6h.epml,,unknown,,unknown,
src/main/resources/data/dataset3/models/1Un_jh6h.epml,,unknown,,unknown,
src/main/resources/data/dataset3/models/1Un_jh6h.epml,,unknown,,unknown,
src/main/resources/data/dataset3/models/1Un_jh6h.epml,,unknown,,unknown,
src/main/resources/data/dataset3/models/1Un_jh6h.epml,,unknown,,unknown,
src/main/resources/data/dataset3/models/1Un_jh6h.epml,,unknown,,unknown,
src/main/resources/data/dataset3/models/1Un_jh6h.epml,,unknown,,unknown,
src/main/resources/data/dataset3/models/1Un_jh6h.epml,,unknown,,unknown,
src/main/resources/data/dataset3/models/1Un_jh6h.epml,,unknown,,unknown,
src/main/resources/data/dataset3/models/1Un_jh6h.epml,,unknown,,unknown,
src/main/resources/data/dataset3/models/1Un_jh6h.epml,,unknown,,unknown,
src/main/resources/data/dataset3/models/1Un_jh6h.epml,,unknown,,unknown,
src/main/resources/data/dataset3/models/1Un_juwn.epml,,unknown,,unknown,
src/main/resources/data/dataset3/models/1Un_juwn.epml,,unknown,,unknown,
src/main/resources/data/dataset3/models/1Un_juwn.epml,,unknown,,unknown,
src/main/resources/data/dataset3/models/1Un_juwn.epml,,unknown,,unknown,
src/main/resources/data/dataset3/models/1Un_juwn.epml,,unknown,,unknown,
src/main/resources/data/dataset3/models/1Un_juwn.epml,,unknown,,unknown,
src/main/resources/data/dataset3/models/1Un_juwn.epml,,unknown,,unknown,
src/main/resources/data/dataset3/models/1Un_juwn.epml,,unknown,,unknown,
src/main/resources/data/dataset3/models/1Un_juwn.epml,,unknown,,unknown,
src/main/resources/data/dataset3/models/1Un_juwn.epml,,unknown,,unknown,
src/main/resources/data/dataset3/models/1Un_juwn.epml,,unknown,,unknown,
src/main/resources/data/dataset3/models/1Un_juwn.epml,,unknown,,unknown,
src/main/resources/data/dataset3/models/1Un_juwn.epml,,unknown,,unknown,
src/main/resources/data/dataset3/models/1Un_juwn.epml,,unknown,,unknown,
src/main/resources/data/dataset3/models/1Un_juwn.epml,,unknown,,unknown,
src/main/resources/data/dataset3/models/1Un_juwn.epml,,unknown,,unknown,
src/main/resources/data/dataset3/models/1Un_juwn.epml,,unknown,,unknown,
src/main/resources/data/dataset3/models/1Un_juwn.epml,,unknown,,unknown,
src/main/resources/data/dataset3/models/1Un_juwn.epml,,unknown,,unknown,
src/main/resources/data/dataset3/models/1Un_juwn.epml,,unknown,,unknown,
src/main/resources/data/dataset3/models/1Un_juwn.epml,,unknown,,unknown,
src/main/resources/data/dataset3/models/1Un_juwn.epml,,unknown,,unknown,
src/main/resources/data/dataset3/models/1Un_juwn.epml,,unknown,,unknown,
src/main/resources/data/dataset3/models/1Un_juwn.epml,,unknown,,unknown,
src/main/resources/data/dataset3/models/1Un_juwn.epml,,unknown,,unknown,
src/main/resources/data/dataset3/models/1Un_jzgs.epml,,unknown,,unknown,
src/main/resources/data/dataset3/models/1Un_jzgs.epml,,unknown,,unknown,
src/main/resources/data/dataset3/models/1Un_jzgs.epml,,unknown,,unknown,
src/main/resources/data/dataset3/models/1Un_jzgs.epml,,unknown,,unknown,
src/main/resources/data/dataset3/models/1Un_jzgs.epml,,unknown,,unknown,
src/main/resources/data/dataset3/models/1Un_jzgs.epml,,unknown,,unknown,
src/main/resources/data/dataset3/models/1Un_jzgs.epml,,unknown,,unknown,
src/main/resources/data/dataset3/models/1Un_jzgs.epml,,unknown,,unknown,
src/main/resources/data/dataset3/models/1Un_jzgs.epml,,unknown,,unknown,
src/main/resources/data/dataset3/models/1Un_jzgs.epml,,unknown,,unknown,
src/main/resources/data/dataset3/models/1Un_jzgs.epml,,unknown,,unknown,
src/main/resources/data/dataset3/models/1Un_jzgs.epml,,unknown,,unknown,
src/main/resources/data/dataset3/models/1Un_jzgs.epml,,unknown,,unknown,
src/main/resources/data/dataset3/models/1Un_jzgs.epml,,unknown,,unknown,
src/main/resources/data/dataset3/models/1Un_jzgs.epml,,unknown,,unknown,
src/main/resources/data/dataset3/models/1Un_jzgs.epml,,unknown,,unknown,
src/main/resources/data/dataset3/models/1Un_jzgs.epml,,unknown,,unknown,
src/main/resources/data/dataset3/models/1Un_jzgs.epml,,unknown,,unknown,
src/main/resources/data/dataset3/models/1Un_jzgs.epml,,unknown,,unknown,
src/main/resources/data/dataset3/models/1Un_jzgs.epml,,unknown,,unknown,
src/main/resources/data/dataset3/models/1Un_jzgs.epml,,unknown,,unknown,
src/main/resources/data/dataset3/models/1Un_jzgs.epml,,unknown,,unknown,
src/main/resources/data/dataset3/models/1Un_jzgs.epml,,unknown,,unknown,
src/main/resources/data/dataset3/models/1Un_jzgs.epml,,unknown,,unknown,
src/main/resources/data/dataset3/models/1Un_jzgs.epml,,unknown,,unknown,
src/main/resources/data/dataset3/models/1Un_jzgs.epml,,unknown,,unknown,
src/main/resources/data/dataset3/models/1Un_jzgs.epml,,unknown,,unknown,
src/main/resources/data/dataset3/models/1Un_jzgs.epml,,unknown,,unknown,
src/main/resources/data/dataset3/models/1Un_jzgs.epml,,unknown,,unknown,
src/main/resources/data/dataset3/models/1Un_jzgs.epml,,unknown,,unknown,
src/main/resources/data/dataset3/models/1Un_jzgs.epml,,unknown,,unknown,
src/main/resources/data/dataset3/models/1Un_jzgs.epml,,unknown,,unknown,
src/main/resources/data/dataset3/models/1Un_jzgs.epml,,unknown,,unknown,
src/main/resources/data/dataset3/models/1Un_jzgs.epml,,unknown,,unknown,
src/main/resources/data/dataset3/models/1Un_jzgs.epml,,unknown,,unknown,
src/main/resources/data/dataset3/models/1Un_jzgs.epml,,unknown,,unknown,
src/main/resources/data/dataset3/models/1Un_jzgs.epml,,unknown,,unknown,
src/main/resources/data/dataset3/models/1Un_jzgs.epml,,unknown,,unknown,
src/main/resources/data/dataset3/models/1Un_jzgs.epml,,unknown,,unknown,
src/main/resources/data/dataset3/models/1Un_k30q.epml,,unknown,,unknown,
src/main/resources/data/dataset3/models/1Un_k30q.epml,,unknown,,unknown,
src/main/resources/data/dataset3/models/1Un_k30q.epml,,unknown,,unknown,
src/main/resources/data/dataset3/models/1Un_k30q.epml,,unknown,,unknown,
src/main/resources/data/dataset3/models/1Un_k30q.epml,,unknown,,unknown,
src/main/resources/data/dataset3/models/1Un_k30q.epml,,unknown,,unknown,
src/main/resources/data/dataset3/models/1Un_k30q.epml,,unknown,,unknown,
src/main/resources/data/dataset3/models/1Un_k30q.epml,,unknown,,unknown,
src/main/resources/data/dataset3/models/1Un_k30q.epml,,unknown,,unknown,
src/main/resources/data/dataset3/models/1Un_k30q.epml,,unknown,,unknown,
src/main/resources/data/dataset3/models/1Un_k30q.epml,,unknown,,unknown,
src/main/resources/data/dataset3/models/1Un_k30q.epml,,unknown,,unknown,
src/main/resources/data/dataset3/models/1Un_k30q.epml,,unknown,,unknown,
src/main/resources/data/dataset3/models/1Un_k30q.epml,,unknown,,unknown,
src/main/resources/data/dataset3/models/1Un_k30q.epml,,unknown,,unknown,
src/main/resources/data/dataset3/models/1Un_k30q.epml,,unknown,,unknown,
src/main/resources/data/dataset3/models/1Un_k30q.epml,,unknown,,unknown,
src/main/resources/data/dataset3/models/1Un_k30q.epml,,unknown,,unknown,
src/main/resources/data/dataset3/models/1Un_k30q.epml,,unknown,,unknown,
src/main/resources/data/dataset3/models/1Un_k30q.epml,,unknown,,unknown,
src/main/resources/data/dataset3/models/1Un_k30q.epml,,unknown,,unknown,
src/main/resources/data/dataset3/models/1Un_k30q.epml,,unknown,,unknown,
src/main/resources/data/dataset3/models/1Un_k30q.epml,,unknown,,unknown,
src/main/resources/data/dataset3/models/1Un_k30q.epml,,unknown,,unknown,
src/main/resources/data/dataset3/models/1Un_k30q.epml,,unknown,,unknown,
src/main/resources/data/dataset3/models/1Un_k30q.epml,,unknown,,unknown,
src/main/resources/data/dataset3/models/1Un_k30q.epml,,unknown,,unknown,
src/main/resources/data/dataset3/models/1Un_k30q.epml,,unknown,,unknown,
src/main/resources/data/dataset3/models/1Un_k30q.epml,,unknown,,unknown,
src/main/resources/data/dataset3/models/1Un_k30q.epml,,unknown,,unknown,
src/main/resources/data/dataset3/models/1Un_k30q.epml,,unknown,,unknown,
src/main/resources/data/dataset3/models/1Un_k30q.epml,,unknown,,unknown,
src/main/resources/data/dataset3/models/1Un_k30q.epml,,unknown,,unknown,
src/main/resources/data/dataset3/models/1Un_k30q.epml,,unknown,,unknown,
src/main/resources/data/dataset3/models/1Un_k30q.epml,,unknown,,unknown,
src/main/resources/data/dataset3/models/1Un_k30q.epml,,unknown,,unknown,
src/main/resources/data/dataset3/models/1Un_k30q.epml,,unknown,,unknown,
src/main/resources/data/dataset3/models/1Un_k30q.epml,,unknown,,unknown,
src/main/resources/data/dataset3/models/1Un_k30q.epml,,unknown,,unknown,
src/main/resources/data/dataset3/models/1Un_k30q.epml,,unknown,,unknown,
src/main/resources/data/dataset3/models/1Un_k30q.epml,,unknown,,unknown,
src/main/resources/data/dataset3/models/1Un_k30q.epml,,unknown,,unknown,
src/main/resources/data/dataset3/models/1Un_k30q.epml,,unknown,,unknown,
src/main/resources/data/dataset3/models/1Un_k30q.epml,,unknown,,unknown,
src/main/resources/data/dataset3/models/1Un_k30q.epml,,unknown,,unknown,
src/main/resources/data/dataset3/models/1Un_k30q.epml,,unknown,,unknown,
src/main/resources/data/dataset3/models/1Un_k30q.epml,,unknown,,unknown,
src/main/resources/data/dataset3/models/1Un_k30q.epml,,unknown,,unknown,
src/main/resources/data/dataset3/models/1Un_k30q.epml,,unknown,,unknown,
src/main/resources/data/dataset3/models/1Un_k30q.epml,,unknown,,unknown,
src/main/resources/data/dataset3/models/1Un_k30q.epml,,unknown,,unknown,
src/main/resources/data/dataset3/models/1Un_k30q.epml,,unknown,,unknown,
src/main/resources/data/dataset3/models/1Un_k30q.epml,,unknown,,unknown,
src/main/resources/data/dataset3/models/1Un_k6b1.epml,,unknown,,unknown,
src/main/resources/data/dataset3/models/1Un_k6b1.epml,,unknown,,unknown,
src/main/resources/data/dataset3/models/1Un_k6b1.epml,,unknown,,unknown,
src/main/resources/data/dataset3/models/1Un_k6b1.epml,,unknown,,unknown,
src/main/resources/data/dataset3/models/1Un_k6b1.epml,,unknown,,unknown,
src/main/resources/data/dataset3/models/1Un_k6b1.epml,,unknown,,unknown,
src/main/resources/data/dataset3/models/1Un_k6b1.epml,,unknown,,unknown,
src/main/resources/data/dataset3/models/1Un_k6b1.epml,,unknown,,unknown,
src/main/resources/data/dataset3/models/1Un_k6b1.epml,,unknown,,unknown,
src/main/resources/data/dataset3/models/1Un_k6b1.epml,,unknown,,unknown,
src/main/resources/data/dataset3/models/1Un_k6b1.epml,,unknown,,unknown,
src/main/resources/data/dataset3/models/1Un_k6b1.epml,,unknown,,unknown,
src/main/resources/data/dataset3/models/1Un_k6b1.epml,,unknown,,unknown,
src/main/resources/data/dataset3/models/1Un_k6b1.epml,,unknown,,unknown,
src/main/resources/data/dataset3/models/1Un_k6b1.epml,,unknown,,unknown,
src/main/resources/data/dataset3/models/1Un_k6b1.epml,,unknown,,unknown,
src/main/resources/data/dataset3/models/1Un_k6b1.epml,,unknown,,unknown,
src/main/resources/data/dataset3/models/1Un_k6b1.epml,,unknown,,unknown,
src/main/resources/data/dataset3/models/1Un_k6b1.epml,,unknown,,unknown,
src/main/resources/data/dataset3/models/1Un_k6b1.epml,,unknown,,unknown,
src/main/resources/data/dataset3/models/1Un_k6b1.epml,,unknown,,unknown,
src/main/resources/data/dataset3/models/1Un_k6b1.epml,,unknown,,unknown,
src/main/resources/data/dataset3/models/1Un_k6b1.epml,,unknown,,unknown,
src/main/resources/data/dataset3/models/1Un_k6b1.epml,,unknown,,unknown,
src/main/resources/data/dataset3/models/1Un_k6b1.epml,,unknown,,unknown,
src/main/resources/data/dataset3/models/1Un_k6b1.epml,,unknown,,unknown,
src/main/resources/data/dataset3/models/1Un_k6b1.epml,,unknown,,unknown,
src/main/resources/data/dataset3/models/1Ve_5kzj.epml,,unknown,,unknown,
src/main/resources/data/dataset3/models/1Ve_5kzj.epml,,unknown,,unknown,
src/main/resources/data/dataset3/models/1Ve_5kzj.epml,,unknown,,unknown,
src/main/resources/data/dataset3/models/1Ve_5kzj.epml,,unknown,,unknown,
src/main/resources/data/dataset3/models/1Ve_5kzj.epml,,unknown,,unknown,
src/main/resources/data/dataset3/models/1Ve_5kzj.epml,,unknown,,unknown,
src/main/resources/data/dataset3/models/1Ve_5kzj.epml,,unknown,,unknown,
src/main/resources/data/dataset3/models/1Ve_5kzj.epml,,unknown,,unknown,
src/main/resources/data/dataset3/models/1Ve_5kzj.epml,,unknown,,unknown,
src/main/resources/data/dataset3/models/1Ve_5kzj.epml,,unknown,,unknown,
src/main/resources/data/dataset3/models/1Ve_5kzj.epml,,unknown,,unknown,
src/main/resources/data/dataset3/models/1Ve_5kzj.epml,,unknown,,unknown,
src/main/resources/data/dataset3/models/1Ve_5kzj.epml,,unknown,,unknown,
src/main/resources/data/dataset3/models/1Ve_5kzj.epml,,unknown,,unknown,
src/main/resources/data/dataset3/models/1Ve_5kzj.epml,,unknown,,unknown,
src/main/resources/data/dataset3/models/1Ve_5kzj.epml,,unknown,,unknown,
src/main/resources/data/dataset3/models/1Ve_5kzj.epml,,unknown,,unknown,
src/main/resources/data/dataset3/models/1Ve_5kzj.epml,,unknown,,unknown,
src/main/resources/data/dataset3/models/1Ve_5otm.epml,,unknown,,unknown,
src/main/resources/data/dataset3/models/1Ve_5otm.epml,,unknown,,unknown,
src/main/resources/data/dataset3/models/1Ve_5otm.epml,,unknown,,unknown,
src/main/resources/data/dataset3/models/1Ve_5otm.epml,,unknown,,unknown,
src/main/resources/data/dataset3/models/1Ve_5otm.epml,,unknown,,unknown,
src/main/resources/data/dataset3/models/1Ve_5otm.epml,,unknown,,unknown,
src/main/resources/data/dataset3/models/1Ve_5otm.epml,,unknown,,unknown,
src/main/resources/data/dataset3/models/1Ve_5otm.epml,,unknown,,unknown,
src/main/resources/data/dataset3/models/1Ve_5otm.epml,,unknown,,unknown,
src/main/resources/data/dataset3/models/1Ve_5otm.epml,,unknown,,unknown,
src/main/resources/data/dataset3/models/1Ve_5otm.epml,,unknown,,unknown,
src/main/resources/data/dataset3/models/1Ve_5otm.epml,,unknown,,unknown,
src/main/resources/data/dataset3/models/1Ve_5otm.epml,,unknown,,unknown,
src/main/resources/data/dataset3/models/1Ve_5otm.epml,,unknown,,unknown,
src/main/resources/data/dataset3/models/1Ve_5otm.epml,,unknown,,unknown,
src/main/resources/data/dataset3/models/1Ve_5otm.epml,,unknown,,unknown,
src/main/resources/data/dataset3/models/1Ve_5otm.epml,,unknown,,unknown,
src/main/resources/data/dataset3/models/1Ve_5otm.epml,,unknown,,unknown,
src/main/resources/data/dataset3/models/1Ve_5otm.epml,,unknown,,unknown,
src/main/resources/data/dataset3/models/1Ve_5otm.epml,,unknown,,unknown,
src/main/resources/data/dataset3/models/1Ve_5otm.epml,,unknown,,unknown,
src/main/resources/data/dataset3/models/1Ve_5otm.epml,,unknown,,unknown,
src/main/resources/data/dataset3/models/1Ve_5otm.epml,,unknown,,unknown,
src/main/resources/data/dataset3/models/1Ve_5otm.epml,,unknown,,unknown,
src/main/resources/data/dataset3/models/1Ve_5otm.epml,,unknown,,unknown,
src/main/resources/data/dataset3/models/1Ve_5otm.epml,,unknown,,unknown,
src/main/resources/data/dataset3/models/1Ve_5otm.epml,,unknown,,unknown,
src/main/resources/data/dataset3/models/1Ve_5otm.epml,,unknown,,unknown,
src/main/resources/data/dataset3/models/1Ve_5otm.epml,,unknown,,unknown,
src/main/resources/data/dataset3/models/1Ve_5otm.epml,,unknown,,unknown,
src/main/resources/data/dataset3/models/1Ve_5otm.epml,,unknown,,unknown,
src/main/resources/data/dataset3/models/1Ve_5otm.epml,,unknown,,unknown,
src/main/resources/data/dataset3/models/1Ve_5otm.epml,,unknown,,unknown,
src/main/resources/data/dataset3/models/1Ve_5otm.epml,,unknown,,unknown,
src/main/resources/data/dataset3/models/1Ve_5otm.epml,,unknown,,unknown,
src/main/resources/data/dataset3/models/1Ve_5otm.epml,,unknown,,unknown,
src/main/resources/data/dataset3/models/1Ve_5otm.epml,,unknown,,unknown,
src/main/resources/data/dataset3/models/1Ve_5ycw.epml,,unknown,,unknown,
src/main/resources/data/dataset3/models/1Ve_5ycw.epml,,unknown,,unknown,
src/main/resources/data/dataset3/models/1Ve_5ycw.epml,,unknown,,unknown,
src/main/resources/data/dataset3/models/1Ve_5ycw.epml,,unknown,,unknown,
src/main/resources/data/dataset3/models/1Ve_5ycw.epml,,unknown,,unknown,
src/main/resources/data/dataset3/models/1Ve_5ycw.epml,,unknown,,unknown,
src/main/resources/data/dataset3/models/1Ve_5ycw.epml,,unknown,,unknown,
src/main/resources/data/dataset3/models/1Ve_5ycw.epml,,unknown,,unknown,
src/main/resources/data/dataset3/models/1Ve_5ycw.epml,,unknown,,unknown,
src/main/resources/data/dataset3/models/1Ve_5ycw.epml,,unknown,,unknown,
src/main/resources/data/dataset3/models/1Ve_5ycw.epml,,unknown,,unknown,
src/main/resources/data/dataset3/models/1Ve_5ycw.epml,,unknown,,unknown,
src/main/resources/data/dataset3/models/1Ve_5ycw.epml,,unknown,,unknown,
src/main/resources/data/dataset3/models/1Ve_5ycw.epml,,unknown,,unknown,
src/main/resources/data/dataset3/models/1Ve_5ycw.epml,,unknown,,unknown,
src/main/resources/data/dataset3/models/1Ve_5ycw.epml,,unknown,,unknown,
src/main/resources/data/dataset3/models/1Ve_5ycw.epml,,unknown,,unknown,
src/main/resources/data/dataset3/models/1Ve_5ycw.epml,,unknown,,unknown,
src/main/resources/data/dataset3/models/1Ve_5ycw.epml,,unknown,,unknown,
src/main/resources/data/dataset3/models/1Ve_5ycw.epml,,unknown,,unknown,
src/main/resources/data/dataset3/models/1Ve_5ycw.epml,,unknown,,unknown,
src/main/resources/data/dataset3/models/1Ve_6294.epml,,unknown,,unknown,
src/main/resources/data/dataset3/models/1Ve_6294.epml,,unknown,,unknown,
src/main/resources/data/dataset3/models/1Ve_6294.epml,,unknown,,unknown,
src/main/resources/data/dataset3/models/1Ve_6294.epml,,unknown,,unknown,
src/main/resources/data/dataset3/models/1Ve_6294.epml,,unknown,,unknown,
src/main/resources/data/dataset3/models/1Ve_6294.epml,,unknown,,unknown,
src/main/resources/data/dataset3/models/1Ve_6294.epml,,unknown,,unknown,
src/main/resources/data/dataset3/models/1Ve_6294.epml,,unknown,,unknown,
src/main/resources/data/dataset3/models/1Ve_6294.epml,,unknown,,unknown,
src/main/resources/data/dataset3/models/1Ve_6294.epml,,unknown,,unknown,
src/main/resources/data/dataset3/models/1Ve_6294.epml,,unknown,,unknown,
src/main/resources/data/dataset3/models/1Ve_6294.epml,,unknown,,unknown,
src/main/resources/data/dataset3/models/1Ve_6294.epml,,unknown,,unknown,
src/main/resources/data/dataset3/models/1Ve_6294.epml,,unknown,,unknown,
src/main/resources/data/dataset3/models/1Ve_6294.epml,,unknown,,unknown,
src/main/resources/data/dataset3/models/1Ve_6294.epml,,unknown,,unknown,
src/main/resources/data/dataset3/models/1Ve_6294.epml,,unknown,,unknown,
src/main/resources/data/dataset3/models/1Ve_6294.epml,,unknown,,unknown,
src/main/resources/data/dataset3/models/1Ve_6294.epml,,unknown,,unknown,
src/main/resources/data/dataset3/models/1Ve_6294.epml,,unknown,,unknown,
src/main/resources/data/dataset3/models/1Ve_6294.epml,,unknown,,unknown,
src/main/resources/data/dataset3/models/1Ve_6294.epml,,unknown,,unknown,
src/main/resources/data/dataset3/models/1Ve_6294.epml,,unknown,,unknown,
src/main/resources/data/dataset3/models/1Ve_6294.epml,,unknown,,unknown,
src/main/resources/data/dataset3/models/1Ve_6294.epml,,unknown,,unknown,
src/main/resources/data/dataset3/models/1Ve_6294.epml,,unknown,,unknown,
src/main/resources/data/dataset3/models/1Ve_6294.epml,,unknown,,unknown,
src/main/resources/data/dataset3/models/1Ve_6294.epml,,unknown,,unknown,
src/main/resources/data/dataset3/models/1Ve_6294.epml,,unknown,,unknown,
src/main/resources/data/dataset3/models/1Ve_6294.epml,,unknown,,unknown,
src/main/resources/data/dataset3/models/1Ve_6294.epml,,unknown,,unknown,
src/main/resources/data/dataset3/models/1Ve_6294.epml,,unknown,,unknown,
src/main/resources/data/dataset3/models/1Ve_6294.epml,,unknown,,unknown,
src/main/resources/data/dataset3/models/1Ve_6294.epml,,unknown,,unknown,
src/main/resources/data/dataset3/models/1Ve_6294.epml,,unknown,,unknown,
src/main/resources/data/dataset3/models/1Ve_6294.epml,,unknown,,unknown,
src/main/resources/data/dataset3/models/1Ve_6294.epml,,unknown,,unknown,
src/main/resources/data/dataset3/models/1Ve_6294.epml,,unknown,,unknown,
src/main/resources/data/dataset3/models/1Ve_6294.epml,,unknown,,unknown,
src/main/resources/data/dataset3/models/1Ve_6294.epml,,unknown,,unknown,
src/main/resources/data/dataset3/models/1Ve_6294.epml,,unknown,,unknown,
src/main/resources/data/dataset3/models/1Ve_6294.epml,,unknown,,unknown,
src/main/resources/data/dataset3/models/1Ve_6294.epml,,unknown,,unknown,
src/main/resources/data/dataset3/models/1Ve_6294.epml,,unknown,,unknown,
src/main/resources/data/dataset3/models/1Ve_6294.epml,,unknown,,unknown,
src/main/resources/data/dataset3/models/1Ve_6294.epml,,unknown,,unknown,
src/main/resources/data/dataset3/models/1Ve_6294.epml,,unknown,,unknown,
src/main/resources/data/dataset3/models/1Ve_6294.epml,,unknown,,unknown,
src/main/resources/data/dataset3/models/1Ve_6294.epml,,unknown,,unknown,
src/main/resources/data/dataset3/models/1Ve_6294.epml,,unknown,,unknown,
src/main/resources/data/dataset3/models/1Ve_6294.epml,,unknown,,unknown,
src/main/resources/data/dataset3/models/1Ve_6294.epml,,unknown,,unknown,
src/main/resources/data/dataset3/models/1Ve_6a59.epml,,unknown,,unknown,
src/main/resources/data/dataset3/models/1Ve_6a59.epml,,unknown,,unknown,
src/main/resources/data/dataset3/models/1Ve_6a59.epml,,unknown,,unknown,
src/main/resources/data/dataset3/models/1Ve_6a59.epml,,unknown,,unknown,
src/main/resources/data/dataset3/models/1Ve_6a59.epml,,unknown,,unknown,
src/main/resources/data/dataset3/models/1Ve_6a59.epml,,unknown,,unknown,
src/main/resources/data/dataset3/models/1Ve_6a59.epml,,unknown,,unknown,
src/main/resources/data/dataset3/models/1Ve_6a59.epml,,unknown,,unknown,
src/main/resources/data/dataset3/models/1Ve_6dlt.epml,,unknown,,unknown,
src/main/resources/data/dataset3/models/1Ve_6dlt.epml,,unknown,,unknown,
src/main/resources/data/dataset3/models/1Ve_6dlt.epml,,unknown,,unknown,
src/main/resources/data/dataset3/models/1Ve_6dlt.epml,,unknown,,unknown,
src/main/resources/data/dataset3/models/1Ve_6dlt.epml,,unknown,,unknown,
src/main/resources/data/dataset3/models/1Ve_6dlt.epml,,unknown,,unknown,
src/main/resources/data/dataset3/models/1Ve_6dlt.epml,,unknown,,unknown,
src/main/resources/data/dataset3/models/1Ve_6dlt.epml,,unknown,,unknown,
src/main/resources/data/dataset3/models/1Ve_6dlt.epml,,unknown,,unknown,
src/main/resources/data/dataset3/models/1Ve_6dlt.epml,,unknown,,unknown,
src/main/resources/data/dataset3/models/1Ve_6dlt.epml,,unknown,,unknown,
src/main/resources/data/dataset3/models/1Ve_6dlt.epml,,unknown,,unknown,
src/main/resources/data/dataset3/models/1Ve_6dlt.epml,,unknown,,unknown,
src/main/resources/data/dataset3/models/1Ve_6dlt.epml,,unknown,,unknown,
src/main/resources/data/dataset3/models/1Ve_6dlt.epml,,unknown,,unknown,
src/main/resources/data/dataset3/models/1Ve_6dlt.epml,,unknown,,unknown,
src/main/resources/data/dataset3/models/1Ve_6dlt.epml,,unknown,,unknown,
src/main/resources/data/dataset3/models/1Ve_6dlt.epml,,unknown,,unknown,
src/main/resources/data/dataset3/models/1Ve_6dlt.epml,,unknown,,unknown,
src/main/resources/data/dataset3/models/1Ve_6dlt.epml,,unknown,,unknown,
src/main/resources/data/dataset3/models/1Ve_6dlt.epml,,unknown,,unknown,
src/main/resources/data/dataset3/models/1Ve_6dlt.epml,,unknown,,unknown,
src/main/resources/data/dataset3/models/1Ve_6dlt.epml,,unknown,,unknown,
src/main/resources/data/dataset3/models/1Ve_6dlt.epml,,unknown,,unknown,
src/main/resources/data/dataset3/models/1Ve_6dlt.epml,,unknown,,unknown,
src/main/resources/data/dataset3/models/1Ve_6dlt.epml,,unknown,,unknown,
src/main/resources/data/dataset3/models/1Ve_6dlt.epml,,unknown,,unknown,
src/main/resources/data/dataset3/models/1Ve_6dlt.epml,,unknown,,unknown,
src/main/resources/data/dataset3/models/1Ve_6dlt.epml,,unknown,,unknown,
src/main/resources/data/dataset3/models/1Ve_6dlt.epml,,unknown,,unknown,
src/main/resources/data/dataset3/models/1Ve_6dlt.epml,,unknown,,unknown,
src/main/resources/data/dataset3/models/1Ve_6dlt.epml,,unknown,,unknown,
src/main/resources/data/dataset3/models/1Ve_6dlt.epml,,unknown,,unknown,
src/main/resources/data/dataset3/models/1Ve_6dlt.epml,,unknown,,unknown,
src/main/resources/data/dataset3/models/1Ve_6dlt.epml,,unknown,,unknown,
src/main/resources/data/dataset3/models/1Ve_6dlt.epml,,unknown,,unknown,
src/main/resources/data/dataset3/models/1Ve_6dlt.epml,,unknown,,unknown,
src/main/resources/data/dataset3/models/1Ve_6dlt.epml,,unknown,,unknown,
src/main/resources/data/dataset3/models/1Ve_6n9a.epml,,unknown,,unknown,
src/main/resources/data/dataset3/models/1Ve_6n9a.epml,,unknown,,unknown,
src/main/resources/data/dataset3/models/1Ve_6n9a.epml,,unknown,,unknown,
src/main/resources/data/dataset3/models/1Ve_6n9a.epml,,unknown,,unknown,
src/main/resources/data/dataset3/models/1Ve_6n9a.epml,,unknown,,unknown,
src/main/resources/data/dataset3/models/1Ve_6n9a.epml,,unknown,,unknown,
src/main/resources/data/dataset3/models/1Ve_6n9a.epml,,unknown,,unknown,
src/main/resources/data/dataset3/models/1Ve_6n9a.epml,,unknown,,unknown,
src/main/resources/data/dataset3/models/1Ve_6n9a.epml,,unknown,,unknown,
src/main/resources/data/dataset3/models/1Ve_6n9a.epml,,unknown,,unknown,
src/main/resources/data/dataset3/models/1Ve_6n9a.epml,,unknown,,unknown,
src/main/resources/data/dataset3/models/1Ve_6n9a.epml,,unknown,,unknown,
src/main/resources/data/dataset3/models/1Ve_6n9a.epml,,unknown,,unknown,
src/main/resources/data/dataset3/models/1Ve_6n9a.epml,,unknown,,unknown,
src/main/resources/data/dataset3/models/1Ve_6n9a.epml,,unknown,,unknown,
src/main/resources/data/dataset3/models/1Ve_6n9a.epml,,unknown,,unknown,
src/main/resources/data/dataset3/models/1Ve_6n9a.epml,,unknown,,unknown,
src/main/resources/data/dataset3/models/1Ve_6n9a.epml,,unknown,,unknown,
src/main/resources/data/dataset3/models/1Ve_6n9a.epml,,unknown,,unknown,
src/main/resources/data/dataset3/models/1Ve_6n9a.epml,,unknown,,unknown,
src/main/resources/data/dataset3/models/1Ve_6n9a.epml,,unknown,,unknown,
src/main/resources/data/dataset3/models/1Ve_6n9a.epml,,unknown,,unknown,
src/main/resources/data/dataset3/models/1Ve_6u91.epml,,unknown,,unknown,
src/main/resources/data/dataset3/models/1Ve_6u91.epml,,unknown,,unknown,
src/main/resources/data/dataset3/models/1Ve_6u91.epml,,unknown,,unknown,
src/main/resources/data/dataset3/models/1Ve_6u91.epml,,unknown,,unknown,
src/main/resources/data/dataset3/models/1Ve_6u91.epml,,unknown,,unknown,
src/main/resources/data/dataset3/models/1Ve_6u91.epml,,unknown,,unknown,
src/main/resources/data/dataset3/models/1Ve_6u91.epml,,unknown,,unknown,
src/main/resources/data/dataset3/models/1Ve_6u91.epml,,unknown,,unknown,
src/main/resources/data/dataset3/models/1Ve_6u91.epml,,unknown,,unknown,
src/main/resources/data/dataset3/models/1Ve_6u91.epml,,unknown,,unknown,
src/main/resources/data/dataset3/models/1Ve_6u91.epml,,unknown,,unknown,
src/main/resources/data/dataset3/models/1Ve_6u91.epml,,unknown,,unknown,
src/main/resources/data/dataset3/models/1Ve_6u91.epml,,unknown,,unknown,
src/main/resources/data/dataset3/models/1Ve_6u91.epml,,unknown,,unknown,
src/main/resources/data/dataset3/models/1Ve_6u91.epml,,unknown,,unknown,
src/main/resources/data/dataset3/models/1Ve_6u91.epml,,unknown,,unknown,
src/main/resources/data/dataset3/models/1Ve_6u91.epml,,unknown,,unknown,
src/main/resources/data/dataset3/models/1Ve_6u91.epml,,unknown,,unknown,
src/main/resources/data/dataset3/models/1Ve_6u91.epml,,unknown,,unknown,
src/main/resources/data/dataset3/models/1Ve_6u91.epml,,unknown,,unknown,
src/main/resources/data/dataset3/models/1Ve_7c1w.epml,,unknown,,unknown,
src/main/resources/data/dataset3/models/1Ve_7c1w.epml,,unknown,,unknown,
src/main/resources/data/dataset3/models/1Ve_7c1w.epml,,unknown,,unknown,
src/main/resources/data/dataset3/models/1Ve_7c1w.epml,,unknown,,unknown,
src/main/resources/data/dataset3/models/1Ve_7c1w.epml,,unknown,,unknown,
src/main/resources/data/dataset3/models/1Ve_7c1w.epml,,unknown,,unknown,
src/main/resources/data/dataset3/models/1Ve_7c1w.epml,,unknown,,unknown,
src/main/resources/data/dataset3/models/1Ve_7c1w.epml,,unknown,,unknown,
src/main/resources/data/dataset3/models/1Ve_7c1w.epml,,unknown,,unknown,
src/main/resources/data/dataset3/models/1Ve_7c1w.epml,,unknown,,unknown,
src/main/resources/data/dataset3/models/1Ve_7c1w.epml,,unknown,,unknown,
src/main/resources/data/dataset3/models/1Ve_7c1w.epml,,unknown,,unknown,
src/main/resources/data/dataset3/models/1Ve_7c1w.epml,,unknown,,unknown,
src/main/resources/data/dataset3/models/1Ve_7c1w.epml,,unknown,,unknown,
src/main/resources/data/dataset3/models/1Ve_7c1w.epml,,unknown,,unknown,
src/main/resources/data/dataset3/models/1Ve_7c1w.epml,,unknown,,unknown,
src/main/resources/data/dataset3/models/1Ve_7c1w.epml,,unknown,,unknown,
src/main/resources/data/dataset3/models/1Ve_7c1w.epml,,unknown,,unknown,
src/main/resources/data/dataset3/models/1Ve_7c1w.epml,,unknown,,unknown,
src/main/resources/data/dataset3/models/1Ve_7c1w.epml,,unknown,,unknown,
src/main/resources/data/dataset3/models/1Ve_7c1w.epml,,unknown,,unknown,
src/main/resources/data/dataset3/models/1Ve_7c1w.epml,,unknown,,unknown,
src/main/resources/data/dataset3/models/1Ve_7c1w.epml,,unknown,,unknown,
src/main/resources/data/dataset3/models/1Ve_7c1w.epml,,unknown,,unknown,
src/main/resources/data/dataset3/models/1Ve_7c1w.epml,,unknown,,unknown,
src/main/resources/data/dataset3/models/1Ve_7c1w.epml,,unknown,,unknown,
src/main/resources/data/dataset3/models/1Ve_7c1w.epml,,unknown,,unknown,
src/main/resources/data/dataset3/models/1Ve_7c1w.epml,,unknown,,unknown,
src/main/resources/data/dataset3/models/1Ve_7c1w.epml,,unknown,,unknown,
src/main/resources/data/dataset3/models/1Ve_7c1w.epml,,unknown,,unknown,
src/main/resources/data/dataset3/models/1Ve_7c1w.epml,,unknown,,unknown,
src/main/resources/data/dataset3/models/1Ve_7c1w.epml,,unknown,,unknown,
src/main/resources/data/dataset3/models/1Ve_7c1w.epml,,unknown,,unknown,
src/main/resources/data/dataset3/models/1Ve_7c1w.epml,,unknown,,unknown,
src/main/resources/data/dataset3/models/1Ve_7c1w.epml,,unknown,,unknown,
src/main/resources/data/dataset3/models/1Ve_7c1w.epml,,unknown,,unknown,
src/main/resources/data/dataset3/models/1Ve_7c1w.epml,,unknown,,unknown,
src/main/resources/data/dataset3/models/1Ve_7c1w.epml,,unknown,,unknown,
src/main/resources/data/dataset3/models/1Ve_7c1w.epml,,unknown,,unknown,
src/main/resources/data/dataset3/models/1Ve_7c1w.epml,,unknown,,unknown,
src/main/resources/data/dataset3/models/1Ve_7c1w.epml,,unknown,,unknown,
src/main/resources/data/dataset3/models/1Ve_7c1w.epml,,unknown,,unknown,
src/main/resources/data/dataset3/models/1Ve_7c1w.epml,,unknown,,unknown,
src/main/resources/data/dataset3/models/1Ve_7c1w.epml,,unknown,,unknown,
src/main/resources/data/dataset3/models/1Ve_7c1w.epml,,unknown,,unknown,
src/main/resources/data/dataset3/models/1Ve_7c1w.epml,,unknown,,unknown,
src/main/resources/data/dataset3/models/1Ve_7c1w.epml,,unknown,,unknown,
src/main/resources/data/dataset3/models/1Ve_7c1w.epml,,unknown,,unknown,
src/main/resources/data/dataset3/models/1Ve_7c1w.epml,,unknown,,unknown,
src/main/resources/data/dataset3/models/1Ve_7c1w.epml,,unknown,,unknown,
src/main/resources/data/dataset3/models/1Ve_7c1w.epml,,unknown,,unknown,
src/main/resources/data/dataset3/models/1Ve_7c1w.epml,,unknown,,unknown,
src/main/resources/data/dataset3/models/1Ve_7c1w.epml,,unknown,,unknown,
src/main/resources/data/dataset3/models/1Ve_7c1w.epml,,unknown,,unknown,
src/main/resources/data/dataset3/models/1Ve_7c1w.epml,,unknown,,unknown,
src/main/resources/data/dataset3/models/1Ve_7c1w.epml,,unknown,,unknown,
src/main/resources/data/dataset3/models/1Ve_7c1w.epml,,unknown,,unknown,
src/main/resources/data/dataset3/models/1Ve_7c1w.epml,,unknown,,unknown,
src/main/resources/data/dataset3/models/1Ve_7c1w.epml,,unknown,,unknown,
src/main/resources/data/dataset3/models/1Ve_7c1w.epml,,unknown,,unknown,
src/main/resources/data/dataset3/models/1Ve_7c1w.epml,,unknown,,unknown,
src/main/resources/data/dataset3/models/1Ve_7c1w.epml,,unknown,,unknown,
src/main/resources/data/dataset3/models/1Ve_7c1w.epml,,unknown,,unknown,
src/main/resources/data/dataset3/models/1Ve_7c1w.epml,,unknown,,unknown,
src/main/resources/data/dataset3/models/1Ve_7c1w.epml,,unknown,,unknown,
src/main/resources/data/dataset3/models/1Ve_7c1w.epml,,unknown,,unknown,
src/main/resources/data/dataset3/models/1Ve_7c1w.epml,,unknown,,unknown,
src/main/resources/data/dataset3/models/1Ve_7c1w.epml,,unknown,,unknown,
src/main/resources/data/dataset3/models/1Ve_7c1w.epml,,unknown,,unknown,
src/main/resources/data/dataset3/models/1Ve_7c1w.epml,,unknown,,unknown,
src/main/resources/data/dataset3/models/1Ve_7c1w.epml,,unknown,,unknown,
src/main/resources/data/dataset3/models/1Ve_7c1w.epml,,unknown,,unknown,
src/main/resources/data/dataset3/models/1Ve_7c1w.epml,,unknown,,unknown,
src/main/resources/data/dataset3/models/1Ve_7c1w.epml,,unknown,,unknown,
src/main/resources/data/dataset3/models/1Ve_7uuo.epml,,unknown,,unknown,
src/main/resources/data/dataset3/models/1Ve_7uuo.epml,,unknown,,unknown,
src/main/resources/data/dataset3/models/1Ve_7uuo.epml,,unknown,,unknown,
src/main/resources/data/dataset3/models/1Ve_7uuo.epml,,unknown,,unknown,
src/main/resources/data/dataset3/models/1Ve_7uuo.epml,,unknown,,unknown,
src/main/resources/data/dataset3/models/1Ve_7uuo.epml,,unknown,,unknown,
src/main/resources/data/dataset3/models/1Ve_7uuo.epml,,unknown,,unknown,
src/main/resources/data/dataset3/models/1Ve_7uuo.epml,,unknown,,unknown,
src/main/resources/data/dataset3/models/1Ve_7uuo.epml,,unknown,,unknown,
src/main/resources/data/dataset3/models/1Ve_7uuo.epml,,unknown,,unknown,
src/main/resources/data/dataset3/models/1Ve_7uuo.epml,,unknown,,unknown,
src/main/resources/data/dataset3/models/1Ve_7uuo.epml,,unknown,,unknown,
src/main/resources/data/dataset3/models/1Ve_7uuo.epml,,unknown,,unknown,
src/main/resources/data/dataset3/models/1Ve_7uuo.epml,,unknown,,unknown,
src/main/resources/data/dataset3/models/1Ve_7uuo.epml,,unknown,,unknown,
src/main/resources/data/dataset3/models/1Ve_7uuo.epml,,unknown,,unknown,
src/main/resources/data/dataset3/models/1Ve_7uuo.epml,,unknown,,unknown,
src/main/resources/data/dataset3/models/1Ve_7uuo.epml,,unknown,,unknown,
src/main/resources/data/dataset3/models/1Ve_7uuo.epml,,unknown,,unknown,
src/main/resources/data/dataset3/models/1Ve_7uuo.epml,,unknown,,unknown,
src/main/resources/data/dataset3/models/1Ve_7uuo.epml,,unknown,,unknown,
src/main/resources/data/dataset3/models/1Ve_7uuo.epml,,unknown,,unknown,
src/main/resources/data/dataset3/models/1Ve_7uuo.epml,,unknown,,unknown,
src/main/resources/data/dataset3/models/1Ve_7uuo.epml,,unknown,,unknown,
src/main/resources/data/dataset3/models/1Ve_7uuo.epml,,unknown,,unknown,
src/main/resources/data/dataset3/models/1Ve_7uuo.epml,,unknown,,unknown,
src/main/resources/data/dataset3/models/1Ve_7uuo.epml,,unknown,,unknown,
src/main/resources/data/dataset3/models/1Ve_7uuo.epml,,unknown,,unknown,
src/main/resources/data/dataset3/models/1Ve_7uuo.epml,,unknown,,unknown,
src/main/resources/data/dataset3/models/1Ve_7uuo.epml,,unknown,,unknown,
src/main/resources/data/dataset3/models/1Ve_7uuo.epml,,unknown,,unknown,
src/main/resources/data/dataset3/models/1Ve_7uuo.epml,,unknown,,unknown,
src/main/resources/data/dataset3/models/1Ve_7uuo.epml,,unknown,,unknown,
src/main/resources/data/dataset3/models/1Ve_7uuo.epml,,unknown,,unknown,
src/main/resources/data/dataset3/models/1Ve_7uuo.epml,,unknown,,unknown,
src/main/resources/data/dataset3/models/1Ve_7uuo.epml,,unknown,,unknown,
src/main/resources/data/dataset3/models/1Ve_7uuo.epml,,unknown,,unknown,
src/main/resources/data/dataset3/models/1Ve_7uuo.epml,,unknown,,unknown,
src/main/resources/data/dataset3/models/1Ve_7uuo.epml,,unknown,,unknown,
src/main/resources/data/dataset3/models/1Ve_7uuo.epml,,unknown,,unknown,
src/main/resources/data/dataset3/models/1Ve_7uuo.epml,,unknown,,unknown,
src/main/resources/data/dataset3/models/1Ve_7uuo.epml,,unknown,,unknown,
src/main/resources/data/dataset3/models/1Ve_7uuo.epml,,unknown,,unknown,
src/main/resources/data/dataset3/models/1Ve_7uuo.epml,,unknown,,unknown,
src/main/resources/data/dataset3/models/1Ve_7uuo.epml,,unknown,,unknown,
src/main/resources/data/dataset3/models/1Ve_7uuo.epml,,unknown,,unknown,
src/main/resources/data/dataset3/models/1Ve_7uuo.epml,,unknown,,unknown,
src/main/resources/data/dataset3/models/1Ve_7uuo.epml,,unknown,,unknown,
src/main/resources/data/dataset3/models/1Ve_7uuo.epml,,unknown,,unknown,
src/main/resources/data/dataset3/models/1Ve_7uuo.epml,,unknown,,unknown,
src/main/resources/data/dataset3/models/1Ve_7uuo.epml,,unknown,,unknown,
src/main/resources/data/dataset3/models/1Ve_7uuo.epml,,unknown,,unknown,
src/main/resources/data/dataset3/models/1Ve_7uuo.epml,,unknown,,unknown,
src/main/resources/data/dataset3/models/1Ve_7uuo.epml,,unknown,,unknown,
src/main/resources/data/dataset3/models/1Ve_7uuo.epml,,unknown,,unknown,
src/main/resources/data/dataset3/models/1Ve_7uuo.epml,,unknown,,unknown,
src/main/resources/data/dataset3/models/1Ve_7uuo.epml,,unknown,,unknown,
src/main/resources/data/dataset3/models/1Ve_7uuo.epml,,unknown,,unknown,
src/main/resources/data/dataset3/models/1Ve_7uuo.epml,,unknown,,unknown,
src/main/resources/data/dataset3/models/1Ve_7uuo.epml,,unknown,,unknown,
src/main/resources/data/dataset3/models/1Ve_7uuo.epml,,unknown,,unknown,
src/main/resources/data/dataset3/models/1Ve_7uuo.epml,,unknown,,unknown,
src/main/resources/data/dataset3/models/1Ve_7uuo.epml,,unknown,,unknown,
src/main/resources/data/dataset3/models/1Ve_7uuo.epml,,unknown,,unknown,
src/main/resources/data/dataset3/models/1Ve_7uuo.epml,,unknown,,unknown,
src/main/resources/data/dataset3/models/1Ve_7uuo.epml,,unknown,,unknown,
src/main/resources/data/dataset3/models/1Ve_7uuo.epml,,unknown,,unknown,
src/main/resources/data/dataset3/models/1Ve_7uuo.epml,,unknown,,unknown,
src/main/resources/data/dataset3/models/1Ve_7uuo.epml,,unknown,,unknown,
src/main/resources/data/dataset3/models/1Ve_7uuo.epml,,unknown,,unknown,
src/main/resources/data/dataset3/models/1Ve_7uuo.epml,,unknown,,unknown,
src/main/resources/data/dataset3/models/1Ve_7uuo.epml,,unknown,,unknown,
src/main/resources/data/dataset3/models/1Ve_8bao.epml,,unknown,,unknown,
src/main/resources/data/dataset3/models/1Ve_8bao.epml,,unknown,,unknown,
src/main/resources/data/dataset3/models/1Ve_8bao.epml,,unknown,,unknown,
src/main/resources/data/dataset3/models/1Ve_8bao.epml,,unknown,,unknown,
src/main/resources/data/dataset3/models/1Ve_8bao.epml,,unknown,,unknown,
src/main/resources/data/dataset3/models/1Ve_8bao.epml,,unknown,,unknown,
src/main/resources/data/dataset3/models/1Ve_8bao.epml,,unknown,,unknown,
src/main/resources/data/dataset3/models/1Ve_8bao.epml,,unknown,,unknown,
src/main/resources/data/dataset3/models/1Ve_8bao.epml,,unknown,,unknown,
src/main/resources/data/dataset3/models/1Ve_8bao.epml,,unknown,,unknown,
src/main/resources/data/dataset3/models/1Ve_8bao.epml,,unknown,,unknown,
src/main/resources/data/dataset3/models/1Ve_8bao.epml,,unknown,,unknown,
src/main/resources/data/dataset3/models/1Ve_8bao.epml,,unknown,,unknown,
src/main/resources/data/dataset3/models/1Ve_8bao.epml,,unknown,,unknown,
src/main/resources/data/dataset3/models/1Ve_8bao.epml,,unknown,,unknown,
src/main/resources/data/dataset3/models/1Ve_8bao.epml,,unknown,,unknown,
src/main/resources/data/dataset3/models/1Ve_8bao.epml,,unknown,,unknown,
src/main/resources/data/dataset3/models/1Ve_8bao.epml,,unknown,,unknown,
src/main/resources/data/dataset3/models/1Ve_8bao.epml,,unknown,,unknown,
src/main/resources/data/dataset3/models/1Ve_8bao.epml,,unknown,,unknown,
src/main/resources/data/dataset3/models/1Ve_8bao.epml,,unknown,,unknown,
src/main/resources/data/dataset3/models/1Ve_8bao.epml,,unknown,,unknown,
src/main/resources/data/dataset3/models/1Ve_8bao.epml,,unknown,,unknown,
src/main/resources/data/dataset3/models/1Ve_8bao.epml,,unknown,,unknown,
src/main/resources/data/dataset3/models/1Ve_8bao.epml,,unknown,,unknown,
src/main/resources/data/dataset3/models/1Ve_8bao.epml,,unknown,,unknown,
src/main/resources/data/dataset3/models/1Ve_8bao.epml,,unknown,,unknown,
src/main/resources/data/dataset3/models/1Ve_8bao.epml,,unknown,,unknown,
src/main/resources/data/dataset3/models/1Ve_8bao.epml,,unknown,,unknown,
src/main/resources/data/dataset3/models/A1 FI.epml,,unknown,,unknown,
src/main/resources/data/dataset3/models/A1 FI.epml,,unknown,,unknown,
src/main/resources/data/dataset3/models/A1 FI.epml,,unknown,,unknown,
src/main/resources/data/dataset3/models/A1 FI.epml,,unknown,,unknown,
src/main/resources/data/dataset3/models/A1 FI.epml,,unknown,,unknown,
src/main/resources/data/dataset3/models/A1 FI.epml,,unknown,,unknown,
src/main/resources/data/dataset3/models/A1 FI.epml,,unknown,,unknown,
src/main/resources/data/dataset3/models/A1 FI.epml,,unknown,,unknown,
src/main/resources/data/dataset3/models/A1 FI.epml,,unknown,,unknown,
src/main/resources/data/dataset3/models/A1 FI.epml,,unknown,,unknown,
src/main/resources/data/dataset3/models/A1 FI.epml,,unknown,,unknown,
src/main/resources/data/dataset3/models/A1 FI.epml,,unknown,,unknown,
src/main/resources/data/dataset3/models/A1 FI.epml,,unknown,,unknown,
src/main/resources/data/dataset3/models/A1 FI.epml,,unknown,,unknown,
src/main/resources/data/dataset3/models/A1 FI.epml,,unknown,,unknown,
src/main/resources/data/dataset3/models/A1 FI.epml,,unknown,,unknown,
src/main/resources/data/dataset3/models/A1 FI.epml,,unknown,,unknown,
src/main/resources/data/dataset3/models/A1 FI.epml,,unknown,,unknown,
src/main/resources/data/dataset3/models/A1 d.epml,,unknown,,unknown,
src/main/resources/data/dataset3/models/A1 d.epml,,unknown,,unknown,
src/main/resources/data/dataset3/models/A1 d.epml,,unknown,,unknown,
src/main/resources/data/dataset3/models/A1 d.epml,,unknown,,unknown,
src/main/resources/data/dataset3/models/A1 d.epml,,unknown,,unknown,
src/main/resources/data/dataset3/models/A1 d.epml,,unknown,,unknown,
src/main/resources/data/dataset3/models/A1 d.epml,,unknown,,unknown,
src/main/resources/data/dataset3/models/A1 d.epml,,unknown,,unknown,
src/main/resources/data/dataset3/models/A1 d.epml,,unknown,,unknown,
src/main/resources/data/dataset3/models/A1 d.epml,,unknown,,unknown,
src/main/resources/data/dataset3/models/A1 d.epml,,unknown,,unknown,
src/main/resources/data/dataset3/models/A1 d.epml,,unknown,,unknown,
src/main/resources/data/dataset3/models/A1 d.epml,,unknown,,unknown,
src/main/resources/data/dataset3/models/A1 d.epml,,unknown,,unknown,
src/main/resources/data/dataset3/models/A1 d.epml,,unknown,,unknown,
src/main/resources/data/dataset3/models/A1 d.epml,,unknown,,unknown,
src/main/resources/data/dataset3/models/A1 dI.epml,,unknown,,unknown,
src/main/resources/data/dataset3/models/A1 dI.epml,,unknown,,unknown,
src/main/resources/data/dataset3/models/A1 dI.epml,,unknown,,unknown,
src/main/resources/data/dataset3/models/A1 dI.epml,,unknown,,unknown,
src/main/resources/data/dataset3/models/A1 dI.epml,,unknown,,unknown,
src/main/resources/data/dataset3/models/A1 dI.epml,,unknown,,unknown,
src/main/resources/data/dataset3/models/A1 dI.epml,,unknown,,unknown,
src/main/resources/data/dataset3/models/A1 dI.epml,,unknown,,unknown,
src/main/resources/data/dataset3/models/A1 dI.epml,,unknown,,unknown,
src/main/resources/data/dataset3/models/A1 dI.epml,,unknown,,unknown,
src/main/resources/data/dataset3/models/A1 dI.epml,,unknown,,unknown,
src/main/resources/data/dataset3/models/A1 dI.epml,,unknown,,unknown,
src/main/resources/data/dataset3/models/A1 dI.epml,,unknown,,unknown,
src/main/resources/data/dataset3/models/A1 dI.epml,,unknown,,unknown,
src/main/resources/data/dataset3/models/A1 dI.epml,,unknown,,unknown,
src/main/resources/data/dataset3/models/A1 dI.epml,,unknown,,unknown,
src/main/resources/data/dataset3/models/A1 dI.epml,,unknown,,unknown,
src/main/resources/data/dataset3/models/A1 dI.epml,,unknown,,unknown,
src/main/resources/data/dataset3/models/A1 dI.epml,,unknown,,unknown,
src/main/resources/data/dataset3/models/A1 dI.epml,,unknown,,unknown,
src/main/resources/data/dataset3/models/A1 dI.epml,,unknown,,unknown,
src/main/resources/data/dataset3/models/A1 dI.epml,,unknown,,unknown,
src/main/resources/data/dataset3/models/A1 dI.epml,,unknown,,unknown,
src/main/resources/data/dataset3/models/A1 dI.epml,,unknown,,unknown,
src/main/resources/data/dataset3/models/A1 dI.epml,,unknown,,unknown,
src/main/resources/data/dataset3/models/A4.epml,,unknown,,unknown,
src/main/resources/data/dataset3/models/A4.epml,,unknown,,unknown,
src/main/resources/data/dataset3/models/A4.epml,,unknown,,unknown,
src/main/resources/data/dataset3/models/A4.epml,,unknown,,unknown,
src/main/resources/data/dataset3/models/A4.epml,,unknown,,unknown,
src/main/resources/data/dataset3/models/A4.epml,,unknown,,unknown,
src/main/resources/data/dataset3/models/A4.epml,,unknown,,unknown,
src/main/resources/data/dataset3/models/A4.epml,,unknown,,unknown,
src/main/resources/data/dataset3/models/A4.epml,,unknown,,unknown,
src/main/resources/data/dataset3/models/A4.epml,,unknown,,unknown,
src/main/resources/data/dataset3/models/A4.epml,,unknown,,unknown,
src/main/resources/data/dataset3/models/A4.epml,,unknown,,unknown,
src/main/resources/data/dataset3/models/A4.epml,,unknown,,unknown,
src/main/resources/data/dataset3/models/A4.epml,,unknown,,unknown,
src/main/resources/data/dataset3/models/A6 a.epml,,unknown,,unknown,
src/main/resources/data/dataset3/models/A6 a.epml,,unknown,,unknown,
src/main/resources/data/dataset3/models/A6 a.epml,,unknown,,unknown,
src/main/resources/data/dataset3/models/A6 a.epml,,unknown,,unknown,
src/main/resources/data/dataset3/models/A6 a.epml,,unknown,,unknown,
src/main/resources/data/dataset3/models/A6 a.epml,,unknown,,unknown,
src/main/resources/data/dataset3/models/A6 a.epml,,unknown,,unknown,
src/main/resources/data/dataset3/models/A6 a.epml,,unknown,,unknown,
src/main/resources/data/dataset3/models/A6 a.epml,,unknown,,unknown,
src/main/resources/data/dataset3/models/A6 a.epml,,unknown,,unknown,
src/main/resources/data/dataset3/models/A6 a.epml,,unknown,,unknown,
src/main/resources/data/dataset3/models/A6 a.epml,,unknown,,unknown,
src/main/resources/data/dataset3/models/A6 a.epml,,unknown,,unknown,
src/main/resources/data/dataset3/models/A6 a.epml,,unknown,,unknown,
src/main/resources/data/dataset3/models/A6 a.epml,,unknown,,unknown,
src/main/resources/data/dataset3/models/A6 a.epml,,unknown,,unknown,
src/main/resources/data/dataset3/models/A6 a.epml,,unknown,,unknown,
src/main/resources/data/dataset3/models/A6 a.epml,,unknown,,unknown,
src/main/resources/data/dataset3/models/A6 a.epml,,unknown,,unknown,
src/main/resources/data/dataset3/models/A6 a.epml,,unknown,,unknown,
src/main/resources/data/dataset3/models/A6 a.epml,,unknown,,unknown,
src/main/resources/data/dataset3/models/A6 a.epml,,unknown,,unknown,
src/main/resources/data/dataset3/models/A6 a.epml,,unknown,,unknown,
src/main/resources/data/dataset3/models/A6 a.epml,,unknown,,unknown,
src/main/resources/data/dataset3/models/A6 a.epml,,unknown,,unknown,
src/main/resources/data/dataset3/models/A6 a.epml,,unknown,,unknown,
src/main/resources/data/dataset3/models/A6 a.epml,,unknown,,unknown,
src/main/resources/data/dataset3/models/A6 a.epml,,unknown,,unknown,
src/main/resources/data/dataset3/models/A6 a.epml,,unknown,,unknown,
src/main/resources/data/dataset3/models/A6 a.epml,,unknown,,unknown,
src/main/resources/data/dataset3/models/A6 a.epml,,unknown,,unknown,
src/main/resources/data/dataset3/models/A6 a.epml,,unknown,,unknown,
src/main/resources/data/dataset3/models/A6 a.epml,,unknown,,unknown,
src/main/resources/data/dataset3/models/A6 a.epml,,unknown,,unknown,
src/main/resources/data/dataset3/models/A6 c.epml,,unknown,,unknown,
src/main/resources/data/dataset3/models/A6 c.epml,,unknown,,unknown,
src/main/resources/data/dataset3/models/A6 c.epml,,unknown,,unknown,
src/main/resources/data/dataset3/models/A6 c.epml,,unknown,,unknown,
src/main/resources/data/dataset3/models/A6 c.epml,,unknown,,unknown,
src/main/resources/data/dataset3/models/A6 c.epml,,unknown,,unknown,
src/main/resources/data/dataset3/models/A6 c.epml,,unknown,,unknown,
src/main/resources/data/dataset3/models/A6 c.epml,,unknown,,unknown,
src/main/resources/data/dataset3/models/A6 c.epml,,unknown,,unknown,
src/main/resources/data/dataset3/models/A6 c.epml,,unknown,,unknown,
src/main/resources/data/dataset3/models/A7 b IV.epml,,unknown,,unknown,
src/main/resources/data/dataset3/models/A7 b IV.epml,,unknown,,unknown,
src/main/resources/data/dataset3/models/A7 b IV.epml,,unknown,,unknown,
src/main/resources/data/dataset3/models/A7 b IV.epml,,unknown,,unknown,
src/main/resources/data/dataset3/models/A7 b IV.epml,,unknown,,unknown,
src/main/resources/data/dataset3/models/A7 b IV.epml,,unknown,,unknown,
src/main/resources/data/dataset3/models/A7 b IV.epml,,unknown,,unknown,
src/main/resources/data/dataset3/models/A7 b IV.epml,,unknown,,unknown,
src/main/resources/data/dataset3/models/L3 OM.epml,,unknown,,unknown,
src/main/resources/data/dataset3/models/L3 OM.epml,,unknown,,unknown,
src/main/resources/data/dataset3/models/L3 OM.epml,,unknown,,unknown,
src/main/resources/data/dataset3/models/L3 OM.epml,,unknown,,unknown,
src/main/resources/data/dataset3/models/L3 OM.epml,,unknown,,unknown,
src/main/resources/data/dataset3/models/L3 OM.epml,,unknown,,unknown,
src/main/resources/data/dataset3/models/L3 OM.epml,,unknown,,unknown,
src/main/resources/data/dataset3/models/L3 OM.epml,,unknown,,unknown,
src/main/resources/data/dataset3/models/L3 OM.epml,,unknown,,unknown,
src/main/resources/data/dataset3/models/L3 OM.epml,,unknown,,unknown,
src/main/resources/data/dataset3/models/L3 OM.epml,,unknown,,unknown,
src/main/resources/data/dataset3/models/L3 OM.epml,,unknown,,unknown,
src/main/resources/data/dataset3/models/L3 OM.epml,,unknown,,unknown,
src/main/resources/data/dataset3/models/L3 OM.epml,,unknown,,unknown,
src/main/resources/data/dataset3/models/L3 OM.epml,,unknown,,unknown,
src/main/resources/data/dataset3/models/L3 OM.epml,,unknown,,unknown,
src/main/resources/data/dataset3/models/L3 OM.epml,,unknown,,unknown,
src/main/resources/data/dataset3/models/L3 OM.epml,,unknown,,unknown,
src/main/resources/data/dataset3/models/L3 OM.epml,,unknown,,unknown,
src/main/resources/data/dataset3/models/L3 OM.epml,,unknown,,unknown,
src/main/resources/data/dataset3/models/L3 OM.epml,,unknown,,unknown,
src/main/resources/data/dataset3/models/L3 OM.epml,,unknown,,unknown,
src/main/resources/data/dataset3/models/L3 OM.epml,,unknown,,unknown,
src/main/resources/data/dataset3/models/L3 OM.epml,,unknown,,unknown,
src/main/resources/data/dataset3/models/L3 p.epml,,unknown,,unknown,
src/main/resources/data/dataset3/models/L3 p.epml,,unknown,,unknown,
src/main/resources/data/dataset3/models/L3 p.epml,,unknown,,unknown,
src/main/resources/data/dataset3/models/L3 p.epml,,unknown,,unknown,
src/main/resources/data/dataset3/models/L3 p.epml,,unknown,,unknown,
src/main/resources/data/dataset3/models/L3 p.epml,,unknown,,unknown,
src/main/resources/data/dataset3/models/L3 p.epml,,unknown,,unknown,
src/main/resources/data/dataset3/models/L3 p.epml,,unknown,,unknown,
src/main/resources/data/dataset3/models/L3 p.epml,,unknown,,unknown,
src/main/resources/data/dataset3/models/L3 p.epml,,unknown,,unknown,
src/main/resources/data/dataset3/models/L3 p.epml,,unknown,,unknown,
src/main/resources/data/dataset3/models/L3 p.epml,,unknown,,unknown,
src/main/resources/data/dataset3/models/L3 p.epml,,unknown,,unknown,
src/main/resources/data/dataset3/models/L3 p.epml,,unknown,,unknown,
src/main/resources/data/dataset3/models/L3 p.epml,,unknown,,unknown,
src/main/resources/data/dataset3/models/L3 p.epml,,unknown,,unknown,
src/main/resources/data/dataset3/models/L3 p.epml,,unknown,,unknown,
src/main/resources/data/dataset3/models/L3 p.epml,,unknown,,unknown,
src/main/resources/data/dataset3/models/L3 p.epml,,unknown,,unknown,
src/main/resources/data/dataset3/models/L3 p.epml,,unknown,,unknown,
src/main/resources/data/dataset3/models/L3 p.epml,,unknown,,unknown,
src/main/resources/data/dataset3/models/L3 p.epml,,unknown,,unknown,
src/main/resources/data/dataset3/models/L3 p.epml,,unknown,,unknown,
src/main/resources/data/dataset3/models/L3 p.epml,,unknown,,unknown,
src/main/resources/data/dataset3/models/L3 p.epml,,unknown,,unknown,
src/main/resources/data/dataset3/models/L3 p.epml,,unknown,,unknown,
src/main/resources/data/dataset3/models/L3 p.epml,,unknown,,unknown,
src/main/resources/data/dataset3/models/L3 p.epml,,unknown,,unknown,
src/main/resources/data/dataset3/models/L3 p.epml,,unknown,,unknown,
src/main/resources/data/dataset3/models/L3 p.epml,,unknown,,unknown,
src/main/resources/data/dataset3/models/L3 p.epml,,unknown,,unknown,
src/main/resources/data/dataset3/models/L3 p.epml,,unknown,,unknown,
src/main/resources/data/dataset3/models/L3 p.epml,,unknown,,unknown,
src/main/resources/data/dataset3/models/L3 p.epml,,unknown,,unknown,
src/main/resources/data/dataset3/models/L3 p.epml,,unknown,,unknown,
src/main/resources/data/dataset3/models/L3 p.epml,,unknown,,unknown,
src/main/resources/data/dataset3/models/L3 p.epml,,unknown,,unknown,
src/main/resources/data/dataset3/models/L3 p.epml,,unknown,,unknown,
src/main/resources/data/dataset3/models/L4.epml,,unknown,,unknown,
src/main/resources/data/dataset3/models/L4.epml,,unknown,,unknown,
src/main/resources/data/dataset3/models/L4.epml,,unknown,,unknown,
src/main/resources/data/dataset3/models/L4.epml,,unknown,,unknown,
src/main/resources/data/dataset3/models/L4.epml,,unknown,,unknown,
src/main/resources/data/dataset3/models/L4.epml,,unknown,,unknown,
src/main/resources/data/dataset3/models/L4.epml,,unknown,,unknown,
src/main/resources/data/dataset3/models/L4.epml,,unknown,,unknown,
src/main/resources/data/dataset3/models/L4.epml,,unknown,,unknown,
src/main/resources/data/dataset3/models/L4.epml,,unknown,,unknown,
src/main/resources/data/dataset3/models/L4.epml,,unknown,,unknown,
src/main/resources/data/dataset3/models/L4.epml,,unknown,,unknown,
src/main/resources/data/dataset3/models/L4.epml,,unknown,,unknown,
src/main/resources/data/dataset3/models/L4.epml,,unknown,,unknown,
src/main/resources/data/dataset3/models/L4.epml,,unknown,,unknown,
src/main/resources/data/dataset3/models/L4.epml,,unknown,,unknown,
src/main/resources/data/dataset3/models/search1.epml,,unknown,,unknown,
src/main/resources/data/dataset3/models/search1.epml,,unknown,,unknown,
src/main/resources/data/dataset3/models/search1.epml,,unknown,,unknown,
src/main/resources/data/dataset3/models/search1.epml,,unknown,,unknown,
src/main/resources/data/dataset3/models/search10.epml,,unknown,,unknown,
src/main/resources/data/dataset3/models/search10.epml,,unknown,,unknown,
src/main/resources/data/dataset3/models/search10.epml,,unknown,,unknown,
src/main/resources/data/dataset3/models/search10.epml,,unknown,,unknown,
src/main/resources/data/dataset3/models/search10.epml,,unknown,,unknown,
src/main/resources/data/dataset3/models/search10.epml,,unknown,,unknown,
src/main/resources/data/dataset3/models/search10.epml,,unknown,,unknown,
src/main/resources/data/dataset3/models/search10.epml,,unknown,,unknown,
src/main/resources/data/dataset3/models/search10.epml,,unknown,,unknown,
src/main/resources/data/dataset3/models/search10.epml,,unknown,,unknown,
src/main/resources/data/dataset3/models/search10.epml,,unknown,,unknown,
src/main/resources/data/dataset3/models/search10.epml,,unknown,,unknown,
src/main/resources/data/dataset3/models/search10.epml,,unknown,,unknown,
src/main/resources/data/dataset3/models/search10.epml,,unknown,,unknown,
src/main/resources/data/dataset3/models/search10.epml,,unknown,,unknown,
src/main/resources/data/dataset3/models/search10.epml,,unknown,,unknown,
src/main/resources/data/dataset3/models/search10.epml,,unknown,,unknown,
src/main/resources/data/dataset3/models/search10.epml,,unknown,,unknown,
src/main/resources/data/dataset3/models/search10.epml,,unknown,,unknown,
src/main/resources/data/dataset3/models/search10.epml,,unknown,,unknown,
src/main/resources/data/dataset3/models/search10.epml,,unknown,,unknown,
src/main/resources/data/dataset3/models/search10.epml,,unknown,,unknown,
src/main/resources/data/dataset3/models/search2.epml,,unknown,,unknown,
src/main/resources/data/dataset3/models/search2.epml,,unknown,,unknown,
src/main/resources/data/dataset3/models/search2.epml,,unknown,,unknown,
src/main/resources/data/dataset3/models/search2.epml,,unknown,,unknown,
src/main/resources/data/dataset3/models/search2.epml,,unknown,,unknown,
src/main/resources/data/dataset3/models/search2.epml,,unknown,,unknown,
src/main/resources/data/dataset3/models/search2.epml,,unknown,,unknown,
src/main/resources/data/dataset3/models/search2.epml,,unknown,,unknown,
src/main/resources/data/dataset3/models/search2.epml,,unknown,,unknown,
src/main/resources/data/dataset3/models/search2.epml,,unknown,,unknown,
src/main/resources/data/dataset3/models/search3.epml,,unknown,,unknown,
src/main/resources/data/dataset3/models/search3.epml,,unknown,,unknown,
src/main/resources/data/dataset3/models/search3.epml,,unknown,,unknown,
src/main/resources/data/dataset3/models/search3.epml,,unknown,,unknown,
src/main/resources/data/dataset3/models/search3.epml,,unknown,,unknown,
src/main/resources/data/dataset3/models/search3.epml,,unknown,,unknown,
src/main/resources/data/dataset3/models/search3.epml,,unknown,,unknown,
src/main/resources/data/dataset3/models/search3.epml,,unknown,,unknown,
src/main/resources/data/dataset3/models/search3.epml,,unknown,,unknown,
src/main/resources/data/dataset3/models/search3.epml,,unknown,,unknown,
src/main/resources/data/dataset3/models/search4.epml,,unknown,,unknown,
src/main/resources/data/dataset3/models/search4.epml,,unknown,,unknown,
src/main/resources/data/dataset3/models/search4.epml,,unknown,,unknown,
src/main/resources/data/dataset3/models/search4.epml,,unknown,,unknown,
src/main/resources/data/dataset3/models/search4.epml,,unknown,,unknown,
src/main/resources/data/dataset3/models/search4.epml,,unknown,,unknown,
src/main/resources/data/dataset3/models/search4.epml,,unknown,,unknown,
src/main/resources/data/dataset3/models/search4.epml,,unknown,,unknown,
src/main/resources/data/dataset3/models/search4.epml,,unknown,,unknown,
src/main/resources/data/dataset3/models/search4.epml,,unknown,,unknown,
src/main/resources/data/dataset3/models/search4.epml,,unknown,,unknown,
src/main/resources/data/dataset3/models/search4.epml,,unknown,,unknown,
src/main/resources/data/dataset3/models/search4.epml,,unknown,,unknown,
src/main/resources/data/dataset3/models/search4.epml,,unknown,,unknown,
src/main/resources/data/dataset3/models/search4.epml,,unknown,,unknown,
src/main/resources/data/dataset3/models/search4.epml,,unknown,,unknown,
src/main/resources/data/dataset3/models/search4.epml,,unknown,,unknown,
src/main/resources/data/dataset3/models/search4.epml,,unknown,,unknown,
src/main/resources/data/dataset3/models/search4.epml,,unknown,,unknown,
src/main/resources/data/dataset3/models/search4.epml,,unknown,,unknown,
src/main/resources/data/dataset3/models/search4.epml,,unknown,,unknown,
src/main/resources/data/dataset3/models/search4.epml,,unknown,,unknown,
src/main/resources/data/dataset3/models/search5.epml,,unknown,,unknown,
src/main/resources/data/dataset3/models/search5.epml,,unknown,,unknown,
src/main/resources/data/dataset3/models/search5.epml,,unknown,,unknown,
src/main/resources/data/dataset3/models/search5.epml,,unknown,,unknown,
src/main/resources/data/dataset3/models/search5.epml,,unknown,,unknown,
src/main/resources/data/dataset3/models/search5.epml,,unknown,,unknown,
src/main/resources/data/dataset3/models/search5.epml,,unknown,,unknown,
src/main/resources/data/dataset3/models/search5.epml,,unknown,,unknown,
src/main/resources/data/dataset3/models/search6.epml,,unknown,,unknown,
src/main/resources/data/dataset3/models/search6.epml,,unknown,,unknown,
src/main/resources/data/dataset3/models/search6.epml,,unknown,,unknown,
src/main/resources/data/dataset3/models/search6.epml,,unknown,,unknown,
src/main/resources/data/dataset3/models/search6.epml,,unknown,,unknown,
src/main/resources/data/dataset3/models/search6.epml,,unknown,,unknown,
src/main/resources/data/dataset3/models/search6.epml,,unknown,,unknown,
src/main/resources/data/dataset3/models/search6.epml,,unknown,,unknown,
src/main/resources/data/dataset3/models/search6.epml,,unknown,,unknown,
src/main/resources/data/dataset3/models/search6.epml,,unknown,,unknown,
src/main/resources/data/dataset3/models/search7.epml,,unknown,,unknown,
src/main/resources/data/dataset3/models/search7.epml,,unknown,,unknown,
src/main/resources/data/dataset3/models/search7.epml,,unknown,,unknown,
src/main/resources/data/dataset3/models/search7.epml,,unknown,,unknown,
src/main/resources/data/dataset3/models/search7.epml,,unknown,,unknown,
src/main/resources/data/dataset3/models/search7.epml,,unknown,,unknown,
src/main/resources/data/dataset3/models/search7.epml,,unknown,,unknown,
src/main/resources/data/dataset3/models/search7.epml,,unknown,,unknown,
src/main/resources/data/dataset3/models/search7.epml,,unknown,,unknown,
src/main/resources/data/dataset3/models/search7.epml,,unknown,,unknown,
src/main/resources/data/dataset3/models/search7.epml,,unknown,,unknown,
src/main/resources/data/dataset3/models/search7.epml,,unknown,,unknown,
src/main/resources/data/dataset3/models/search7.epml,,unknown,,unknown,
src/main/resources/data/dataset3/models/search7.epml,,unknown,,unknown,
src/main/resources/data/dataset3/models/search7.epml,,unknown,,unknown,
src/main/resources/data/dataset3/models/search7.epml,,unknown,,unknown,
src/main/resources/data/dataset3/models/search7.epml,,unknown,,unknown,
src/main/resources/data/dataset3/models/search7.epml,,unknown,,unknown,
src/main/resources/data/dataset3/models/search7.epml,,unknown,,unknown,
src/main/resources/data/dataset3/models/search7.epml,,unknown,,unknown,
src/main/resources/data/dataset3/models/search7.epml,,unknown,,unknown,
src/main/resources/data/dataset3/models/search7.epml,,unknown,,unknown,
src/main/resources/data/dataset3/models/search7.epml,,unknown,,unknown,
src/main/resources/data/dataset3/models/search7.epml,,unknown,,unknown,
src/main/resources/data/dataset3/models/search7.epml,,unknown,,unknown,
src/main/resources/data/dataset3/models/search7.epml,,unknown,,unknown,
src/main/resources/data/dataset3/models/search7.epml,,unknown,,unknown,
src/main/resources/data/dataset3/models/search7.epml,,unknown,,unknown,
src/main/resources/data/dataset3/models/search7.epml,,unknown,,unknown,
src/main/resources/data/dataset3/models/search7.epml,,unknown,,unknown,
src/main/resources/data/dataset3/models/search7.epml,,unknown,,unknown,
src/main/resources/data/dataset3/models/search7.epml,,unknown,,unknown,
src/main/resources/data/dataset3/models/search7.epml,,unknown,,unknown,
src/main/resources/data/dataset3/models/search7.epml,,unknown,,unknown,
src/main/resources/data/dataset3/models/search7.epml,,unknown,,unknown,
src/main/resources/data/dataset3/models/search7.epml,,unknown,,unknown,
src/main/resources/data/dataset3/models/search7.epml,,unknown,,unknown,
src/main/resources/data/dataset3/models/search7.epml,,unknown,,unknown,
src/main/resources/data/dataset3/models/search7.epml,,unknown,,unknown,
src/main/resources/data/dataset3/models/search7.epml,,unknown,,unknown,
src/main/resources/data/dataset3/models/search7.epml,,unknown,,unknown,
src/main/resources/data/dataset3/models/search7.epml,,unknown,,unknown,
src/main/resources/data/dataset3/models/search7.epml,,unknown,,unknown,
src/main/resources/data/dataset3/models/search7.epml,,unknown,,unknown,
src/main/resources/data/dataset3/models/search7.epml,,unknown,,unknown,
src/main/resources/data/dataset3/models/search7.epml,,unknown,,unknown,
src/main/resources/data/dataset3/models/search7.epml,,unknown,,unknown,
src/main/resources/data/dataset3/models/search7.epml,,unknown,,unknown,
src/main/resources/data/dataset3/models/search7.epml,,unknown,,unknown,
src/main/resources/data/dataset3/models/search7.epml,,unknown,,unknown,
src/main/resources/data/dataset3/models/search7.epml,,unknown,,unknown,
src/main/resources/data/dataset3/models/search7.epml,,unknown,,unknown,
src/main/resources/data/dataset3/models/search7.epml,,unknown,,unknown,
src/main/resources/data/dataset3/models/search7.epml,,unknown,,unknown,
src/main/resources/data/dataset3/models/search7.epml,,unknown,,unknown,
src/main/resources/data/dataset3/models/search7.epml,,unknown,,unknown,
src/main/resources/data/dataset3/models/search7.epml,,unknown,,unknown,
src/main/resources/data/dataset3/models/search7.epml,,unknown,,unknown,
src/main/resources/data/dataset3/models/search7.epml,,unknown,,unknown,
src/main/resources/data/dataset3/models/search7.epml,,unknown,,unknown,
src/main/resources/data/dataset3/models/search7.epml,,unknown,,unknown,
src/main/resources/data/dataset3/models/search7.epml,,unknown,,unknown,
src/main/resources/data/dataset3/models/search7.epml,,unknown,,unknown,
src/main/resources/data/dataset3/models/search7.epml,,unknown,,unknown,
src/main/resources/data/dataset3/models/search7.epml,,unknown,,unknown,
src/main/resources/data/dataset3/models/search7.epml,,unknown,,unknown,
src/main/resources/data/dataset3/models/search7.epml,,unknown,,unknown,
src/main/resources/data/dataset3/models/search7.epml,,unknown,,unknown,
src/main/resources/data/dataset3/models/search7.epml,,unknown,,unknown,
src/main/resources/data/dataset3/models/search7.epml,,unknown,,unknown,
src/main/resources/data/dataset3/models/search7.epml,,unknown,,unknown,
src/main/resources/data/dataset3/models/search7.epml,,unknown,,unknown,
src/main/resources/data/dataset3/models/search8.epml,,unknown,,unknown,
src/main/resources/data/dataset3/models/search8.epml,,unknown,,unknown,
src/main/resources/data/dataset3/models/search8.epml,,unknown,,unknown,
src/main/resources/data/dataset3/models/search8.epml,,unknown,,unknown,
src/main/resources/data/dataset3/models/search8.epml,,unknown,,unknown,
src/main/resources/data/dataset3/models/search8.epml,,unknown,,unknown,
src/main/resources/data/dataset3/models/search8.epml,,unknown,,unknown,
src/main/resources/data/dataset3/models/search8.epml,,unknown,,unknown,
src/main/resources/data/dataset3/models/search8.epml,,unknown,,unknown,
src/main/resources/data/dataset3/models/search8.epml,,unknown,,unknown,
src/main/resources/data/dataset3/models/search8.epml,,unknown,,unknown,
src/main/resources/data/dataset3/models/search8.epml,,unknown,,unknown,
src/main/resources/data/dataset3/models/search8.epml,,unknown,,unknown,
src/main/resources/data/dataset3/models/search8.epml,,unknown,,unknown,
src/main/resources/data/dataset3/models/search8.epml,,unknown,,unknown,
src/main/resources/data/dataset3/models/search8.epml,,unknown,,unknown,
src/main/resources/data/dataset3/models/search8.epml,,unknown,,unknown,
src/main/resources/data/dataset3/models/search8.epml,,unknown,,unknown,
src/main/resources/data/dataset3/models/search8.epml,,unknown,,unknown,
src/main/resources/data/dataset3/models/search8.epml,,unknown,,unknown,
src/main/resources/data/dataset3/models/search8.epml,,unknown,,unknown,
src/main/resources/data/dataset3/models/search8.epml,,unknown,,unknown,
src/main/resources/data/dataset3/models/search8.epml,,unknown,,unknown,
src/main/resources/data/dataset3/models/search8.epml,,unknown,,unknown,
src/main/resources/data/dataset3/models/search9.epml,,unknown,,unknown,
src/main/resources/data/dataset3/models/search9.epml,,unknown,,unknown,
src/main/resources/data/dataset3/models/search9.epml,,unknown,,unknown,
src/main/resources/data/dataset3/models/search9.epml,,unknown,,unknown,
src/main/resources/data/dataset3/models/search9.epml,,unknown,,unknown,
src/main/resources/data/dataset3/models/search9.epml,,unknown,,unknown,
src/main/resources/data/dataset3/models/search9.epml,,unknown,,unknown,
src/main/resources/data/dataset3/models/search9.epml,,unknown,,unknown,
src/main/resources/data/dataset3/models/search9.epml,,unknown,,unknown,
src/main/resources/data/dataset3/models/search9.epml,,unknown,,unknown,
src/main/resources/data/dataset3/models/search9.epml,,unknown,,unknown,
src/main/resources/data/dataset3/models/search9.epml,,unknown,,unknown,
src/main/resources/data/dataset3/models/search9.epml,,unknown,,unknown,
src/main/resources/data/dataset3/models/search9.epml,,unknown,,unknown,
src/main/resources/data/dataset3/models/search9.epml,,unknown,,unknown,
src/main/resources/data/dataset3/models/search9.epml,,unknown,,unknown,
src/main/resources/data/dataset3/models/search9.epml,,unknown,,unknown,
src/main/resources/data/dataset3/models/search9.epml,,unknown,,unknown,
src/main/resources/data/dataset3/models/search9.epml,,unknown,,unknown,
src/main/resources/data/dataset3/models/search9.epml,,unknown,,unknown,
src/main/resources/data/dataset3/models/search9.epml,,unknown,,unknown,
src/main/resources/data/dataset3/models/search9.epml,,unknown,,unknown,
src/main/resources/data/dataset3/models/search9.epml,,unknown,,unknown,
src/main/resources/data/dataset3/testcase1/source-model.epml,,unknown,,unknown,
src/main/resources/data/dataset3/testcase1/source-model.epml,,unknown,,unknown,
src/main/resources/data/dataset3/testcase1/source-model.epml,,unknown,,unknown,
src/main/resources/data/dataset3/testcase1/source-model.epml,,unknown,,unknown,
src/main/resources/data/dataset3/testcase1/source-model.epml,,unknown,,unknown,
src/main/resources/data/dataset3/testcase1/source-model.epml,,unknown,,unknown,
src/main/resources/data/dataset3/testcase1/source-model.epml,,unknown,,unknown,
src/main/resources/data/dataset3/testcase1/source-model.epml,,unknown,,unknown,
src/main/resources/data/dataset3/testcase1/source-model.epml,,unknown,,unknown,
src/main/resources/data/dataset3/testcase1/source-model.epml,,unknown,,unknown,
src/main/resources/data/dataset3/testcase1/source-model.epml,,unknown,,unknown,
src/main/resources/data/dataset3/testcase1/source-model.epml,,unknown,,unknown,
src/main/resources/data/dataset3/testcase1/source-model.epml,,unknown,,unknown,
src/main/resources/data/dataset3/testcase1/source-model.epml,,unknown,,unknown,
src/main/resources/data/dataset3/testcase1/source-model.epml,,unknown,,unknown,
src/main/resources/data/dataset3/testcase1/source-model.epml,,unknown,,unknown,
src/main/resources/data/dataset3/testcase1/source-model.epml,,unknown,,unknown,
src/main/resources/data/dataset3/testcase1/source-model.epml,,unknown,,unknown,
src/main/resources/data/dataset3/testcase1/source-model.epml,,unknown,,unknown,
src/main/resources/data/dataset3/testcase1/source-model.epml,,unknown,,unknown,
src/main/resources/data/dataset3/testcase1/source-model.epml,,unknown,,unknown,
src/main/resources/data/dataset3/testcase1/source-model.epml,,unknown,,unknown,
src/main/resources/data/dataset3/testcase1/source-model.epml,,unknown,,unknown,
src/main/resources/data/dataset3/testcase1/source-model.epml,,unknown,,unknown,
src/main/resources/data/dataset3/testcase1/source-model.epml,,unknown,,unknown,
src/main/resources/data/dataset3/testcase1/source-model.epml,,unknown,,unknown,
src/main/resources/data/dataset3/testcase1/source-model.epml,,unknown,,unknown,
src/main/resources/data/dataset3/testcase1/source-model.epml,,unknown,,unknown,
src/main/resources/data/dataset3/testcase1/source-model.epml,,unknown,,unknown,
src/main/resources/data/dataset3/testcase1/source-model.epml,,unknown,,unknown,
src/main/resources/data/dataset3/testcase1/source-model.epml,,unknown,,unknown,
src/main/resources/data/dataset3/testcase1/source-model.epml,,unknown,,unknown,
src/main/resources/data/dataset3/testcase1/source-model.epml,,unknown,,unknown,
src/main/resources/data/dataset3/testcase1/source-model.epml,,unknown,,unknown,
src/main/resources/data/dataset3/testcase1/source-model.epml,,unknown,,unknown,
src/main/resources/data/dataset3/testcase1/source-model.epml,,unknown,,unknown,
src/main/resources/data/dataset3/testcase1/source-model.epml,,unknown,,unknown,
src/main/resources/data/dataset3/testcase1/source-model.epml,,unknown,,unknown,
src/main/resources/data/dataset3/testcase1/source-model.epml,,unknown,,unknown,
src/main/resources/data/dataset3/testcase1/source-model.epml,,unknown,,unknown,
src/main/resources/data/dataset3/testcase1/source-model.epml,,unknown,,unknown,
src/main/resources/data/dataset3/testcase1/source-model.epml,,unknown,,unknown,
src/main/resources/data/dataset3/testcase1/source-model.epml,,unknown,,unknown,
src/main/resources/data/dataset3/testcase1/source-model.epml,,unknown,,unknown,
src/main/resources/data/dataset3/testcase1/source-model.epml,,unknown,,unknown,
src/main/resources/data/dataset3/testcase1/source-model.epml,,unknown,,unknown,
src/main/resources/data/dataset3/testcase1/source-model.epml,,unknown,,unknown,
src/main/resources/data/dataset3/testcase1/source-model.epml,,unknown,,unknown,
src/main/resources/data/dataset3/testcase1/target-model.epml,,unknown,,unknown,
src/main/resources/data/dataset3/testcase1/target-model.epml,,unknown,,unknown,
src/main/resources/data/dataset3/testcase1/target-model.epml,,unknown,,unknown,
src/main/resources/data/dataset3/testcase1/target-model.epml,,unknown,,unknown,
src/main/resources/data/dataset3/testcase1/target-model.epml,,unknown,,unknown,
src/main/resources/data/dataset3/testcase1/target-model.epml,,unknown,,unknown,
src/main/resources/data/dataset3/testcase1/target-model.epml,,unknown,,unknown,
src/main/resources/data/dataset3/testcase1/target-model.epml,,unknown,,unknown,
src/main/resources/data/dataset3/testcase1/target-model.epml,,unknown,,unknown,
src/main/resources/data/dataset3/testcase1/target-model.epml,,unknown,,unknown,
src/main/resources/data/dataset3/testcase1/target-model.epml,,unknown,,unknown,
src/main/resources/data/dataset3/testcase1/target-model.epml,,unknown,,unknown,
src/main/resources/data/dataset3/testcase1/target-model.epml,,unknown,,unknown,
src/main/resources/data/dataset3/testcase1/target-model.epml,,unknown,,unknown,
src/main/resources/data/dataset3/testcase1/target-model.epml,,unknown,,unknown,
src/main/resources/data/dataset3/testcase1/target-model.epml,,unknown,,unknown,
src/main/resources/data/dataset3/testcase1/target-model.epml,,unknown,,unknown,
src/main/resources/data/dataset3/testcase1/target-model.epml,,unknown,,unknown,
src/main/resources/data/dataset3/testcase1/target-model.epml,,unknown,,unknown,
src/main/resources/data/dataset3/testcase1/target-model.epml,,unknown,,unknown,
src/main/resources/data/dataset3/testcase1/target-model.epml,,unknown,,unknown,
src/main/resources/data/dataset3/testcase1/target-model.epml,,unknown,,unknown,
src/main/resources/data/dataset3/testcase1/target-model.epml,,unknown,,unknown,
src/main/resources/data/dataset3/testcase1/target-model.epml,,unknown,,unknown,
src/main/resources/data/dataset3/testcase1/target-model.epml,,unknown,,unknown,
src/main/resources/data/dataset3/testcase1/target-model.epml,,unknown,,unknown,
src/main/resources/data/dataset3/testcase1/target-model.epml,,unknown,,unknown,
src/main/resources/data/dataset3/testcase1/target-model.epml,,unknown,,unknown,
src/main/resources/data/dataset3/testcase1/target-model.epml,,unknown,,unknown,
src/main/resources/data/dataset3/testcase1/target-model.epml,,unknown,,unknown,
src/main/resources/data/dataset3/testcase1/target-model.epml,,unknown,,unknown,
src/main/resources/data/dataset3/testcase1/target-model.epml,,unknown,,unknown,
src/main/resources/data/dataset3/testcase1/target-model.epml,,unknown,,unknown,
src/main/resources/data/dataset3/testcase1/target-model.epml,,unknown,,unknown,
src/main/resources/data/dataset3/testcase1/target-model.epml,,unknown,,unknown,
src/main/resources/data/dataset3/testcase1/target-model.epml,,unknown,,unknown,
src/main/resources/data/dataset3/testcase1/target-model.epml,,unknown,,unknown,
src/main/resources/data/dataset3/testcase1/target-model.epml,,unknown,,unknown,
src/main/resources/data/dataset3/testcase1/target-model.epml,,unknown,,unknown,
src/main/resources/data/dataset3/testcase1/target-model.epml,,unknown,,unknown,
src/main/resources/data/dataset3/testcase1/target-model.epml,,unknown,,unknown,
src/main/resources/data/dataset3/testcase1/target-model.epml,,unknown,,unknown,
src/main/resources/data/dataset3/testcase1/target-model.epml,,unknown,,unknown,
src/main/resources/data/dataset3/testcase1/target-model.epml,,unknown,,unknown,
src/main/resources/data/dataset3/testcase1/target-model.epml,,unknown,,unknown,
src/main/resources/data/dataset3/testcase1/target-model.epml,,unknown,,unknown,
src/main/resources/data/dataset3/testcase1/target-model.epml,,unknown,,unknown,
src/main/resources/data/dataset3/testcase1/target-model.epml,,unknown,,unknown,
src/main/resources/data/dataset3/testcase1/target-model.epml,,unknown,,unknown,
src/main/resources/data/dataset3/testcase1/target-model.epml,,unknown,,unknown,
src/main/resources/data/dataset3/testcase1/target-model.epml,,unknown,,unknown,
src/main/resources/data/dataset3/testcase1/target-model.epml,,unknown,,unknown,
src/main/resources/data/dataset3/testcase1/target-model.epml,,unknown,,unknown,
src/main/resources/data/dataset3/testcase1/target-model.epml,,unknown,,unknown,
src/main/resources/data/dataset3/testcase1/target-model.epml,,unknown,,unknown,
src/main/resources/data/dataset3/testcase1/target-model.epml,,unknown,,unknown,
src/main/resources/data/dataset3/testcase1/target-model.epml,,unknown,,unknown,
src/main/resources/data/dataset3/testcase1/target-model.epml,,unknown,,unknown,
src/main/resources/data/dataset3/testcase1/target-model.epml,,unknown,,unknown,
src/main/resources/data/dataset3/testcase1/target-model.epml,,unknown,,unknown,
src/main/resources/data/dataset3/testcase1/target-model.epml,,unknown,,unknown,
src/main/resources/data/dataset3/testcase1/target-model.epml,,unknown,,unknown,
src/main/resources/data/dataset3/testcase1/target-model.epml,,unknown,,unknown,
src/main/resources/data/dataset3/testcase1/target-model.epml,,unknown,,unknown,
src/main/resources/data/dataset3/testcase1/target-model.epml,,unknown,,unknown,
src/main/resources/data/dataset3/testcase1/target-model.epml,,unknown,,unknown,
src/main/resources/data/dataset3/testcase1/target-model.epml,,unknown,,unknown,
src/main/resources/data/dataset3/testcase1/target-model.epml,,unknown,,unknown,
src/main/resources/data/dataset3/testcase1/target-model.epml,,unknown,,unknown,
src/main/resources/data/dataset3/testcase1/target-model.epml,,unknown,,unknown,
src/main/resources/data/dataset3/testcase1/target-model.epml,,unknown,,unknown,
src/main/resources/data/dataset3/testcase1/target-model.epml,,unknown,,unknown,
src/main/resources/data/dataset3/testcase1/target-model.epml,,unknown,,unknown,
src/main/resources/data/dataset3/testcase1/target-model.epml,,unknown,,unknown,
src/main/resources/data/dataset3/testcase1/target-model.epml,,unknown,,unknown,
src/main/resources/data/dataset3/testcase1/target-model.epml,,unknown,,unknown,
src/main/resources/data/dataset3/testcase1/target-model.epml,,unknown,,unknown,
src/main/resources/data/dataset3/testcase1/target-model.epml,,unknown,,unknown,
src/main/resources/data/dataset3/testcase1/target-model.epml,,unknown,,unknown,
src/main/resources/data/dataset3/testcase1/target-model.epml,,unknown,,unknown,
src/main/resources/data/dataset3/testcase1/target-model.epml,,unknown,,unknown,
src/main/resources/data/dataset3/testcase1/target-model.epml,,unknown,,unknown,
src/main/resources/data/dataset3/testcase1/target-model.epml,,unknown,,unknown,
src/main/resources/data/dataset3/testcase1/target-model.epml,,unknown,,unknown,
src/main/resources/data/dataset3/testcase10/source-model.epml,,unknown,,unknown,
src/main/resources/data/dataset3/testcase10/source-model.epml,,unknown,,unknown,
src/main/resources/data/dataset3/testcase10/source-model.epml,,unknown,,unknown,
src/main/resources/data/dataset3/testcase10/source-model.epml,,unknown,,unknown,
src/main/resources/data/dataset3/testcase10/source-model.epml,,unknown,,unknown,
src/main/resources/data/dataset3/testcase10/source-model.epml,,unknown,,unknown,
src/main/resources/data/dataset3/testcase10/source-model.epml,,unknown,,unknown,
src/main/resources/data/dataset3/testcase10/source-model.epml,,unknown,,unknown,
src/main/resources/data/dataset3/testcase10/target-model.epml,,unknown,,unknown,
src/main/resources/data/dataset3/testcase10/target-model.epml,,unknown,,unknown,
src/main/resources/data/dataset3/testcase10/target-model.epml,,unknown,,unknown,
src/main/resources/data/dataset3/testcase10/target-model.epml,,unknown,,unknown,
src/main/resources/data/dataset3/testcase10/target-model.epml,,unknown,,unknown,
src/main/resources/data/dataset3/testcase10/target-model.epml,,unknown,,unknown,
src/main/resources/data/dataset3/testcase10/target-model.epml,,unknown,,unknown,
src/main/resources/data/dataset3/testcase10/target-model.epml,,unknown,,unknown,
src/main/resources/data/dataset3/testcase10/target-model.epml,,unknown,,unknown,
src/main/resources/data/dataset3/testcase10/target-model.epml,,unknown,,unknown,
src/main/resources/data/dataset3/testcase10/target-model.epml,,unknown,,unknown,
src/main/resources/data/dataset3/testcase10/target-model.epml,,unknown,,unknown,
src/main/resources/data/dataset3/testcase10/target-model.epml,,unknown,,unknown,
src/main/resources/data/dataset3/testcase10/target-model.epml,,unknown,,unknown,
src/main/resources/data/dataset3/testcase10/target-model.epml,,unknown,,unknown,
src/main/resources/data/dataset3/testcase10/target-model.epml,,unknown,,unknown,
src/main/resources/data/dataset3/testcase10/target-model.epml,,unknown,,unknown,
src/main/resources/data/dataset3/testcase10/target-model.epml,,unknown,,unknown,
src/main/resources/data/dataset3/testcase10/target-model.epml,,unknown,,unknown,
src/main/resources/data/dataset3/testcase10/target-model.epml,,unknown,,unknown,
src/main/resources/data/dataset3/testcase10/target-model.epml,,unknown,,unknown,
src/main/resources/data/dataset3/testcase10/target-model.epml,,unknown,,unknown,
src/main/resources/data/dataset3/testcase10/target-model.epml,,unknown,,unknown,
src/main/resources/data/dataset3/testcase10/target-model.epml,,unknown,,unknown,
src/main/resources/data/dataset3/testcase10/target-model.epml,,unknown,,unknown,
src/main/resources/data/dataset3/testcase10/target-model.epml,,unknown,,unknown,
src/main/resources/data/dataset3/testcase10/target-model.epml,,unknown,,unknown,
src/main/resources/data/dataset3/testcase10/target-model.epml,,unknown,,unknown,
src/main/resources/data/dataset3/testcase10/target-model.epml,,unknown,,unknown,
src/main/resources/data/dataset3/testcase10/target-model.epml,,unknown,,unknown,
src/main/resources/data/dataset3/testcase10/target-model.epml,,unknown,,unknown,
src/main/resources/data/dataset3/testcase10/target-model.epml,,unknown,,unknown,
src/main/resources/data/dataset3/testcase10/target-model.epml,,unknown,,unknown,
src/main/resources/data/dataset3/testcase10/target-model.epml,,unknown,,unknown,
src/main/resources/data/dataset3/testcase10/target-model.epml,,unknown,,unknown,
src/main/resources/data/dataset3/testcase10/target-model.epml,,unknown,,unknown,
src/main/resources/data/dataset3/testcase10/target-model.epml,,unknown,,unknown,
src/main/resources/data/dataset3/testcase10/target-model.epml,,unknown,,unknown,
src/main/resources/data/dataset3/testcase10/target-model.epml,,unknown,,unknown,
src/main/resources/data/dataset3/testcase10/target-model.epml,,unknown,,unknown,
src/main/resources/data/dataset3/testcase10/target-model.epml,,unknown,,unknown,
src/main/resources/data/dataset3/testcase10/target-model.epml,,unknown,,unknown,
src/main/resources/data/dataset3/testcase10/target-model.epml,,unknown,,unknown,
src/main/resources/data/dataset3/testcase10/target-model.epml,,unknown,,unknown,
src/main/resources/data/dataset3/testcase10/target-model.epml,,unknown,,unknown,
src/main/resources/data/dataset3/testcase10/target-model.epml,,unknown,,unknown,
src/main/resources/data/dataset3/testcase10/target-model.epml,,unknown,,unknown,
src/main/resources/data/dataset3/testcase10/target-model.epml,,unknown,,unknown,
src/main/resources/data/dataset3/testcase10/target-model.epml,,unknown,,unknown,
src/main/resources/data/dataset3/testcase10/target-model.epml,,unknown,,unknown,
src/main/resources/data/dataset3/testcase10/target-model.epml,,unknown,,unknown,
src/main/resources/data/dataset3/testcase10/target-model.epml,,unknown,,unknown,
src/main/resources/data/dataset3/testcase10/target-model.epml,,unknown,,unknown,
src/main/resources/data/dataset3/testcase10/target-model.epml,,unknown,,unknown,
src/main/resources/data/dataset3/testcase10/target-model.epml,,unknown,,unknown,
src/main/resources/data/dataset3/testcase10/target-model.epml,,unknown,,unknown,
src/main/resources/data/dataset3/testcase10/target-model.epml,,unknown,,unknown,
src/main/resources/data/dataset3/testcase10/target-model.epml,,unknown,,unknown,
src/main/resources/data/dataset3/testcase10/target-model.epml,,unknown,,unknown,
src/main/resources/data/dataset3/testcase10/target-model.epml,,unknown,,unknown,
src/main/resources/data/dataset3/testcase10/target-model.epml,,unknown,,unknown,
src/main/resources/data/dataset3/testcase10/target-model.epml,,unknown,,unknown,
src/main/resources/data/dataset3/testcase10/target-model.epml,,unknown,,unknown,
src/main/resources/data/dataset3/testcase10/target-model.epml,,unknown,,unknown,
src/main/resources/data/dataset3/testcase10/target-model.epml,,unknown,,unknown,
src/main/resources/data/dataset3/testcase10/target-model.epml,,unknown,,unknown,
src/main/resources/data/dataset3/testcase10/target-model.epml,,unknown,,unknown,
src/main/resources/data/dataset3/testcase10/target-model.epml,,unknown,,unknown,
src/main/resources/data/dataset3/testcase10/target-model.epml,,unknown,,unknown,
src/main/resources/data/dataset3/testcase10/target-model.epml,,unknown,,unknown,
src/main/resources/data/dataset3/testcase10/target-model.epml,,unknown,,unknown,
src/main/resources/data/dataset3/testcase10/target-model.epml,,unknown,,unknown,
src/main/resources/data/dataset3/testcase11/source-model.epml,,unknown,,unknown,
src/main/resources/data/dataset3/testcase11/source-model.epml,,unknown,,unknown,
src/main/resources/data/dataset3/testcase11/source-model.epml,,unknown,,unknown,
src/main/resources/data/dataset3/testcase11/source-model.epml,,unknown,,unknown,
src/main/resources/data/dataset3/testcase11/source-model.epml,,unknown,,unknown,
src/main/resources/data/dataset3/testcase11/source-model.epml,,unknown,,unknown,
src/main/resources/data/dataset3/testcase11/source-model.epml,,unknown,,unknown,
src/main/resources/data/dataset3/testcase11/source-model.epml,,unknown,,unknown,
src/main/resources/data/dataset3/testcase11/target-model.epml,,unknown,,unknown,
src/main/resources/data/dataset3/testcase11/target-model.epml,,unknown,,unknown,
src/main/resources/data/dataset3/testcase11/target-model.epml,,unknown,,unknown,
src/main/resources/data/dataset3/testcase11/target-model.epml,,unknown,,unknown,
src/main/resources/data/dataset3/testcase11/target-model.epml,,unknown,,unknown,
src/main/resources/data/dataset3/testcase11/target-model.epml,,unknown,,unknown,
src/main/resources/data/dataset3/testcase11/target-model.epml,,unknown,,unknown,
src/main/resources/data/dataset3/testcase11/target-model.epml,,unknown,,unknown,
src/main/resources/data/dataset3/testcase11/target-model.epml,,unknown,,unknown,
src/main/resources/data/dataset3/testcase11/target-model.epml,,unknown,,unknown,
src/main/resources/data/dataset3/testcase11/target-model.epml,,unknown,,unknown,
src/main/resources/data/dataset3/testcase11/target-model.epml,,unknown,,unknown,
src/main/resources/data/dataset3/testcase11/target-model.epml,,unknown,,unknown,
src/main/resources/data/dataset3/testcase11/target-model.epml,,unknown,,unknown,
src/main/resources/data/dataset3/testcase11/target-model.epml,,unknown,,unknown,
src/main/resources/data/dataset3/testcase11/target-model.epml,,unknown,,unknown,
src/main/resources/data/dataset3/testcase11/target-model.epml,,unknown,,unknown,
src/main/resources/data/dataset3/testcase11/target-model.epml,,unknown,,unknown,
src/main/resources/data/dataset3/testcase11/target-model.epml,,unknown,,unknown,
src/main/resources/data/dataset3/testcase11/target-model.epml,,unknown,,unknown,
src/main/resources/data/dataset3/testcase11/target-model.epml,,unknown,,unknown,
src/main/resources/data/dataset3/testcase11/target-model.epml,,unknown,,unknown,
src/main/resources/data/dataset3/testcase11/target-model.epml,,unknown,,unknown,
src/main/resources/data/dataset3/testcase11/target-model.epml,,unknown,,unknown,
src/main/resources/data/dataset3/testcase11/target-model.epml,,unknown,,unknown,
src/main/resources/data/dataset3/testcase11/target-model.epml,,unknown,,unknown,
src/main/resources/data/dataset3/testcase11/target-model.epml,,unknown,,unknown,
src/main/resources/data/dataset3/testcase11/target-model.epml,,unknown,,unknown,
src/main/resources/data/dataset3/testcase11/target-model.epml,,unknown,,unknown,
src/main/resources/data/dataset3/testcase11/target-model.epml,,unknown,,unknown,
src/main/resources/data/dataset3/testcase11/target-model.epml,,unknown,,unknown,
src/main/resources/data/dataset3/testcase11/target-model.epml,,unknown,,unknown,
src/main/resources/data/dataset3/testcase11/target-model.epml,,unknown,,unknown,
src/main/resources/data/dataset3/testcase11/target-model.epml,,unknown,,unknown,
src/main/resources/data/dataset3/testcase11/target-model.epml,,unknown,,unknown,
src/main/resources/data/dataset3/testcase11/target-model.epml,,unknown,,unknown,
src/main/resources/data/dataset3/testcase11/target-model.epml,,unknown,,unknown,
src/main/resources/data/dataset3/testcase11/target-model.epml,,unknown,,unknown,
src/main/resources/data/dataset3/testcase11/target-model.epml,,unknown,,unknown,
src/main/resources/data/dataset3/testcase11/target-model.epml,,unknown,,unknown,
src/main/resources/data/dataset3/testcase11/target-model.epml,,unknown,,unknown,
src/main/resources/data/dataset3/testcase11/target-model.epml,,unknown,,unknown,
src/main/resources/data/dataset3/testcase11/target-model.epml,,unknown,,unknown,
src/main/resources/data/dataset3/testcase11/target-model.epml,,unknown,,unknown,
src/main/resources/data/dataset3/testcase11/target-model.epml,,unknown,,unknown,
src/main/resources/data/dataset3/testcase11/target-model.epml,,unknown,,unknown,
src/main/resources/data/dataset3/testcase11/target-model.epml,,unknown,,unknown,
src/main/resources/data/dataset3/testcase11/target-model.epml,,unknown,,unknown,
src/main/resources/data/dataset3/testcase11/target-model.epml,,unknown,,unknown,
src/main/resources/data/dataset3/testcase11/target-model.epml,,unknown,,unknown,
src/main/resources/data/dataset3/testcase11/target-model.epml,,unknown,,unknown,
src/main/resources/data/dataset3/testcase11/target-model.epml,,unknown,,unknown,
src/main/resources/data/dataset3/testcase11/target-model.epml,,unknown,,unknown,
src/main/resources/data/dataset3/testcase11/target-model.epml,,unknown,,unknown,
src/main/resources/data/dataset3/testcase11/target-model.epml,,unknown,,unknown,
src/main/resources/data/dataset3/testcase11/target-model.epml,,unknown,,unknown,
src/main/resources/data/dataset3/testcase11/target-model.epml,,unknown,,unknown,
src/main/resources/data/dataset3/testcase11/target-model.epml,,unknown,,unknown,
src/main/resources/data/dataset3/testcase11/target-model.epml,,unknown,,unknown,
src/main/resources/data/dataset3/testcase11/target-model.epml,,unknown,,unknown,
src/main/resources/data/dataset3/testcase11/target-model.epml,,unknown,,unknown,
src/main/resources/data/dataset3/testcase11/target-model.epml,,unknown,,unknown,
src/main/resources/data/dataset3/testcase11/target-model.epml,,unknown,,unknown,
src/main/resources/data/dataset3/testcase11/target-model.epml,,unknown,,unknown,
src/main/resources/data/dataset3/testcase11/target-model.epml,,unknown,,unknown,
src/main/resources/data/dataset3/testcase11/target-model.epml,,unknown,,unknown,
src/main/resources/data/dataset3/testcase11/target-model.epml,,unknown,,unknown,
src/main/resources/data/dataset3/testcase11/target-model.epml,,unknown,,unknown,
src/main/resources/data/dataset3/testcase11/target-model.epml,,unknown,,unknown,
src/main/resources/data/dataset3/testcase11/target-model.epml,,unknown,,unknown,
src/main/resources/data/dataset3/testcase11/target-model.epml,,unknown,,unknown,
src/main/resources/data/dataset3/testcase11/target-model.epml,,unknown,,unknown,
src/main/resources/data/dataset3/testcase11/target-model.epml,,unknown,,unknown,
src/main/resources/data/dataset3/testcase11/target-model.epml,,unknown,,unknown,
src/main/resources/data/dataset3/testcase11/target-model.epml,,unknown,,unknown,
src/main/resources/data/dataset3/testcase11/target-model.epml,,unknown,,unknown,
src/main/resources/data/dataset3/testcase11/target-model.epml,,unknown,,unknown,
src/main/resources/data/dataset3/testcase11/target-model.epml,,unknown,,unknown,
src/main/resources/data/dataset3/testcase11/target-model.epml,,unknown,,unknown,
src/main/resources/data/dataset3/testcase11/target-model.epml,,unknown,,unknown,
src/main/resources/data/dataset3/testcase11/target-model.epml,,unknown,,unknown,
src/main/resources/data/dataset3/testcase11/target-model.epml,,unknown,,unknown,
src/main/resources/data/dataset3/testcase11/target-model.epml,,unknown,,unknown,
src/main/resources/data/dataset3/testcase11/target-model.epml,,unknown,,unknown,
src/main/resources/data/dataset3/testcase11/target-model.epml,,unknown,,unknown,
src/main/resources/data/dataset3/testcase11/target-model.epml,,unknown,,unknown,
src/main/resources/data/dataset3/testcase11/target-model.epml,,unknown,,unknown,
src/main/resources/data/dataset3/testcase11/target-model.epml,,unknown,,unknown,
src/main/resources/data/dataset3/testcase11/target-model.epml,,unknown,,unknown,
src/main/resources/data/dataset3/testcase11/target-model.epml,,unknown,,unknown,
src/main/resources/data/dataset3/testcase11/target-model.epml,,unknown,,unknown,
src/main/resources/data/dataset3/testcase11/target-model.epml,,unknown,,unknown,
src/main/resources/data/dataset3/testcase11/target-model.epml,,unknown,,unknown,
src/main/resources/data/dataset3/testcase11/target-model.epml,,unknown,,unknown,
src/main/resources/data/dataset3/testcase11/target-model.epml,,unknown,,unknown,
src/main/resources/data/dataset3/testcase11/target-model.epml,,unknown,,unknown,
src/main/resources/data/dataset3/testcase11/target-model.epml,,unknown,,unknown,
src/main/resources/data/dataset3/testcase11/target-model.epml,,unknown,,unknown,
src/main/resources/data/dataset3/testcase11/target-model.epml,,unknown,,unknown,
src/main/resources/data/dataset3/testcase11/target-model.epml,,unknown,,unknown,
src/main/resources/data/dataset3/testcase11/target-model.epml,,unknown,,unknown,
src/main/resources/data/dataset3/testcase11/target-model.epml,,unknown,,unknown,
src/main/resources/data/dataset3/testcase11/target-model.epml,,unknown,,unknown,
src/main/resources/data/dataset3/testcase11/target-model.epml,,unknown,,unknown,
src/main/resources/data/dataset3/testcase11/target-model.epml,,unknown,,unknown,
src/main/resources/data/dataset3/testcase11/target-model.epml,,unknown,,unknown,
src/main/resources/data/dataset3/testcase11/target-model.epml,,unknown,,unknown,
src/main/resources/data/dataset3/testcase11/target-model.epml,,unknown,,unknown,
src/main/resources/data/dataset3/testcase11/target-model.epml,,unknown,,unknown,
src/main/resources/data/dataset3/testcase11/target-model.epml,,unknown,,unknown,
src/main/resources/data/dataset3/testcase11/target-model.epml,,unknown,,unknown,
src/main/resources/data/dataset3/testcase11/target-model.epml,,unknown,,unknown,
src/main/resources/data/dataset3/testcase11/target-model.epml,,unknown,,unknown,
src/main/resources/data/dataset3/testcase11/target-model.epml,,unknown,,unknown,
src/main/resources/data/dataset3/testcase11/target-model.epml,,unknown,,unknown,
src/main/resources/data/dataset3/testcase11/target-model.epml,,unknown,,unknown,
src/main/resources/data/dataset3/testcase11/target-model.epml,,unknown,,unknown,
src/main/resources/data/dataset3/testcase11/target-model.epml,,unknown,,unknown,
src/main/resources/data/dataset3/testcase11/target-model.epml,,unknown,,unknown,
src/main/resources/data/dataset3/testcase11/target-model.epml,,unknown,,unknown,
src/main/resources/data/dataset3/testcase11/target-model.epml,,unknown,,unknown,
src/main/resources/data/dataset3/testcase11/target-model.epml,,unknown,,unknown,
src/main/resources/data/dataset3/testcase11/target-model.epml,,unknown,,unknown,
src/main/resources/data/dataset3/testcase11/target-model.epml,,unknown,,unknown,
src/main/resources/data/dataset3/testcase11/target-model.epml,,unknown,,unknown,
src/main/resources/data/dataset3/testcase12/source-model.epml,,unknown,,unknown,
src/main/resources/data/dataset3/testcase12/source-model.epml,,unknown,,unknown,
src/main/resources/data/dataset3/testcase12/source-model.epml,,unknown,,unknown,
src/main/resources/data/dataset3/testcase12/source-model.epml,,unknown,,unknown,
src/main/resources/data/dataset3/testcase12/source-model.epml,,unknown,,unknown,
src/main/resources/data/dataset3/testcase12/source-model.epml,,unknown,,unknown,
src/main/resources/data/dataset3/testcase12/source-model.epml,,unknown,,unknown,
src/main/resources/data/dataset3/testcase12/source-model.epml,,unknown,,unknown,
src/main/resources/data/dataset3/testcase12/source-model.epml,,unknown,,unknown,
src/main/resources/data/dataset3/testcase12/source-model.epml,,unknown,,unknown,
src/main/resources/data/dataset3/testcase12/source-model.epml,,unknown,,unknown,
src/main/resources/data/dataset3/testcase12/source-model.epml,,unknown,,unknown,
src/main/resources/data/dataset3/testcase12/source-model.epml,,unknown,,unknown,
src/main/resources/data/dataset3/testcase12/source-model.epml,,unknown,,unknown,
src/main/resources/data/dataset3/testcase12/source-model.epml,,unknown,,unknown,
src/main/resources/data/dataset3/testcase12/source-model.epml,,unknown,,unknown,
src/main/resources/data/dataset3/testcase12/source-model.epml,,unknown,,unknown,
src/main/resources/data/dataset3/testcase12/source-model.epml,,unknown,,unknown,
src/main/resources/data/dataset3/testcase12/source-model.epml,,unknown,,unknown,
src/main/resources/data/dataset3/testcase12/source-model.epml,,unknown,,unknown,
src/main/resources/data/dataset3/testcase12/source-model.epml,,unknown,,unknown,
src/main/resources/data/dataset3/testcase12/source-model.epml,,unknown,,unknown,
src/main/resources/data/dataset3/testcase12/source-model.epml,,unknown,,unknown,
src/main/resources/data/dataset3/testcase12/source-model.epml,,unknown,,unknown,
src/main/resources/data/dataset3/testcase12/source-model.epml,,unknown,,unknown,
src/main/resources/data/dataset3/testcase12/source-model.epml,,unknown,,unknown,
src/main/resources/data/dataset3/testcase12/source-model.epml,,unknown,,unknown,
src/main/resources/data/dataset3/testcase12/source-model.epml,,unknown,,unknown,
src/main/resources/data/dataset3/testcase12/source-model.epml,,unknown,,unknown,
src/main/resources/data/dataset3/testcase12/source-model.epml,,unknown,,unknown,
src/main/resources/data/dataset3/testcase12/source-model.epml,,unknown,,unknown,
src/main/resources/data/dataset3/testcase12/source-model.epml,,unknown,,unknown,
src/main/resources/data/dataset3/testcase12/source-model.epml,,unknown,,unknown,
src/main/resources/data/dataset3/testcase12/source-model.epml,,unknown,,unknown,
src/main/resources/data/dataset3/testcase12/source-model.epml,,unknown,,unknown,
src/main/resources/data/dataset3/testcase12/source-model.epml,,unknown,,unknown,
src/main/resources/data/dataset3/testcase12/source-model.epml,,unknown,,unknown,
src/main/resources/data/dataset3/testcase12/source-model.epml,,unknown,,unknown,
src/main/resources/data/dataset3/testcase12/source-model.epml,,unknown,,unknown,
src/main/resources/data/dataset3/testcase12/target-model.epml,,unknown,,unknown,
src/main/resources/data/dataset3/testcase12/target-model.epml,,unknown,,unknown,
src/main/resources/data/dataset3/testcase12/target-model.epml,,unknown,,unknown,
src/main/resources/data/dataset3/testcase12/target-model.epml,,unknown,,unknown,
src/main/resources/data/dataset3/testcase12/target-model.epml,,unknown,,unknown,
src/main/resources/data/dataset3/testcase12/target-model.epml,,unknown,,unknown,
src/main/resources/data/dataset3/testcase12/target-model.epml,,unknown,,unknown,
src/main/resources/data/dataset3/testcase12/target-model.epml,,unknown,,unknown,
src/main/resources/data/dataset3/testcase12/target-model.epml,,unknown,,unknown,
src/main/resources/data/dataset3/testcase12/target-model.epml,,unknown,,unknown,
src/main/resources/data/dataset3/testcase12/target-model.epml,,unknown,,unknown,
src/main/resources/data/dataset3/testcase12/target-model.epml,,unknown,,unknown,
src/main/resources/data/dataset3/testcase12/target-model.epml,,unknown,,unknown,
src/main/resources/data/dataset3/testcase12/target-model.epml,,unknown,,unknown,
src/main/resources/data/dataset3/testcase12/target-model.epml,,unknown,,unknown,
src/main/resources/data/dataset3/testcase12/target-model.epml,,unknown,,unknown,
src/main/resources/data/dataset3/testcase12/target-model.epml,,unknown,,unknown,
src/main/resources/data/dataset3/testcase12/target-model.epml,,unknown,,unknown,
src/main/resources/data/dataset3/testcase12/target-model.epml,,unknown,,unknown,
src/main/resources/data/dataset3/testcase12/target-model.epml,,unknown,,unknown,
src/main/resources/data/dataset3/testcase12/target-model.epml,,unknown,,unknown,
src/main/resources/data/dataset3/testcase12/target-model.epml,,unknown,,unknown,
src/main/resources/data/dataset3/testcase12/target-model.epml,,unknown,,unknown,
src/main/resources/data/dataset3/testcase12/target-model.epml,,unknown,,unknown,
src/main/resources/data/dataset3/testcase12/target-model.epml,,unknown,,unknown,
src/main/resources/data/dataset3/testcase12/target-model.epml,,unknown,,unknown,
src/main/resources/data/dataset3/testcase12/target-model.epml,,unknown,,unknown,
src/main/resources/data/dataset3/testcase12/target-model.epml,,unknown,,unknown,
src/main/resources/data/dataset3/testcase12/target-model.epml,,unknown,,unknown,
src/main/resources/data/dataset3/testcase12/target-model.epml,,unknown,,unknown,
src/main/resources/data/dataset3/testcase12/target-model.epml,,unknown,,unknown,
src/main/resources/data/dataset3/testcase12/target-model.epml,,unknown,,unknown,
src/main/resources/data/dataset3/testcase12/target-model.epml,,unknown,,unknown,
src/main/resources/data/dataset3/testcase12/target-model.epml,,unknown,,unknown,
src/main/resources/data/dataset3/testcase12/target-model.epml,,unknown,,unknown,
src/main/resources/data/dataset3/testcase12/target-model.epml,,unknown,,unknown,
src/main/resources/data/dataset3/testcase12/target-model.epml,,unknown,,unknown,
src/main/resources/data/dataset3/testcase12/target-model.epml,,unknown,,unknown,
src/main/resources/data/dataset3/testcase12/target-model.epml,,unknown,,unknown,
src/main/resources/data/dataset3/testcase12/target-model.epml,,unknown,,unknown,
src/main/resources/data/dataset3/testcase12/target-model.epml,,unknown,,unknown,
src/main/resources/data/dataset3/testcase12/target-model.epml,,unknown,,unknown,
src/main/resources/data/dataset3/testcase12/target-model.epml,,unknown,,unknown,
src/main/resources/data/dataset3/testcase12/target-model.epml,,unknown,,unknown,
src/main/resources/data/dataset3/testcase12/target-model.epml,,unknown,,unknown,
src/main/resources/data/dataset3/testcase12/target-model.epml,,unknown,,unknown,
src/main/resources/data/dataset3/testcase12/target-model.epml,,unknown,,unknown,
src/main/resources/data/dataset3/testcase12/target-model.epml,,unknown,,unknown,
src/main/resources/data/dataset3/testcase12/target-model.epml,,unknown,,unknown,
src/main/resources/data/dataset3/testcase12/target-model.epml,,unknown,,unknown,
src/main/resources/data/dataset3/testcase12/target-model.epml,,unknown,,unknown,
src/main/resources/data/dataset3/testcase12/target-model.epml,,unknown,,unknown,
src/main/resources/data/dataset3/testcase12/target-model.epml,,unknown,,unknown,
src/main/resources/data/dataset3/testcase12/target-model.epml,,unknown,,unknown,
src/main/resources/data/dataset3/testcase12/target-model.epml,,unknown,,unknown,
src/main/resources/data/dataset3/testcase13/source-model.epml,,unknown,,unknown,
src/main/resources/data/dataset3/testcase13/source-model.epml,,unknown,,unknown,
src/main/resources/data/dataset3/testcase13/source-model.epml,,unknown,,unknown,
src/main/resources/data/dataset3/testcase13/source-model.epml,,unknown,,unknown,
src/main/resources/data/dataset3/testcase13/source-model.epml,,unknown,,unknown,
src/main/resources/data/dataset3/testcase13/source-model.epml,,unknown,,unknown,
src/main/resources/data/dataset3/testcase13/source-model.epml,,unknown,,unknown,
src/main/resources/data/dataset3/testcase13/source-model.epml,,unknown,,unknown,
src/main/resources/data/dataset3/testcase13/source-model.epml,,unknown,,unknown,
src/main/resources/data/dataset3/testcase13/source-model.epml,,unknown,,unknown,
src/main/resources/data/dataset3/testcase13/source-model.epml,,unknown,,unknown,
src/main/resources/data/dataset3/testcase13/source-model.epml,,unknown,,unknown,
src/main/resources/data/dataset3/testcase13/source-model.epml,,unknown,,unknown,
src/main/resources/data/dataset3/testcase13/source-model.epml,,unknown,,unknown,
src/main/resources/data/dataset3/testcase13/source-model.epml,,unknown,,unknown,
src/main/resources/data/dataset3/testcase13/source-model.epml,,unknown,,unknown,
src/main/resources/data/dataset3/testcase13/source-model.epml,,unknown,,unknown,
src/main/resources/data/dataset3/testcase13/source-model.epml,,unknown,,unknown,
src/main/resources/data/dataset3/testcase13/source-model.epml,,unknown,,unknown,
src/main/resources/data/dataset3/testcase13/source-model.epml,,unknown,,unknown,
src/main/resources/data/dataset3/testcase13/source-model.epml,,unknown,,unknown,
src/main/resources/data/dataset3/testcase13/source-model.epml,,unknown,,unknown,
src/main/resources/data/dataset3/testcase13/target-model.epml,,unknown,,unknown,
src/main/resources/data/dataset3/testcase13/target-model.epml,,unknown,,unknown,
src/main/resources/data/dataset3/testcase13/target-model.epml,,unknown,,unknown,
src/main/resources/data/dataset3/testcase13/target-model.epml,,unknown,,unknown,
src/main/resources/data/dataset3/testcase13/target-model.epml,,unknown,,unknown,
src/main/resources/data/dataset3/testcase13/target-model.epml,,unknown,,unknown,
src/main/resources/data/dataset3/testcase13/target-model.epml,,unknown,,unknown,
src/main/resources/data/dataset3/testcase13/target-model.epml,,unknown,,unknown,
src/main/resources/data/dataset3/testcase13/target-model.epml,,unknown,,unknown,
src/main/resources/data/dataset3/testcase13/target-model.epml,,unknown,,unknown,
src/main/resources/data/dataset3/testcase13/target-model.epml,,unknown,,unknown,
src/main/resources/data/dataset3/testcase13/target-model.epml,,unknown,,unknown,
src/main/resources/data/dataset3/testcase13/target-model.epml,,unknown,,unknown,
src/main/resources/data/dataset3/testcase13/target-model.epml,,unknown,,unknown,
src/main/resources/data/dataset3/testcase13/target-model.epml,,unknown,,unknown,
src/main/resources/data/dataset3/testcase13/target-model.epml,,unknown,,unknown,
src/main/resources/data/dataset3/testcase13/target-model.epml,,unknown,,unknown,
src/main/resources/data/dataset3/testcase13/target-model.epml,,unknown,,unknown,
src/main/resources/data/dataset3/testcase13/target-model.epml,,unknown,,unknown,
src/main/resources/data/dataset3/testcase13/target-model.epml,,unknown,,unknown,
src/main/resources/data/dataset3/testcase13/target-model.epml,,unknown,,unknown,
src/main/resources/data/dataset3/testcase13/target-model.epml,,unknown,,unknown,
src/main/resources/data/dataset3/testcase14/source-model.epml,,unknown,,unknown,
src/main/resources/data/dataset3/testcase14/source-model.epml,,unknown,,unknown,
src/main/resources/data/dataset3/testcase14/source-model.epml,,unknown,,unknown,
src/main/resources/data/dataset3/testcase14/source-model.epml,,unknown,,unknown,
src/main/resources/data/dataset3/testcase14/source-model.epml,,unknown,,unknown,
src/main/resources/data/dataset3/testcase14/source-model.epml,,unknown,,unknown,
src/main/resources/data/dataset3/testcase14/source-model.epml,,unknown,,unknown,
src/main/resources/data/dataset3/testcase14/source-model.epml,,unknown,,unknown,
src/main/resources/data/dataset3/testcase14/source-model.epml,,unknown,,unknown,
src/main/resources/data/dataset3/testcase14/source-model.epml,,unknown,,unknown,
src/main/resources/data/dataset3/testcase14/source-model.epml,,unknown,,unknown,
src/main/resources/data/dataset3/testcase14/source-model.epml,,unknown,,unknown,
src/main/resources/data/dataset3/testcase14/source-model.epml,,unknown,,unknown,
src/main/resources/data/dataset3/testcase14/source-model.epml,,unknown,,unknown,
src/main/resources/data/dataset3/testcase14/source-model.epml,,unknown,,unknown,
src/main/resources/data/dataset3/testcase14/source-model.epml,,unknown,,unknown,
src/main/resources/data/dataset3/testcase14/source-model.epml,,unknown,,unknown,
src/main/resources/data/dataset3/testcase14/source-model.epml,,unknown,,unknown,
src/main/resources/data/dataset3/testcase14/source-model.epml,,unknown,,unknown,
src/main/resources/data/dataset3/testcase14/source-model.epml,,unknown,,unknown,
src/main/resources/data/dataset3/testcase14/source-model.epml,,unknown,,unknown,
src/main/resources/data/dataset3/testcase14/source-model.epml,,unknown,,unknown,
src/main/resources/data/dataset3/testcase14/source-model.epml,,unknown,,unknown,
src/main/resources/data/dataset3/testcase14/source-model.epml,,unknown,,unknown,
src/main/resources/data/dataset3/testcase14/source-model.epml,,unknown,,unknown,
src/main/resources/data/dataset3/testcase14/source-model.epml,,unknown,,unknown,
src/main/resources/data/dataset3/testcase14/source-model.epml,,unknown,,unknown,
src/main/resources/data/dataset3/testcase14/source-model.epml,,unknown,,unknown,
src/main/resources/data/dataset3/testcase14/source-model.epml,,unknown,,unknown,
src/main/resources/data/dataset3/testcase14/source-model.epml,,unknown,,unknown,
src/main/resources/data/dataset3/testcase14/source-model.epml,,unknown,,unknown,
src/main/resources/data/dataset3/testcase14/source-model.epml,,unknown,,unknown,
src/main/resources/data/dataset3/testcase14/source-model.epml,,unknown,,unknown,
src/main/resources/data/dataset3/testcase14/source-model.epml,,unknown,,unknown,
src/main/resources/data/dataset3/testcase14/source-model.epml,,unknown,,unknown,
src/main/resources/data/dataset3/testcase14/source-model.epml,,unknown,,unknown,
src/main/resources/data/dataset3/testcase14/source-model.epml,,unknown,,unknown,
src/main/resources/data/dataset3/testcase14/source-model.epml,,unknown,,unknown,
src/main/resources/data/dataset3/testcase14/source-model.epml,,unknown,,unknown,
src/main/resources/data/dataset3/testcase14/source-model.epml,,unknown,,unknown,
src/main/resources/data/dataset3/testcase14/source-model.epml,,unknown,,unknown,
src/main/resources/data/dataset3/testcase14/source-model.epml,,unknown,,unknown,
src/main/resources/data/dataset3/testcase14/source-model.epml,,unknown,,unknown,
src/main/resources/data/dataset3/testcase14/source-model.epml,,unknown,,unknown,
src/main/resources/data/dataset3/testcase14/source-model.epml,,unknown,,unknown,
src/main/resources/data/dataset3/testcase14/source-model.epml,,unknown,,unknown,
src/main/resources/data/dataset3/testcase14/source-model.epml,,unknown,,unknown,
src/main/resources/data/dataset3/testcase14/source-model.epml,,unknown,,unknown,
src/main/resources/data/dataset3/testcase14/source-model.epml,,unknown,,unknown,
src/main/resources/data/dataset3/testcase14/source-model.epml,,unknown,,unknown,
src/main/resources/data/dataset3/testcase14/source-model.epml,,unknown,,unknown,
src/main/resources/data/dataset3/testcase14/source-model.epml,,unknown,,unknown,
src/main/resources/data/dataset3/testcase14/source-model.epml,,unknown,,unknown,
src/main/resources/data/dataset3/testcase14/source-model.epml,,unknown,,unknown,
src/main/resources/data/dataset3/testcase14/source-model.epml,,unknown,,unknown,
src/main/resources/data/dataset3/testcase14/source-model.epml,,unknown,,unknown,
src/main/resources/data/dataset3/testcase14/source-model.epml,,unknown,,unknown,
src/main/resources/data/dataset3/testcase14/source-model.epml,,unknown,,unknown,
src/main/resources/data/dataset3/testcase14/source-model.epml,,unknown,,unknown,
src/main/resources/data/dataset3/testcase14/source-model.epml,,unknown,,unknown,
src/main/resources/data/dataset3/testcase14/source-model.epml,,unknown,,unknown,
src/main/resources/data/dataset3/testcase14/source-model.epml,,unknown,,unknown,
src/main/resources/data/dataset3/testcase14/source-model.epml,,unknown,,unknown,
src/main/resources/data/dataset3/testcase14/source-model.epml,,unknown,,unknown,
src/main/resources/data/dataset3/testcase14/source-model.epml,,unknown,,unknown,
src/main/resources/data/dataset3/testcase14/source-model.epml,,unknown,,unknown,
src/main/resources/data/dataset3/testcase14/source-model.epml,,unknown,,unknown,
src/main/resources/data/dataset3/testcase14/source-model.epml,,unknown,,unknown,
src/main/resources/data/dataset3/testcase14/source-model.epml,,unknown,,unknown,
src/main/resources/data/dataset3/testcase14/source-model.epml,,unknown,,unknown,
src/main/resources/data/dataset3/testcase14/source-model.epml,,unknown,,unknown,
src/main/resources/data/dataset3/testcase14/source-model.epml,,unknown,,unknown,
src/main/resources/data/dataset3/testcase14/target-model.epml,,unknown,,unknown,
src/main/resources/data/dataset3/testcase14/target-model.epml,,unknown,,unknown,
src/main/resources/data/dataset3/testcase14/target-model.epml,,unknown,,unknown,
src/main/resources/data/dataset3/testcase14/target-model.epml,,unknown,,unknown,
src/main/resources/data/dataset3/testcase14/target-model.epml,,unknown,,unknown,
src/main/resources/data/dataset3/testcase14/target-model.epml,,unknown,,unknown,
src/main/resources/data/dataset3/testcase14/target-model.epml,,unknown,,unknown,
src/main/resources/data/dataset3/testcase14/target-model.epml,,unknown,,unknown,
src/main/resources/data/dataset3/testcase14/target-model.epml,,unknown,,unknown,
src/main/resources/data/dataset3/testcase14/target-model.epml,,unknown,,unknown,
src/main/resources/data/dataset3/testcase14/target-model.epml,,unknown,,unknown,
src/main/resources/data/dataset3/testcase14/target-model.epml,,unknown,,unknown,
src/main/resources/data/dataset3/testcase14/target-model.epml,,unknown,,unknown,
src/main/resources/data/dataset3/testcase14/target-model.epml,,unknown,,unknown,
src/main/resources/data/dataset3/testcase14/target-model.epml,,unknown,,unknown,
src/main/resources/data/dataset3/testcase14/target-model.epml,,unknown,,unknown,
src/main/resources/data/dataset3/testcase14/target-model.epml,,unknown,,unknown,
src/main/resources/data/dataset3/testcase14/target-model.epml,,unknown,,unknown,
src/main/resources/data/dataset3/testcase14/target-model.epml,,unknown,,unknown,
src/main/resources/data/dataset3/testcase14/target-model.epml,,unknown,,unknown,
src/main/resources/data/dataset3/testcase14/target-model.epml,,unknown,,unknown,
src/main/resources/data/dataset3/testcase14/target-model.epml,,unknown,,unknown,
src/main/resources/data/dataset3/testcase14/target-model.epml,,unknown,,unknown,
src/main/resources/data/dataset3/testcase14/target-model.epml,,unknown,,unknown,
src/main/resources/data/dataset3/testcase14/target-model.epml,,unknown,,unknown,
src/main/resources/data/dataset3/testcase14/target-model.epml,,unknown,,unknown,
src/main/resources/data/dataset3/testcase14/target-model.epml,,unknown,,unknown,
src/main/resources/data/dataset3/testcase14/target-model.epml,,unknown,,unknown,
src/main/resources/data/dataset3/testcase14/target-model.epml,,unknown,,unknown,
src/main/resources/data/dataset3/testcase14/target-model.epml,,unknown,,unknown,
src/main/resources/data/dataset3/testcase14/target-model.epml,,unknown,,unknown,
src/main/resources/data/dataset3/testcase14/target-model.epml,,unknown,,unknown,
src/main/resources/data/dataset3/testcase14/target-model.epml,,unknown,,unknown,
src/main/resources/data/dataset3/testcase14/target-model.epml,,unknown,,unknown,
src/main/resources/data/dataset3/testcase14/target-model.epml,,unknown,,unknown,
src/main/resources/data/dataset3/testcase14/target-model.epml,,unknown,,unknown,
src/main/resources/data/dataset3/testcase14/target-model.epml,,unknown,,unknown,
src/main/resources/data/dataset3/testcase14/target-model.epml,,unknown,,unknown,
src/main/resources/data/dataset3/testcase14/target-model.epml,,unknown,,unknown,
src/main/resources/data/dataset3/testcase14/target-model.epml,,unknown,,unknown,
src/main/resources/data/dataset3/testcase14/target-model.epml,,unknown,,unknown,
src/main/resources/data/dataset3/testcase14/target-model.epml,,unknown,,unknown,
src/main/resources/data/dataset3/testcase14/target-model.epml,,unknown,,unknown,
src/main/resources/data/dataset3/testcase14/target-model.epml,,unknown,,unknown,
src/main/resources/data/dataset3/testcase14/target-model.epml,,unknown,,unknown,
src/main/resources/data/dataset3/testcase14/target-model.epml,,unknown,,unknown,
src/main/resources/data/dataset3/testcase14/target-model.epml,,unknown,,unknown,
src/main/resources/data/dataset3/testcase14/target-model.epml,,unknown,,unknown,
src/main/resources/data/dataset3/testcase14/target-model.epml,,unknown,,unknown,
src/main/resources/data/dataset3/testcase14/target-model.epml,,unknown,,unknown,
src/main/resources/data/dataset3/testcase14/target-model.epml,,unknown,,unknown,
src/main/resources/data/dataset3/testcase14/target-model.epml,,unknown,,unknown,
src/main/resources/data/dataset3/testcase15/source-model.epml,,unknown,,unknown,
src/main/resources/data/dataset3/testcase15/source-model.epml,,unknown,,unknown,
src/main/resources/data/dataset3/testcase15/source-model.epml,,unknown,,unknown,
src/main/resources/data/dataset3/testcase15/source-model.epml,,unknown,,unknown,
src/main/resources/data/dataset3/testcase15/source-model.epml,,unknown,,unknown,
src/main/resources/data/dataset3/testcase15/source-model.epml,,unknown,,unknown,
src/main/resources/data/dataset3/testcase15/source-model.epml,,unknown,,unknown,
src/main/resources/data/dataset3/testcase15/source-model.epml,,unknown,,unknown,
src/main/resources/data/dataset3/testcase15/source-model.epml,,unknown,,unknown,
src/main/resources/data/dataset3/testcase15/source-model.epml,,unknown,,unknown,
src/main/resources/data/dataset3/testcase15/target-model.epml,,unknown,,unknown,
src/main/resources/data/dataset3/testcase15/target-model.epml,,unknown,,unknown,
src/main/resources/data/dataset3/testcase15/target-model.epml,,unknown,,unknown,
src/main/resources/data/dataset3/testcase15/target-model.epml,,unknown,,unknown,
src/main/resources/data/dataset3/testcase15/target-model.epml,,unknown,,unknown,
src/main/resources/data/dataset3/testcase15/target-model.epml,,unknown,,unknown,
src/main/resources/data/dataset3/testcase15/target-model.epml,,unknown,,unknown,
src/main/resources/data/dataset3/testcase15/target-model.epml,,unknown,,unknown,
src/main/resources/data/dataset3/testcase15/target-model.epml,,unknown,,unknown,
src/main/resources/data/dataset3/testcase15/target-model.epml,,unknown,,unknown,
src/main/resources/data/dataset3/testcase15/target-model.epml,,unknown,,unknown,
src/main/resources/data/dataset3/testcase15/target-model.epml,,unknown,,unknown,
src/main/resources/data/dataset3/testcase15/target-model.epml,,unknown,,unknown,
src/main/resources/data/dataset3/testcase15/target-model.epml,,unknown,,unknown,
src/main/resources/data/dataset3/testcase15/target-model.epml,,unknown,,unknown,
src/main/resources/data/dataset3/testcase15/target-model.epml,,unknown,,unknown,
src/main/resources/data/dataset3/testcase15/target-model.epml,,unknown,,unknown,
src/main/resources/data/dataset3/testcase15/target-model.epml,,unknown,,unknown,
src/main/resources/data/dataset3/testcase15/target-model.epml,,unknown,,unknown,
src/main/resources/data/dataset3/testcase15/target-model.epml,,unknown,,unknown,
src/main/resources/data/dataset3/testcase15/target-model.epml,,unknown,,unknown,
src/main/resources/data/dataset3/testcase15/target-model.epml,,unknown,,unknown,
src/main/resources/data/dataset3/testcase15/target-model.epml,,unknown,,unknown,
src/main/resources/data/dataset3/testcase15/target-model.epml,,unknown,,unknown,
src/main/resources/data/dataset3/testcase16/source-model.epml,,unknown,,unknown,
src/main/resources/data/dataset3/testcase16/source-model.epml,,unknown,,unknown,
src/main/resources/data/dataset3/testcase16/source-model.epml,,unknown,,unknown,
src/main/resources/data/dataset3/testcase16/source-model.epml,,unknown,,unknown,
src/main/resources/data/dataset3/testcase16/source-model.epml,,unknown,,unknown,
src/main/resources/data/dataset3/testcase16/source-model.epml,,unknown,,unknown,
src/main/resources/data/dataset3/testcase16/source-model.epml,,unknown,,unknown,
src/main/resources/data/dataset3/testcase16/source-model.epml,,unknown,,unknown,
src/main/resources/data/dataset3/testcase16/source-model.epml,,unknown,,unknown,
src/main/resources/data/dataset3/testcase16/source-model.epml,,unknown,,unknown,
src/main/resources/data/dataset3/testcase16/source-model.epml,,unknown,,unknown,
src/main/resources/data/dataset3/testcase16/source-model.epml,,unknown,,unknown,
src/main/resources/data/dataset3/testcase16/source-model.epml,,unknown,,unknown,
src/main/resources/data/dataset3/testcase16/source-model.epml,,unknown,,unknown,
src/main/resources/data/dataset3/testcase16/source-model.epml,,unknown,,unknown,
src/main/resources/data/dataset3/testcase16/source-model.epml,,unknown,,unknown,
src/main/resources/data/dataset3/testcase16/source-model.epml,,unknown,,unknown,
src/main/resources/data/dataset3/testcase16/source-model.epml,,unknown,,unknown,
src/main/resources/data/dataset3/testcase16/source-model.epml,,unknown,,unknown,
src/main/resources/data/dataset3/testcase16/source-model.epml,,unknown,,unknown,
src/main/resources/data/dataset3/testcase16/source-model.epml,,unknown,,unknown,
src/main/resources/data/dataset3/testcase16/source-model.epml,,unknown,,unknown,
src/main/resources/data/dataset3/testcase16/source-model.epml,,unknown,,unknown,
src/main/resources/data/dataset3/testcase16/source-model.epml,,unknown,,unknown,
src/main/resources/data/dataset3/testcase16/source-model.epml,,unknown,,unknown,
src/main/resources/data/dataset3/testcase16/target-model.epml,,unknown,,unknown,
src/main/resources/data/dataset3/testcase16/target-model.epml,,unknown,,unknown,
src/main/resources/data/dataset3/testcase16/target-model.epml,,unknown,,unknown,
src/main/resources/data/dataset3/testcase16/target-model.epml,,unknown,,unknown,
src/main/resources/data/dataset3/testcase16/target-model.epml,,unknown,,unknown,
src/main/resources/data/dataset3/testcase16/target-model.epml,,unknown,,unknown,
src/main/resources/data/dataset3/testcase16/target-model.epml,,unknown,,unknown,
src/main/resources/data/dataset3/testcase16/target-model.epml,,unknown,,unknown,
src/main/resources/data/dataset3/testcase16/target-model.epml,,unknown,,unknown,
src/main/resources/data/dataset3/testcase16/target-model.epml,,unknown,,unknown,
src/main/resources/data/dataset3/testcase16/target-model.epml,,unknown,,unknown,
src/main/resources/data/dataset3/testcase16/target-model.epml,,unknown,,unknown,
src/main/resources/data/dataset3/testcase16/target-model.epml,,unknown,,unknown,
src/main/resources/data/dataset3/testcase16/target-model.epml,,unknown,,unknown,
src/main/resources/data/dataset3/testcase16/target-model.epml,,unknown,,unknown,
src/main/resources/data/dataset3/testcase16/target-model.epml,,unknown,,unknown,
src/main/resources/data/dataset3/testcase16/target-model.epml,,unknown,,unknown,
src/main/resources/data/dataset3/testcase16/target-model.epml,,unknown,,unknown,
src/main/resources/data/dataset3/testcase16/target-model.epml,,unknown,,unknown,
src/main/resources/data/dataset3/testcase16/target-model.epml,,unknown,,unknown,
src/main/resources/data/dataset3/testcase16/target-model.epml,,unknown,,unknown,
src/main/resources/data/dataset3/testcase16/target-model.epml,,unknown,,unknown,
src/main/resources/data/dataset3/testcase17/source-model.epml,,unknown,,unknown,
src/main/resources/data/dataset3/testcase17/source-model.epml,,unknown,,unknown,
src/main/resources/data/dataset3/testcase17/source-model.epml,,unknown,,unknown,
src/main/resources/data/dataset3/testcase17/source-model.epml,,unknown,,unknown,
src/main/resources/data/dataset3/testcase17/target-model.epml,,unknown,,unknown,
src/main/resources/data/dataset3/testcase17/target-model.epml,,unknown,,unknown,
src/main/resources/data/dataset3/testcase17/target-model.epml,,unknown,,unknown,
src/main/resources/data/dataset3/testcase17/target-model.epml,,unknown,,unknown,
src/main/resources/data/dataset3/testcase17/target-model.epml,,unknown,,unknown,
src/main/resources/data/dataset3/testcase17/target-model.epml,,unknown,,unknown,
src/main/resources/data/dataset3/testcase17/target-model.epml,,unknown,,unknown,
src/main/resources/data/dataset3/testcase17/target-model.epml,,unknown,,unknown,
src/main/resources/data/dataset3/testcase17/target-model.epml,,unknown,,unknown,
src/main/resources/data/dataset3/testcase17/target-model.epml,,unknown,,unknown,
src/main/resources/data/dataset3/testcase17/target-model.epml,,unknown,,unknown,
src/main/resources/data/dataset3/testcase17/target-model.epml,,unknown,,unknown,
src/main/resources/data/dataset3/testcase17/target-model.epml,,unknown,,unknown,
src/main/resources/data/dataset3/testcase17/target-model.epml,,unknown,,unknown,
src/main/resources/data/dataset3/testcase17/target-model.epml,,unknown,,unknown,
src/main/resources/data/dataset3/testcase17/target-model.epml,,unknown,,unknown,
src/main/resources/data/dataset3/testcase17/target-model.epml,,unknown,,unknown,
src/main/resources/data/dataset3/testcase17/target-model.epml,,unknown,,unknown,
src/main/resources/data/dataset3/testcase17/target-model.epml,,unknown,,unknown,
src/main/resources/data/dataset3/testcase17/target-model.epml,,unknown,,unknown,
src/main/resources/data/dataset3/testcase17/target-model.epml,,unknown,,unknown,
src/main/resources/data/dataset3/testcase17/target-model.epml,,unknown,,unknown,
src/main/resources/data/dataset3/testcase17/target-model.epml,,unknown,,unknown,
src/main/resources/data/dataset3/testcase17/target-model.epml,,unknown,,unknown,
src/main/resources/data/dataset3/testcase17/target-model.epml,,unknown,,unknown,
src/main/resources/data/dataset3/testcase17/target-model.epml,,unknown,,unknown,
src/main/resources/data/dataset3/testcase17/target-model.epml,,unknown,,unknown,
src/main/resources/data/dataset3/testcase17/target-model.epml,,unknown,,unknown,
src/main/resources/data/dataset3/testcase17/target-model.epml,,unknown,,unknown,
src/main/resources/data/dataset3/testcase17/target-model.epml,,unknown,,unknown,
src/main/resources/data/dataset3/testcase17/target-model.epml,,unknown,,unknown,
src/main/resources/data/dataset3/testcase17/target-model.epml,,unknown,,unknown,
src/main/resources/data/dataset3/testcase17/target-model.epml,,unknown,,unknown,
src/main/resources/data/dataset3/testcase17/target-model.epml,,unknown,,unknown,
src/main/resources/data/dataset3/testcase17/target-model.epml,,unknown,,unknown,
src/main/resources/data/dataset3/testcase17/target-model.epml,,unknown,,unknown,
src/main/resources/data/dataset3/testcase17/target-model.epml,,unknown,,unknown,
src/main/resources/data/dataset3/testcase18/source-model.epml,,unknown,,unknown,
src/main/resources/data/dataset3/testcase18/source-model.epml,,unknown,,unknown,
src/main/resources/data/dataset3/testcase18/source-model.epml,,unknown,,unknown,
src/main/resources/data/dataset3/testcase18/source-model.epml,,unknown,,unknown,
src/main/resources/data/dataset3/testcase18/source-model.epml,,unknown,,unknown,
src/main/resources/data/dataset3/testcase18/source-model.epml,,unknown,,unknown,
src/main/resources/data/dataset3/testcase18/source-model.epml,,unknown,,unknown,
src/main/resources/data/dataset3/testcase18/source-model.epml,,unknown,,unknown,
src/main/resources/data/dataset3/testcase18/source-model.epml,,unknown,,unknown,
src/main/resources/data/dataset3/testcase18/source-model.epml,,unknown,,unknown,
src/main/resources/data/dataset3/testcase18/source-model.epml,,unknown,,unknown,
src/main/resources/data/dataset3/testcase18/source-model.epml,,unknown,,unknown,
src/main/resources/data/dataset3/testcase18/source-model.epml,,unknown,,unknown,
src/main/resources/data/dataset3/testcase18/source-model.epml,,unknown,,unknown,
src/main/resources/data/dataset3/testcase18/source-model.epml,,unknown,,unknown,
src/main/resources/data/dataset3/testcase18/source-model.epml,,unknown,,unknown,
src/main/resources/data/dataset3/testcase18/target-model.epml,,unknown,,unknown,
src/main/resources/data/dataset3/testcase18/target-model.epml,,unknown,,unknown,
src/main/resources/data/dataset3/testcase18/target-model.epml,,unknown,,unknown,
src/main/resources/data/dataset3/testcase18/target-model.epml,,unknown,,unknown,
src/main/resources/data/dataset3/testcase18/target-model.epml,,unknown,,unknown,
src/main/resources/data/dataset3/testcase18/target-model.epml,,unknown,,unknown,
src/main/resources/data/dataset3/testcase18/target-model.epml,,unknown,,unknown,
src/main/resources/data/dataset3/testcase18/target-model.epml,,unknown,,unknown,
src/main/resources/data/dataset3/testcase18/target-model.epml,,unknown,,unknown,
src/main/resources/data/dataset3/testcase18/target-model.epml,,unknown,,unknown,
src/main/resources/data/dataset3/testcase18/target-model.epml,,unknown,,unknown,
src/main/resources/data/dataset3/testcase18/target-model.epml,,unknown,,unknown,
src/main/resources/data/dataset3/testcase18/target-model.epml,,unknown,,unknown,
src/main/resources/data/dataset3/testcase18/target-model.epml,,unknown,,unknown,
src/main/resources/data/dataset3/testcase18/target-model.epml,,unknown,,unknown,
src/main/resources/data/dataset3/testcase18/target-model.epml,,unknown,,unknown,
src/main/resources/data/dataset3/testcase18/target-model.epml,,unknown,,unknown,
src/main/resources/data/dataset3/testcase18/target-model.epml,,unknown,,unknown,
src/main/resources/data/dataset3/testcase18/target-model.epml,,unknown,,unknown,
src/main/resources/data/dataset3/testcase18/target-model.epml,,unknown,,unknown,
src/main/resources/data/dataset3/testcase18/target-model.epml,,unknown,,unknown,
src/main/resources/data/dataset3/testcase18/target-model.epml,,unknown,,unknown,
src/main/resources/data/dataset3/testcase18/target-model.epml,,unknown,,unknown,
src/main/resources/data/dataset3/testcase18/target-model.epml,,unknown,,unknown,
src/main/resources/data/dataset3/testcase18/target-model.epml,,unknown,,unknown,
src/main/resources/data/dataset3/testcase18/target-model.epml,,unknown,,unknown,
src/main/resources/data/dataset3/testcase18/target-model.epml,,unknown,,unknown,
src/main/resources/data/dataset3/testcase18/target-model.epml,,unknown,,unknown,
src/main/resources/data/dataset3/testcase18/target-model.epml,,unknown,,unknown,
src/main/resources/data/dataset3/testcase18/target-model.epml,,unknown,,unknown,
src/main/resources/data/dataset3/testcase18/target-model.epml,,unknown,,unknown,
src/main/resources/data/dataset3/testcase18/target-model.epml,,unknown,,unknown,
src/main/resources/data/dataset3/testcase18/target-model.epml,,unknown,,unknown,
src/main/resources/data/dataset3/testcase18/target-model.epml,,unknown,,unknown,
src/main/resources/data/dataset3/testcase18/target-model.epml,,unknown,,unknown,
src/main/resources/data/dataset3/testcase18/target-model.epml,,unknown,,unknown,
src/main/resources/data/dataset3/testcase18/target-model.epml,,unknown,,unknown,
src/main/resources/data/dataset3/testcase18/target-model.epml,,unknown,,unknown,
src/main/resources/data/dataset3/testcase18/target-model.epml,,unknown,,unknown,
src/main/resources/data/dataset3/testcase18/target-model.epml,,unknown,,unknown,
src/main/resources/data/dataset3/testcase18/target-model.epml,,unknown,,unknown,
src/main/resources/data/dataset3/testcase18/target-model.epml,,unknown,,unknown,
src/main/resources/data/dataset3/testcase18/target-model.epml,,unknown,,unknown,
src/main/resources/data/dataset3/testcase18/target-model.epml,,unknown,,unknown,
src/main/resources/data/dataset3/testcase18/target-model.epml,,unknown,,unknown,
src/main/resources/data/dataset3/testcase18/target-model.epml,,unknown,,unknown,
src/main/resources/data/dataset3/testcase18/target-model.epml,,unknown,,unknown,
src/main/resources/data/dataset3/testcase18/target-model.epml,,unknown,,unknown,
src/main/resources/data/dataset3/testcase18/target-model.epml,,unknown,,unknown,
src/main/resources/data/dataset3/testcase18/target-model.epml,,unknown,,unknown,
src/main/resources/data/dataset3/testcase18/target-model.epml,,unknown,,unknown,
src/main/resources/data/dataset3/testcase18/target-model.epml,,unknown,,unknown,
src/main/resources/data/dataset3/testcase18/target-model.epml,,unknown,,unknown,
src/main/resources/data/dataset3/testcase18/target-model.epml,,unknown,,unknown,
src/main/resources/data/dataset3/testcase18/target-model.epml,,unknown,,unknown,
src/main/resources/data/dataset3/testcase18/target-model.epml,,unknown,,unknown,
src/main/resources/data/dataset3/testcase18/target-model.epml,,unknown,,unknown,
src/main/resources/data/dataset3/testcase18/target-model.epml,,unknown,,unknown,
src/main/resources/data/dataset3/testcase18/target-model.epml,,unknown,,unknown,
src/main/resources/data/dataset3/testcase18/target-model.epml,,unknown,,unknown,
src/main/resources/data/dataset3/testcase19/source-model.epml,,unknown,,unknown,
src/main/resources/data/dataset3/testcase19/source-model.epml,,unknown,,unknown,
src/main/resources/data/dataset3/testcase19/source-model.epml,,unknown,,unknown,
src/main/resources/data/dataset3/testcase19/source-model.epml,,unknown,,unknown,
src/main/resources/data/dataset3/testcase19/source-model.epml,,unknown,,unknown,
src/main/resources/data/dataset3/testcase19/source-model.epml,,unknown,,unknown,
src/main/resources/data/dataset3/testcase19/source-model.epml,,unknown,,unknown,
src/main/resources/data/dataset3/testcase19/source-model.epml,,unknown,,unknown,
src/main/resources/data/dataset3/testcase19/source-model.epml,,unknown,,unknown,
src/main/resources/data/dataset3/testcase19/source-model.epml,,unknown,,unknown,
src/main/resources/data/dataset3/testcase19/source-model.epml,,unknown,,unknown,
src/main/resources/data/dataset3/testcase19/source-model.epml,,unknown,,unknown,
src/main/resources/data/dataset3/testcase19/source-model.epml,,unknown,,unknown,
src/main/resources/data/dataset3/testcase19/source-model.epml,,unknown,,unknown,
src/main/resources/data/dataset3/testcase19/source-model.epml,,unknown,,unknown,
src/main/resources/data/dataset3/testcase19/source-model.epml,,unknown,,unknown,
src/main/resources/data/dataset3/testcase19/source-model.epml,,unknown,,unknown,
src/main/resources/data/dataset3/testcase19/source-model.epml,,unknown,,unknown,
src/main/resources/data/dataset3/testcase19/source-model.epml,,unknown,,unknown,
src/main/resources/data/dataset3/testcase19/source-model.epml,,unknown,,unknown,
src/main/resources/data/dataset3/testcase19/source-model.epml,,unknown,,unknown,
src/main/resources/data/dataset3/testcase19/source-model.epml,,unknown,,unknown,
src/main/resources/data/dataset3/testcase19/source-model.epml,,unknown,,unknown,
src/main/resources/data/dataset3/testcase19/source-model.epml,,unknown,,unknown,
src/main/resources/data/dataset3/testcase19/source-model.epml,,unknown,,unknown,
src/main/resources/data/dataset3/testcase19/source-model.epml,,unknown,,unknown,
src/main/resources/data/dataset3/testcase19/source-model.epml,,unknown,,unknown,
src/main/resources/data/dataset3/testcase19/source-model.epml,,unknown,,unknown,
src/main/resources/data/dataset3/testcase19/source-model.epml,,unknown,,unknown,
src/main/resources/data/dataset3/testcase19/target-model.epml,,unknown,,unknown,
src/main/resources/data/dataset3/testcase19/target-model.epml,,unknown,,unknown,
src/main/resources/data/dataset3/testcase19/target-model.epml,,unknown,,unknown,
src/main/resources/data/dataset3/testcase19/target-model.epml,,unknown,,unknown,
src/main/resources/data/dataset3/testcase19/target-model.epml,,unknown,,unknown,
src/main/resources/data/dataset3/testcase19/target-model.epml,,unknown,,unknown,
src/main/resources/data/dataset3/testcase19/target-model.epml,,unknown,,unknown,
src/main/resources/data/dataset3/testcase19/target-model.epml,,unknown,,unknown,
src/main/resources/data/dataset3/testcase19/target-model.epml,,unknown,,unknown,
src/main/resources/data/dataset3/testcase19/target-model.epml,,unknown,,unknown,
src/main/resources/data/dataset3/testcase19/target-model.epml,,unknown,,unknown,
src/main/resources/data/dataset3/testcase19/target-model.epml,,unknown,,unknown,
src/main/resources/data/dataset3/testcase19/target-model.epml,,unknown,,unknown,
src/main/resources/data/dataset3/testcase19/target-model.epml,,unknown,,unknown,
src/main/resources/data/dataset3/testcase19/target-model.epml,,unknown,,unknown,
src/main/resources/data/dataset3/testcase19/target-model.epml,,unknown,,unknown,
src/main/resources/data/dataset3/testcase19/target-model.epml,,unknown,,unknown,
src/main/resources/data/dataset3/testcase19/target-model.epml,,unknown,,unknown,
src/main/resources/data/dataset3/testcase19/target-model.epml,,unknown,,unknown,
src/main/resources/data/dataset3/testcase19/target-model.epml,,unknown,,unknown,
src/main/resources/data/dataset3/testcase19/target-model.epml,,unknown,,unknown,
src/main/resources/data/dataset3/testcase19/target-model.epml,,unknown,,unknown,
src/main/resources/data/dataset3/testcase19/target-model.epml,,unknown,,unknown,
src/main/resources/data/dataset3/testcase19/target-model.epml,,unknown,,unknown,
src/main/resources/data/dataset3/testcase19/target-model.epml,,unknown,,unknown,
src/main/resources/data/dataset3/testcase19/target-model.epml,,unknown,,unknown,
src/main/resources/data/dataset3/testcase19/target-model.epml,,unknown,,unknown,
src/main/resources/data/dataset3/testcase19/target-model.epml,,unknown,,unknown,
src/main/resources/data/dataset3/testcase19/target-model.epml,,unknown,,unknown,
src/main/resources/data/dataset3/testcase2/source-model.epml,,unknown,,unknown,
src/main/resources/data/dataset3/testcase2/source-model.epml,,unknown,,unknown,
src/main/resources/data/dataset3/testcase2/source-model.epml,,unknown,,unknown,
src/main/resources/data/dataset3/testcase2/source-model.epml,,unknown,,unknown,
src/main/resources/data/dataset3/testcase2/source-model.epml,,unknown,,unknown,
src/main/resources/data/dataset3/testcase2/source-model.epml,,unknown,,unknown,
src/main/resources/data/dataset3/testcase2/source-model.epml,,unknown,,unknown,
src/main/resources/data/dataset3/testcase2/source-model.epml,,unknown,,unknown,
src/main/resources/data/dataset3/testcase2/source-model.epml,,unknown,,unknown,
src/main/resources/data/dataset3/testcase2/source-model.epml,,unknown,,unknown,
src/main/resources/data/dataset3/testcase2/source-model.epml,,unknown,,unknown,
src/main/resources/data/dataset3/testcase2/source-model.epml,,unknown,,unknown,
src/main/resources/data/dataset3/testcase2/source-model.epml,,unknown,,unknown,
src/main/resources/data/dataset3/testcase2/source-model.epml,,unknown,,unknown,
src/main/resources/data/dataset3/testcase2/target-model.epml,,unknown,,unknown,
src/main/resources/data/dataset3/testcase2/target-model.epml,,unknown,,unknown,
src/main/resources/data/dataset3/testcase2/target-model.epml,,unknown,,unknown,
src/main/resources/data/dataset3/testcase2/target-model.epml,,unknown,,unknown,
src/main/resources/data/dataset3/testcase2/target-model.epml,,unknown,,unknown,
src/main/resources/data/dataset3/testcase2/target-model.epml,,unknown,,unknown,
src/main/resources/data/dataset3/testcase2/target-model.epml,,unknown,,unknown,
src/main/resources/data/dataset3/testcase2/target-model.epml,,unknown,,unknown,
src/main/resources/data/dataset3/testcase20/source-model.epml,,unknown,,unknown,
src/main/resources/data/dataset3/testcase20/source-model.epml,,unknown,,unknown,
src/main/resources/data/dataset3/testcase20/source-model.epml,,unknown,,unknown,
src/main/resources/data/dataset3/testcase20/source-model.epml,,unknown,,unknown,
src/main/resources/data/dataset3/testcase20/source-model.epml,,unknown,,unknown,
src/main/resources/data/dataset3/testcase20/source-model.epml,,unknown,,unknown,
src/main/resources/data/dataset3/testcase20/source-model.epml,,unknown,,unknown,
src/main/resources/data/dataset3/testcase20/source-model.epml,,unknown,,unknown,
src/main/resources/data/dataset3/testcase20/source-model.epml,,unknown,,unknown,
src/main/resources/data/dataset3/testcase20/source-model.epml,,unknown,,unknown,
src/main/resources/data/dataset3/testcase20/target-model.epml,,unknown,,unknown,
src/main/resources/data/dataset3/testcase20/target-model.epml,,unknown,,unknown,
src/main/resources/data/dataset3/testcase20/target-model.epml,,unknown,,unknown,
src/main/resources/data/dataset3/testcase20/target-model.epml,,unknown,,unknown,
src/main/resources/data/dataset3/testcase20/target-model.epml,,unknown,,unknown,
src/main/resources/data/dataset3/testcase20/target-model.epml,,unknown,,unknown,
src/main/resources/data/dataset3/testcase20/target-model.epml,,unknown,,unknown,
src/main/resources/data/dataset3/testcase20/target-model.epml,,unknown,,unknown,
src/main/resources/data/dataset3/testcase20/target-model.epml,,unknown,,unknown,
src/main/resources/data/dataset3/testcase20/target-model.epml,,unknown,,unknown,
src/main/resources/data/dataset3/testcase20/target-model.epml,,unknown,,unknown,
src/main/resources/data/dataset3/testcase20/target-model.epml,,unknown,,unknown,
src/main/resources/data/dataset3/testcase20/target-model.epml,,unknown,,unknown,
src/main/resources/data/dataset3/testcase20/target-model.epml,,unknown,,unknown,
src/main/resources/data/dataset3/testcase20/target-model.epml,,unknown,,unknown,
src/main/resources/data/dataset3/testcase20/target-model.epml,,unknown,,unknown,
src/main/resources/data/dataset3/testcase20/target-model.epml,,unknown,,unknown,
src/main/resources/data/dataset3/testcase20/target-model.epml,,unknown,,unknown,
src/main/resources/data/dataset3/testcase21/source-model.epml,,unknown,,unknown,
src/main/resources/data/dataset3/testcase21/source-model.epml,,unknown,,unknown,
src/main/resources/data/dataset3/testcase21/source-model.epml,,unknown,,unknown,
src/main/resources/data/dataset3/testcase21/source-model.epml,,unknown,,unknown,
src/main/resources/data/dataset3/testcase21/source-model.epml,,unknown,,unknown,
src/main/resources/data/dataset3/testcase21/source-model.epml,,unknown,,unknown,
src/main/resources/data/dataset3/testcase21/source-model.epml,,unknown,,unknown,
src/main/resources/data/dataset3/testcase21/source-model.epml,,unknown,,unknown,
src/main/resources/data/dataset3/testcase21/source-model.epml,,unknown,,unknown,
src/main/resources/data/dataset3/testcase21/source-model.epml,,unknown,,unknown,
src/main/resources/data/dataset3/testcase21/target-model.epml,,unknown,,unknown,
src/main/resources/data/dataset3/testcase21/target-model.epml,,unknown,,unknown,
src/main/resources/data/dataset3/testcase21/target-model.epml,,unknown,,unknown,
src/main/resources/data/dataset3/testcase21/target-model.epml,,unknown,,unknown,
src/main/resources/data/dataset3/testcase21/target-model.epml,,unknown,,unknown,
src/main/resources/data/dataset3/testcase21/target-model.epml,,unknown,,unknown,
src/main/resources/data/dataset3/testcase21/target-model.epml,,unknown,,unknown,
src/main/resources/data/dataset3/testcase21/target-model.epml,,unknown,,unknown,
src/main/resources/data/dataset3/testcase21/target-model.epml,,unknown,,unknown,
src/main/resources/data/dataset3/testcase21/target-model.epml,,unknown,,unknown,
src/main/resources/data/dataset3/testcase21/target-model.epml,,unknown,,unknown,
src/main/resources/data/dataset3/testcase21/target-model.epml,,unknown,,unknown,
src/main/resources/data/dataset3/testcase21/target-model.epml,,unknown,,unknown,
src/main/resources/data/dataset3/testcase21/target-model.epml,,unknown,,unknown,
src/main/resources/data/dataset3/testcase21/target-model.epml,,unknown,,unknown,
src/main/resources/data/dataset3/testcase21/target-model.epml,,unknown,,unknown,
src/main/resources/data/dataset3/testcase21/target-model.epml,,unknown,,unknown,
src/main/resources/data/dataset3/testcase21/target-model.epml,,unknown,,unknown,
src/main/resources/data/dataset3/testcase21/target-model.epml,,unknown,,unknown,
src/main/resources/data/dataset3/testcase21/target-model.epml,,unknown,,unknown,
src/main/resources/data/dataset3/testcase21/target-model.epml,,unknown,,unknown,
src/main/resources/data/dataset3/testcase21/target-model.epml,,unknown,,unknown,
src/main/resources/data/dataset3/testcase21/target-model.epml,,unknown,,unknown,
src/main/resources/data/dataset3/testcase21/target-model.epml,,unknown,,unknown,
src/main/resources/data/dataset3/testcase21/target-model.epml,,unknown,,unknown,
src/main/resources/data/dataset3/testcase21/target-model.epml,,unknown,,unknown,
src/main/resources/data/dataset3/testcase21/target-model.epml,,unknown,,unknown,
src/main/resources/data/dataset3/testcase21/target-model.epml,,unknown,,unknown,
src/main/resources/data/dataset3/testcase21/target-model.epml,,unknown,,unknown,
src/main/resources/data/dataset3/testcase21/target-model.epml,,unknown,,unknown,
src/main/resources/data/dataset3/testcase21/target-model.epml,,unknown,,unknown,
src/main/resources/data/dataset3/testcase21/target-model.epml,,unknown,,unknown,
src/main/resources/data/dataset3/testcase21/target-model.epml,,unknown,,unknown,
src/main/resources/data/dataset3/testcase21/target-model.epml,,unknown,,unknown,
src/main/resources/data/dataset3/testcase21/target-model.epml,,unknown,,unknown,
src/main/resources/data/dataset3/testcase21/target-model.epml,,unknown,,unknown,
src/main/resources/data/dataset3/testcase21/target-model.epml,,unknown,,unknown,
src/main/resources/data/dataset3/testcase21/target-model.epml,,unknown,,unknown,
src/main/resources/data/dataset3/testcase22/source-model.epml,,unknown,,unknown,
src/main/resources/data/dataset3/testcase22/source-model.epml,,unknown,,unknown,
src/main/resources/data/dataset3/testcase22/source-model.epml,,unknown,,unknown,
src/main/resources/data/dataset3/testcase22/source-model.epml,,unknown,,unknown,
src/main/resources/data/dataset3/testcase22/source-model.epml,,unknown,,unknown,
src/main/resources/data/dataset3/testcase22/source-model.epml,,unknown,,unknown,
src/main/resources/data/dataset3/testcase22/source-model.epml,,unknown,,unknown,
src/main/resources/data/dataset3/testcase22/source-model.epml,,unknown,,unknown,
src/main/resources/data/dataset3/testcase22/source-model.epml,,unknown,,unknown,
src/main/resources/data/dataset3/testcase22/source-model.epml,,unknown,,unknown,
src/main/resources/data/dataset3/testcase22/target-model.epml,,unknown,,unknown,
src/main/resources/data/dataset3/testcase22/target-model.epml,,unknown,,unknown,
src/main/resources/data/dataset3/testcase22/target-model.epml,,unknown,,unknown,
src/main/resources/data/dataset3/testcase22/target-model.epml,,unknown,,unknown,
src/main/resources/data/dataset3/testcase22/target-model.epml,,unknown,,unknown,
src/main/resources/data/dataset3/testcase22/target-model.epml,,unknown,,unknown,
src/main/resources/data/dataset3/testcase22/target-model.epml,,unknown,,unknown,
src/main/resources/data/dataset3/testcase22/target-model.epml,,unknown,,unknown,
src/main/resources/data/dataset3/testcase22/target-model.epml,,unknown,,unknown,
src/main/resources/data/dataset3/testcase22/target-model.epml,,unknown,,unknown,
src/main/resources/data/dataset3/testcase22/target-model.epml,,unknown,,unknown,
src/main/resources/data/dataset3/testcase22/target-model.epml,,unknown,,unknown,
src/main/resources/data/dataset3/testcase22/target-model.epml,,unknown,,unknown,
src/main/resources/data/dataset3/testcase22/target-model.epml,,unknown,,unknown,
src/main/resources/data/dataset3/testcase22/target-model.epml,,unknown,,unknown,
src/main/resources/data/dataset3/testcase22/target-model.epml,,unknown,,unknown,
src/main/resources/data/dataset3/testcase22/target-model.epml,,unknown,,unknown,
src/main/resources/data/dataset3/testcase22/target-model.epml,,unknown,,unknown,
src/main/resources/data/dataset3/testcase22/target-model.epml,,unknown,,unknown,
src/main/resources/data/dataset3/testcase22/target-model.epml,,unknown,,unknown,
src/main/resources/data/dataset3/testcase22/target-model.epml,,unknown,,unknown,
src/main/resources/data/dataset3/testcase22/target-model.epml,,unknown,,unknown,
src/main/resources/data/dataset3/testcase22/target-model.epml,,unknown,,unknown,
src/main/resources/data/dataset3/testcase22/target-model.epml,,unknown,,unknown,
src/main/resources/data/dataset3/testcase22/target-model.epml,,unknown,,unknown,
src/main/resources/data/dataset3/testcase22/target-model.epml,,unknown,,unknown,
src/main/resources/data/dataset3/testcase22/target-model.epml,,unknown,,unknown,
src/main/resources/data/dataset3/testcase22/target-model.epml,,unknown,,unknown,
src/main/resources/data/dataset3/testcase22/target-model.epml,,unknown,,unknown,
src/main/resources/data/dataset3/testcase22/target-model.epml,,unknown,,unknown,
src/main/resources/data/dataset3/testcase22/target-model.epml,,unknown,,unknown,
src/main/resources/data/dataset3/testcase22/target-model.epml,,unknown,,unknown,
src/main/resources/data/dataset3/testcase22/target-model.epml,,unknown,,unknown,
src/main/resources/data/dataset3/testcase22/target-model.epml,,unknown,,unknown,
src/main/resources/data/dataset3/testcase22/target-model.epml,,unknown,,unknown,
src/main/resources/data/dataset3/testcase22/target-model.epml,,unknown,,unknown,
src/main/resources/data/dataset3/testcase22/target-model.epml,,unknown,,unknown,
src/main/resources/data/dataset3/testcase22/target-model.epml,,unknown,,unknown,
src/main/resources/data/dataset3/testcase22/target-model.epml,,unknown,,unknown,
src/main/resources/data/dataset3/testcase22/target-model.epml,,unknown,,unknown,
src/main/resources/data/dataset3/testcase22/target-model.epml,,unknown,,unknown,
src/main/resources/data/dataset3/testcase22/target-model.epml,,unknown,,unknown,
src/main/resources/data/dataset3/testcase22/target-model.epml,,unknown,,unknown,
src/main/resources/data/dataset3/testcase22/target-model.epml,,unknown,,unknown,
src/main/resources/data/dataset3/testcase22/target-model.epml,,unknown,,unknown,
src/main/resources/data/dataset3/testcase22/target-model.epml,,unknown,,unknown,
src/main/resources/data/dataset3/testcase22/target-model.epml,,unknown,,unknown,
src/main/resources/data/dataset3/testcase22/target-model.epml,,unknown,,unknown,
src/main/resources/data/dataset3/testcase22/target-model.epml,,unknown,,unknown,
src/main/resources/data/dataset3/testcase22/target-model.epml,,unknown,,unknown,
src/main/resources/data/dataset3/testcase22/target-model.epml,,unknown,,unknown,
src/main/resources/data/dataset3/testcase22/target-model.epml,,unknown,,unknown,
src/main/resources/data/dataset3/testcase22/target-model.epml,,unknown,,unknown,
src/main/resources/data/dataset3/testcase22/target-model.epml,,unknown,,unknown,
src/main/resources/data/dataset3/testcase22/target-model.epml,,unknown,,unknown,
src/main/resources/data/dataset3/testcase22/target-model.epml,,unknown,,unknown,
src/main/resources/data/dataset3/testcase22/target-model.epml,,unknown,,unknown,
src/main/resources/data/dataset3/testcase22/target-model.epml,,unknown,,unknown,
src/main/resources/data/dataset3/testcase22/target-model.epml,,unknown,,unknown,
src/main/resources/data/dataset3/testcase22/target-model.epml,,unknown,,unknown,
src/main/resources/data/dataset3/testcase22/target-model.epml,,unknown,,unknown,
src/main/resources/data/dataset3/testcase22/target-model.epml,,unknown,,unknown,
src/main/resources/data/dataset3/testcase22/target-model.epml,,unknown,,unknown,
src/main/resources/data/dataset3/testcase22/target-model.epml,,unknown,,unknown,
src/main/resources/data/dataset3/testcase22/target-model.epml,,unknown,,unknown,
src/main/resources/data/dataset3/testcase22/target-model.epml,,unknown,,unknown,
src/main/resources/data/dataset3/testcase22/target-model.epml,,unknown,,unknown,
src/main/resources/data/dataset3/testcase22/target-model.epml,,unknown,,unknown,
src/main/resources/data/dataset3/testcase22/target-model.epml,,unknown,,unknown,
src/main/resources/data/dataset3/testcase22/target-model.epml,,unknown,,unknown,
src/main/resources/data/dataset3/testcase22/target-model.epml,,unknown,,unknown,
src/main/resources/data/dataset3/testcase22/target-model.epml,,unknown,,unknown,
src/main/resources/data/dataset3/testcase22/target-model.epml,,unknown,,unknown,
src/main/resources/data/dataset3/testcase22/target-model.epml,,unknown,,unknown,
src/main/resources/data/dataset3/testcase23/source-model.epml,,unknown,,unknown,
src/main/resources/data/dataset3/testcase23/source-model.epml,,unknown,,unknown,
src/main/resources/data/dataset3/testcase23/source-model.epml,,unknown,,unknown,
src/main/resources/data/dataset3/testcase23/source-model.epml,,unknown,,unknown,
src/main/resources/data/dataset3/testcase23/source-model.epml,,unknown,,unknown,
src/main/resources/data/dataset3/testcase23/source-model.epml,,unknown,,unknown,
src/main/resources/data/dataset3/testcase23/source-model.epml,,unknown,,unknown,
src/main/resources/data/dataset3/testcase23/source-model.epml,,unknown,,unknown,
src/main/resources/data/dataset3/testcase23/source-model.epml,,unknown,,unknown,
src/main/resources/data/dataset3/testcase23/source-model.epml,,unknown,,unknown,
src/main/resources/data/dataset3/testcase23/source-model.epml,,unknown,,unknown,
src/main/resources/data/dataset3/testcase23/source-model.epml,,unknown,,unknown,
src/main/resources/data/dataset3/testcase23/source-model.epml,,unknown,,unknown,
src/main/resources/data/dataset3/testcase23/source-model.epml,,unknown,,unknown,
src/main/resources/data/dataset3/testcase23/source-model.epml,,unknown,,unknown,
src/main/resources/data/dataset3/testcase23/source-model.epml,,unknown,,unknown,
src/main/resources/data/dataset3/testcase23/source-model.epml,,unknown,,unknown,
src/main/resources/data/dataset3/testcase23/source-model.epml,,unknown,,unknown,
src/main/resources/data/dataset3/testcase23/source-model.epml,,unknown,,unknown,
src/main/resources/data/dataset3/testcase23/source-model.epml,,unknown,,unknown,
src/main/resources/data/dataset3/testcase23/source-model.epml,,unknown,,unknown,
src/main/resources/data/dataset3/testcase23/source-model.epml,,unknown,,unknown,
src/main/resources/data/dataset3/testcase23/source-model.epml,,unknown,,unknown,
src/main/resources/data/dataset3/testcase23/source-model.epml,,unknown,,unknown,
src/main/resources/data/dataset3/testcase23/source-model.epml,,unknown,,unknown,
src/main/resources/data/dataset3/testcase23/source-model.epml,,unknown,,unknown,
src/main/resources/data/dataset3/testcase23/source-model.epml,,unknown,,unknown,
src/main/resources/data/dataset3/testcase23/source-model.epml,,unknown,,unknown,
src/main/resources/data/dataset3/testcase23/source-model.epml,,unknown,,unknown,
src/main/resources/data/dataset3/testcase23/source-model.epml,,unknown,,unknown,
src/main/resources/data/dataset3/testcase23/source-model.epml,,unknown,,unknown,
src/main/resources/data/dataset3/testcase23/source-model.epml,,unknown,,unknown,
src/main/resources/data/dataset3/testcase23/source-model.epml,,unknown,,unknown,
src/main/resources/data/dataset3/testcase23/source-model.epml,,unknown,,unknown,
src/main/resources/data/dataset3/testcase23/target-model.epml,,unknown,,unknown,
src/main/resources/data/dataset3/testcase23/target-model.epml,,unknown,,unknown,
src/main/resources/data/dataset3/testcase23/target-model.epml,,unknown,,unknown,
src/main/resources/data/dataset3/testcase23/target-model.epml,,unknown,,unknown,
src/main/resources/data/dataset3/testcase23/target-model.epml,,unknown,,unknown,
src/main/resources/data/dataset3/testcase23/target-model.epml,,unknown,,unknown,
src/main/resources/data/dataset3/testcase23/target-model.epml,,unknown,,unknown,
src/main/resources/data/dataset3/testcase23/target-model.epml,,unknown,,unknown,
src/main/resources/data/dataset3/testcase23/target-model.epml,,unknown,,unknown,
src/main/resources/data/dataset3/testcase23/target-model.epml,,unknown,,unknown,
src/main/resources/data/dataset3/testcase23/target-model.epml,,unknown,,unknown,
src/main/resources/data/dataset3/testcase23/target-model.epml,,unknown,,unknown,
src/main/resources/data/dataset3/testcase23/target-model.epml,,unknown,,unknown,
src/main/resources/data/dataset3/testcase23/target-model.epml,,unknown,,unknown,
src/main/resources/data/dataset3/testcase23/target-model.epml,,unknown,,unknown,
src/main/resources/data/dataset3/testcase23/target-model.epml,,unknown,,unknown,
src/main/resources/data/dataset3/testcase23/target-model.epml,,unknown,,unknown,
src/main/resources/data/dataset3/testcase23/target-model.epml,,unknown,,unknown,
src/main/resources/data/dataset3/testcase23/target-model.epml,,unknown,,unknown,
src/main/resources/data/dataset3/testcase23/target-model.epml,,unknown,,unknown,
src/main/resources/data/dataset3/testcase23/target-model.epml,,unknown,,unknown,
src/main/resources/data/dataset3/testcase23/target-model.epml,,unknown,,unknown,
src/main/resources/data/dataset3/testcase24/source-model.epml,,unknown,,unknown,
src/main/resources/data/dataset3/testcase24/source-model.epml,,unknown,,unknown,
src/main/resources/data/dataset3/testcase24/source-model.epml,,unknown,,unknown,
src/main/resources/data/dataset3/testcase24/source-model.epml,,unknown,,unknown,
src/main/resources/data/dataset3/testcase24/source-model.epml,,unknown,,unknown,
src/main/resources/data/dataset3/testcase24/source-model.epml,,unknown,,unknown,
src/main/resources/data/dataset3/testcase24/source-model.epml,,unknown,,unknown,
src/main/resources/data/dataset3/testcase24/source-model.epml,,unknown,,unknown,
src/main/resources/data/dataset3/testcase24/source-model.epml,,unknown,,unknown,
src/main/resources/data/dataset3/testcase24/source-model.epml,,unknown,,unknown,
src/main/resources/data/dataset3/testcase24/source-model.epml,,unknown,,unknown,
src/main/resources/data/dataset3/testcase24/source-model.epml,,unknown,,unknown,
src/main/resources/data/dataset3/testcase24/source-model.epml,,unknown,,unknown,
src/main/resources/data/dataset3/testcase24/source-model.epml,,unknown,,unknown,
src/main/resources/data/dataset3/testcase24/source-model.epml,,unknown,,unknown,
src/main/resources/data/dataset3/testcase24/source-model.epml,,unknown,,unknown,
src/main/resources/data/dataset3/testcase24/source-model.epml,,unknown,,unknown,
src/main/resources/data/dataset3/testcase24/source-model.epml,,unknown,,unknown,
src/main/resources/data/dataset3/testcase24/source-model.epml,,unknown,,unknown,
src/main/resources/data/dataset3/testcase24/source-model.epml,,unknown,,unknown,
src/main/resources/data/dataset3/testcase24/source-model.epml,,unknown,,unknown,
src/main/resources/data/dataset3/testcase24/source-model.epml,,unknown,,unknown,
src/main/resources/data/dataset3/testcase24/source-model.epml,,unknown,,unknown,
src/main/resources/data/dataset3/testcase24/source-model.epml,,unknown,,unknown,
src/main/resources/data/dataset3/testcase24/source-model.epml,,unknown,,unknown,
src/main/resources/data/dataset3/testcase24/source-model.epml,,unknown,,unknown,
src/main/resources/data/dataset3/testcase24/source-model.epml,,unknown,,unknown,
src/main/resources/data/dataset3/testcase24/source-model.epml,,unknown,,unknown,
src/main/resources/data/dataset3/testcase24/source-model.epml,,unknown,,unknown,
src/main/resources/data/dataset3/testcase24/source-model.epml,,unknown,,unknown,
src/main/resources/data/dataset3/testcase24/source-model.epml,,unknown,,unknown,
src/main/resources/data/dataset3/testcase24/source-model.epml,,unknown,,unknown,
src/main/resources/data/dataset3/testcase24/source-model.epml,,unknown,,unknown,
src/main/resources/data/dataset3/testcase24/source-model.epml,,unknown,,unknown,
src/main/resources/data/dataset3/testcase24/source-model.epml,,unknown,,unknown,
src/main/resources/data/dataset3/testcase24/source-model.epml,,unknown,,unknown,
src/main/resources/data/dataset3/testcase24/source-model.epml,,unknown,,unknown,
src/main/resources/data/dataset3/testcase24/source-model.epml,,unknown,,unknown,
src/main/resources/data/dataset3/testcase24/source-model.epml,,unknown,,unknown,
src/main/resources/data/dataset3/testcase24/source-model.epml,,unknown,,unknown,
src/main/resources/data/dataset3/testcase24/source-model.epml,,unknown,,unknown,
src/main/resources/data/dataset3/testcase24/source-model.epml,,unknown,,unknown,
src/main/resources/data/dataset3/testcase24/source-model.epml,,unknown,,unknown,
src/main/resources/data/dataset3/testcase24/source-model.epml,,unknown,,unknown,
src/main/resources/data/dataset3/testcase24/source-model.epml,,unknown,,unknown,
src/main/resources/data/dataset3/testcase24/source-model.epml,,unknown,,unknown,
src/main/resources/data/dataset3/testcase24/source-model.epml,,unknown,,unknown,
src/main/resources/data/dataset3/testcase24/source-model.epml,,unknown,,unknown,
src/main/resources/data/dataset3/testcase24/source-model.epml,,unknown,,unknown,
src/main/resources/data/dataset3/testcase24/source-model.epml,,unknown,,unknown,
src/main/resources/data/dataset3/testcase24/source-model.epml,,unknown,,unknown,
src/main/resources/data/dataset3/testcase24/source-model.epml,,unknown,,unknown,
src/main/resources/data/dataset3/testcase24/source-model.epml,,unknown,,unknown,
src/main/resources/data/dataset3/testcase24/source-model.epml,,unknown,,unknown,
src/main/resources/data/dataset3/testcase24/source-model.epml,,unknown,,unknown,
src/main/resources/data/dataset3/testcase24/source-model.epml,,unknown,,unknown,
src/main/resources/data/dataset3/testcase24/source-model.epml,,unknown,,unknown,
src/main/resources/data/dataset3/testcase24/source-model.epml,,unknown,,unknown,
src/main/resources/data/dataset3/testcase24/source-model.epml,,unknown,,unknown,
src/main/resources/data/dataset3/testcase24/source-model.epml,,unknown,,unknown,
src/main/resources/data/dataset3/testcase24/target-model.epml,,unknown,,unknown,
src/main/resources/data/dataset3/testcase24/target-model.epml,,unknown,,unknown,
src/main/resources/data/dataset3/testcase24/target-model.epml,,unknown,,unknown,
src/main/resources/data/dataset3/testcase24/target-model.epml,,unknown,,unknown,
src/main/resources/data/dataset3/testcase24/target-model.epml,,unknown,,unknown,
src/main/resources/data/dataset3/testcase24/target-model.epml,,unknown,,unknown,
src/main/resources/data/dataset3/testcase24/target-model.epml,,unknown,,unknown,
src/main/resources/data/dataset3/testcase24/target-model.epml,,unknown,,unknown,
src/main/resources/data/dataset3/testcase24/target-model.epml,,unknown,,unknown,
src/main/resources/data/dataset3/testcase24/target-model.epml,,unknown,,unknown,
src/main/resources/data/dataset3/testcase24/target-model.epml,,unknown,,unknown,
src/main/resources/data/dataset3/testcase24/target-model.epml,,unknown,,unknown,
src/main/resources/data/dataset3/testcase24/target-model.epml,,unknown,,unknown,
src/main/resources/data/dataset3/testcase24/target-model.epml,,unknown,,unknown,
src/main/resources/data/dataset3/testcase24/target-model.epml,,unknown,,unknown,
src/main/resources/data/dataset3/testcase24/target-model.epml,,unknown,,unknown,
src/main/resources/data/dataset3/testcase24/target-model.epml,,unknown,,unknown,
src/main/resources/data/dataset3/testcase24/target-model.epml,,unknown,,unknown,
src/main/resources/data/dataset3/testcase24/target-model.epml,,unknown,,unknown,
src/main/resources/data/dataset3/testcase24/target-model.epml,,unknown,,unknown,
src/main/resources/data/dataset3/testcase24/target-model.epml,,unknown,,unknown,
src/main/resources/data/dataset3/testcase24/target-model.epml,,unknown,,unknown,
src/main/resources/data/dataset3/testcase24/target-model.epml,,unknown,,unknown,
src/main/resources/data/dataset3/testcase24/target-model.epml,,unknown,,unknown,
src/main/resources/data/dataset3/testcase24/target-model.epml,,unknown,,unknown,
src/main/resources/data/dataset3/testcase24/target-model.epml,,unknown,,unknown,
src/main/resources/data/dataset3/testcase24/target-model.epml,,unknown,,unknown,
src/main/resources/data/dataset3/testcase24/target-model.epml,,unknown,,unknown,
src/main/resources/data/dataset3/testcase24/target-model.epml,,unknown,,unknown,
src/main/resources/data/dataset3/testcase24/target-model.epml,,unknown,,unknown,
src/main/resources/data/dataset3/testcase24/target-model.epml,,unknown,,unknown,
src/main/resources/data/dataset3/testcase24/target-model.epml,,unknown,,unknown,
src/main/resources/data/dataset3/testcase24/target-model.epml,,unknown,,unknown,
src/main/resources/data/dataset3/testcase24/target-model.epml,,unknown,,unknown,
src/main/resources/data/dataset3/testcase24/target-model.epml,,unknown,,unknown,
src/main/resources/data/dataset3/testcase24/target-model.epml,,unknown,,unknown,
src/main/resources/data/dataset3/testcase24/target-model.epml,,unknown,,unknown,
src/main/resources/data/dataset3/testcase24/target-model.epml,,unknown,,unknown,
src/main/resources/data/dataset3/testcase24/target-model.epml,,unknown,,unknown,
src/main/resources/data/dataset3/testcase24/target-model.epml,,unknown,,unknown,
src/main/resources/data/dataset3/testcase24/target-model.epml,,unknown,,unknown,
src/main/resources/data/dataset3/testcase24/target-model.epml,,unknown,,unknown,
src/main/resources/data/dataset3/testcase24/target-model.epml,,unknown,,unknown,
src/main/resources/data/dataset3/testcase24/target-model.epml,,unknown,,unknown,
src/main/resources/data/dataset3/testcase24/target-model.epml,,unknown,,unknown,
src/main/resources/data/dataset3/testcase24/target-model.epml,,unknown,,unknown,
src/main/resources/data/dataset3/testcase24/target-model.epml,,unknown,,unknown,
src/main/resources/data/dataset3/testcase24/target-model.epml,,unknown,,unknown,
src/main/resources/data/dataset3/testcase24/target-model.epml,,unknown,,unknown,
src/main/resources/data/dataset3/testcase24/target-model.epml,,unknown,,unknown,
src/main/resources/data/dataset3/testcase24/target-model.epml,,unknown,,unknown,
src/main/resources/data/dataset3/testcase24/target-model.epml,,unknown,,unknown,
src/main/resources/data/dataset3/testcase24/target-model.epml,,unknown,,unknown,
src/main/resources/data/dataset3/testcase25/source-model.epml,,unknown,,unknown,
src/main/resources/data/dataset3/testcase25/source-model.epml,,unknown,,unknown,
src/main/resources/data/dataset3/testcase25/source-model.epml,,unknown,,unknown,
src/main/resources/data/dataset3/testcase25/source-model.epml,,unknown,,unknown,
src/main/resources/data/dataset3/testcase25/source-model.epml,,unknown,,unknown,
src/main/resources/data/dataset3/testcase25/source-model.epml,,unknown,,unknown,
src/main/resources/data/dataset3/testcase25/source-model.epml,,unknown,,unknown,
src/main/resources/data/dataset3/testcase25/source-model.epml,,unknown,,unknown,
src/main/resources/data/dataset3/testcase25/source-model.epml,,unknown,,unknown,
src/main/resources/data/dataset3/testcase25/source-model.epml,,unknown,,unknown,
src/main/resources/data/dataset3/testcase25/source-model.epml,,unknown,,unknown,
src/main/resources/data/dataset3/testcase25/source-model.epml,,unknown,,unknown,
src/main/resources/data/dataset3/testcase25/source-model.epml,,unknown,,unknown,
src/main/resources/data/dataset3/testcase25/source-model.epml,,unknown,,unknown,
src/main/resources/data/dataset3/testcase25/source-model.epml,,unknown,,unknown,
src/main/resources/data/dataset3/testcase25/source-model.epml,,unknown,,unknown,
src/main/resources/data/dataset3/testcase25/target-model.epml,,unknown,,unknown,
src/main/resources/data/dataset3/testcase25/target-model.epml,,unknown,,unknown,
src/main/resources/data/dataset3/testcase25/target-model.epml,,unknown,,unknown,
src/main/resources/data/dataset3/testcase25/target-model.epml,,unknown,,unknown,
src/main/resources/data/dataset3/testcase25/target-model.epml,,unknown,,unknown,
src/main/resources/data/dataset3/testcase25/target-model.epml,,unknown,,unknown,
src/main/resources/data/dataset3/testcase25/target-model.epml,,unknown,,unknown,
src/main/resources/data/dataset3/testcase25/target-model.epml,,unknown,,unknown,
src/main/resources/data/dataset3/testcase25/target-model.epml,,unknown,,unknown,
src/main/resources/data/dataset3/testcase25/target-model.epml,,unknown,,unknown,
src/main/resources/data/dataset3/testcase25/target-model.epml,,unknown,,unknown,
src/main/resources/data/dataset3/testcase25/target-model.epml,,unknown,,unknown,
src/main/resources/data/dataset3/testcase26/source-model.epml,,unknown,,unknown,
src/main/resources/data/dataset3/testcase26/source-model.epml,,unknown,,unknown,
src/main/resources/data/dataset3/testcase26/source-model.epml,,unknown,,unknown,
src/main/resources/data/dataset3/testcase26/source-model.epml,,unknown,,unknown,
src/main/resources/data/dataset3/testcase26/source-model.epml,,unknown,,unknown,
src/main/resources/data/dataset3/testcase26/source-model.epml,,unknown,,unknown,
src/main/resources/data/dataset3/testcase26/source-model.epml,,unknown,,unknown,
src/main/resources/data/dataset3/testcase26/source-model.epml,,unknown,,unknown,
src/main/resources/data/dataset3/testcase26/source-model.epml,,unknown,,unknown,
src/main/resources/data/dataset3/testcase26/source-model.epml,,unknown,,unknown,
src/main/resources/data/dataset3/testcase26/source-model.epml,,unknown,,unknown,
src/main/resources/data/dataset3/testcase26/source-model.epml,,unknown,,unknown,
src/main/resources/data/dataset3/testcase26/source-model.epml,,unknown,,unknown,
src/main/resources/data/dataset3/testcase26/source-model.epml,,unknown,,unknown,
src/main/resources/data/dataset3/testcase26/source-model.epml,,unknown,,unknown,
src/main/resources/data/dataset3/testcase26/source-model.epml,,unknown,,unknown,
src/main/resources/data/dataset3/testcase26/source-model.epml,,unknown,,unknown,
src/main/resources/data/dataset3/testcase26/target-model.epml,,unknown,,unknown,
src/main/resources/data/dataset3/testcase26/target-model.epml,,unknown,,unknown,
src/main/resources/data/dataset3/testcase26/target-model.epml,,unknown,,unknown,
src/main/resources/data/dataset3/testcase26/target-model.epml,,unknown,,unknown,
src/main/resources/data/dataset3/testcase26/target-model.epml,,unknown,,unknown,
src/main/resources/data/dataset3/testcase26/target-model.epml,,unknown,,unknown,
src/main/resources/data/dataset3/testcase26/target-model.epml,,unknown,,unknown,
src/main/resources/data/dataset3/testcase26/target-model.epml,,unknown,,unknown,
src/main/resources/data/dataset3/testcase26/target-model.epml,,unknown,,unknown,
src/main/resources/data/dataset3/testcase26/target-model.epml,,unknown,,unknown,
src/main/resources/data/dataset3/testcase26/target-model.epml,,unknown,,unknown,
src/main/resources/data/dataset3/testcase26/target-model.epml,,unknown,,unknown,
src/main/resources/data/dataset3/testcase26/target-model.epml,,unknown,,unknown,
src/main/resources/data/dataset3/testcase26/target-model.epml,,unknown,,unknown,
src/main/resources/data/dataset3/testcase26/target-model.epml,,unknown,,unknown,
src/main/resources/data/dataset3/testcase26/target-model.epml,,unknown,,unknown,
src/main/resources/data/dataset3/testcase26/target-model.epml,,unknown,,unknown,
src/main/resources/data/dataset3/testcase27/source-model.epml,,unknown,,unknown,
src/main/resources/data/dataset3/testcase27/source-model.epml,,unknown,,unknown,
src/main/resources/data/dataset3/testcase27/source-model.epml,,unknown,,unknown,
src/main/resources/data/dataset3/testcase27/source-model.epml,,unknown,,unknown,
src/main/resources/data/dataset3/testcase27/source-model.epml,,unknown,,unknown,
src/main/resources/data/dataset3/testcase27/source-model.epml,,unknown,,unknown,
src/main/resources/data/dataset3/testcase27/source-model.epml,,unknown,,unknown,
src/main/resources/data/dataset3/testcase27/source-model.epml,,unknown,,unknown,
src/main/resources/data/dataset3/testcase27/source-model.epml,,unknown,,unknown,
src/main/resources/data/dataset3/testcase27/source-model.epml,,unknown,,unknown,
src/main/resources/data/dataset3/testcase27/source-model.epml,,unknown,,unknown,
src/main/resources/data/dataset3/testcase27/source-model.epml,,unknown,,unknown,
src/main/resources/data/dataset3/testcase27/source-model.epml,,unknown,,unknown,
src/main/resources/data/dataset3/testcase27/source-model.epml,,unknown,,unknown,
src/main/resources/data/dataset3/testcase27/source-model.epml,,unknown,,unknown,
src/main/resources/data/dataset3/testcase27/source-model.epml,,unknown,,unknown,
src/main/resources/data/dataset3/testcase27/source-model.epml,,unknown,,unknown,
src/main/resources/data/dataset3/testcase27/source-model.epml,,unknown,,unknown,
src/main/resources/data/dataset3/testcase27/source-model.epml,,unknown,,unknown,
src/main/resources/data/dataset3/testcase27/source-model.epml,,unknown,,unknown,
src/main/resources/data/dataset3/testcase27/source-model.epml,,unknown,,unknown,
src/main/resources/data/dataset3/testcase27/source-model.epml,,unknown,,unknown,
src/main/resources/data/dataset3/testcase27/source-model.epml,,unknown,,unknown,
src/main/resources/data/dataset3/testcase27/source-model.epml,,unknown,,unknown,
src/main/resources/data/dataset3/testcase27/target-model.epml,,unknown,,unknown,
src/main/resources/data/dataset3/testcase27/target-model.epml,,unknown,,unknown,
src/main/resources/data/dataset3/testcase27/target-model.epml,,unknown,,unknown,
src/main/resources/data/dataset3/testcase27/target-model.epml,,unknown,,unknown,
src/main/resources/data/dataset3/testcase27/target-model.epml,,unknown,,unknown,
src/main/resources/data/dataset3/testcase27/target-model.epml,,unknown,,unknown,
src/main/resources/data/dataset3/testcase27/target-model.epml,,unknown,,unknown,
src/main/resources/data/dataset3/testcase27/target-model.epml,,unknown,,unknown,
src/main/resources/data/dataset3/testcase27/target-model.epml,,unknown,,unknown,
src/main/resources/data/dataset3/testcase27/target-model.epml,,unknown,,unknown,
src/main/resources/data/dataset3/testcase27/target-model.epml,,unknown,,unknown,
src/main/resources/data/dataset3/testcase27/target-model.epml,,unknown,,unknown,
src/main/resources/data/dataset3/testcase27/target-model.epml,,unknown,,unknown,
src/main/resources/data/dataset3/testcase27/target-model.epml,,unknown,,unknown,
src/main/resources/data/dataset3/testcase27/target-model.epml,,unknown,,unknown,
src/main/resources/data/dataset3/testcase27/target-model.epml,,unknown,,unknown,
src/main/resources/data/dataset3/testcase27/target-model.epml,,unknown,,unknown,
src/main/resources/data/dataset3/testcase27/target-model.epml,,unknown,,unknown,
src/main/resources/data/dataset3/testcase27/target-model.epml,,unknown,,unknown,
src/main/resources/data/dataset3/testcase27/target-model.epml,,unknown,,unknown,
src/main/resources/data/dataset3/testcase27/target-model.epml,,unknown,,unknown,
src/main/resources/data/dataset3/testcase27/target-model.epml,,unknown,,unknown,
src/main/resources/data/dataset3/testcase27/target-model.epml,,unknown,,unknown,
src/main/resources/data/dataset3/testcase27/target-model.epml,,unknown,,unknown,
src/main/resources/data/dataset3/testcase27/target-model.epml,,unknown,,unknown,
src/main/resources/data/dataset3/testcase27/target-model.epml,,unknown,,unknown,
src/main/resources/data/dataset3/testcase27/target-model.epml,,unknown,,unknown,
src/main/resources/data/dataset3/testcase27/target-model.epml,,unknown,,unknown,
src/main/resources/data/dataset3/testcase27/target-model.epml,,unknown,,unknown,
src/main/resources/data/dataset3/testcase28/source-model.epml,,unknown,,unknown,
src/main/resources/data/dataset3/testcase28/source-model.epml,,unknown,,unknown,
src/main/resources/data/dataset3/testcase28/source-model.epml,,unknown,,unknown,
src/main/resources/data/dataset3/testcase28/source-model.epml,,unknown,,unknown,
src/main/resources/data/dataset3/testcase28/source-model.epml,,unknown,,unknown,
src/main/resources/data/dataset3/testcase28/source-model.epml,,unknown,,unknown,
src/main/resources/data/dataset3/testcase28/source-model.epml,,unknown,,unknown,
src/main/resources/data/dataset3/testcase28/source-model.epml,,unknown,,unknown,
src/main/resources/data/dataset3/testcase28/source-model.epml,,unknown,,unknown,
src/main/resources/data/dataset3/testcase28/source-model.epml,,unknown,,unknown,
src/main/resources/data/dataset3/testcase28/source-model.epml,,unknown,,unknown,
src/main/resources/data/dataset3/testcase28/source-model.epml,,unknown,,unknown,
src/main/resources/data/dataset3/testcase28/source-model.epml,,unknown,,unknown,
src/main/resources/data/dataset3/testcase28/source-model.epml,,unknown,,unknown,
src/main/resources/data/dataset3/testcase28/source-model.epml,,unknown,,unknown,
src/main/resources/data/dataset3/testcase28/source-model.epml,,unknown,,unknown,
src/main/resources/data/dataset3/testcase28/source-model.epml,,unknown,,unknown,
src/main/resources/data/dataset3/testcase28/source-model.epml,,unknown,,unknown,
src/main/resources/data/dataset3/testcase28/source-model.epml,,unknown,,unknown,
src/main/resources/data/dataset3/testcase28/source-model.epml,,unknown,,unknown,
src/main/resources/data/dataset3/testcase28/source-model.epml,,unknown,,unknown,
src/main/resources/data/dataset3/testcase28/source-model.epml,,unknown,,unknown,
src/main/resources/data/dataset3/testcase28/target-model.epml,,unknown,,unknown,
src/main/resources/data/dataset3/testcase28/target-model.epml,,unknown,,unknown,
src/main/resources/data/dataset3/testcase28/target-model.epml,,unknown,,unknown,
src/main/resources/data/dataset3/testcase28/target-model.epml,,unknown,,unknown,
src/main/resources/data/dataset3/testcase28/target-model.epml,,unknown,,unknown,
src/main/resources/data/dataset3/testcase28/target-model.epml,,unknown,,unknown,
src/main/resources/data/dataset3/testcase28/target-model.epml,,unknown,,unknown,
src/main/resources/data/dataset3/testcase28/target-model.epml,,unknown,,unknown,
src/main/resources/data/dataset3/testcase28/target-model.epml,,unknown,,unknown,
src/main/resources/data/dataset3/testcase28/target-model.epml,,unknown,,unknown,
src/main/resources/data/dataset3/testcase28/target-model.epml,,unknown,,unknown,
src/main/resources/data/dataset3/testcase28/target-model.epml,,unknown,,unknown,
src/main/resources/data/dataset3/testcase28/target-model.epml,,unknown,,unknown,
src/main/resources/data/dataset3/testcase28/target-model.epml,,unknown,,unknown,
src/main/resources/data/dataset3/testcase28/target-model.epml,,unknown,,unknown,
src/main/resources/data/dataset3/testcase28/target-model.epml,,unknown,,unknown,
src/main/resources/data/dataset3/testcase28/target-model.epml,,unknown,,unknown,
src/main/resources/data/dataset3/testcase28/target-model.epml,,unknown,,unknown,
src/main/resources/data/dataset3/testcase28/target-model.epml,,unknown,,unknown,
src/main/resources/data/dataset3/testcase28/target-model.epml,,unknown,,unknown,
src/main/resources/data/dataset3/testcase29/source-model.epml,,unknown,,unknown,
src/main/resources/data/dataset3/testcase29/source-model.epml,,unknown,,unknown,
src/main/resources/data/dataset3/testcase29/source-model.epml,,unknown,,unknown,
src/main/resources/data/dataset3/testcase29/source-model.epml,,unknown,,unknown,
src/main/resources/data/dataset3/testcase29/source-model.epml,,unknown,,unknown,
src/main/resources/data/dataset3/testcase29/source-model.epml,,unknown,,unknown,
src/main/resources/data/dataset3/testcase29/source-model.epml,,unknown,,unknown,
src/main/resources/data/dataset3/testcase29/source-model.epml,,unknown,,unknown,
src/main/resources/data/dataset3/testcase29/source-model.epml,,unknown,,unknown,
src/main/resources/data/dataset3/testcase29/source-model.epml,,unknown,,unknown,
src/main/resources/data/dataset3/testcase29/source-model.epml,,unknown,,unknown,
src/main/resources/data/dataset3/testcase29/source-model.epml,,unknown,,unknown,
src/main/resources/data/dataset3/testcase29/source-model.epml,,unknown,,unknown,
src/main/resources/data/dataset3/testcase29/source-model.epml,,unknown,,unknown,
src/main/resources/data/dataset3/testcase29/source-model.epml,,unknown,,unknown,
src/main/resources/data/dataset3/testcase29/source-model.epml,,unknown,,unknown,
src/main/resources/data/dataset3/testcase29/source-model.epml,,unknown,,unknown,
src/main/resources/data/dataset3/testcase29/source-model.epml,,unknown,,unknown,
src/main/resources/data/dataset3/testcase29/source-model.epml,,unknown,,unknown,
src/main/resources/data/dataset3/testcase29/source-model.epml,,unknown,,unknown,
src/main/resources/data/dataset3/testcase29/source-model.epml,,unknown,,unknown,
src/main/resources/data/dataset3/testcase29/source-model.epml,,unknown,,unknown,
src/main/resources/data/dataset3/testcase29/source-model.epml,,unknown,,unknown,
src/main/resources/data/dataset3/testcase29/source-model.epml,,unknown,,unknown,
src/main/resources/data/dataset3/testcase29/source-model.epml,,unknown,,unknown,
src/main/resources/data/dataset3/testcase29/source-model.epml,,unknown,,unknown,
src/main/resources/data/dataset3/testcase29/source-model.epml,,unknown,,unknown,
src/main/resources/data/dataset3/testcase29/source-model.epml,,unknown,,unknown,
src/main/resources/data/dataset3/testcase29/source-model.epml,,unknown,,unknown,
src/main/resources/data/dataset3/testcase29/source-model.epml,,unknown,,unknown,
src/main/resources/data/dataset3/testcase29/source-model.epml,,unknown,,unknown,
src/main/resources/data/dataset3/testcase29/source-model.epml,,unknown,,unknown,
src/main/resources/data/dataset3/testcase29/source-model.epml,,unknown,,unknown,
src/main/resources/data/dataset3/testcase29/source-model.epml,,unknown,,unknown,
src/main/resources/data/dataset3/testcase29/source-model.epml,,unknown,,unknown,
src/main/resources/data/dataset3/testcase29/source-model.epml,,unknown,,unknown,
src/main/resources/data/dataset3/testcase29/source-model.epml,,unknown,,unknown,
src/main/resources/data/dataset3/testcase29/source-model.epml,,unknown,,unknown,
src/main/resources/data/dataset3/testcase29/source-model.epml,,unknown,,unknown,
src/main/resources/data/dataset3/testcase29/source-model.epml,,unknown,,unknown,
src/main/resources/data/dataset3/testcase29/source-model.epml,,unknown,,unknown,
src/main/resources/data/dataset3/testcase29/source-model.epml,,unknown,,unknown,
src/main/resources/data/dataset3/testcase29/source-model.epml,,unknown,,unknown,
src/main/resources/data/dataset3/testcase29/source-model.epml,,unknown,,unknown,
src/main/resources/data/dataset3/testcase29/source-model.epml,,unknown,,unknown,
src/main/resources/data/dataset3/testcase29/source-model.epml,,unknown,,unknown,
src/main/resources/data/dataset3/testcase29/source-model.epml,,unknown,,unknown,
src/main/resources/data/dataset3/testcase29/source-model.epml,,unknown,,unknown,
src/main/resources/data/dataset3/testcase29/source-model.epml,,unknown,,unknown,
src/main/resources/data/dataset3/testcase29/source-model.epml,,unknown,,unknown,
src/main/resources/data/dataset3/testcase29/source-model.epml,,unknown,,unknown,
src/main/resources/data/dataset3/testcase29/source-model.epml,,unknown,,unknown,
src/main/resources/data/dataset3/testcase29/source-model.epml,,unknown,,unknown,
src/main/resources/data/dataset3/testcase29/source-model.epml,,unknown,,unknown,
src/main/resources/data/dataset3/testcase29/source-model.epml,,unknown,,unknown,
src/main/resources/data/dataset3/testcase29/source-model.epml,,unknown,,unknown,
src/main/resources/data/dataset3/testcase29/source-model.epml,,unknown,,unknown,
src/main/resources/data/dataset3/testcase29/source-model.epml,,unknown,,unknown,
src/main/resources/data/dataset3/testcase29/source-model.epml,,unknown,,unknown,
src/main/resources/data/dataset3/testcase29/source-model.epml,,unknown,,unknown,
src/main/resources/data/dataset3/testcase29/source-model.epml,,unknown,,unknown,
src/main/resources/data/dataset3/testcase29/source-model.epml,,unknown,,unknown,
src/main/resources/data/dataset3/testcase29/source-model.epml,,unknown,,unknown,
src/main/resources/data/dataset3/testcase29/source-model.epml,,unknown,,unknown,
src/main/resources/data/dataset3/testcase29/source-model.epml,,unknown,,unknown,
src/main/resources/data/dataset3/testcase29/source-model.epml,,unknown,,unknown,
src/main/resources/data/dataset3/testcase29/source-model.epml,,unknown,,unknown,
src/main/resources/data/dataset3/testcase29/source-model.epml,,unknown,,unknown,
src/main/resources/data/dataset3/testcase29/source-model.epml,,unknown,,unknown,
src/main/resources/data/dataset3/testcase29/source-model.epml,,unknown,,unknown,
src/main/resources/data/dataset3/testcase29/source-model.epml,,unknown,,unknown,
src/main/resources/data/dataset3/testcase29/source-model.epml,,unknown,,unknown,
src/main/resources/data/dataset3/testcase29/source-model.epml,,unknown,,unknown,
src/main/resources/data/dataset3/testcase29/source-model.epml,,unknown,,unknown,
src/main/resources/data/dataset3/testcase29/source-model.epml,,unknown,,unknown,
src/main/resources/data/dataset3/testcase29/source-model.epml,,unknown,,unknown,
src/main/resources/data/dataset3/testcase29/source-model.epml,,unknown,,unknown,
src/main/resources/data/dataset3/testcase29/source-model.epml,,unknown,,unknown,
src/main/resources/data/dataset3/testcase29/source-model.epml,,unknown,,unknown,
src/main/resources/data/dataset3/testcase29/source-model.epml,,unknown,,unknown,
src/main/resources/data/dataset3/testcase29/source-model.epml,,unknown,,unknown,
src/main/resources/data/dataset3/testcase29/source-model.epml,,unknown,,unknown,
src/main/resources/data/dataset3/testcase29/source-model.epml,,unknown,,unknown,
src/main/resources/data/dataset3/testcase29/source-model.epml,,unknown,,unknown,
src/main/resources/data/dataset3/testcase29/source-model.epml,,unknown,,unknown,
src/main/resources/data/dataset3/testcase29/source-model.epml,,unknown,,unknown,
src/main/resources/data/dataset3/testcase29/source-model.epml,,unknown,,unknown,
src/main/resources/data/dataset3/testcase29/source-model.epml,,unknown,,unknown,
src/main/resources/data/dataset3/testcase29/source-model.epml,,unknown,,unknown,
src/main/resources/data/dataset3/testcase29/source-model.epml,,unknown,,unknown,
src/main/resources/data/dataset3/testcase29/source-model.epml,,unknown,,unknown,
src/main/resources/data/dataset3/testcase29/source-model.epml,,unknown,,unknown,
src/main/resources/data/dataset3/testcase29/source-model.epml,,unknown,,unknown,
src/main/resources/data/dataset3/testcase29/source-model.epml,,unknown,,unknown,
src/main/resources/data/dataset3/testcase29/source-model.epml,,unknown,,unknown,
src/main/resources/data/dataset3/testcase29/source-model.epml,,unknown,,unknown,
src/main/resources/data/dataset3/testcase29/source-model.epml,,unknown,,unknown,
src/main/resources/data/dataset3/testcase29/source-model.epml,,unknown,,unknown,
src/main/resources/data/dataset3/testcase29/source-model.epml,,unknown,,unknown,
src/main/resources/data/dataset3/testcase29/source-model.epml,,unknown,,unknown,
src/main/resources/data/dataset3/testcase29/source-model.epml,,unknown,,unknown,
src/main/resources/data/dataset3/testcase29/source-model.epml,,unknown,,unknown,
src/main/resources/data/dataset3/testcase29/source-model.epml,,unknown,,unknown,
src/main/resources/data/dataset3/testcase29/source-model.epml,,unknown,,unknown,
src/main/resources/data/dataset3/testcase29/source-model.epml,,unknown,,unknown,
src/main/resources/data/dataset3/testcase29/source-model.epml,,unknown,,unknown,
src/main/resources/data/dataset3/testcase29/source-model.epml,,unknown,,unknown,
src/main/resources/data/dataset3/testcase29/source-model.epml,,unknown,,unknown,
src/main/resources/data/dataset3/testcase29/source-model.epml,,unknown,,unknown,
src/main/resources/data/dataset3/testcase29/source-model.epml,,unknown,,unknown,
src/main/resources/data/dataset3/testcase29/source-model.epml,,unknown,,unknown,
src/main/resources/data/dataset3/testcase29/source-model.epml,,unknown,,unknown,
src/main/resources/data/dataset3/testcase29/source-model.epml,,unknown,,unknown,
src/main/resources/data/dataset3/testcase29/source-model.epml,,unknown,,unknown,
src/main/resources/data/dataset3/testcase29/source-model.epml,,unknown,,unknown,
src/main/resources/data/dataset3/testcase29/source-model.epml,,unknown,,unknown,
src/main/resources/data/dataset3/testcase29/source-model.epml,,unknown,,unknown,
src/main/resources/data/dataset3/testcase29/source-model.epml,,unknown,,unknown,
src/main/resources/data/dataset3/testcase29/source-model.epml,,unknown,,unknown,
src/main/resources/data/dataset3/testcase29/source-model.epml,,unknown,,unknown,
src/main/resources/data/dataset3/testcase29/source-model.epml,,unknown,,unknown,
src/main/resources/data/dataset3/testcase29/source-model.epml,,unknown,,unknown,
src/main/resources/data/dataset3/testcase29/target-model.epml,,unknown,,unknown,
src/main/resources/data/dataset3/testcase29/target-model.epml,,unknown,,unknown,
src/main/resources/data/dataset3/testcase29/target-model.epml,,unknown,,unknown,
src/main/resources/data/dataset3/testcase29/target-model.epml,,unknown,,unknown,
src/main/resources/data/dataset3/testcase29/target-model.epml,,unknown,,unknown,
src/main/resources/data/dataset3/testcase29/target-model.epml,,unknown,,unknown,
src/main/resources/data/dataset3/testcase29/target-model.epml,,unknown,,unknown,
src/main/resources/data/dataset3/testcase29/target-model.epml,,unknown,,unknown,
src/main/resources/data/dataset3/testcase29/target-model.epml,,unknown,,unknown,
src/main/resources/data/dataset3/testcase29/target-model.epml,,unknown,,unknown,
src/main/resources/data/dataset3/testcase29/target-model.epml,,unknown,,unknown,
src/main/resources/data/dataset3/testcase29/target-model.epml,,unknown,,unknown,
src/main/resources/data/dataset3/testcase29/target-model.epml,,unknown,,unknown,
src/main/resources/data/dataset3/testcase29/target-model.epml,,unknown,,unknown,
src/main/resources/data/dataset3/testcase29/target-model.epml,,unknown,,unknown,
src/main/resources/data/dataset3/testcase29/target-model.epml,,unknown,,unknown,
src/main/resources/data/dataset3/testcase29/target-model.epml,,unknown,,unknown,
src/main/resources/data/dataset3/testcase29/target-model.epml,,unknown,,unknown,
src/main/resources/data/dataset3/testcase29/target-model.epml,,unknown,,unknown,
src/main/resources/data/dataset3/testcase29/target-model.epml,,unknown,,unknown,
src/main/resources/data/dataset3/testcase29/target-model.epml,,unknown,,unknown,
src/main/resources/data/dataset3/testcase29/target-model.epml,,unknown,,unknown,
src/main/resources/data/dataset3/testcase29/target-model.epml,,unknown,,unknown,
src/main/resources/data/dataset3/testcase29/target-model.epml,,unknown,,unknown,
src/main/resources/data/dataset3/testcase29/target-model.epml,,unknown,,unknown,
src/main/resources/data/dataset3/testcase29/target-model.epml,,unknown,,unknown,
src/main/resources/data/dataset3/testcase29/target-model.epml,,unknown,,unknown,
src/main/resources/data/dataset3/testcase29/target-model.epml,,unknown,,unknown,
src/main/resources/data/dataset3/testcase29/target-model.epml,,unknown,,unknown,
src/main/resources/data/dataset3/testcase29/target-model.epml,,unknown,,unknown,
src/main/resources/data/dataset3/testcase29/target-model.epml,,unknown,,unknown,
src/main/resources/data/dataset3/testcase29/target-model.epml,,unknown,,unknown,
src/main/resources/data/dataset3/testcase29/target-model.epml,,unknown,,unknown,
src/main/resources/data/dataset3/testcase29/target-model.epml,,unknown,,unknown,
src/main/resources/data/dataset3/testcase29/target-model.epml,,unknown,,unknown,
src/main/resources/data/dataset3/testcase29/target-model.epml,,unknown,,unknown,
src/main/resources/data/dataset3/testcase29/target-model.epml,,unknown,,unknown,
src/main/resources/data/dataset3/testcase29/target-model.epml,,unknown,,unknown,
src/main/resources/data/dataset3/testcase29/target-model.epml,,unknown,,unknown,
src/main/resources/data/dataset3/testcase29/target-model.epml,,unknown,,unknown,
src/main/resources/data/dataset3/testcase29/target-model.epml,,unknown,,unknown,
src/main/resources/data/dataset3/testcase29/target-model.epml,,unknown,,unknown,
src/main/resources/data/dataset3/testcase29/target-model.epml,,unknown,,unknown,
src/main/resources/data/dataset3/testcase29/target-model.epml,,unknown,,unknown,
src/main/resources/data/dataset3/testcase29/target-model.epml,,unknown,,unknown,
src/main/resources/data/dataset3/testcase29/target-model.epml,,unknown,,unknown,
src/main/resources/data/dataset3/testcase29/target-model.epml,,unknown,,unknown,
src/main/resources/data/dataset3/testcase29/target-model.epml,,unknown,,unknown,
src/main/resources/data/dataset3/testcase29/target-model.epml,,unknown,,unknown,
src/main/resources/data/dataset3/testcase29/target-model.epml,,unknown,,unknown,
src/main/resources/data/dataset3/testcase29/target-model.epml,,unknown,,unknown,
src/main/resources/data/dataset3/testcase29/target-model.epml,,unknown,,unknown,
src/main/resources/data/dataset3/testcase29/target-model.epml,,unknown,,unknown,
src/main/resources/data/dataset3/testcase29/target-model.epml,,unknown,,unknown,
src/main/resources/data/dataset3/testcase29/target-model.epml,,unknown,,unknown,
src/main/resources/data/dataset3/testcase29/target-model.epml,,unknown,,unknown,
src/main/resources/data/dataset3/testcase29/target-model.epml,,unknown,,unknown,
src/main/resources/data/dataset3/testcase29/target-model.epml,,unknown,,unknown,
src/main/resources/data/dataset3/testcase29/target-model.epml,,unknown,,unknown,
src/main/resources/data/dataset3/testcase29/target-model.epml,,unknown,,unknown,
src/main/resources/data/dataset3/testcase29/target-model.epml,,unknown,,unknown,
src/main/resources/data/dataset3/testcase29/target-model.epml,,unknown,,unknown,
src/main/resources/data/dataset3/testcase29/target-model.epml,,unknown,,unknown,
src/main/resources/data/dataset3/testcase29/target-model.epml,,unknown,,unknown,
src/main/resources/data/dataset3/testcase29/target-model.epml,,unknown,,unknown,
src/main/resources/data/dataset3/testcase29/target-model.epml,,unknown,,unknown,
src/main/resources/data/dataset3/testcase29/target-model.epml,,unknown,,unknown,
src/main/resources/data/dataset3/testcase29/target-model.epml,,unknown,,unknown,
src/main/resources/data/dataset3/testcase29/target-model.epml,,unknown,,unknown,
src/main/resources/data/dataset3/testcase29/target-model.epml,,unknown,,unknown,
src/main/resources/data/dataset3/testcase29/target-model.epml,,unknown,,unknown,
src/main/resources/data/dataset3/testcase29/target-model.epml,,unknown,,unknown,
src/main/resources/data/dataset3/testcase29/target-model.epml,,unknown,,unknown,
src/main/resources/data/dataset3/testcase29/target-model.epml,,unknown,,unknown,
src/main/resources/data/dataset3/testcase29/target-model.epml,,unknown,,unknown,
src/main/resources/data/dataset3/testcase29/target-model.epml,,unknown,,unknown,
src/main/resources/data/dataset3/testcase29/target-model.epml,,unknown,,unknown,
src/main/resources/data/dataset3/testcase29/target-model.epml,,unknown,,unknown,
src/main/resources/data/dataset3/testcase29/target-model.epml,,unknown,,unknown,
src/main/resources/data/dataset3/testcase29/target-model.epml,,unknown,,unknown,
src/main/resources/data/dataset3/testcase29/target-model.epml,,unknown,,unknown,
src/main/resources/data/dataset3/testcase29/target-model.epml,,unknown,,unknown,
src/main/resources/data/dataset3/testcase29/target-model.epml,,unknown,,unknown,
src/main/resources/data/dataset3/testcase29/target-model.epml,,unknown,,unknown,
src/main/resources/data/dataset3/testcase29/target-model.epml,,unknown,,unknown,
src/main/resources/data/dataset3/testcase29/target-model.epml,,unknown,,unknown,
src/main/resources/data/dataset3/testcase29/target-model.epml,,unknown,,unknown,
src/main/resources/data/dataset3/testcase29/target-model.epml,,unknown,,unknown,
src/main/resources/data/dataset3/testcase29/target-model.epml,,unknown,,unknown,
src/main/resources/data/dataset3/testcase29/target-model.epml,,unknown,,unknown,
src/main/resources/data/dataset3/testcase29/target-model.epml,,unknown,,unknown,
src/main/resources/data/dataset3/testcase29/target-model.epml,,unknown,,unknown,
src/main/resources/data/dataset3/testcase29/target-model.epml,,unknown,,unknown,
src/main/resources/data/dataset3/testcase29/target-model.epml,,unknown,,unknown,
src/main/resources/data/dataset3/testcase29/target-model.epml,,unknown,,unknown,
src/main/resources/data/dataset3/testcase29/target-model.epml,,unknown,,unknown,
src/main/resources/data/dataset3/testcase29/target-model.epml,,unknown,,unknown,
src/main/resources/data/dataset3/testcase29/target-model.epml,,unknown,,unknown,
src/main/resources/data/dataset3/testcase29/target-model.epml,,unknown,,unknown,
src/main/resources/data/dataset3/testcase29/target-model.epml,,unknown,,unknown,
src/main/resources/data/dataset3/testcase29/target-model.epml,,unknown,,unknown,
src/main/resources/data/dataset3/testcase29/target-model.epml,,unknown,,unknown,
src/main/resources/data/dataset3/testcase29/target-model.epml,,unknown,,unknown,
src/main/resources/data/dataset3/testcase29/target-model.epml,,unknown,,unknown,
src/main/resources/data/dataset3/testcase29/target-model.epml,,unknown,,unknown,
src/main/resources/data/dataset3/testcase29/target-model.epml,,unknown,,unknown,
src/main/resources/data/dataset3/testcase29/target-model.epml,,unknown,,unknown,
src/main/resources/data/dataset3/testcase29/target-model.epml,,unknown,,unknown,
src/main/resources/data/dataset3/testcase29/target-model.epml,,unknown,,unknown,
src/main/resources/data/dataset3/testcase29/target-model.epml,,unknown,,unknown,
src/main/resources/data/dataset3/testcase29/target-model.epml,,unknown,,unknown,
src/main/resources/data/dataset3/testcase29/target-model.epml,,unknown,,unknown,
src/main/resources/data/dataset3/testcase29/target-model.epml,,unknown,,unknown,
src/main/resources/data/dataset3/testcase29/target-model.epml,,unknown,,unknown,
src/main/resources/data/dataset3/testcase29/target-model.epml,,unknown,,unknown,
src/main/resources/data/dataset3/testcase29/target-model.epml,,unknown,,unknown,
src/main/resources/data/dataset3/testcase29/target-model.epml,,unknown,,unknown,
src/main/resources/data/dataset3/testcase29/target-model.epml,,unknown,,unknown,
src/main/resources/data/dataset3/testcase29/target-model.epml,,unknown,,unknown,
src/main/resources/data/dataset3/testcase29/target-model.epml,,unknown,,unknown,
src/main/resources/data/dataset3/testcase29/target-model.epml,,unknown,,unknown,
src/main/resources/data/dataset3/testcase29/target-model.epml,,unknown,,unknown,
src/main/resources/data/dataset3/testcase3/source-model.epml,,unknown,,unknown,
src/main/resources/data/dataset3/testcase3/source-model.epml,,unknown,,unknown,
src/main/resources/data/dataset3/testcase3/source-model.epml,,unknown,,unknown,
src/main/resources/data/dataset3/testcase3/source-model.epml,,unknown,,unknown,
src/main/resources/data/dataset3/testcase3/source-model.epml,,unknown,,unknown,
src/main/resources/data/dataset3/testcase3/source-model.epml,,unknown,,unknown,
src/main/resources/data/dataset3/testcase3/source-model.epml,,unknown,,unknown,
src/main/resources/data/dataset3/testcase3/source-model.epml,,unknown,,unknown,
src/main/resources/data/dataset3/testcase3/source-model.epml,,unknown,,unknown,
src/main/resources/data/dataset3/testcase3/source-model.epml,,unknown,,unknown,
src/main/resources/data/dataset3/testcase3/source-model.epml,,unknown,,unknown,
src/main/resources/data/dataset3/testcase3/source-model.epml,,unknown,,unknown,
src/main/resources/data/dataset3/testcase3/source-model.epml,,unknown,,unknown,
src/main/resources/data/dataset3/testcase3/source-model.epml,,unknown,,unknown,
src/main/resources/data/dataset3/testcase3/source-model.epml,,unknown,,unknown,
src/main/resources/data/dataset3/testcase3/source-model.epml,,unknown,,unknown,
src/main/resources/data/dataset3/testcase3/source-model.epml,,unknown,,unknown,
src/main/resources/data/dataset3/testcase3/source-model.epml,,unknown,,unknown,
src/main/resources/data/dataset3/testcase3/source-model.epml,,unknown,,unknown,
src/main/resources/data/dataset3/testcase3/source-model.epml,,unknown,,unknown,
src/main/resources/data/dataset3/testcase3/source-model.epml,,unknown,,unknown,
src/main/resources/data/dataset3/testcase3/source-model.epml,,unknown,,unknown,
src/main/resources/data/dataset3/testcase3/source-model.epml,,unknown,,unknown,
src/main/resources/data/dataset3/testcase3/source-model.epml,,unknown,,unknown,
src/main/resources/data/dataset3/testcase3/target-model.epml,,unknown,,unknown,
src/main/resources/data/dataset3/testcase3/target-model.epml,,unknown,,unknown,
src/main/resources/data/dataset3/testcase3/target-model.epml,,unknown,,unknown,
src/main/resources/data/dataset3/testcase3/target-model.epml,,unknown,,unknown,
src/main/resources/data/dataset3/testcase3/target-model.epml,,unknown,,unknown,
src/main/resources/data/dataset3/testcase3/target-model.epml,,unknown,,unknown,
src/main/resources/data/dataset3/testcase3/target-model.epml,,unknown,,unknown,
src/main/resources/data/dataset3/testcase3/target-model.epml,,unknown,,unknown,
src/main/resources/data/dataset3/testcase3/target-model.epml,,unknown,,unknown,
src/main/resources/data/dataset3/testcase3/target-model.epml,,unknown,,unknown,
src/main/resources/data/dataset3/testcase3/target-model.epml,,unknown,,unknown,
src/main/resources/data/dataset3/testcase3/target-model.epml,,unknown,,unknown,
src/main/resources/data/dataset3/testcase3/target-model.epml,,unknown,,unknown,
src/main/resources/data/dataset3/testcase3/target-model.epml,,unknown,,unknown,
src/main/resources/data/dataset3/testcase3/target-model.epml,,unknown,,unknown,
src/main/resources/data/dataset3/testcase3/target-model.epml,,unknown,,unknown,
src/main/resources/data/dataset3/testcase3/target-model.epml,,unknown,,unknown,
src/main/resources/data/dataset3/testcase3/target-model.epml,,unknown,,unknown,
src/main/resources/data/dataset3/testcase3/target-model.epml,,unknown,,unknown,
src/main/resources/data/dataset3/testcase3/target-model.epml,,unknown,,unknown,
src/main/resources/data/dataset3/testcase3/target-model.epml,,unknown,,unknown,
src/main/resources/data/dataset3/testcase3/target-model.epml,,unknown,,unknown,
src/main/resources/data/dataset3/testcase3/target-model.epml,,unknown,,unknown,
src/main/resources/data/dataset3/testcase3/target-model.epml,,unknown,,unknown,
src/main/resources/data/dataset3/testcase30/source-model.epml,,unknown,,unknown,
src/main/resources/data/dataset3/testcase30/source-model.epml,,unknown,,unknown,
src/main/resources/data/dataset3/testcase30/source-model.epml,,unknown,,unknown,
src/main/resources/data/dataset3/testcase30/source-model.epml,,unknown,,unknown,
src/main/resources/data/dataset3/testcase30/source-model.epml,,unknown,,unknown,
src/main/resources/data/dataset3/testcase30/source-model.epml,,unknown,,unknown,
src/main/resources/data/dataset3/testcase30/source-model.epml,,unknown,,unknown,
src/main/resources/data/dataset3/testcase30/source-model.epml,,unknown,,unknown,
src/main/resources/data/dataset3/testcase30/source-model.epml,,unknown,,unknown,
src/main/resources/data/dataset3/testcase30/source-model.epml,,unknown,,unknown,
src/main/resources/data/dataset3/testcase30/source-model.epml,,unknown,,unknown,
src/main/resources/data/dataset3/testcase30/source-model.epml,,unknown,,unknown,
src/main/resources/data/dataset3/testcase30/source-model.epml,,unknown,,unknown,
src/main/resources/data/dataset3/testcase30/source-model.epml,,unknown,,unknown,
src/main/resources/data/dataset3/testcase30/source-model.epml,,unknown,,unknown,
src/main/resources/data/dataset3/testcase30/source-model.epml,,unknown,,unknown,
src/main/resources/data/dataset3/testcase30/target-model.epml,,unknown,,unknown,
src/main/resources/data/dataset3/testcase30/target-model.epml,,unknown,,unknown,
src/main/resources/data/dataset3/testcase30/target-model.epml,,unknown,,unknown,
src/main/resources/data/dataset3/testcase30/target-model.epml,,unknown,,unknown,
src/main/resources/data/dataset3/testcase30/target-model.epml,,unknown,,unknown,
src/main/resources/data/dataset3/testcase30/target-model.epml,,unknown,,unknown,
src/main/resources/data/dataset3/testcase30/target-model.epml,,unknown,,unknown,
src/main/resources/data/dataset3/testcase30/target-model.epml,,unknown,,unknown,
src/main/resources/data/dataset3/testcase30/target-model.epml,,unknown,,unknown,
src/main/resources/data/dataset3/testcase30/target-model.epml,,unknown,,unknown,
src/main/resources/data/dataset3/testcase30/target-model.epml,,unknown,,unknown,
src/main/resources/data/dataset3/testcase30/target-model.epml,,unknown,,unknown,
src/main/resources/data/dataset3/testcase30/target-model.epml,,unknown,,unknown,
src/main/resources/data/dataset3/testcase30/target-model.epml,,unknown,,unknown,
src/main/resources/data/dataset3/testcase30/target-model.epml,,unknown,,unknown,
src/main/resources/data/dataset3/testcase30/target-model.epml,,unknown,,unknown,
src/main/resources/data/dataset3/testcase30/target-model.epml,,unknown,,unknown,
src/main/resources/data/dataset3/testcase30/target-model.epml,,unknown,,unknown,
src/main/resources/data/dataset3/testcase30/target-model.epml,,unknown,,unknown,
src/main/resources/data/dataset3/testcase30/target-model.epml,,unknown,,unknown,
src/main/resources/data/dataset3/testcase30/target-model.epml,,unknown,,unknown,
src/main/resources/data/dataset3/testcase30/target-model.epml,,unknown,,unknown,
src/main/resources/data/dataset3/testcase31/source-model.epml,,unknown,,unknown,
src/main/resources/data/dataset3/testcase31/source-model.epml,,unknown,,unknown,
src/main/resources/data/dataset3/testcase31/source-model.epml,,unknown,,unknown,
src/main/resources/data/dataset3/testcase31/source-model.epml,,unknown,,unknown,
src/main/resources/data/dataset3/testcase31/source-model.epml,,unknown,,unknown,
src/main/resources/data/dataset3/testcase31/source-model.epml,,unknown,,unknown,
src/main/resources/data/dataset3/testcase31/source-model.epml,,unknown,,unknown,
src/main/resources/data/dataset3/testcase31/source-model.epml,,unknown,,unknown,
src/main/resources/data/dataset3/testcase31/source-model.epml,,unknown,,unknown,
src/main/resources/data/dataset3/testcase31/source-model.epml,,unknown,,unknown,
src/main/resources/data/dataset3/testcase31/source-model.epml,,unknown,,unknown,
src/main/resources/data/dataset3/testcase31/source-model.epml,,unknown,,unknown,
src/main/resources/data/dataset3/testcase31/source-model.epml,,unknown,,unknown,
src/main/resources/data/dataset3/testcase31/source-model.epml,,unknown,,unknown,
src/main/resources/data/dataset3/testcase31/source-model.epml,,unknown,,unknown,
src/main/resources/data/dataset3/testcase31/source-model.epml,,unknown,,unknown,
src/main/resources/data/dataset3/testcase31/source-model.epml,,unknown,,unknown,
src/main/resources/data/dataset3/testcase31/source-model.epml,,unknown,,unknown,
src/main/resources/data/dataset3/testcase31/source-model.epml,,unknown,,unknown,
src/main/resources/data/dataset3/testcase31/source-model.epml,,unknown,,unknown,
src/main/resources/data/dataset3/testcase31/source-model.epml,,unknown,,unknown,
src/main/resources/data/dataset3/testcase31/source-model.epml,,unknown,,unknown,
src/main/resources/data/dataset3/testcase31/source-model.epml,,unknown,,unknown,
src/main/resources/data/dataset3/testcase31/source-model.epml,,unknown,,unknown,
src/main/resources/data/dataset3/testcase31/source-model.epml,,unknown,,unknown,
src/main/resources/data/dataset3/testcase31/source-model.epml,,unknown,,unknown,
src/main/resources/data/dataset3/testcase31/source-model.epml,,unknown,,unknown,
src/main/resources/data/dataset3/testcase31/source-model.epml,,unknown,,unknown,
src/main/resources/data/dataset3/testcase31/source-model.epml,,unknown,,unknown,
src/main/resources/data/dataset3/testcase31/source-model.epml,,unknown,,unknown,
src/main/resources/data/dataset3/testcase31/source-model.epml,,unknown,,unknown,
src/main/resources/data/dataset3/testcase31/source-model.epml,,unknown,,unknown,
src/main/resources/data/dataset3/testcase31/source-model.epml,,unknown,,unknown,
src/main/resources/data/dataset3/testcase31/source-model.epml,,unknown,,unknown,
src/main/resources/data/dataset3/testcase31/source-model.epml,,unknown,,unknown,
src/main/resources/data/dataset3/testcase31/source-model.epml,,unknown,,unknown,
src/main/resources/data/dataset3/testcase31/source-model.epml,,unknown,,unknown,
src/main/resources/data/dataset3/testcase31/source-model.epml,,unknown,,unknown,
src/main/resources/data/dataset3/testcase31/source-model.epml,,unknown,,unknown,
src/main/resources/data/dataset3/testcase31/source-model.epml,,unknown,,unknown,
src/main/resources/data/dataset3/testcase31/source-model.epml,,unknown,,unknown,
src/main/resources/data/dataset3/testcase31/source-model.epml,,unknown,,unknown,
src/main/resources/data/dataset3/testcase31/source-model.epml,,unknown,,unknown,
src/main/resources/data/dataset3/testcase31/source-model.epml,,unknown,,unknown,
src/main/resources/data/dataset3/testcase31/source-model.epml,,unknown,,unknown,
src/main/resources/data/dataset3/testcase31/source-model.epml,,unknown,,unknown,
src/main/resources/data/dataset3/testcase31/source-model.epml,,unknown,,unknown,
src/main/resources/data/dataset3/testcase31/source-model.epml,,unknown,,unknown,
src/main/resources/data/dataset3/testcase31/source-model.epml,,unknown,,unknown,
src/main/resources/data/dataset3/testcase31/source-model.epml,,unknown,,unknown,
src/main/resources/data/dataset3/testcase31/source-model.epml,,unknown,,unknown,
src/main/resources/data/dataset3/testcase31/source-model.epml,,unknown,,unknown,
src/main/resources/data/dataset3/testcase31/source-model.epml,,unknown,,unknown,
src/main/resources/data/dataset3/testcase31/target-model.epml,,unknown,,unknown,
src/main/resources/data/dataset3/testcase31/target-model.epml,,unknown,,unknown,
src/main/resources/data/dataset3/testcase31/target-model.epml,,unknown,,unknown,
src/main/resources/data/dataset3/testcase31/target-model.epml,,unknown,,unknown,
src/main/resources/data/dataset3/testcase31/target-model.epml,,unknown,,unknown,
src/main/resources/data/dataset3/testcase31/target-model.epml,,unknown,,unknown,
src/main/resources/data/dataset3/testcase31/target-model.epml,,unknown,,unknown,
src/main/resources/data/dataset3/testcase31/target-model.epml,,unknown,,unknown,
src/main/resources/data/dataset3/testcase31/target-model.epml,,unknown,,unknown,
src/main/resources/data/dataset3/testcase31/target-model.epml,,unknown,,unknown,
src/main/resources/data/dataset3/testcase31/target-model.epml,,unknown,,unknown,
src/main/resources/data/dataset3/testcase31/target-model.epml,,unknown,,unknown,
src/main/resources/data/dataset3/testcase31/target-model.epml,,unknown,,unknown,
src/main/resources/data/dataset3/testcase31/target-model.epml,,unknown,,unknown,
src/main/resources/data/dataset3/testcase31/target-model.epml,,unknown,,unknown,
src/main/resources/data/dataset3/testcase31/target-model.epml,,unknown,,unknown,
src/main/resources/data/dataset3/testcase31/target-model.epml,,unknown,,unknown,
src/main/resources/data/dataset3/testcase31/target-model.epml,,unknown,,unknown,
src/main/resources/data/dataset3/testcase31/target-model.epml,,unknown,,unknown,
src/main/resources/data/dataset3/testcase31/target-model.epml,,unknown,,unknown,
src/main/resources/data/dataset3/testcase31/target-model.epml,,unknown,,unknown,
src/main/resources/data/dataset3/testcase31/target-model.epml,,unknown,,unknown,
src/main/resources/data/dataset3/testcase31/target-model.epml,,unknown,,unknown,
src/main/resources/data/dataset3/testcase31/target-model.epml,,unknown,,unknown,
src/main/resources/data/dataset3/testcase31/target-model.epml,,unknown,,unknown,
src/main/resources/data/dataset3/testcase31/target-model.epml,,unknown,,unknown,
src/main/resources/data/dataset3/testcase31/target-model.epml,,unknown,,unknown,
src/main/resources/data/dataset3/testcase31/target-model.epml,,unknown,,unknown,
src/main/resources/data/dataset3/testcase31/target-model.epml,,unknown,,unknown,
src/main/resources/data/dataset3/testcase31/target-model.epml,,unknown,,unknown,
src/main/resources/data/dataset3/testcase31/target-model.epml,,unknown,,unknown,
src/main/resources/data/dataset3/testcase31/target-model.epml,,unknown,,unknown,
src/main/resources/data/dataset3/testcase31/target-model.epml,,unknown,,unknown,
src/main/resources/data/dataset3/testcase31/target-model.epml,,unknown,,unknown,
src/main/resources/data/dataset3/testcase31/target-model.epml,,unknown,,unknown,
src/main/resources/data/dataset3/testcase31/target-model.epml,,unknown,,unknown,
src/main/resources/data/dataset3/testcase31/target-model.epml,,unknown,,unknown,
src/main/resources/data/dataset3/testcase31/target-model.epml,,unknown,,unknown,
src/main/resources/data/dataset3/testcase31/target-model.epml,,unknown,,unknown,
src/main/resources/data/dataset3/testcase32/source-model.epml,,unknown,,unknown,
src/main/resources/data/dataset3/testcase32/source-model.epml,,unknown,,unknown,
src/main/resources/data/dataset3/testcase32/source-model.epml,,unknown,,unknown,
src/main/resources/data/dataset3/testcase32/source-model.epml,,unknown,,unknown,
src/main/resources/data/dataset3/testcase32/source-model.epml,,unknown,,unknown,
src/main/resources/data/dataset3/testcase32/source-model.epml,,unknown,,unknown,
src/main/resources/data/dataset3/testcase32/source-model.epml,,unknown,,unknown,
src/main/resources/data/dataset3/testcase32/source-model.epml,,unknown,,unknown,
src/main/resources/data/dataset3/testcase32/source-model.epml,,unknown,,unknown,
src/main/resources/data/dataset3/testcase32/source-model.epml,,unknown,,unknown,
src/main/resources/data/dataset3/testcase32/source-model.epml,,unknown,,unknown,
src/main/resources/data/dataset3/testcase32/source-model.epml,,unknown,,unknown,
src/main/resources/data/dataset3/testcase32/source-model.epml,,unknown,,unknown,
src/main/resources/data/dataset3/testcase32/source-model.epml,,unknown,,unknown,
src/main/resources/data/dataset3/testcase32/source-model.epml,,unknown,,unknown,
src/main/resources/data/dataset3/testcase32/source-model.epml,,unknown,,unknown,
src/main/resources/data/dataset3/testcase32/source-model.epml,,unknown,,unknown,
src/main/resources/data/dataset3/testcase32/source-model.epml,,unknown,,unknown,
src/main/resources/data/dataset3/testcase32/source-model.epml,,unknown,,unknown,
src/main/resources/data/dataset3/testcase32/source-model.epml,,unknown,,unknown,
src/main/resources/data/dataset3/testcase32/source-model.epml,,unknown,,unknown,
src/main/resources/data/dataset3/testcase32/source-model.epml,,unknown,,unknown,
src/main/resources/data/dataset3/testcase32/source-model.epml,,unknown,,unknown,
src/main/resources/data/dataset3/testcase32/source-model.epml,,unknown,,unknown,
src/main/resources/data/dataset3/testcase32/source-model.epml,,unknown,,unknown,
src/main/resources/data/dataset3/testcase32/source-model.epml,,unknown,,unknown,
src/main/resources/data/dataset3/testcase32/source-model.epml,,unknown,,unknown,
src/main/resources/data/dataset3/testcase32/source-model.epml,,unknown,,unknown,
src/main/resources/data/dataset3/testcase32/source-model.epml,,unknown,,unknown,
src/main/resources/data/dataset3/testcase32/source-model.epml,,unknown,,unknown,
src/main/resources/data/dataset3/testcase32/source-model.epml,,unknown,,unknown,
src/main/resources/data/dataset3/testcase32/source-model.epml,,unknown,,unknown,
src/main/resources/data/dataset3/testcase32/source-model.epml,,unknown,,unknown,
src/main/resources/data/dataset3/testcase32/source-model.epml,,unknown,,unknown,
src/main/resources/data/dataset3/testcase32/source-model.epml,,unknown,,unknown,
src/main/resources/data/dataset3/testcase32/source-model.epml,,unknown,,unknown,
src/main/resources/data/dataset3/testcase32/target-model.epml,,unknown,,unknown,
src/main/resources/data/dataset3/testcase32/target-model.epml,,unknown,,unknown,
src/main/resources/data/dataset3/testcase32/target-model.epml,,unknown,,unknown,
src/main/resources/data/dataset3/testcase32/target-model.epml,,unknown,,unknown,
src/main/resources/data/dataset3/testcase32/target-model.epml,,unknown,,unknown,
src/main/resources/data/dataset3/testcase32/target-model.epml,,unknown,,unknown,
src/main/resources/data/dataset3/testcase32/target-model.epml,,unknown,,unknown,
src/main/resources/data/dataset3/testcase32/target-model.epml,,unknown,,unknown,
src/main/resources/data/dataset3/testcase32/target-model.epml,,unknown,,unknown,
src/main/resources/data/dataset3/testcase32/target-model.epml,,unknown,,unknown,
src/main/resources/data/dataset3/testcase32/target-model.epml,,unknown,,unknown,
src/main/resources/data/dataset3/testcase32/target-model.epml,,unknown,,unknown,
src/main/resources/data/dataset3/testcase32/target-model.epml,,unknown,,unknown,
src/main/resources/data/dataset3/testcase32/target-model.epml,,unknown,,unknown,
src/main/resources/data/dataset3/testcase32/target-model.epml,,unknown,,unknown,
src/main/resources/data/dataset3/testcase32/target-model.epml,,unknown,,unknown,
src/main/resources/data/dataset3/testcase32/target-model.epml,,unknown,,unknown,
src/main/resources/data/dataset3/testcase32/target-model.epml,,unknown,,unknown,
src/main/resources/data/dataset3/testcase32/target-model.epml,,unknown,,unknown,
src/main/resources/data/dataset3/testcase32/target-model.epml,,unknown,,unknown,
src/main/resources/data/dataset3/testcase32/target-model.epml,,unknown,,unknown,
src/main/resources/data/dataset3/testcase32/target-model.epml,,unknown,,unknown,
src/main/resources/data/dataset3/testcase32/target-model.epml,,unknown,,unknown,
src/main/resources/data/dataset3/testcase32/target-model.epml,,unknown,,unknown,
src/main/resources/data/dataset3/testcase32/target-model.epml,,unknown,,unknown,
src/main/resources/data/dataset3/testcase32/target-model.epml,,unknown,,unknown,
src/main/resources/data/dataset3/testcase32/target-model.epml,,unknown,,unknown,
src/main/resources/data/dataset3/testcase32/target-model.epml,,unknown,,unknown,
src/main/resources/data/dataset3/testcase32/target-model.epml,,unknown,,unknown,
src/main/resources/data/dataset3/testcase32/target-model.epml,,unknown,,unknown,
src/main/resources/data/dataset3/testcase32/target-model.epml,,unknown,,unknown,
src/main/resources/data/dataset3/testcase32/target-model.epml,,unknown,,unknown,
src/main/resources/data/dataset3/testcase32/target-model.epml,,unknown,,unknown,
src/main/resources/data/dataset3/testcase32/target-model.epml,,unknown,,unknown,
src/main/resources/data/dataset3/testcase32/target-model.epml,,unknown,,unknown,
src/main/resources/data/dataset3/testcase32/target-model.epml,,unknown,,unknown,
src/main/resources/data/dataset3/testcase32/target-model.epml,,unknown,,unknown,
src/main/resources/data/dataset3/testcase32/target-model.epml,,unknown,,unknown,
src/main/resources/data/dataset3/testcase32/target-model.epml,,unknown,,unknown,
src/main/resources/data/dataset3/testcase32/target-model.epml,,unknown,,unknown,
src/main/resources/data/dataset3/testcase32/target-model.epml,,unknown,,unknown,
src/main/resources/data/dataset3/testcase32/target-model.epml,,unknown,,unknown,
src/main/resources/data/dataset3/testcase32/target-model.epml,,unknown,,unknown,
src/main/resources/data/dataset3/testcase32/target-model.epml,,unknown,,unknown,
src/main/resources/data/dataset3/testcase32/target-model.epml,,unknown,,unknown,
src/main/resources/data/dataset3/testcase32/target-model.epml,,unknown,,unknown,
src/main/resources/data/dataset3/testcase32/target-model.epml,,unknown,,unknown,
src/main/resources/data/dataset3/testcase32/target-model.epml,,unknown,,unknown,
src/main/resources/data/dataset3/testcase32/target-model.epml,,unknown,,unknown,
src/main/resources/data/dataset3/testcase32/target-model.epml,,unknown,,unknown,
src/main/resources/data/dataset3/testcase32/target-model.epml,,unknown,,unknown,
src/main/resources/data/dataset3/testcase32/target-model.epml,,unknown,,unknown,
src/main/resources/data/dataset3/testcase32/target-model.epml,,unknown,,unknown,
src/main/resources/data/dataset3/testcase32/target-model.epml,,unknown,,unknown,
src/main/resources/data/dataset3/testcase32/target-model.epml,,unknown,,unknown,
src/main/resources/data/dataset3/testcase32/target-model.epml,,unknown,,unknown,
src/main/resources/data/dataset3/testcase32/target-model.epml,,unknown,,unknown,
src/main/resources/data/dataset3/testcase32/target-model.epml,,unknown,,unknown,
src/main/resources/data/dataset3/testcase32/target-model.epml,,unknown,,unknown,
src/main/resources/data/dataset3/testcase32/target-model.epml,,unknown,,unknown,
src/main/resources/data/dataset3/testcase32/target-model.epml,,unknown,,unknown,
src/main/resources/data/dataset3/testcase32/target-model.epml,,unknown,,unknown,
src/main/resources/data/dataset3/testcase32/target-model.epml,,unknown,,unknown,
src/main/resources/data/dataset3/testcase32/target-model.epml,,unknown,,unknown,
src/main/resources/data/dataset3/testcase32/target-model.epml,,unknown,,unknown,
src/main/resources/data/dataset3/testcase32/target-model.epml,,unknown,,unknown,
src/main/resources/data/dataset3/testcase32/target-model.epml,,unknown,,unknown,
src/main/resources/data/dataset3/testcase32/target-model.epml,,unknown,,unknown,
src/main/resources/data/dataset3/testcase32/target-model.epml,,unknown,,unknown,
src/main/resources/data/dataset3/testcase32/target-model.epml,,unknown,,unknown,
src/main/resources/data/dataset3/testcase32/target-model.epml,,unknown,,unknown,
src/main/resources/data/dataset3/testcase32/target-model.epml,,unknown,,unknown,
src/main/resources/data/dataset3/testcase32/target-model.epml,,unknown,,unknown,
src/main/resources/data/dataset3/testcase33/source-model.epml,,unknown,,unknown,
src/main/resources/data/dataset3/testcase33/source-model.epml,,unknown,,unknown,
src/main/resources/data/dataset3/testcase33/source-model.epml,,unknown,,unknown,
src/main/resources/data/dataset3/testcase33/source-model.epml,,unknown,,unknown,
src/main/resources/data/dataset3/testcase33/source-model.epml,,unknown,,unknown,
src/main/resources/data/dataset3/testcase33/source-model.epml,,unknown,,unknown,
src/main/resources/data/dataset3/testcase33/source-model.epml,,unknown,,unknown,
src/main/resources/data/dataset3/testcase33/source-model.epml,,unknown,,unknown,
src/main/resources/data/dataset3/testcase33/source-model.epml,,unknown,,unknown,
src/main/resources/data/dataset3/testcase33/source-model.epml,,unknown,,unknown,
src/main/resources/data/dataset3/testcase33/source-model.epml,,unknown,,unknown,
src/main/resources/data/dataset3/testcase33/source-model.epml,,unknown,,unknown,
src/main/resources/data/dataset3/testcase33/source-model.epml,,unknown,,unknown,
src/main/resources/data/dataset3/testcase33/source-model.epml,,unknown,,unknown,
src/main/resources/data/dataset3/testcase33/source-model.epml,,unknown,,unknown,
src/main/resources/data/dataset3/testcase33/source-model.epml,,unknown,,unknown,
src/main/resources/data/dataset3/testcase33/source-model.epml,,unknown,,unknown,
src/main/resources/data/dataset3/testcase33/source-model.epml,,unknown,,unknown,
src/main/resources/data/dataset3/testcase33/source-model.epml,,unknown,,unknown,
src/main/resources/data/dataset3/testcase33/source-model.epml,,unknown,,unknown,
src/main/resources/data/dataset3/testcase33/source-model.epml,,unknown,,unknown,
src/main/resources/data/dataset3/testcase33/source-model.epml,,unknown,,unknown,
src/main/resources/data/dataset3/testcase33/source-model.epml,,unknown,,unknown,
src/main/resources/data/dataset3/testcase33/target-model.epml,,unknown,,unknown,
src/main/resources/data/dataset3/testcase33/target-model.epml,,unknown,,unknown,
src/main/resources/data/dataset3/testcase33/target-model.epml,,unknown,,unknown,
src/main/resources/data/dataset3/testcase33/target-model.epml,,unknown,,unknown,
src/main/resources/data/dataset3/testcase33/target-model.epml,,unknown,,unknown,
src/main/resources/data/dataset3/testcase33/target-model.epml,,unknown,,unknown,
src/main/resources/data/dataset3/testcase33/target-model.epml,,unknown,,unknown,
src/main/resources/data/dataset3/testcase33/target-model.epml,,unknown,,unknown,
src/main/resources/data/dataset3/testcase33/target-model.epml,,unknown,,unknown,
src/main/resources/data/dataset3/testcase33/target-model.epml,,unknown,,unknown,
src/main/resources/data/dataset3/testcase33/target-model.epml,,unknown,,unknown,
src/main/resources/data/dataset3/testcase33/target-model.epml,,unknown,,unknown,
src/main/resources/data/dataset3/testcase33/target-model.epml,,unknown,,unknown,
src/main/resources/data/dataset3/testcase33/target-model.epml,,unknown,,unknown,
src/main/resources/data/dataset3/testcase33/target-model.epml,,unknown,,unknown,
src/main/resources/data/dataset3/testcase33/target-model.epml,,unknown,,unknown,
src/main/resources/data/dataset3/testcase33/target-model.epml,,unknown,,unknown,
src/main/resources/data/dataset3/testcase33/target-model.epml,,unknown,,unknown,
src/main/resources/data/dataset3/testcase33/target-model.epml,,unknown,,unknown,
src/main/resources/data/dataset3/testcase33/target-model.epml,,unknown,,unknown,
src/main/resources/data/dataset3/testcase33/target-model.epml,,unknown,,unknown,
src/main/resources/data/dataset3/testcase33/target-model.epml,,unknown,,unknown,
src/main/resources/data/dataset3/testcase33/target-model.epml,,unknown,,unknown,
src/main/resources/data/dataset3/testcase33/target-model.epml,,unknown,,unknown,
src/main/resources/data/dataset3/testcase33/target-model.epml,,unknown,,unknown,
src/main/resources/data/dataset3/testcase33/target-model.epml,,unknown,,unknown,
src/main/resources/data/dataset3/testcase33/target-model.epml,,unknown,,unknown,
src/main/resources/data/dataset3/testcase33/target-model.epml,,unknown,,unknown,
src/main/resources/data/dataset3/testcase33/target-model.epml,,unknown,,unknown,
src/main/resources/data/dataset3/testcase33/target-model.epml,,unknown,,unknown,
src/main/resources/data/dataset3/testcase33/target-model.epml,,unknown,,unknown,
src/main/resources/data/dataset3/testcase33/target-model.epml,,unknown,,unknown,
src/main/resources/data/dataset3/testcase33/target-model.epml,,unknown,,unknown,
src/main/resources/data/dataset3/testcase33/target-model.epml,,unknown,,unknown,
src/main/resources/data/dataset3/testcase33/target-model.epml,,unknown,,unknown,
src/main/resources/data/dataset3/testcase33/target-model.epml,,unknown,,unknown,
src/main/resources/data/dataset3/testcase33/target-model.epml,,unknown,,unknown,
src/main/resources/data/dataset3/testcase33/target-model.epml,,unknown,,unknown,
src/main/resources/data/dataset3/testcase33/target-model.epml,,unknown,,unknown,
src/main/resources/data/dataset3/testcase33/target-model.epml,,unknown,,unknown,
src/main/resources/data/dataset3/testcase33/target-model.epml,,unknown,,unknown,
src/main/resources/data/dataset3/testcase33/target-model.epml,,unknown,,unknown,
src/main/resources/data/dataset3/testcase33/target-model.epml,,unknown,,unknown,
src/main/resources/data/dataset3/testcase33/target-model.epml,,unknown,,unknown,
src/main/resources/data/dataset3/testcase33/target-model.epml,,unknown,,unknown,
src/main/resources/data/dataset3/testcase33/target-model.epml,,unknown,,unknown,
src/main/resources/data/dataset3/testcase33/target-model.epml,,unknown,,unknown,
src/main/resources/data/dataset3/testcase33/target-model.epml,,unknown,,unknown,
src/main/resources/data/dataset3/testcase33/target-model.epml,,unknown,,unknown,
src/main/resources/data/dataset3/testcase33/target-model.epml,,unknown,,unknown,
src/main/resources/data/dataset3/testcase33/target-model.epml,,unknown,,unknown,
src/main/resources/data/dataset3/testcase33/target-model.epml,,unknown,,unknown,
src/main/resources/data/dataset3/testcase33/target-model.epml,,unknown,,unknown,
src/main/resources/data/dataset3/testcase33/target-model.epml,,unknown,,unknown,
src/main/resources/data/dataset3/testcase33/target-model.epml,,unknown,,unknown,
src/main/resources/data/dataset3/testcase33/target-model.epml,,unknown,,unknown,
src/main/resources/data/dataset3/testcase33/target-model.epml,,unknown,,unknown,
src/main/resources/data/dataset3/testcase33/target-model.epml,,unknown,,unknown,
src/main/resources/data/dataset3/testcase33/target-model.epml,,unknown,,unknown,
src/main/resources/data/dataset3/testcase33/target-model.epml,,unknown,,unknown,
src/main/resources/data/dataset3/testcase33/target-model.epml,,unknown,,unknown,
src/main/resources/data/dataset3/testcase33/target-model.epml,,unknown,,unknown,
src/main/resources/data/dataset3/testcase33/target-model.epml,,unknown,,unknown,
src/main/resources/data/dataset3/testcase33/target-model.epml,,unknown,,unknown,
src/main/resources/data/dataset3/testcase33/target-model.epml,,unknown,,unknown,
src/main/resources/data/dataset3/testcase33/target-model.epml,,unknown,,unknown,
src/main/resources/data/dataset3/testcase33/target-model.epml,,unknown,,unknown,
src/main/resources/data/dataset3/testcase33/target-model.epml,,unknown,,unknown,
src/main/resources/data/dataset3/testcase33/target-model.epml,,unknown,,unknown,
src/main/resources/data/dataset3/testcase33/target-model.epml,,unknown,,unknown,
src/main/resources/data/dataset3/testcase33/target-model.epml,,unknown,,unknown,
src/main/resources/data/dataset3/testcase33/target-model.epml,,unknown,,unknown,
src/main/resources/data/dataset3/testcase33/target-model.epml,,unknown,,unknown,
src/main/resources/data/dataset3/testcase33/target-model.epml,,unknown,,unknown,
src/main/resources/data/dataset3/testcase33/target-model.epml,,unknown,,unknown,
src/main/resources/data/dataset3/testcase33/target-model.epml,,unknown,,unknown,
src/main/resources/data/dataset3/testcase33/target-model.epml,,unknown,,unknown,
src/main/resources/data/dataset3/testcase33/target-model.epml,,unknown,,unknown,
src/main/resources/data/dataset3/testcase34/source-model.epml,,unknown,,unknown,
src/main/resources/data/dataset3/testcase34/source-model.epml,,unknown,,unknown,
src/main/resources/data/dataset3/testcase34/source-model.epml,,unknown,,unknown,
src/main/resources/data/dataset3/testcase34/source-model.epml,,unknown,,unknown,
src/main/resources/data/dataset3/testcase34/source-model.epml,,unknown,,unknown,
src/main/resources/data/dataset3/testcase34/source-model.epml,,unknown,,unknown,
src/main/resources/data/dataset3/testcase34/source-model.epml,,unknown,,unknown,
src/main/resources/data/dataset3/testcase34/source-model.epml,,unknown,,unknown,
src/main/resources/data/dataset3/testcase34/source-model.epml,,unknown,,unknown,
src/main/resources/data/dataset3/testcase34/source-model.epml,,unknown,,unknown,
src/main/resources/data/dataset3/testcase34/source-model.epml,,unknown,,unknown,
src/main/resources/data/dataset3/testcase34/source-model.epml,,unknown,,unknown,
src/main/resources/data/dataset3/testcase34/source-model.epml,,unknown,,unknown,
src/main/resources/data/dataset3/testcase34/source-model.epml,,unknown,,unknown,
src/main/resources/data/dataset3/testcase34/source-model.epml,,unknown,,unknown,
src/main/resources/data/dataset3/testcase34/source-model.epml,,unknown,,unknown,
src/main/resources/data/dataset3/testcase34/source-model.epml,,unknown,,unknown,
src/main/resources/data/dataset3/testcase34/source-model.epml,,unknown,,unknown,
src/main/resources/data/dataset3/testcase34/source-model.epml,,unknown,,unknown,
src/main/resources/data/dataset3/testcase34/source-model.epml,,unknown,,unknown,
src/main/resources/data/dataset3/testcase34/source-model.epml,,unknown,,unknown,
src/main/resources/data/dataset3/testcase34/source-model.epml,,unknown,,unknown,
src/main/resources/data/dataset3/testcase34/source-model.epml,,unknown,,unknown,
src/main/resources/data/dataset3/testcase34/source-model.epml,,unknown,,unknown,
src/main/resources/data/dataset3/testcase34/source-model.epml,,unknown,,unknown,
src/main/resources/data/dataset3/testcase34/source-model.epml,,unknown,,unknown,
src/main/resources/data/dataset3/testcase34/source-model.epml,,unknown,,unknown,
src/main/resources/data/dataset3/testcase34/source-model.epml,,unknown,,unknown,
src/main/resources/data/dataset3/testcase34/source-model.epml,,unknown,,unknown,
src/main/resources/data/dataset3/testcase34/source-model.epml,,unknown,,unknown,
src/main/resources/data/dataset3/testcase34/source-model.epml,,unknown,,unknown,
src/main/resources/data/dataset3/testcase34/source-model.epml,,unknown,,unknown,
src/main/resources/data/dataset3/testcase34/source-model.epml,,unknown,,unknown,
src/main/resources/data/dataset3/testcase34/source-model.epml,,unknown,,unknown,
src/main/resources/data/dataset3/testcase34/source-model.epml,,unknown,,unknown,
src/main/resources/data/dataset3/testcase34/source-model.epml,,unknown,,unknown,
src/main/resources/data/dataset3/testcase34/source-model.epml,,unknown,,unknown,
src/main/resources/data/dataset3/testcase34/source-model.epml,,unknown,,unknown,
src/main/resources/data/dataset3/testcase34/source-model.epml,,unknown,,unknown,
src/main/resources/data/dataset3/testcase34/source-model.epml,,unknown,,unknown,
src/main/resources/data/dataset3/testcase34/source-model.epml,,unknown,,unknown,
src/main/resources/data/dataset3/testcase34/source-model.epml,,unknown,,unknown,
src/main/resources/data/dataset3/testcase34/source-model.epml,,unknown,,unknown,
src/main/resources/data/dataset3/testcase34/source-model.epml,,unknown,,unknown,
src/main/resources/data/dataset3/testcase34/source-model.epml,,unknown,,unknown,
src/main/resources/data/dataset3/testcase34/source-model.epml,,unknown,,unknown,
src/main/resources/data/dataset3/testcase34/source-model.epml,,unknown,,unknown,
src/main/resources/data/dataset3/testcase34/source-model.epml,,unknown,,unknown,
src/main/resources/data/dataset3/testcase34/source-model.epml,,unknown,,unknown,
src/main/resources/data/dataset3/testcase34/source-model.epml,,unknown,,unknown,
src/main/resources/data/dataset3/testcase34/source-model.epml,,unknown,,unknown,
src/main/resources/data/dataset3/testcase34/source-model.epml,,unknown,,unknown,
src/main/resources/data/dataset3/testcase34/source-model.epml,,unknown,,unknown,
src/main/resources/data/dataset3/testcase34/source-model.epml,,unknown,,unknown,
src/main/resources/data/dataset3/testcase34/source-model.epml,,unknown,,unknown,
src/main/resources/data/dataset3/testcase34/target-model.epml,,unknown,,unknown,
src/main/resources/data/dataset3/testcase34/target-model.epml,,unknown,,unknown,
src/main/resources/data/dataset3/testcase34/target-model.epml,,unknown,,unknown,
src/main/resources/data/dataset3/testcase34/target-model.epml,,unknown,,unknown,
src/main/resources/data/dataset3/testcase34/target-model.epml,,unknown,,unknown,
src/main/resources/data/dataset3/testcase34/target-model.epml,,unknown,,unknown,
src/main/resources/data/dataset3/testcase34/target-model.epml,,unknown,,unknown,
src/main/resources/data/dataset3/testcase34/target-model.epml,,unknown,,unknown,
src/main/resources/data/dataset3/testcase34/target-model.epml,,unknown,,unknown,
src/main/resources/data/dataset3/testcase34/target-model.epml,,unknown,,unknown,
src/main/resources/data/dataset3/testcase34/target-model.epml,,unknown,,unknown,
src/main/resources/data/dataset3/testcase34/target-model.epml,,unknown,,unknown,
src/main/resources/data/dataset3/testcase34/target-model.epml,,unknown,,unknown,
src/main/resources/data/dataset3/testcase34/target-model.epml,,unknown,,unknown,
src/main/resources/data/dataset3/testcase34/target-model.epml,,unknown,,unknown,
src/main/resources/data/dataset3/testcase34/target-model.epml,,unknown,,unknown,
src/main/resources/data/dataset3/testcase34/target-model.epml,,unknown,,unknown,
src/main/resources/data/dataset3/testcase34/target-model.epml,,unknown,,unknown,
src/main/resources/data/dataset3/testcase34/target-model.epml,,unknown,,unknown,
src/main/resources/data/dataset3/testcase34/target-model.epml,,unknown,,unknown,
src/main/resources/data/dataset3/testcase34/target-model.epml,,unknown,,unknown,
src/main/resources/data/dataset3/testcase34/target-model.epml,,unknown,,unknown,
src/main/resources/data/dataset3/testcase34/target-model.epml,,unknown,,unknown,
src/main/resources/data/dataset3/testcase34/target-model.epml,,unknown,,unknown,
src/main/resources/data/dataset3/testcase34/target-model.epml,,unknown,,unknown,
src/main/resources/data/dataset3/testcase34/target-model.epml,,unknown,,unknown,
src/main/resources/data/dataset3/testcase34/target-model.epml,,unknown,,unknown,
src/main/resources/data/dataset3/testcase34/target-model.epml,,unknown,,unknown,
src/main/resources/data/dataset3/testcase34/target-model.epml,,unknown,,unknown,
src/main/resources/data/dataset3/testcase34/target-model.epml,,unknown,,unknown,
src/main/resources/data/dataset3/testcase34/target-model.epml,,unknown,,unknown,
src/main/resources/data/dataset3/testcase34/target-model.epml,,unknown,,unknown,
src/main/resources/data/dataset3/testcase34/target-model.epml,,unknown,,unknown,
src/main/resources/data/dataset3/testcase34/target-model.epml,,unknown,,unknown,
src/main/resources/data/dataset3/testcase34/target-model.epml,,unknown,,unknown,
src/main/resources/data/dataset3/testcase34/target-model.epml,,unknown,,unknown,
src/main/resources/data/dataset3/testcase34/target-model.epml,,unknown,,unknown,
src/main/resources/data/dataset3/testcase34/target-model.epml,,unknown,,unknown,
src/main/resources/data/dataset3/testcase34/target-model.epml,,unknown,,unknown,
src/main/resources/data/dataset3/testcase34/target-model.epml,,unknown,,unknown,
src/main/resources/data/dataset3/testcase34/target-model.epml,,unknown,,unknown,
src/main/resources/data/dataset3/testcase35/source-model.epml,,unknown,,unknown,
src/main/resources/data/dataset3/testcase35/source-model.epml,,unknown,,unknown,
src/main/resources/data/dataset3/testcase35/source-model.epml,,unknown,,unknown,
src/main/resources/data/dataset3/testcase35/source-model.epml,,unknown,,unknown,
src/main/resources/data/dataset3/testcase35/source-model.epml,,unknown,,unknown,
src/main/resources/data/dataset3/testcase35/source-model.epml,,unknown,,unknown,
src/main/resources/data/dataset3/testcase35/source-model.epml,,unknown,,unknown,
src/main/resources/data/dataset3/testcase35/source-model.epml,,unknown,,unknown,
src/main/resources/data/dataset3/testcase35/source-model.epml,,unknown,,unknown,
src/main/resources/data/dataset3/testcase35/source-model.epml,,unknown,,unknown,
src/main/resources/data/dataset3/testcase35/source-model.epml,,unknown,,unknown,
src/main/resources/data/dataset3/testcase35/source-model.epml,,unknown,,unknown,
src/main/resources/data/dataset3/testcase35/source-model.epml,,unknown,,unknown,
src/main/resources/data/dataset3/testcase35/source-model.epml,,unknown,,unknown,
src/main/resources/data/dataset3/testcase35/source-model.epml,,unknown,,unknown,
src/main/resources/data/dataset3/testcase35/source-model.epml,,unknown,,unknown,
src/main/resources/data/dataset3/testcase35/source-model.epml,,unknown,,unknown,
src/main/resources/data/dataset3/testcase35/source-model.epml,,unknown,,unknown,
src/main/resources/data/dataset3/testcase35/source-model.epml,,unknown,,unknown,
src/main/resources/data/dataset3/testcase35/source-model.epml,,unknown,,unknown,
src/main/resources/data/dataset3/testcase35/source-model.epml,,unknown,,unknown,
src/main/resources/data/dataset3/testcase35/source-model.epml,,unknown,,unknown,
src/main/resources/data/dataset3/testcase35/source-model.epml,,unknown,,unknown,
src/main/resources/data/dataset3/testcase35/source-model.epml,,unknown,,unknown,
src/main/resources/data/dataset3/testcase35/source-model.epml,,unknown,,unknown,
src/main/resources/data/dataset3/testcase35/source-model.epml,,unknown,,unknown,
src/main/resources/data/dataset3/testcase35/source-model.epml,,unknown,,unknown,
src/main/resources/data/dataset3/testcase35/source-model.epml,,unknown,,unknown,
src/main/resources/data/dataset3/testcase35/source-model.epml,,unknown,,unknown,
src/main/resources/data/dataset3/testcase35/source-model.epml,,unknown,,unknown,
src/main/resources/data/dataset3/testcase35/source-model.epml,,unknown,,unknown,
src/main/resources/data/dataset3/testcase35/source-model.epml,,unknown,,unknown,
src/main/resources/data/dataset3/testcase35/source-model.epml,,unknown,,unknown,
src/main/resources/data/dataset3/testcase35/source-model.epml,,unknown,,unknown,
src/main/resources/data/dataset3/testcase35/source-model.epml,,unknown,,unknown,
src/main/resources/data/dataset3/testcase35/source-model.epml,,unknown,,unknown,
src/main/resources/data/dataset3/testcase35/source-model.epml,,unknown,,unknown,
src/main/resources/data/dataset3/testcase35/source-model.epml,,unknown,,unknown,
src/main/resources/data/dataset3/testcase35/source-model.epml,,unknown,,unknown,
src/main/resources/data/dataset3/testcase35/source-model.epml,,unknown,,unknown,
src/main/resources/data/dataset3/testcase35/source-model.epml,,unknown,,unknown,
src/main/resources/data/dataset3/testcase35/source-model.epml,,unknown,,unknown,
src/main/resources/data/dataset3/testcase35/source-model.epml,,unknown,,unknown,
src/main/resources/data/dataset3/testcase35/source-model.epml,,unknown,,unknown,
src/main/resources/data/dataset3/testcase35/source-model.epml,,unknown,,unknown,
src/main/resources/data/dataset3/testcase35/source-model.epml,,unknown,,unknown,
src/main/resources/data/dataset3/testcase35/source-model.epml,,unknown,,unknown,
src/main/resources/data/dataset3/testcase35/source-model.epml,,unknown,,unknown,
src/main/resources/data/dataset3/testcase35/source-model.epml,,unknown,,unknown,
src/main/resources/data/dataset3/testcase35/source-model.epml,,unknown,,unknown,
src/main/resources/data/dataset3/testcase35/source-model.epml,,unknown,,unknown,
src/main/resources/data/dataset3/testcase35/source-model.epml,,unknown,,unknown,
src/main/resources/data/dataset3/testcase35/source-model.epml,,unknown,,unknown,
src/main/resources/data/dataset3/testcase35/source-model.epml,,unknown,,unknown,
src/main/resources/data/dataset3/testcase35/source-model.epml,,unknown,,unknown,
src/main/resources/data/dataset3/testcase35/source-model.epml,,unknown,,unknown,
src/main/resources/data/dataset3/testcase35/source-model.epml,,unknown,,unknown,
src/main/resources/data/dataset3/testcase35/source-model.epml,,unknown,,unknown,
src/main/resources/data/dataset3/testcase35/source-model.epml,,unknown,,unknown,
src/main/resources/data/dataset3/testcase35/source-model.epml,,unknown,,unknown,
src/main/resources/data/dataset3/testcase35/target-model.epml,,unknown,,unknown,
src/main/resources/data/dataset3/testcase35/target-model.epml,,unknown,,unknown,
src/main/resources/data/dataset3/testcase35/target-model.epml,,unknown,,unknown,
src/main/resources/data/dataset3/testcase35/target-model.epml,,unknown,,unknown,
src/main/resources/data/dataset3/testcase35/target-model.epml,,unknown,,unknown,
src/main/resources/data/dataset3/testcase35/target-model.epml,,unknown,,unknown,
src/main/resources/data/dataset3/testcase35/target-model.epml,,unknown,,unknown,
src/main/resources/data/dataset3/testcase35/target-model.epml,,unknown,,unknown,
src/main/resources/data/dataset3/testcase35/target-model.epml,,unknown,,unknown,
src/main/resources/data/dataset3/testcase35/target-model.epml,,unknown,,unknown,
src/main/resources/data/dataset3/testcase35/target-model.epml,,unknown,,unknown,
src/main/resources/data/dataset3/testcase35/target-model.epml,,unknown,,unknown,
src/main/resources/data/dataset3/testcase35/target-model.epml,,unknown,,unknown,
src/main/resources/data/dataset3/testcase35/target-model.epml,,unknown,,unknown,
src/main/resources/data/dataset3/testcase35/target-model.epml,,unknown,,unknown,
src/main/resources/data/dataset3/testcase35/target-model.epml,,unknown,,unknown,
src/main/resources/data/dataset3/testcase35/target-model.epml,,unknown,,unknown,
src/main/resources/data/dataset3/testcase35/target-model.epml,,unknown,,unknown,
src/main/resources/data/dataset3/testcase35/target-model.epml,,unknown,,unknown,
src/main/resources/data/dataset3/testcase35/target-model.epml,,unknown,,unknown,
src/main/resources/data/dataset3/testcase35/target-model.epml,,unknown,,unknown,
src/main/resources/data/dataset3/testcase35/target-model.epml,,unknown,,unknown,
src/main/resources/data/dataset3/testcase35/target-model.epml,,unknown,,unknown,
src/main/resources/data/dataset3/testcase35/target-model.epml,,unknown,,unknown,
src/main/resources/data/dataset3/testcase35/target-model.epml,,unknown,,unknown,
src/main/resources/data/dataset3/testcase35/target-model.epml,,unknown,,unknown,
src/main/resources/data/dataset3/testcase35/target-model.epml,,unknown,,unknown,
src/main/resources/data/dataset3/testcase35/target-model.epml,,unknown,,unknown,
src/main/resources/data/dataset3/testcase35/target-model.epml,,unknown,,unknown,
src/main/resources/data/dataset3/testcase35/target-model.epml,,unknown,,unknown,
src/main/resources/data/dataset3/testcase35/target-model.epml,,unknown,,unknown,
src/main/resources/data/dataset3/testcase35/target-model.epml,,unknown,,unknown,
src/main/resources/data/dataset3/testcase35/target-model.epml,,unknown,,unknown,
src/main/resources/data/dataset3/testcase35/target-model.epml,,unknown,,unknown,
src/main/resources/data/dataset3/testcase35/target-model.epml,,unknown,,unknown,
src/main/resources/data/dataset3/testcase35/target-model.epml,,unknown,,unknown,
src/main/resources/data/dataset3/testcase35/target-model.epml,,unknown,,unknown,
src/main/resources/data/dataset3/testcase35/target-model.epml,,unknown,,unknown,
src/main/resources/data/dataset3/testcase35/target-model.epml,,unknown,,unknown,
src/main/resources/data/dataset3/testcase35/target-model.epml,,unknown,,unknown,
src/main/resources/data/dataset3/testcase35/target-model.epml,,unknown,,unknown,
src/main/resources/data/dataset3/testcase35/target-model.epml,,unknown,,unknown,
src/main/resources/data/dataset3/testcase35/target-model.epml,,unknown,,unknown,
src/main/resources/data/dataset3/testcase35/target-model.epml,,unknown,,unknown,
src/main/resources/data/dataset3/testcase35/target-model.epml,,unknown,,unknown,
src/main/resources/data/dataset3/testcase35/target-model.epml,,unknown,,unknown,
src/main/resources/data/dataset3/testcase35/target-model.epml,,unknown,,unknown,
src/main/resources/data/dataset3/testcase35/target-model.epml,,unknown,,unknown,
src/main/resources/data/dataset3/testcase35/target-model.epml,,unknown,,unknown,
src/main/resources/data/dataset3/testcase35/target-model.epml,,unknown,,unknown,
src/main/resources/data/dataset3/testcase35/target-model.epml,,unknown,,unknown,
src/main/resources/data/dataset3/testcase35/target-model.epml,,unknown,,unknown,
src/main/resources/data/dataset3/testcase35/target-model.epml,,unknown,,unknown,
src/main/resources/data/dataset3/testcase35/target-model.epml,,unknown,,unknown,
src/main/resources/data/dataset3/testcase35/target-model.epml,,unknown,,unknown,
src/main/resources/data/dataset3/testcase35/target-model.epml,,unknown,,unknown,
src/main/resources/data/dataset3/testcase35/target-model.epml,,unknown,,unknown,
src/main/resources/data/dataset3/testcase35/target-model.epml,,unknown,,unknown,
src/main/resources/data/dataset3/testcase35/target-model.epml,,unknown,,unknown,
src/main/resources/data/dataset3/testcase35/target-model.epml,,unknown,,unknown,
src/main/resources/data/dataset3/testcase35/target-model.epml,,unknown,,unknown,
src/main/resources/data/dataset3/testcase35/target-model.epml,,unknown,,unknown,
src/main/resources/data/dataset3/testcase35/target-model.epml,,unknown,,unknown,
src/main/resources/data/dataset3/testcase35/target-model.epml,,unknown,,unknown,
src/main/resources/data/dataset3/testcase35/target-model.epml,,unknown,,unknown,
src/main/resources/data/dataset3/testcase35/target-model.epml,,unknown,,unknown,
src/main/resources/data/dataset3/testcase35/target-model.epml,,unknown,,unknown,
src/main/resources/data/dataset3/testcase35/target-model.epml,,unknown,,unknown,
src/main/resources/data/dataset3/testcase35/target-model.epml,,unknown,,unknown,
src/main/resources/data/dataset3/testcase35/target-model.epml,,unknown,,unknown,
src/main/resources/data/dataset3/testcase35/target-model.epml,,unknown,,unknown,
src/main/resources/data/dataset3/testcase35/target-model.epml,,unknown,,unknown,
src/main/resources/data/dataset3/testcase35/target-model.epml,,unknown,,unknown,
src/main/resources/data/dataset3/testcase35/target-model.epml,,unknown,,unknown,
src/main/resources/data/dataset3/testcase35/target-model.epml,,unknown,,unknown,
src/main/resources/data/dataset3/testcase35/target-model.epml,,unknown,,unknown,
src/main/resources/data/dataset3/testcase35/target-model.epml,,unknown,,unknown,
src/main/resources/data/dataset3/testcase35/target-model.epml,,unknown,,unknown,
src/main/resources/data/dataset3/testcase35/target-model.epml,,unknown,,unknown,
src/main/resources/data/dataset3/testcase35/target-model.epml,,unknown,,unknown,
src/main/resources/data/dataset3/testcase35/target-model.epml,,unknown,,unknown,
src/main/resources/data/dataset3/testcase35/target-model.epml,,unknown,,unknown,
src/main/resources/data/dataset3/testcase35/target-model.epml,,unknown,,unknown,
src/main/resources/data/dataset3/testcase35/target-model.epml,,unknown,,unknown,
src/main/resources/data/dataset3/testcase35/target-model.epml,,unknown,,unknown,
src/main/resources/data/dataset3/testcase35/target-model.epml,,unknown,,unknown,
src/main/resources/data/dataset3/testcase35/target-model.epml,,unknown,,unknown,
src/main/resources/data/dataset3/testcase35/target-model.epml,,unknown,,unknown,
src/main/resources/data/dataset3/testcase35/target-model.epml,,unknown,,unknown,
src/main/resources/data/dataset3/testcase35/target-model.epml,,unknown,,unknown,
src/main/resources/data/dataset3/testcase35/target-model.epml,,unknown,,unknown,
src/main/resources/data/dataset3/testcase35/target-model.epml,,unknown,,unknown,
src/main/resources/data/dataset3/testcase35/target-model.epml,,unknown,,unknown,
src/main/resources/data/dataset3/testcase35/target-model.epml,,unknown,,unknown,
src/main/resources/data/dataset3/testcase35/target-model.epml,,unknown,,unknown,
src/main/resources/data/dataset3/testcase35/target-model.epml,,unknown,,unknown,
src/main/resources/data/dataset3/testcase35/target-model.epml,,unknown,,unknown,
src/main/resources/data/dataset3/testcase35/target-model.epml,,unknown,,unknown,
src/main/resources/data/dataset3/testcase35/target-model.epml,,unknown,,unknown,
src/main/resources/data/dataset3/testcase35/target-model.epml,,unknown,,unknown,
src/main/resources/data/dataset3/testcase35/target-model.epml,,unknown,,unknown,
src/main/resources/data/dataset3/testcase35/target-model.epml,,unknown,,unknown,
src/main/resources/data/dataset3/testcase35/target-model.epml,,unknown,,unknown,
src/main/resources/data/dataset3/testcase35/target-model.epml,,unknown,,unknown,
src/main/resources/data/dataset3/testcase35/target-model.epml,,unknown,,unknown,
src/main/resources/data/dataset3/testcase35/target-model.epml,,unknown,,unknown,
src/main/resources/data/dataset3/testcase35/target-model.epml,,unknown,,unknown,
src/main/resources/data/dataset3/testcase35/target-model.epml,,unknown,,unknown,
src/main/resources/data/dataset3/testcase35/target-model.epml,,unknown,,unknown,
src/main/resources/data/dataset3/testcase35/target-model.epml,,unknown,,unknown,
src/main/resources/data/dataset3/testcase36/source-model.epml,,unknown,,unknown,
src/main/resources/data/dataset3/testcase36/source-model.epml,,unknown,,unknown,
src/main/resources/data/dataset3/testcase36/source-model.epml,,unknown,,unknown,
src/main/resources/data/dataset3/testcase36/source-model.epml,,unknown,,unknown,
src/main/resources/data/dataset3/testcase36/source-model.epml,,unknown,,unknown,
src/main/resources/data/dataset3/testcase36/source-model.epml,,unknown,,unknown,
src/main/resources/data/dataset3/testcase36/source-model.epml,,unknown,,unknown,
src/main/resources/data/dataset3/testcase36/source-model.epml,,unknown,,unknown,
src/main/resources/data/dataset3/testcase36/source-model.epml,,unknown,,unknown,
src/main/resources/data/dataset3/testcase36/source-model.epml,,unknown,,unknown,
src/main/resources/data/dataset3/testcase36/source-model.epml,,unknown,,unknown,
src/main/resources/data/dataset3/testcase36/source-model.epml,,unknown,,unknown,
src/main/resources/data/dataset3/testcase36/source-model.epml,,unknown,,unknown,
src/main/resources/data/dataset3/testcase36/source-model.epml,,unknown,,unknown,
src/main/resources/data/dataset3/testcase36/source-model.epml,,unknown,,unknown,
src/main/resources/data/dataset3/testcase36/source-model.epml,,unknown,,unknown,
src/main/resources/data/dataset3/testcase36/source-model.epml,,unknown,,unknown,
src/main/resources/data/dataset3/testcase36/source-model.epml,,unknown,,unknown,
src/main/resources/data/dataset3/testcase36/source-model.epml,,unknown,,unknown,
src/main/resources/data/dataset3/testcase36/source-model.epml,,unknown,,unknown,
src/main/resources/data/dataset3/testcase36/source-model.epml,,unknown,,unknown,
src/main/resources/data/dataset3/testcase36/source-model.epml,,unknown,,unknown,
src/main/resources/data/dataset3/testcase36/target-model.epml,,unknown,,unknown,
src/main/resources/data/dataset3/testcase36/target-model.epml,,unknown,,unknown,
src/main/resources/data/dataset3/testcase36/target-model.epml,,unknown,,unknown,
src/main/resources/data/dataset3/testcase36/target-model.epml,,unknown,,unknown,
src/main/resources/data/dataset3/testcase36/target-model.epml,,unknown,,unknown,
src/main/resources/data/dataset3/testcase36/target-model.epml,,unknown,,unknown,
src/main/resources/data/dataset3/testcase36/target-model.epml,,unknown,,unknown,
src/main/resources/data/dataset3/testcase36/target-model.epml,,unknown,,unknown,
src/main/resources/data/dataset3/testcase36/target-model.epml,,unknown,,unknown,
src/main/resources/data/dataset3/testcase36/target-model.epml,,unknown,,unknown,
src/main/resources/data/dataset3/testcase36/target-model.epml,,unknown,,unknown,
src/main/resources/data/dataset3/testcase36/target-model.epml,,unknown,,unknown,
src/main/resources/data/dataset3/testcase36/target-model.epml,,unknown,,unknown,
src/main/resources/data/dataset3/testcase36/target-model.epml,,unknown,,unknown,
src/main/resources/data/dataset3/testcase36/target-model.epml,,unknown,,unknown,
src/main/resources/data/dataset3/testcase36/target-model.epml,,unknown,,unknown,
src/main/resources/data/dataset3/testcase36/target-model.epml,,unknown,,unknown,
src/main/resources/data/dataset3/testcase36/target-model.epml,,unknown,,unknown,
src/main/resources/data/dataset3/testcase36/target-model.epml,,unknown,,unknown,
src/main/resources/data/dataset3/testcase36/target-model.epml,,unknown,,unknown,
src/main/resources/data/dataset3/testcase36/target-model.epml,,unknown,,unknown,
src/main/resources/data/dataset3/testcase36/target-model.epml,,unknown,,unknown,
src/main/resources/data/dataset3/testcase36/target-model.epml,,unknown,,unknown,
src/main/resources/data/dataset3/testcase36/target-model.epml,,unknown,,unknown,
src/main/resources/data/dataset3/testcase36/target-model.epml,,unknown,,unknown,
src/main/resources/data/dataset3/testcase36/target-model.epml,,unknown,,unknown,
src/main/resources/data/dataset3/testcase36/target-model.epml,,unknown,,unknown,
src/main/resources/data/dataset3/testcase36/target-model.epml,,unknown,,unknown,
src/main/resources/data/dataset3/testcase36/target-model.epml,,unknown,,unknown,
src/main/resources/data/dataset3/testcase36/target-model.epml,,unknown,,unknown,
src/main/resources/data/dataset3/testcase36/target-model.epml,,unknown,,unknown,
src/main/resources/data/dataset3/testcase36/target-model.epml,,unknown,,unknown,
src/main/resources/data/dataset3/testcase36/target-model.epml,,unknown,,unknown,
src/main/resources/data/dataset3/testcase4/source-model.epml,,unknown,,unknown,
src/main/resources/data/dataset3/testcase4/source-model.epml,,unknown,,unknown,
src/main/resources/data/dataset3/testcase4/source-model.epml,,unknown,,unknown,
src/main/resources/data/dataset3/testcase4/source-model.epml,,unknown,,unknown,
src/main/resources/data/dataset3/testcase4/source-model.epml,,unknown,,unknown,
src/main/resources/data/dataset3/testcase4/source-model.epml,,unknown,,unknown,
src/main/resources/data/dataset3/testcase4/source-model.epml,,unknown,,unknown,
src/main/resources/data/dataset3/testcase4/source-model.epml,,unknown,,unknown,
src/main/resources/data/dataset3/testcase4/source-model.epml,,unknown,,unknown,
src/main/resources/data/dataset3/testcase4/source-model.epml,,unknown,,unknown,
src/main/resources/data/dataset3/testcase4/source-model.epml,,unknown,,unknown,
src/main/resources/data/dataset3/testcase4/source-model.epml,,unknown,,unknown,
src/main/resources/data/dataset3/testcase4/source-model.epml,,unknown,,unknown,
src/main/resources/data/dataset3/testcase4/source-model.epml,,unknown,,unknown,
src/main/resources/data/dataset3/testcase4/source-model.epml,,unknown,,unknown,
src/main/resources/data/dataset3/testcase4/source-model.epml,,unknown,,unknown,
src/main/resources/data/dataset3/testcase4/source-model.epml,,unknown,,unknown,
src/main/resources/data/dataset3/testcase4/source-model.epml,,unknown,,unknown,
src/main/resources/data/dataset3/testcase4/source-model.epml,,unknown,,unknown,
src/main/resources/data/dataset3/testcase4/source-model.epml,,unknown,,unknown,
src/main/resources/data/dataset3/testcase4/source-model.epml,,unknown,,unknown,
src/main/resources/data/dataset3/testcase4/source-model.epml,,unknown,,unknown,
src/main/resources/data/dataset3/testcase4/source-model.epml,,unknown,,unknown,
src/main/resources/data/dataset3/testcase4/target-model.epml,,unknown,,unknown,
src/main/resources/data/dataset3/testcase4/target-model.epml,,unknown,,unknown,
src/main/resources/data/dataset3/testcase4/target-model.epml,,unknown,,unknown,
src/main/resources/data/dataset3/testcase4/target-model.epml,,unknown,,unknown,
src/main/resources/data/dataset3/testcase4/target-model.epml,,unknown,,unknown,
src/main/resources/data/dataset3/testcase4/target-model.epml,,unknown,,unknown,
src/main/resources/data/dataset3/testcase4/target-model.epml,,unknown,,unknown,
src/main/resources/data/dataset3/testcase4/target-model.epml,,unknown,,unknown,
src/main/resources/data/dataset3/testcase4/target-model.epml,,unknown,,unknown,
src/main/resources/data/dataset3/testcase4/target-model.epml,,unknown,,unknown,
src/main/resources/data/dataset3/testcase4/target-model.epml,,unknown,,unknown,
src/main/resources/data/dataset3/testcase4/target-model.epml,,unknown,,unknown,
src/main/resources/data/dataset3/testcase4/target-model.epml,,unknown,,unknown,
src/main/resources/data/dataset3/testcase4/target-model.epml,,unknown,,unknown,
src/main/resources/data/dataset3/testcase4/target-model.epml,,unknown,,unknown,
src/main/resources/data/dataset3/testcase4/target-model.epml,,unknown,,unknown,
src/main/resources/data/dataset3/testcase4/target-model.epml,,unknown,,unknown,
src/main/resources/data/dataset3/testcase4/target-model.epml,,unknown,,unknown,
src/main/resources/data/dataset3/testcase4/target-model.epml,,unknown,,unknown,
src/main/resources/data/dataset3/testcase4/target-model.epml,,unknown,,unknown,
src/main/resources/data/dataset3/testcase4/target-model.epml,,unknown,,unknown,
src/main/resources/data/dataset3/testcase5/source-model.epml,,unknown,,unknown,
src/main/resources/data/dataset3/testcase5/source-model.epml,,unknown,,unknown,
src/main/resources/data/dataset3/testcase5/source-model.epml,,unknown,,unknown,
src/main/resources/data/dataset3/testcase5/source-model.epml,,unknown,,unknown,
src/main/resources/data/dataset3/testcase5/source-model.epml,,unknown,,unknown,
src/main/resources/data/dataset3/testcase5/source-model.epml,,unknown,,unknown,
src/main/resources/data/dataset3/testcase5/source-model.epml,,unknown,,unknown,
src/main/resources/data/dataset3/testcase5/source-model.epml,,unknown,,unknown,
src/main/resources/data/dataset3/testcase5/source-model.epml,,unknown,,unknown,
src/main/resources/data/dataset3/testcase5/source-model.epml,,unknown,,unknown,
src/main/resources/data/dataset3/testcase5/source-model.epml,,unknown,,unknown,
src/main/resources/data/dataset3/testcase5/source-model.epml,,unknown,,unknown,
src/main/resources/data/dataset3/testcase5/source-model.epml,,unknown,,unknown,
src/main/resources/data/dataset3/testcase5/source-model.epml,,unknown,,unknown,
src/main/resources/data/dataset3/testcase5/source-model.epml,,unknown,,unknown,
src/main/resources/data/dataset3/testcase5/source-model.epml,,unknown,,unknown,
src/main/resources/data/dataset3/testcase5/source-model.epml,,unknown,,unknown,
src/main/resources/data/dataset3/testcase5/source-model.epml,,unknown,,unknown,
src/main/resources/data/dataset3/testcase5/source-model.epml,,unknown,,unknown,
src/main/resources/data/dataset3/testcase5/source-model.epml,,unknown,,unknown,
src/main/resources/data/dataset3/testcase5/source-model.epml,,unknown,,unknown,
src/main/resources/data/dataset3/testcase5/source-model.epml,,unknown,,unknown,
src/main/resources/data/dataset3/testcase5/source-model.epml,,unknown,,unknown,
src/main/resources/data/dataset3/testcase5/source-model.epml,,unknown,,unknown,
src/main/resources/data/dataset3/testcase5/source-model.epml,,unknown,,unknown,
src/main/resources/data/dataset3/testcase5/source-model.epml,,unknown,,unknown,
src/main/resources/data/dataset3/testcase5/source-model.epml,,unknown,,unknown,
src/main/resources/data/dataset3/testcase5/source-model.epml,,unknown,,unknown,
src/main/resources/data/dataset3/testcase5/source-model.epml,,unknown,,unknown,
src/main/resources/data/dataset3/testcase5/source-model.epml,,unknown,,unknown,
src/main/resources/data/dataset3/testcase5/source-model.epml,,unknown,,unknown,
src/main/resources/data/dataset3/testcase5/source-model.epml,,unknown,,unknown,
src/main/resources/data/dataset3/testcase5/source-model.epml,,unknown,,unknown,
src/main/resources/data/dataset3/testcase5/source-model.epml,,unknown,,unknown,
src/main/resources/data/dataset3/testcase5/source-model.epml,,unknown,,unknown,
src/main/resources/data/dataset3/testcase5/source-model.epml,,unknown,,unknown,
src/main/resources/data/dataset3/testcase5/source-model.epml,,unknown,,unknown,
src/main/resources/data/dataset3/testcase5/source-model.epml,,unknown,,unknown,
src/main/resources/data/dataset3/testcase5/source-model.epml,,unknown,,unknown,
src/main/resources/data/dataset3/testcase5/source-model.epml,,unknown,,unknown,
src/main/resources/data/dataset3/testcase5/source-model.epml,,unknown,,unknown,
src/main/resources/data/dataset3/testcase5/source-model.epml,,unknown,,unknown,
src/main/resources/data/dataset3/testcase5/source-model.epml,,unknown,,unknown,
src/main/resources/data/dataset3/testcase5/source-model.epml,,unknown,,unknown,
src/main/resources/data/dataset3/testcase5/source-model.epml,,unknown,,unknown,
src/main/resources/data/dataset3/testcase5/source-model.epml,,unknown,,unknown,
src/main/resources/data/dataset3/testcase5/source-model.epml,,unknown,,unknown,
src/main/resources/data/dataset3/testcase5/source-model.epml,,unknown,,unknown,
src/main/resources/data/dataset3/testcase5/source-model.epml,,unknown,,unknown,
src/main/resources/data/dataset3/testcase5/source-model.epml,,unknown,,unknown,
src/main/resources/data/dataset3/testcase5/source-model.epml,,unknown,,unknown,
src/main/resources/data/dataset3/testcase5/source-model.epml,,unknown,,unknown,
src/main/resources/data/dataset3/testcase5/source-model.epml,,unknown,,unknown,
src/main/resources/data/dataset3/testcase5/source-model.epml,,unknown,,unknown,
src/main/resources/data/dataset3/testcase5/source-model.epml,,unknown,,unknown,
src/main/resources/data/dataset3/testcase5/source-model.epml,,unknown,,unknown,
src/main/resources/data/dataset3/testcase5/source-model.epml,,unknown,,unknown,
src/main/resources/data/dataset3/testcase5/target-model.epml,,unknown,,unknown,
src/main/resources/data/dataset3/testcase5/target-model.epml,,unknown,,unknown,
src/main/resources/data/dataset3/testcase5/target-model.epml,,unknown,,unknown,
src/main/resources/data/dataset3/testcase5/target-model.epml,,unknown,,unknown,
src/main/resources/data/dataset3/testcase5/target-model.epml,,unknown,,unknown,
src/main/resources/data/dataset3/testcase5/target-model.epml,,unknown,,unknown,
src/main/resources/data/dataset3/testcase5/target-model.epml,,unknown,,unknown,
src/main/resources/data/dataset3/testcase5/target-model.epml,,unknown,,unknown,
src/main/resources/data/dataset3/testcase5/target-model.epml,,unknown,,unknown,
src/main/resources/data/dataset3/testcase5/target-model.epml,,unknown,,unknown,
src/main/resources/data/dataset3/testcase5/target-model.epml,,unknown,,unknown,
src/main/resources/data/dataset3/testcase5/target-model.epml,,unknown,,unknown,
src/main/resources/data/dataset3/testcase5/target-model.epml,,unknown,,unknown,
src/main/resources/data/dataset3/testcase5/target-model.epml,,unknown,,unknown,
src/main/resources/data/dataset3/testcase5/target-model.epml,,unknown,,unknown,
src/main/resources/data/dataset3/testcase5/target-model.epml,,unknown,,unknown,
src/main/resources/data/dataset3/testcase5/target-model.epml,,unknown,,unknown,
src/main/resources/data/dataset3/testcase5/target-model.epml,,unknown,,unknown,
src/main/resources/data/dataset3/testcase5/target-model.epml,,unknown,,unknown,
src/main/resources/data/dataset3/testcase5/target-model.epml,,unknown,,unknown,
src/main/resources/data/dataset3/testcase5/target-model.epml,,unknown,,unknown,
src/main/resources/data/dataset3/testcase5/target-model.epml,,unknown,,unknown,
src/main/resources/data/dataset3/testcase5/target-model.epml,,unknown,,unknown,
src/main/resources/data/dataset3/testcase5/target-model.epml,,unknown,,unknown,
src/main/resources/data/dataset3/testcase5/target-model.epml,,unknown,,unknown,
src/main/resources/data/dataset3/testcase5/target-model.epml,,unknown,,unknown,
src/main/resources/data/dataset3/testcase5/target-model.epml,,unknown,,unknown,
src/main/resources/data/dataset3/testcase5/target-model.epml,,unknown,,unknown,
src/main/resources/data/dataset3/testcase5/target-model.epml,,unknown,,unknown,
src/main/resources/data/dataset3/testcase5/target-model.epml,,unknown,,unknown,
src/main/resources/data/dataset3/testcase5/target-model.epml,,unknown,,unknown,
src/main/resources/data/dataset3/testcase5/target-model.epml,,unknown,,unknown,
src/main/resources/data/dataset3/testcase5/target-model.epml,,unknown,,unknown,
src/main/resources/data/dataset3/testcase5/target-model.epml,,unknown,,unknown,
src/main/resources/data/dataset3/testcase5/target-model.epml,,unknown,,unknown,
src/main/resources/data/dataset3/testcase5/target-model.epml,,unknown,,unknown,
src/main/resources/data/dataset3/testcase5/target-model.epml,,unknown,,unknown,
src/main/resources/data/dataset3/testcase5/target-model.epml,,unknown,,unknown,
src/main/resources/data/dataset3/testcase5/target-model.epml,,unknown,,unknown,
src/main/resources/data/dataset3/testcase5/target-model.epml,,unknown,,unknown,
src/main/resources/data/dataset3/testcase5/target-model.epml,,unknown,,unknown,
src/main/resources/data/dataset3/testcase5/target-model.epml,,unknown,,unknown,
src/main/resources/data/dataset3/testcase5/target-model.epml,,unknown,,unknown,
src/main/resources/data/dataset3/testcase5/target-model.epml,,unknown,,unknown,
src/main/resources/data/dataset3/testcase5/target-model.epml,,unknown,,unknown,
src/main/resources/data/dataset3/testcase5/target-model.epml,,unknown,,unknown,
src/main/resources/data/dataset3/testcase5/target-model.epml,,unknown,,unknown,
src/main/resources/data/dataset3/testcase5/target-model.epml,,unknown,,unknown,
src/main/resources/data/dataset3/testcase5/target-model.epml,,unknown,,unknown,
src/main/resources/data/dataset3/testcase5/target-model.epml,,unknown,,unknown,
src/main/resources/data/dataset3/testcase5/target-model.epml,,unknown,,unknown,
src/main/resources/data/dataset3/testcase5/target-model.epml,,unknown,,unknown,
src/main/resources/data/dataset3/testcase5/target-model.epml,,unknown,,unknown,
src/main/resources/data/dataset3/testcase5/target-model.epml,,unknown,,unknown,
src/main/resources/data/dataset3/testcase5/target-model.epml,,unknown,,unknown,
src/main/resources/data/dataset3/testcase5/target-model.epml,,unknown,,unknown,
src/main/resources/data/dataset3/testcase5/target-model.epml,,unknown,,unknown,
src/main/resources/data/dataset3/testcase5/target-model.epml,,unknown,,unknown,
src/main/resources/data/dataset3/testcase5/target-model.epml,,unknown,,unknown,
src/main/resources/data/dataset3/testcase5/target-model.epml,,unknown,,unknown,
src/main/resources/data/dataset3/testcase5/target-model.epml,,unknown,,unknown,
src/main/resources/data/dataset3/testcase5/target-model.epml,,unknown,,unknown,
src/main/resources/data/dataset3/testcase5/target-model.epml,,unknown,,unknown,
src/main/resources/data/dataset3/testcase5/target-model.epml,,unknown,,unknown,
src/main/resources/data/dataset3/testcase5/target-model.epml,,unknown,,unknown,
src/main/resources/data/dataset3/testcase5/target-model.epml,,unknown,,unknown,
src/main/resources/data/dataset3/testcase5/target-model.epml,,unknown,,unknown,
src/main/resources/data/dataset3/testcase5/target-model.epml,,unknown,,unknown,
src/main/resources/data/dataset3/testcase5/target-model.epml,,unknown,,unknown,
src/main/resources/data/dataset3/testcase5/target-model.epml,,unknown,,unknown,
src/main/resources/data/dataset3/testcase5/target-model.epml,,unknown,,unknown,
src/main/resources/data/dataset3/testcase5/target-model.epml,,unknown,,unknown,
src/main/resources/data/dataset3/testcase5/target-model.epml,,unknown,,unknown,
src/main/resources/data/dataset3/testcase5/target-model.epml,,unknown,,unknown,
src/main/resources/data/dataset3/testcase5/target-model.epml,,unknown,,unknown,
src/main/resources/data/dataset3/testcase5/target-model.epml,,unknown,,unknown,
src/main/resources/data/dataset3/testcase5/target-model.epml,,unknown,,unknown,
src/main/resources/data/dataset3/testcase5/target-model.epml,,unknown,,unknown,
src/main/resources/data/dataset3/testcase5/target-model.epml,,unknown,,unknown,
src/main/resources/data/dataset3/testcase5/target-model.epml,,unknown,,unknown,
src/main/resources/data/dataset3/testcase5/target-model.epml,,unknown,,unknown,
src/main/resources/data/dataset3/testcase5/target-model.epml,,unknown,,unknown,
src/main/resources/data/dataset3/testcase5/target-model.epml,,unknown,,unknown,
src/main/resources/data/dataset3/testcase5/target-model.epml,,unknown,,unknown,
src/main/resources/data/dataset3/testcase5/target-model.epml,,unknown,,unknown,
src/main/resources/data/dataset3/testcase5/target-model.epml,,unknown,,unknown,
src/main/resources/data/dataset3/testcase5/target-model.epml,,unknown,,unknown,
src/main/resources/data/dataset3/testcase6/source-model.epml,,unknown,,unknown,
src/main/resources/data/dataset3/testcase6/source-model.epml,,unknown,,unknown,
src/main/resources/data/dataset3/testcase6/source-model.epml,,unknown,,unknown,
src/main/resources/data/dataset3/testcase6/source-model.epml,,unknown,,unknown,
src/main/resources/data/dataset3/testcase6/source-model.epml,,unknown,,unknown,
src/main/resources/data/dataset3/testcase6/source-model.epml,,unknown,,unknown,
src/main/resources/data/dataset3/testcase6/source-model.epml,,unknown,,unknown,
src/main/resources/data/dataset3/testcase6/source-model.epml,,unknown,,unknown,
src/main/resources/data/dataset3/testcase6/source-model.epml,,unknown,,unknown,
src/main/resources/data/dataset3/testcase6/source-model.epml,,unknown,,unknown,
src/main/resources/data/dataset3/testcase6/source-model.epml,,unknown,,unknown,
src/main/resources/data/dataset3/testcase6/source-model.epml,,unknown,,unknown,
src/main/resources/data/dataset3/testcase6/source-model.epml,,unknown,,unknown,
src/main/resources/data/dataset3/testcase6/source-model.epml,,unknown,,unknown,
src/main/resources/data/dataset3/testcase6/source-model.epml,,unknown,,unknown,
src/main/resources/data/dataset3/testcase6/source-model.epml,,unknown,,unknown,
src/main/resources/data/dataset3/testcase6/source-model.epml,,unknown,,unknown,
src/main/resources/data/dataset3/testcase6/source-model.epml,,unknown,,unknown,
src/main/resources/data/dataset3/testcase6/source-model.epml,,unknown,,unknown,
src/main/resources/data/dataset3/testcase6/source-model.epml,,unknown,,unknown,
src/main/resources/data/dataset3/testcase6/source-model.epml,,unknown,,unknown,
src/main/resources/data/dataset3/testcase6/source-model.epml,,unknown,,unknown,
src/main/resources/data/dataset3/testcase6/source-model.epml,,unknown,,unknown,
src/main/resources/data/dataset3/testcase6/source-model.epml,,unknown,,unknown,
src/main/resources/data/dataset3/testcase6/source-model.epml,,unknown,,unknown,
src/main/resources/data/dataset3/testcase6/target-model.epml,,unknown,,unknown,
src/main/resources/data/dataset3/testcase6/target-model.epml,,unknown,,unknown,
src/main/resources/data/dataset3/testcase6/target-model.epml,,unknown,,unknown,
src/main/resources/data/dataset3/testcase6/target-model.epml,,unknown,,unknown,
src/main/resources/data/dataset3/testcase6/target-model.epml,,unknown,,unknown,
src/main/resources/data/dataset3/testcase6/target-model.epml,,unknown,,unknown,
src/main/resources/data/dataset3/testcase6/target-model.epml,,unknown,,unknown,
src/main/resources/data/dataset3/testcase6/target-model.epml,,unknown,,unknown,
src/main/resources/data/dataset3/testcase6/target-model.epml,,unknown,,unknown,
src/main/resources/data/dataset3/testcase6/target-model.epml,,unknown,,unknown,
src/main/resources/data/dataset3/testcase6/target-model.epml,,unknown,,unknown,
src/main/resources/data/dataset3/testcase6/target-model.epml,,unknown,,unknown,
src/main/resources/data/dataset3/testcase6/target-model.epml,,unknown,,unknown,
src/main/resources/data/dataset3/testcase6/target-model.epml,,unknown,,unknown,
src/main/resources/data/dataset3/testcase6/target-model.epml,,unknown,,unknown,
src/main/resources/data/dataset3/testcase6/target-model.epml,,unknown,,unknown,
src/main/resources/data/dataset3/testcase6/target-model.epml,,unknown,,unknown,
src/main/resources/data/dataset3/testcase6/target-model.epml,,unknown,,unknown,
src/main/resources/data/dataset3/testcase6/target-model.epml,,unknown,,unknown,
src/main/resources/data/dataset3/testcase6/target-model.epml,,unknown,,unknown,
src/main/resources/data/dataset3/testcase6/target-model.epml,,unknown,,unknown,
src/main/resources/data/dataset3/testcase6/target-model.epml,,unknown,,unknown,
src/main/resources/data/dataset3/testcase6/target-model.epml,,unknown,,unknown,
src/main/resources/data/dataset3/testcase6/target-model.epml,,unknown,,unknown,
src/main/resources/data/dataset3/testcase6/target-model.epml,,unknown,,unknown,
src/main/resources/data/dataset3/testcase6/target-model.epml,,unknown,,unknown,
src/main/resources/data/dataset3/testcase6/target-model.epml,,unknown,,unknown,
src/main/resources/data/dataset3/testcase7/source-model.epml,,unknown,,unknown,
src/main/resources/data/dataset3/testcase7/source-model.epml,,unknown,,unknown,
src/main/resources/data/dataset3/testcase7/source-model.epml,,unknown,,unknown,
src/main/resources/data/dataset3/testcase7/source-model.epml,,unknown,,unknown,
src/main/resources/data/dataset3/testcase7/source-model.epml,,unknown,,unknown,
src/main/resources/data/dataset3/testcase7/source-model.epml,,unknown,,unknown,
src/main/resources/data/dataset3/testcase7/source-model.epml,,unknown,,unknown,
src/main/resources/data/dataset3/testcase7/source-model.epml,,unknown,,unknown,
src/main/resources/data/dataset3/testcase7/source-model.epml,,unknown,,unknown,
src/main/resources/data/dataset3/testcase7/source-model.epml,,unknown,,unknown,
src/main/resources/data/dataset3/testcase7/source-model.epml,,unknown,,unknown,
src/main/resources/data/dataset3/testcase7/source-model.epml,,unknown,,unknown,
src/main/resources/data/dataset3/testcase7/source-model.epml,,unknown,,unknown,
src/main/resources/data/dataset3/testcase7/source-model.epml,,unknown,,unknown,
src/main/resources/data/dataset3/testcase7/source-model.epml,,unknown,,unknown,
src/main/resources/data/dataset3/testcase7/source-model.epml,,unknown,,unknown,
src/main/resources/data/dataset3/testcase7/source-model.epml,,unknown,,unknown,
src/main/resources/data/dataset3/testcase7/source-model.epml,,unknown,,unknown,
src/main/resources/data/dataset3/testcase7/source-model.epml,,unknown,,unknown,
src/main/resources/data/dataset3/testcase7/source-model.epml,,unknown,,unknown,
src/main/resources/data/dataset3/testcase7/source-model.epml,,unknown,,unknown,
src/main/resources/data/dataset3/testcase7/source-model.epml,,unknown,,unknown,
src/main/resources/data/dataset3/testcase7/source-model.epml,,unknown,,unknown,
src/main/resources/data/dataset3/testcase7/source-model.epml,,unknown,,unknown,
src/main/resources/data/dataset3/testcase7/source-model.epml,,unknown,,unknown,
src/main/resources/data/dataset3/testcase7/source-model.epml,,unknown,,unknown,
src/main/resources/data/dataset3/testcase7/source-model.epml,,unknown,,unknown,
src/main/resources/data/dataset3/testcase7/source-model.epml,,unknown,,unknown,
src/main/resources/data/dataset3/testcase7/source-model.epml,,unknown,,unknown,
src/main/resources/data/dataset3/testcase7/source-model.epml,,unknown,,unknown,
src/main/resources/data/dataset3/testcase7/source-model.epml,,unknown,,unknown,
src/main/resources/data/dataset3/testcase7/source-model.epml,,unknown,,unknown,
src/main/resources/data/dataset3/testcase7/source-model.epml,,unknown,,unknown,
src/main/resources/data/dataset3/testcase7/source-model.epml,,unknown,,unknown,
src/main/resources/data/dataset3/testcase7/source-model.epml,,unknown,,unknown,
src/main/resources/data/dataset3/testcase7/source-model.epml,,unknown,,unknown,
src/main/resources/data/dataset3/testcase7/source-model.epml,,unknown,,unknown,
src/main/resources/data/dataset3/testcase7/source-model.epml,,unknown,,unknown,
src/main/resources/data/dataset3/testcase7/target-model.epml,,unknown,,unknown,
src/main/resources/data/dataset3/testcase7/target-model.epml,,unknown,,unknown,
src/main/resources/data/dataset3/testcase7/target-model.epml,,unknown,,unknown,
src/main/resources/data/dataset3/testcase7/target-model.epml,,unknown,,unknown,
src/main/resources/data/dataset3/testcase7/target-model.epml,,unknown,,unknown,
src/main/resources/data/dataset3/testcase7/target-model.epml,,unknown,,unknown,
src/main/resources/data/dataset3/testcase7/target-model.epml,,unknown,,unknown,
src/main/resources/data/dataset3/testcase7/target-model.epml,,unknown,,unknown,
src/main/resources/data/dataset3/testcase7/target-model.epml,,unknown,,unknown,
src/main/resources/data/dataset3/testcase7/target-model.epml,,unknown,,unknown,
src/main/resources/data/dataset3/testcase7/target-model.epml,,unknown,,unknown,
src/main/resources/data/dataset3/testcase7/target-model.epml,,unknown,,unknown,
src/main/resources/data/dataset3/testcase7/target-model.epml,,unknown,,unknown,
src/main/resources/data/dataset3/testcase7/target-model.epml,,unknown,,unknown,
src/main/resources/data/dataset3/testcase7/target-model.epml,,unknown,,unknown,
src/main/resources/data/dataset3/testcase7/target-model.epml,,unknown,,unknown,
src/main/resources/data/dataset3/testcase7/target-model.epml,,unknown,,unknown,
src/main/resources/data/dataset3/testcase7/target-model.epml,,unknown,,unknown,
src/main/resources/data/dataset3/testcase7/target-model.epml,,unknown,,unknown,
src/main/resources/data/dataset3/testcase7/target-model.epml,,unknown,,unknown,
src/main/resources/data/dataset3/testcase7/target-model.epml,,unknown,,unknown,
src/main/resources/data/dataset3/testcase7/target-model.epml,,unknown,,unknown,
src/main/resources/data/dataset3/testcase7/target-model.epml,,unknown,,unknown,
src/main/resources/data/dataset3/testcase7/target-model.epml,,unknown,,unknown,
src/main/resources/data/dataset3/testcase7/target-model.epml,,unknown,,unknown,
src/main/resources/data/dataset3/testcase7/target-model.epml,,unknown,,unknown,
src/main/resources/data/dataset3/testcase7/target-model.epml,,unknown,,unknown,
src/main/resources/data/dataset3/testcase7/target-model.epml,,unknown,,unknown,
src/main/resources/data/dataset3/testcase7/target-model.epml,,unknown,,unknown,
src/main/resources/data/dataset3/testcase7/target-model.epml,,unknown,,unknown,
src/main/resources/data/dataset3/testcase7/target-model.epml,,unknown,,unknown,
src/main/resources/data/dataset3/testcase7/target-model.epml,,unknown,,unknown,
src/main/resources/data/dataset3/testcase7/target-model.epml,,unknown,,unknown,
src/main/resources/data/dataset3/testcase8/source-model.epml,,unknown,,unknown,
src/main/resources/data/dataset3/testcase8/source-model.epml,,unknown,,unknown,
src/main/resources/data/dataset3/testcase8/source-model.epml,,unknown,,unknown,
src/main/resources/data/dataset3/testcase8/source-model.epml,,unknown,,unknown,
src/main/resources/data/dataset3/testcase8/source-model.epml,,unknown,,unknown,
src/main/resources/data/dataset3/testcase8/source-model.epml,,unknown,,unknown,
src/main/resources/data/dataset3/testcase8/source-model.epml,,unknown,,unknown,
src/main/resources/data/dataset3/testcase8/source-model.epml,,unknown,,unknown,
src/main/resources/data/dataset3/testcase8/source-model.epml,,unknown,,unknown,
src/main/resources/data/dataset3/testcase8/source-model.epml,,unknown,,unknown,
src/main/resources/data/dataset3/testcase8/source-model.epml,,unknown,,unknown,
src/main/resources/data/dataset3/testcase8/source-model.epml,,unknown,,unknown,
src/main/resources/data/dataset3/testcase8/source-model.epml,,unknown,,unknown,
src/main/resources/data/dataset3/testcase8/source-model.epml,,unknown,,unknown,
src/main/resources/data/dataset3/testcase8/source-model.epml,,unknown,,unknown,
src/main/resources/data/dataset3/testcase8/source-model.epml,,unknown,,unknown,
src/main/resources/data/dataset3/testcase8/source-model.epml,,unknown,,unknown,
src/main/resources/data/dataset3/testcase8/source-model.epml,,unknown,,unknown,
src/main/resources/data/dataset3/testcase8/target-model.epml,,unknown,,unknown,
src/main/resources/data/dataset3/testcase8/target-model.epml,,unknown,,unknown,
src/main/resources/data/dataset3/testcase8/target-model.epml,,unknown,,unknown,
src/main/resources/data/dataset3/testcase8/target-model.epml,,unknown,,unknown,
src/main/resources/data/dataset3/testcase8/target-model.epml,,unknown,,unknown,
src/main/resources/data/dataset3/testcase8/target-model.epml,,unknown,,unknown,
src/main/resources/data/dataset3/testcase8/target-model.epml,,unknown,,unknown,
src/main/resources/data/dataset3/testcase8/target-model.epml,,unknown,,unknown,
src/main/resources/data/dataset3/testcase8/target-model.epml,,unknown,,unknown,
src/main/resources/data/dataset3/testcase9/source-model.epml,,unknown,,unknown,
src/main/resources/data/dataset3/testcase9/source-model.epml,,unknown,,unknown,
src/main/resources/data/dataset3/testcase9/source-model.epml,,unknown,,unknown,
src/main/resources/data/dataset3/testcase9/source-model.epml,,unknown,,unknown,
src/main/resources/data/dataset3/testcase9/source-model.epml,,unknown,,unknown,
src/main/resources/data/dataset3/testcase9/source-model.epml,,unknown,,unknown,
src/main/resources/data/dataset3/testcase9/source-model.epml,,unknown,,unknown,
src/main/resources/data/dataset3/testcase9/source-model.epml,,unknown,,unknown,
src/main/resources/data/dataset3/testcase9/source-model.epml,,unknown,,unknown,
src/main/resources/data/dataset3/testcase9/source-model.epml,,unknown,,unknown,
src/main/resources/data/dataset3/testcase9/source-model.epml,,unknown,,unknown,
src/main/resources/data/dataset3/testcase9/source-model.epml,,unknown,,unknown,
src/main/resources/data/dataset3/testcase9/source-model.epml,,unknown,,unknown,
src/main/resources/data/dataset3/testcase9/source-model.epml,,unknown,,unknown,
src/main/resources/data/dataset3/testcase9/source-model.epml,,unknown,,unknown,
src/main/resources/data/dataset3/testcase9/source-model.epml,,unknown,,unknown,
src/main/resources/data/dataset3/testcase9/source-model.epml,,unknown,,unknown,
src/main/resources/data/dataset3/testcase9/source-model.epml,,unknown,,unknown,
src/main/resources/data/dataset3/testcase9/source-model.epml,,unknown,,unknown,
src/main/resources/data/dataset3/testcase9/source-model.epml,,unknown,,unknown,
src/main/resources/data/dataset3/testcase9/source-model.epml,,unknown,,unknown,
src/main/resources/data/dataset3/testcase9/source-model.epml,,unknown,,unknown,
src/main/resources/data/dataset3/testcase9/source-model.epml,,unknown,,unknown,
src/main/resources/data/dataset3/testcase9/source-model.epml,,unknown,,unknown,
src/main/resources/data/dataset3/testcase9/source-model.epml,,unknown,,unknown,
src/main/resources/data/dataset3/testcase9/source-model.epml,,unknown,,unknown,
src/main/resources/data/dataset3/testcase9/source-model.epml,,unknown,,unknown,
src/main/resources/data/dataset3/testcase9/source-model.epml,,unknown,,unknown,
src/main/resources/data/dataset3/testcase9/source-model.epml,,unknown,,unknown,
src/main/resources/data/dataset3/testcase9/source-model.epml,,unknown,,unknown,
src/main/resources/data/dataset3/testcase9/source-model.epml,,unknown,,unknown,
src/main/resources/data/dataset3/testcase9/source-model.epml,,unknown,,unknown,
src/main/resources/data/dataset3/testcase9/source-model.epml,,unknown,,unknown,
src/main/resources/data/dataset3/testcase9/source-model.epml,,unknown,,unknown,
src/main/resources/data/dataset3/testcase9/source-model.epml,,unknown,,unknown,
src/main/resources/data/dataset3/testcase9/source-model.epml,,unknown,,unknown,
src/main/resources/data/dataset3/testcase9/source-model.epml,,unknown,,unknown,
src/main/resources/data/dataset3/testcase9/source-model.epml,,unknown,,unknown,
src/main/resources/data/dataset3/testcase9/source-model.epml,,unknown,,unknown,
src/main/resources/data/dataset3/testcase9/source-model.epml,,unknown,,unknown,
src/main/resources/data/dataset3/testcase9/source-model.epml,,unknown,,unknown,
src/main/resources/data/dataset3/testcase9/target-model.epml,,unknown,,unknown,
src/main/resources/data/dataset3/testcase9/target-model.epml,,unknown,,unknown,
src/main/resources/data/dataset3/testcase9/target-model.epml,,unknown,,unknown,
src/main/resources/data/dataset3/testcase9/target-model.epml,,unknown,,unknown,
src/main/resources/data/dataset3/testcase9/target-model.epml,,unknown,,unknown,
src/main/resources/data/dataset3/testcase9/target-model.epml,,unknown,,unknown,
src/main/resources/data/dataset3/testcase9/target-model.epml,,unknown,,unknown,
src/main/resources/data/dataset3/testcase9/target-model.epml,,unknown,,unknown,
src/main/resources/data/dataset3/testcase9/target-model.epml,,unknown,,unknown,
src/main/resources/data/dataset3/testcase9/target-model.epml,,unknown,,unknown,
src/main/resources/data/dataset3/testcase9/target-model.epml,,unknown,,unknown,
src/main/resources/data/dataset3/testcase9/target-model.epml,,unknown,,unknown,
src/main/resources/data/dataset3/testcase9/target-model.epml,,unknown,,unknown,
src/main/resources/data/dataset3/testcase9/target-model.epml,,unknown,,unknown,
src/main/resources/data/dataset3/testcase9/target-model.epml,,unknown,,unknown,
src/main/resources/data/dataset3/testcase9/target-model.epml,,unknown,,unknown,
src/main/resources/data/dataset3/testcase9/target-model.epml,,unknown,,unknown,
src/main/resources/data/dataset3/testcase9/target-model.epml,,unknown,,unknown,
src/main/resources/data/dataset3/testcase9/target-model.epml,,unknown,,unknown,
src/main/resources/data/dataset3/testcase9/target-model.epml,,unknown,,unknown,
src/main/resources/data/dataset3/testcase9/target-model.epml,,unknown,,unknown,
src/main/resources/data/dataset3/testcase9/target-model.epml,,unknown,,unknown,
src/main/resources/data/dataset3/testcase9/target-model.epml,,unknown,,unknown,
src/main/resources/data/dataset3/testcase9/target-model.epml,,unknown,,unknown,
src/main/resources/data/dataset3/testcase9/target-model.epml,,unknown,,unknown,
src/main/resources/data/dataset3/testcase9/target-model.epml,,unknown,,unknown,
src/main/resources/data/dataset3/testcase9/target-model.epml,,unknown,,unknown,
