source,target,relation,dataset
_n-r3AB7oEDqwIfxY5erVwQ,_pokl8B7oEDqwIfxY5erVwQ,SpecializationRelationship,EA ModelSet
_pokl8B7oEDqwIfxY5erVwQ,_4SjxUB7sEDqwIfxY5erVwQ,SpecializationRelationship,EA ModelSet
_n-r3AB7oEDqwIfxY5erVwQ,_IizssB7tEDqwIfxY5erVwQ,SpecializationRelationship,EA ModelSet
_IizssB7tEDqwIfxY5erVwQ,_JqhtQB7uEDqwIfxY5erVwQ,SpecializationRelationship,EA ModelSet
_IizssB7tEDqwIfxY5erVwQ,_NHj00B7uEDqwIfxY5erVwQ,SpecializationRelationship,EA ModelSet
_JqhtQB7uEDqwIfxY5erVwQ,_TymJcB7uEDqwIfxY5erVwQ,SpecializationRelationship,EA ModelSet
_bRHJcB7uEDqwIfxY5erVwQ,_gLG-QB7uEDqwIfxY5erVwQ,SpecializationRelationship,EA ModelSet
_bRHJcB7uEDqwIfxY5erVwQ,_hz9LYB7uEDqwIfxY5erVwQ,SpecializationRelationship,EA ModelSet
_gLG-QB7uEDqwIfxY5erVwQ,_uiiW0B7uEDqwIfxY5erVwQ,SpecializationRelationship,EA ModelSet
_gLG-QB7uEDqwIfxY5erVwQ,_tBdloB7uEDqwIfxY5erVwQ,SpecializationRelationship,EA ModelSet
_uiiW0B7uEDqwIfxY5erVwQ,_8TlE0B7uEDqwIfxY5erVwQ,SpecializationRelationship,EA ModelSet
_hz9LYB7uEDqwIfxY5erVwQ,_F-Bw4B7vEDqwIfxY5erVwQ,SpecializationRelationship,EA ModelSet
_hz9LYB7uEDqwIfxY5erVwQ,_UPtGwB7vEDqwIfxY5erVwQ,SpecializationRelationship,EA ModelSet
_UPtGwB7vEDqwIfxY5erVwQ,_fLp28B7vEDqwIfxY5erVwQ,SpecializationRelationship,EA ModelSet
id-8c044888,a93de3a1,CompositionRelationship,EA ModelSet
id-8c044888,da44bbf8,CompositionRelationship,EA ModelSet
id-8c044888,d82ac8e0,CompositionRelationship,EA ModelSet
id-404ce690,id-46c463a6,AssociationRelationship,EA ModelSet
id-2df2c3ca,id-31de5b9f,CompositionRelationship,EA ModelSet
id-2df2c3ca,id-551d25a5,CompositionRelationship,EA ModelSet
id-2df2c3ca,id-004fe59d,CompositionRelationship,EA ModelSet
id-2df2c3ca,id-24a5bb1e,CompositionRelationship,EA ModelSet
d82ac8e0,a93de3a1,FlowRelationship,EA ModelSet
a93de3a1,da44bbf8,FlowRelationship,EA ModelSet
id-31de5b9f,id-004fe59d,FlowRelationship,EA ModelSet
id-004fe59d,id-551d25a5,FlowRelationship,EA ModelSet
id-551d25a5,id-24a5bb1e,FlowRelationship,EA ModelSet
id-58e57eac,id-8c044888,ServingRelationship,EA ModelSet
b91ee196,id-2df2c3ca,ServingRelationship,EA ModelSet
f6b18a11,id-0acb8d6e,CompositionRelationship,EA ModelSet
b60e8ab6,f6b18a11,CompositionRelationship,EA ModelSet
b60e8ab6,id-3210fd24,AssociationRelationship,EA ModelSet
id-374cd45f,b60e8ab6,CompositionRelationship,EA ModelSet
id-374cd45f,f6b18a11,CompositionRelationship,EA ModelSet
id-4158e3bb,id-789c3fb7,RealizationRelationship,EA ModelSet
id-8c044888,id-789c3fb7,AccessRelationship,EA ModelSet
id-58e57eac,id-4158e3bb,AccessRelationship,EA ModelSet
id-9c9a8eec,id-46c463a6,RealizationRelationship,EA ModelSet
id-2df2c3ca,id-5f87b5b1,AccessRelationship,EA ModelSet
id-5177f853,id-5f87b5b1,RealizationRelationship,EA ModelSet
b91ee196,id-5177f853,AccessRelationship,EA ModelSet
id-6a316aca,id-004fe59d,ServingRelationship,EA ModelSet
id-4158e3bb,id-374cd45f,SpecializationRelationship,EA ModelSet
id-5177f853,id-374cd45f,SpecializationRelationship,EA ModelSet
id-6a316aca,id-4158e3bb,AccessRelationship,EA ModelSet
b91ee196,id-6a316aca,CompositionRelationship,EA ModelSet
id-4158e3bb,id-532ab0ed,AssociationRelationship,EA ModelSet
id-5177f853,c545055c,AssociationRelationship,EA ModelSet
c545055c,id-3210fd24,SpecializationRelationship,EA ModelSet
id-532ab0ed,id-3210fd24,SpecializationRelationship,EA ModelSet
c4c39601,d8fbfc30,AccessRelationship,EA ModelSet
c4c39601,id-5c4a0c8b,ServingRelationship,EA ModelSet
e3d08397,id-1186c24e,AccessRelationship,EA ModelSet
f6b18a11,d8fbfc30,AssociationRelationship,EA ModelSet
f6b18a11,id-1186c24e,AssociationRelationship,EA ModelSet
id-69f48f2a,id-5c4a0c8b,AssignmentRelationship,EA ModelSet
b0005fe9,abd4c93f,AssignmentRelationship,EA ModelSet
abd4c93f,id-2df2c3ca,CompositionRelationship,EA ModelSet
abd4c93f,id-8c044888,CompositionRelationship,EA ModelSet
id-5c4a0c8b,abd4c93f,FlowRelationship,EA ModelSet
id-8c044888,id-2df2c3ca,FlowRelationship,EA ModelSet
id-404ce690,abd4c93f,TriggeringRelationship,EA ModelSet
abd4c93f,id-46c463a6,AccessRelationship,EA ModelSet
id-2507f24b,id-78b6f6f5,AggregationRelationship,EA ModelSet
id-96bc126e,id-78b6f6f5,AggregationRelationship,EA ModelSet
id-2507f24b,id-58e57eac,ServingRelationship,EA ModelSet
id-96bc126e,b91ee196,ServingRelationship,EA ModelSet
id-80621cab,b91ee196,ServingRelationship,EA ModelSet
id-80621cab,id-11380b4e,CompositionRelationship,EA ModelSet
id-11380b4e,id-6a316aca,ServingRelationship,EA ModelSet
id-88bfc62f,c29759ce,CompositionRelationship,EA ModelSet
id-88bfc62f,id-94bfaffe,CompositionRelationship,EA ModelSet
id-88bfc62f,id-19140866,CompositionRelationship,EA ModelSet
id-88bfc62f,b91ee196,ServingRelationship,EA ModelSet
id-88bfc62f,id-58e57eac,ServingRelationship,EA ModelSet
id-78b6f6f5,b60e8ab6,AccessRelationship,EA ModelSet
c29759ce,b60e8ab6,AccessRelationship,EA ModelSet
id-78b6f6f5,c29759ce,AggregationRelationship,EA ModelSet
id-94bfaffe,f6b18a11,AccessRelationship,EA ModelSet
id-19140866,f6b18a11,AccessRelationship,EA ModelSet
id-19140866,id-0acb8d6e,AccessRelationship,EA ModelSet
e97f6977,c4c39601,ServingRelationship,EA ModelSet
e97f6977,d8fbfc30,AccessRelationship,EA ModelSet
id-78b6f6f5,id-88bfc62f,AggregationRelationship,EA ModelSet
id-80621cab,id-96bc126e,AggregationRelationship,EA ModelSet
_BiyoYHlgEDujYfItY94yLw,_GFjB4HlgEDujYfItY94yLw,AssociationRelationship,EA ModelSet
_5rJWsHlfEDujYfItY94yLw,_9ZYjAHlfEDujYfItY94yLw,AssociationRelationship,EA ModelSet
_9ZYjAHlfEDujYfItY94yLw,_BM9iUHlgEDujYfItY94yLw,AssociationRelationship,EA ModelSet
_BM9iUHlgEDujYfItY94yLw,_BiyoYHlgEDujYfItY94yLw,AssociationRelationship,EA ModelSet
_BM9iUHlgEDujYfItY94yLw,_BuKK4HlgEDujYfItY94yLw,AssociationRelationship,EA ModelSet
_BuKK4HlgEDujYfItY94yLw,_CiRIYHlgEDujYfItY94yLw,AssociationRelationship,EA ModelSet
_CiRIYHlgEDujYfItY94yLw,_DotMAHlgEDujYfItY94yLw,AssociationRelationship,EA ModelSet
_DotMAHlgEDujYfItY94yLw,_EBe4YHlgEDujYfItY94yLw,AssociationRelationship,EA ModelSet
_FoBYYHlgEDujYfItY94yLw,_GFjB4HlgEDujYfItY94yLw,AssociationRelationship,EA ModelSet
_FoBYYHlgEDujYfItY94yLw,_HNlA8HlgEDujYfItY94yLw,AssociationRelationship,EA ModelSet
_HNlA8HlgEDujYfItY94yLw,_Hj52QHlgEDujYfItY94yLw,AssociationRelationship,EA ModelSet
_N3fbNGfCEeuyzKg_X9-Fsg,_N3fbPGfCEeuyzKg_X9-Fsg,AssociationRelationship,EA ModelSet
_N3fbNmfCEeuyzKg_X9-Fsg,_N3fbOGfCEeuyzKg_X9-Fsg,AssociationRelationship,EA ModelSet
_N3fbOmfCEeuyzKg_X9-Fsg,_N3fbPGfCEeuyzKg_X9-Fsg,TriggeringRelationship,EA ModelSet
_N3fbMmfCEeuyzKg_X9-Fsg,_N3fbOmfCEeuyzKg_X9-Fsg,AssociationRelationship,EA ModelSet
_N3fbOGfCEeuyzKg_X9-Fsg,_N3fbPmfCEeuyzKg_X9-Fsg,AssociationRelationship,EA ModelSet
_N3fbPGfCEeuyzKg_X9-Fsg,_N3fbPmfCEeuyzKg_X9-Fsg,AccessRelationship,EA ModelSet
_N3fbPGfCEeuyzKg_X9-Fsg,_N3fbQGfCEeuyzKg_X9-Fsg,ServingRelationship,EA ModelSet
_N3fbQmfCEeuyzKg_X9-Fsg,_N3fbQGfCEeuyzKg_X9-Fsg,AssociationRelationship,EA ModelSet
_N3gBYWfCEeuyzKg_X9-Fsg,_N3fbPmfCEeuyzKg_X9-Fsg,AssociationRelationship,EA ModelSet
_N3fbNGfCEeuyzKg_X9-Fsg,_N3fbOGfCEeuyzKg_X9-Fsg,TriggeringRelationship,EA ModelSet
_N3fbNGfCEeuyzKg_X9-Fsg,_N3fbOmfCEeuyzKg_X9-Fsg,TriggeringRelationship,EA ModelSet
_N3fbOGfCEeuyzKg_X9-Fsg,_N3fbPGfCEeuyzKg_X9-Fsg,RealizationRelationship,EA ModelSet
_N3gBY2fCEeuyzKg_X9-Fsg,_N3gBYWfCEeuyzKg_X9-Fsg,AssignmentRelationship,EA ModelSet
_N3gBZWfCEeuyzKg_X9-Fsg,_N3gBYWfCEeuyzKg_X9-Fsg,AssignmentRelationship,EA ModelSet
_N3gBZ2fCEeuyzKg_X9-Fsg,_N3gBYWfCEeuyzKg_X9-Fsg,AssignmentRelationship,EA ModelSet
_N3gBaWfCEeuyzKg_X9-Fsg,_N3fbQmfCEeuyzKg_X9-Fsg,AssignmentRelationship,EA ModelSet
_N3gBaWfCEeuyzKg_X9-Fsg,_N3gBYWfCEeuyzKg_X9-Fsg,AssignmentRelationship,EA ModelSet
_N3gBaWfCEeuyzKg_X9-Fsg,_N3gBY2fCEeuyzKg_X9-Fsg,AssociationRelationship,EA ModelSet
_N3gBaWfCEeuyzKg_X9-Fsg,_N3gBZWfCEeuyzKg_X9-Fsg,AssociationRelationship,EA ModelSet
_N3gBZWfCEeuyzKg_X9-Fsg,_N3gBZ2fCEeuyzKg_X9-Fsg,AssociationRelationship,EA ModelSet
_N3gBa2fCEeuyzKg_X9-Fsg,_N3gBYWfCEeuyzKg_X9-Fsg,AssignmentRelationship,EA ModelSet
_N3gBZ2fCEeuyzKg_X9-Fsg,_N3gBa2fCEeuyzKg_X9-Fsg,AssociationRelationship,EA ModelSet
_N3gBa2fCEeuyzKg_X9-Fsg,_N3gBbWfCEeuyzKg_X9-Fsg,AssociationRelationship,EA ModelSet
_N3gBbWfCEeuyzKg_X9-Fsg,_N3gBYWfCEeuyzKg_X9-Fsg,AssignmentRelationship,EA ModelSet
_N3gBb2fCEeuyzKg_X9-Fsg,_N3fbQGfCEeuyzKg_X9-Fsg,SpecializationRelationship,EA ModelSet
_N3gBb2fCEeuyzKg_X9-Fsg,_N3gBaWfCEeuyzKg_X9-Fsg,FlowRelationship,EA ModelSet
_N3gBcWfCEeuyzKg_X9-Fsg,_N3fbQGfCEeuyzKg_X9-Fsg,SpecializationRelationship,EA ModelSet
_N3gBc2fCEeuyzKg_X9-Fsg,_N3fbQmfCEeuyzKg_X9-Fsg,AssignmentRelationship,EA ModelSet
_N3gBdWfCEeuyzKg_X9-Fsg,_N3fbQGfCEeuyzKg_X9-Fsg,SpecializationRelationship,EA ModelSet
_N3gBdWfCEeuyzKg_X9-Fsg,_N3gBc2fCEeuyzKg_X9-Fsg,FlowRelationship,EA ModelSet
_N3gBc2fCEeuyzKg_X9-Fsg,_N3gBYWfCEeuyzKg_X9-Fsg,AssignmentRelationship,EA ModelSet
_N3gBY2fCEeuyzKg_X9-Fsg,_N3gBd2fCEeuyzKg_X9-Fsg,AssignmentRelationship,EA ModelSet
_N3gBZWfCEeuyzKg_X9-Fsg,_N3gBd2fCEeuyzKg_X9-Fsg,AssignmentRelationship,EA ModelSet
_N3gBZ2fCEeuyzKg_X9-Fsg,_N3gBd2fCEeuyzKg_X9-Fsg,AssignmentRelationship,EA ModelSet
_N3gBa2fCEeuyzKg_X9-Fsg,_N3gBd2fCEeuyzKg_X9-Fsg,AssignmentRelationship,EA ModelSet
_N3gBbWfCEeuyzKg_X9-Fsg,_N3gBd2fCEeuyzKg_X9-Fsg,AssignmentRelationship,EA ModelSet
_N3gBd2fCEeuyzKg_X9-Fsg,_N3fbQmfCEeuyzKg_X9-Fsg,SpecializationRelationship,EA ModelSet
_N3gBeWfCEeuyzKg_X9-Fsg,_N3fbOmfCEeuyzKg_X9-Fsg,RealizationRelationship,EA ModelSet
_N3gBeWfCEeuyzKg_X9-Fsg,_N3gBe2fCEeuyzKg_X9-Fsg,AssociationRelationship,EA ModelSet
_N3gBe2fCEeuyzKg_X9-Fsg,_N3fbOmfCEeuyzKg_X9-Fsg,RealizationRelationship,EA ModelSet
_N3gBfWfCEeuyzKg_X9-Fsg,_N3fbQmfCEeuyzKg_X9-Fsg,AssociationRelationship,EA ModelSet
_N3gBf2fCEeuyzKg_X9-Fsg,_N3fbQmfCEeuyzKg_X9-Fsg,AssociationRelationship,EA ModelSet
_RiAGcEnwEDm6C5Aq-IRcog,_N3fbOmfCEeuyzKg_X9-Fsg,RealizationRelationship,EA ModelSet
_RiAGcEnwEDm6C5Aq-IRcog,_N3gBeWfCEeuyzKg_X9-Fsg,AssociationRelationship,EA ModelSet
id-5620a936-fb9e-4340-9e5c-f8221415990e,id-75771435-ec72-4f1e-82dd-81db5ab10042,AssignmentRelationship,EA ModelSet
id-5620a936-fb9e-4340-9e5c-f8221415990e,id-0743928b-dcf0-48ad-a208-c5908a58785e,AssignmentRelationship,EA ModelSet
id-5620a936-fb9e-4340-9e5c-f8221415990e,id-8c31aff2-2135-4741-a40f-df24daa158f6,AssignmentRelationship,EA ModelSet
id-7df69886-d887-4bcb-99ee-70b729be2dda,id-55b38949-c8af-4559-bedd-cbae9f219cde,AssignmentRelationship,EA ModelSet
id-5620a936-fb9e-4340-9e5c-f8221415990e,d5d6dc0f-aa71-4695-9717-1cc5eae50145,CompositionRelationship,EA ModelSet
id-7c872e5d-aeeb-4d22-bde6-bf063a72aac2,id-5620a936-fb9e-4340-9e5c-f8221415990e,AggregationRelationship,EA ModelSet
c07b13bc-5cb1-4855-8a80-8424cdb864d5,id-7df69886-d887-4bcb-99ee-70b729be2dda,AggregationRelationship,EA ModelSet
id-7df69886-d887-4bcb-99ee-70b729be2dda,id-552fe270-f843-4af5-88d0-175b576831f9,CompositionRelationship,EA ModelSet
id-15c922fc-e304-4eff-b6ba-0dd4029537bd,id-55b38949-c8af-4559-bedd-cbae9f219cde,AssignmentRelationship,EA ModelSet
id-15c922fc-e304-4eff-b6ba-0dd4029537bd,id-8c31aff2-2135-4741-a40f-df24daa158f6,AssignmentRelationship,EA ModelSet
id-53516bd8-c67f-4f0d-8534-510f0ad4bf82,id-5620a936-fb9e-4340-9e5c-f8221415990e,CompositionRelationship,EA ModelSet
id-53516bd8-c67f-4f0d-8534-510f0ad4bf82,id-15c922fc-e304-4eff-b6ba-0dd4029537bd,CompositionRelationship,EA ModelSet
id-53516bd8-c67f-4f0d-8534-510f0ad4bf82,id-7df69886-d887-4bcb-99ee-70b729be2dda,CompositionRelationship,EA ModelSet
id-53516bd8-c67f-4f0d-8534-510f0ad4bf82,c07b13bc-5cb1-4855-8a80-8424cdb864d5,CompositionRelationship,EA ModelSet
id-53516bd8-c67f-4f0d-8534-510f0ad4bf82,id-7c872e5d-aeeb-4d22-bde6-bf063a72aac2,CompositionRelationship,EA ModelSet
id-5620a936-fb9e-4340-9e5c-f8221415990e,id-66cc051b-65d8-4c3b-ad3c-44d57db25e57,AssignmentRelationship,EA ModelSet
id-7df69886-d887-4bcb-99ee-70b729be2dda,id-9cbfaa0c-acdb-4587-9ff2-473ef32b42b9,AssignmentRelationship,EA ModelSet
b508d806-87bd-49ca-b6e4-77e4903a4361,id-9cbfaa0c-acdb-4587-9ff2-473ef32b42b9,AssignmentRelationship,EA ModelSet
b508d806-87bd-49ca-b6e4-77e4903a4361,id-66cc051b-65d8-4c3b-ad3c-44d57db25e57,AssignmentRelationship,EA ModelSet
e0358a6f-44f3-4b26-a172-9bad3ac58aae,id-66cc051b-65d8-4c3b-ad3c-44d57db25e57,AssignmentRelationship,EA ModelSet
id-5620a936-fb9e-4340-9e5c-f8221415990e,id-2a769b9a-e99b-4cca-a6de-abcbf903f6d3,AssignmentRelationship,EA ModelSet
id-88aa4013-16a5-4f6f-96fb-964d66c682e5,id-2a769b9a-e99b-4cca-a6de-abcbf903f6d3,AssignmentRelationship,EA ModelSet
id-66cc051b-65d8-4c3b-ad3c-44d57db25e57,id-2a769b9a-e99b-4cca-a6de-abcbf903f6d3,ServingRelationship,EA ModelSet
id-7df69886-d887-4bcb-99ee-70b729be2dda,e94659df-6d5c-4560-a49a-6e1e20e8416a,AssignmentRelationship,EA ModelSet
id-6fd20f9d-28cc-4b30-9887-6aed8c80a2d8,id-2a769b9a-e99b-4cca-a6de-abcbf903f6d3,AssignmentRelationship,EA ModelSet
id-6fd20f9d-28cc-4b30-9887-6aed8c80a2d8,e94659df-6d5c-4560-a49a-6e1e20e8416a,AssignmentRelationship,EA ModelSet
id-3e817a97-06ed-4d8e-a2db-668ab8f12b2a,e94659df-6d5c-4560-a49a-6e1e20e8416a,AssignmentRelationship,EA ModelSet
id-7c872e5d-aeeb-4d22-bde6-bf063a72aac2,e0358a6f-44f3-4b26-a172-9bad3ac58aae,AggregationRelationship,EA ModelSet
id-7c872e5d-aeeb-4d22-bde6-bf063a72aac2,id-88aa4013-16a5-4f6f-96fb-964d66c682e5,AggregationRelationship,EA ModelSet
id-38652f87-3a93-4bc5-bcea-90844a9698ef,b508d806-87bd-49ca-b6e4-77e4903a4361,CompositionRelationship,EA ModelSet
id-38652f87-3a93-4bc5-bcea-90844a9698ef,c07b13bc-5cb1-4855-8a80-8424cdb864d5,CompositionRelationship,EA ModelSet
id-38652f87-3a93-4bc5-bcea-90844a9698ef,id-88aa4013-16a5-4f6f-96fb-964d66c682e5,CompositionRelationship,EA ModelSet
id-38652f87-3a93-4bc5-bcea-90844a9698ef,id-15c922fc-e304-4eff-b6ba-0dd4029537bd,CompositionRelationship,EA ModelSet
id-38652f87-3a93-4bc5-bcea-90844a9698ef,id-6fd20f9d-28cc-4b30-9887-6aed8c80a2d8,CompositionRelationship,EA ModelSet
id-38652f87-3a93-4bc5-bcea-90844a9698ef,id-7c872e5d-aeeb-4d22-bde6-bf063a72aac2,CompositionRelationship,EA ModelSet
id-38652f87-3a93-4bc5-bcea-90844a9698ef,id-7df69886-d887-4bcb-99ee-70b729be2dda,CompositionRelationship,EA ModelSet
id-38652f87-3a93-4bc5-bcea-90844a9698ef,id-3e817a97-06ed-4d8e-a2db-668ab8f12b2a,CompositionRelationship,EA ModelSet
id-38652f87-3a93-4bc5-bcea-90844a9698ef,id-5620a936-fb9e-4340-9e5c-f8221415990e,CompositionRelationship,EA ModelSet
id-38652f87-3a93-4bc5-bcea-90844a9698ef,e0358a6f-44f3-4b26-a172-9bad3ac58aae,CompositionRelationship,EA ModelSet
id-7df69886-d887-4bcb-99ee-70b729be2dda,d130c92f-175c-4699-95bc-9a957679fb16,AssignmentRelationship,EA ModelSet
id-15c922fc-e304-4eff-b6ba-0dd4029537bd,d130c92f-175c-4699-95bc-9a957679fb16,AssignmentRelationship,EA ModelSet
id-5620a936-fb9e-4340-9e5c-f8221415990e,id-7de7cbbe-821d-4932-90d9-39c6e8293ed1,AssignmentRelationship,EA ModelSet
id-66cc051b-65d8-4c3b-ad3c-44d57db25e57,id-7de7cbbe-821d-4932-90d9-39c6e8293ed1,ServingRelationship,EA ModelSet
id-5620a936-fb9e-4340-9e5c-f8221415990e,id-60342cf4-f51d-43d8-8010-fff5da05c363,AssignmentRelationship,EA ModelSet
id-7c872e5d-aeeb-4d22-bde6-bf063a72aac2,id-7ecef382-27af-4bc5-beac-7415ed859849,AggregationRelationship,EA ModelSet
id-7ecef382-27af-4bc5-beac-7415ed859849,id-60342cf4-f51d-43d8-8010-fff5da05c363,AssignmentRelationship,EA ModelSet
id-7df69886-d887-4bcb-99ee-70b729be2dda,id-55240035-5741-49ce-b882-5144fff0cc04,AssignmentRelationship,EA ModelSet
id-50d2e03a-3143-4491-aed2-0979ece3f7f9,id-55240035-5741-49ce-b882-5144fff0cc04,AssignmentRelationship,EA ModelSet
id-53110c8b-2872-47c1-9a9a-c239b4a1f474,id-60342cf4-f51d-43d8-8010-fff5da05c363,AssignmentRelationship,EA ModelSet
id-53110c8b-2872-47c1-9a9a-c239b4a1f474,id-55240035-5741-49ce-b882-5144fff0cc04,AssignmentRelationship,EA ModelSet
id-15c922fc-e304-4eff-b6ba-0dd4029537bd,id-53110c8b-2872-47c1-9a9a-c239b4a1f474,AggregationRelationship,EA ModelSet
id-15c922fc-e304-4eff-b6ba-0dd4029537bd,b508d806-87bd-49ca-b6e4-77e4903a4361,AggregationRelationship,EA ModelSet
id-7aeb498f-e2b0-4e55-9edd-3b54d96c92c5,b508d806-87bd-49ca-b6e4-77e4903a4361,CompositionRelationship,EA ModelSet
id-7aeb498f-e2b0-4e55-9edd-3b54d96c92c5,id-6fd20f9d-28cc-4b30-9887-6aed8c80a2d8,CompositionRelationship,EA ModelSet
id-7aeb498f-e2b0-4e55-9edd-3b54d96c92c5,id-50d2e03a-3143-4491-aed2-0979ece3f7f9,CompositionRelationship,EA ModelSet
id-7aeb498f-e2b0-4e55-9edd-3b54d96c92c5,id-7c872e5d-aeeb-4d22-bde6-bf063a72aac2,CompositionRelationship,EA ModelSet
id-7aeb498f-e2b0-4e55-9edd-3b54d96c92c5,c07b13bc-5cb1-4855-8a80-8424cdb864d5,CompositionRelationship,EA ModelSet
id-7aeb498f-e2b0-4e55-9edd-3b54d96c92c5,id-3e817a97-06ed-4d8e-a2db-668ab8f12b2a,CompositionRelationship,EA ModelSet
id-7aeb498f-e2b0-4e55-9edd-3b54d96c92c5,id-53110c8b-2872-47c1-9a9a-c239b4a1f474,CompositionRelationship,EA ModelSet
id-7aeb498f-e2b0-4e55-9edd-3b54d96c92c5,id-5620a936-fb9e-4340-9e5c-f8221415990e,CompositionRelationship,EA ModelSet
id-7aeb498f-e2b0-4e55-9edd-3b54d96c92c5,id-7ecef382-27af-4bc5-beac-7415ed859849,CompositionRelationship,EA ModelSet
id-7aeb498f-e2b0-4e55-9edd-3b54d96c92c5,e0358a6f-44f3-4b26-a172-9bad3ac58aae,CompositionRelationship,EA ModelSet
id-7aeb498f-e2b0-4e55-9edd-3b54d96c92c5,id-88aa4013-16a5-4f6f-96fb-964d66c682e5,CompositionRelationship,EA ModelSet
id-7aeb498f-e2b0-4e55-9edd-3b54d96c92c5,id-15c922fc-e304-4eff-b6ba-0dd4029537bd,CompositionRelationship,EA ModelSet
id-7aeb498f-e2b0-4e55-9edd-3b54d96c92c5,id-7df69886-d887-4bcb-99ee-70b729be2dda,CompositionRelationship,EA ModelSet
id-5620a936-fb9e-4340-9e5c-f8221415990e,id-75605bf0-0ddb-4198-8fe4-5cda9e8594dc,AssignmentRelationship,EA ModelSet
id-66cc051b-65d8-4c3b-ad3c-44d57db25e57,id-75605bf0-0ddb-4198-8fe4-5cda9e8594dc,AssociationRelationship,EA ModelSet
id-5620a936-fb9e-4340-9e5c-f8221415990e,id-22749e8b-c7b5-4425-85e1-a9f853b84ee8,AssignmentRelationship,EA ModelSet
d5d6dc0f-aa71-4695-9717-1cc5eae50145,id-22749e8b-c7b5-4425-85e1-a9f853b84ee8,AssociationRelationship,EA ModelSet
id-7df69886-d887-4bcb-99ee-70b729be2dda,id-08b03c9d-ace3-4940-acd5-c90ebfaa4fa9,AssignmentRelationship,EA ModelSet
id-08b03c9d-ace3-4940-acd5-c90ebfaa4fa9,id-552fe270-f843-4af5-88d0-175b576831f9,AssociationRelationship,EA ModelSet
d5922ae2-af77-4e2e-ac57-45456b0efb13,d47e9290-6f16-4c69-ac0b-1b026eabbc10,CompositionRelationship,EA ModelSet
d5922ae2-af77-4e2e-ac57-45456b0efb13,d9012700-cec6-48c2-bc51-9696d0645205,CompositionRelationship,EA ModelSet
d9012700-cec6-48c2-bc51-9696d0645205,ea85b8c5-0657-4a4e-8fa3-354c5821e72c,CompositionRelationship,EA ModelSet
d9012700-cec6-48c2-bc51-9696d0645205,id-0b38761e-5709-4c46-85b0-8304040d9b22,CompositionRelationship,EA ModelSet
d47e9290-6f16-4c69-ac0b-1b026eabbc10,id-6e8909ee-ba17-412f-9ca3-edb3be4d405f,CompositionRelationship,EA ModelSet
d47e9290-6f16-4c69-ac0b-1b026eabbc10,id-1177de27-bc38-478c-a30a-a554cb5ec3d1,CompositionRelationship,EA ModelSet
d47e9290-6f16-4c69-ac0b-1b026eabbc10,id-5e6c9b7e-e1c4-43e0-8f44-5686f39d164e,CompositionRelationship,EA ModelSet
d47e9290-6f16-4c69-ac0b-1b026eabbc10,id-4529c601-cd5d-4fc4-8279-13836096dd6d,CompositionRelationship,EA ModelSet
id-4b308d31-c5b3-429e-a11a-5c22a8898278,id-311a68c6-f280-4ba5-b5e8-dbdb523daf15,CompositionRelationship,EA ModelSet
d5922ae2-af77-4e2e-ac57-45456b0efb13,id-1061c7d9-0638-4348-af9f-992b4ec57b55,CompositionRelationship,EA ModelSet
id-1061c7d9-0638-4348-af9f-992b4ec57b55,id-1a16ac39-6373-4102-8496-be2038eed1a5,CompositionRelationship,EA ModelSet
id-1061c7d9-0638-4348-af9f-992b4ec57b55,a0ab1e5a-6a78-4284-b655-3b84244a46ee,CompositionRelationship,EA ModelSet
d5922ae2-af77-4e2e-ac57-45456b0efb13,id-0d03c083-f8d2-4e4b-b09d-8dfb173bedd5,CompositionRelationship,EA ModelSet
d5922ae2-af77-4e2e-ac57-45456b0efb13,id-5e53a970-d93f-4519-aeb0-477dfd1d8748,CompositionRelationship,EA ModelSet
d47e9290-6f16-4c69-ac0b-1b026eabbc10,id-16211e6f-d44c-4554-b4d1-ee86d4ab5c8c,CompositionRelationship,EA ModelSet
id-1061c7d9-0638-4348-af9f-992b4ec57b55,d5177cd7-0ae3-465e-bc99-8286117aad42,CompositionRelationship,EA ModelSet
id-6e8909ee-ba17-412f-9ca3-edb3be4d405f,id-22749e8b-c7b5-4425-85e1-a9f853b84ee8,AccessRelationship,EA ModelSet
id-16211e6f-d44c-4554-b4d1-ee86d4ab5c8c,id-75605bf0-0ddb-4198-8fe4-5cda9e8594dc,TriggeringRelationship,EA ModelSet
id-5e6c9b7e-e1c4-43e0-8f44-5686f39d164e,d5d6dc0f-aa71-4695-9717-1cc5eae50145,TriggeringRelationship,EA ModelSet
id-4529c601-cd5d-4fc4-8279-13836096dd6d,id-552fe270-f843-4af5-88d0-175b576831f9,TriggeringRelationship,EA ModelSet
id-1177de27-bc38-478c-a30a-a554cb5ec3d1,id-08b03c9d-ace3-4940-acd5-c90ebfaa4fa9,AccessRelationship,EA ModelSet
d9012700-cec6-48c2-bc51-9696d0645205,id-08b03c9d-ace3-4940-acd5-c90ebfaa4fa9,AccessRelationship,EA ModelSet
e94659df-6d5c-4560-a49a-6e1e20e8416a,id-1061c7d9-0638-4348-af9f-992b4ec57b55,ServingRelationship,EA ModelSet
id-9cbfaa0c-acdb-4587-9ff2-473ef32b42b9,id-311a68c6-f280-4ba5-b5e8-dbdb523daf15,ServingRelationship,EA ModelSet
id-9cbfaa0c-acdb-4587-9ff2-473ef32b42b9,id-1061c7d9-0638-4348-af9f-992b4ec57b55,ServingRelationship,EA ModelSet
d5922ae2-af77-4e2e-ac57-45456b0efb13,id-34b209de-d1f1-43bc-b0d6-56b19268de62,AggregationRelationship,EA ModelSet
id-34b209de-d1f1-43bc-b0d6-56b19268de62,id-90d7a4d3-7e2d-4aa5-a6c3-afee47a7f99f,AssignmentRelationship,EA ModelSet
id-90d7a4d3-7e2d-4aa5-a6c3-afee47a7f99f,id-78c57106-ef78-4861-a319-6270063053e0,CompositionRelationship,EA ModelSet
id-90d7a4d3-7e2d-4aa5-a6c3-afee47a7f99f,id-4992221f-5da2-47a9-a1ba-c9be3fa0da72,CompositionRelationship,EA ModelSet
id-90d7a4d3-7e2d-4aa5-a6c3-afee47a7f99f,db566a09-7d58-486c-8217-9f350beb15c3,CompositionRelationship,EA ModelSet
id-90d7a4d3-7e2d-4aa5-a6c3-afee47a7f99f,dc5ad13c-321b-489c-b625-3d4ee7da32bf,CompositionRelationship,EA ModelSet
id-90d7a4d3-7e2d-4aa5-a6c3-afee47a7f99f,c78b0d4a-41fe-4608-8ff8-d5d735982392,AccessRelationship,EA ModelSet
id-90d7a4d3-7e2d-4aa5-a6c3-afee47a7f99f,id-7de7cbbe-821d-4932-90d9-39c6e8293ed1,TriggeringRelationship,EA ModelSet
db566a09-7d58-486c-8217-9f350beb15c3,id-60342cf4-f51d-43d8-8010-fff5da05c363,TriggeringRelationship,EA ModelSet
id-90d7a4d3-7e2d-4aa5-a6c3-afee47a7f99f,d130c92f-175c-4699-95bc-9a957679fb16,TriggeringRelationship,EA ModelSet
db566a09-7d58-486c-8217-9f350beb15c3,id-55240035-5741-49ce-b882-5144fff0cc04,TriggeringRelationship,EA ModelSet
id-4698783f-6900-4755-9709-f826be8f6c5a,id-078d11f0-c6ea-4637-99a5-f2283fd142d1,CompositionRelationship,EA ModelSet
id-4698783f-6900-4755-9709-f826be8f6c5a,id-516ba9fa-49bc-4baf-aaf0-51fd61304bfb,CompositionRelationship,EA ModelSet
id-4698783f-6900-4755-9709-f826be8f6c5a,id-2e234d32-8acb-48a6-9edc-a2bb5a7b84d4,CompositionRelationship,EA ModelSet
id-9812fbf7-6424-4456-9a68-7ea1c488f357,c532f8a6-c8a6-46fc-b002-fe085deac647,CompositionRelationship,EA ModelSet
id-9812fbf7-6424-4456-9a68-7ea1c488f357,id-81c15307-cfe4-4853-88ac-2933ea37fc40,CompositionRelationship,EA ModelSet
id-9812fbf7-6424-4456-9a68-7ea1c488f357,a5aa5d9a-e0f3-4b98-9359-3814bb9b461d,CompositionRelationship,EA ModelSet
id-3e8e425e-b9cd-4568-84c0-b6b7ef665e7d,c84e8a5b-c60d-431f-bfcf-fbe28dc0de9d,CompositionRelationship,EA ModelSet
id-3e8e425e-b9cd-4568-84c0-b6b7ef665e7d,id-2ac53466-1fa6-404c-a372-dc82b24e1b77,CompositionRelationship,EA ModelSet
id-3e8e425e-b9cd-4568-84c0-b6b7ef665e7d,id-3a5da76e-c9f7-4f3c-8452-ea26cf5057ee,CompositionRelationship,EA ModelSet
id-3e8e425e-b9cd-4568-84c0-b6b7ef665e7d,id-9f815e26-74cc-446d-ab9b-2db0b9c416b8,CompositionRelationship,EA ModelSet
id-3e8e425e-b9cd-4568-84c0-b6b7ef665e7d,ba267261-b545-476d-bcff-9a394050962d,CompositionRelationship,EA ModelSet
id-3e8e425e-b9cd-4568-84c0-b6b7ef665e7d,id-99a30cdb-4956-4990-922f-59d47be326e1,CompositionRelationship,EA ModelSet
id-8e04f759-e832-4912-96ac-f575689ee4f0,id-90f5adc0-7fa0-4ef4-9550-fdf9de518fc5,CompositionRelationship,EA ModelSet
id-8e04f759-e832-4912-96ac-f575689ee4f0,da35b6d3-ac1d-4fc8-87f9-d8b00106a210,CompositionRelationship,EA ModelSet
id-3e8e425e-b9cd-4568-84c0-b6b7ef665e7d,id-11d4d040-4aa4-4e5b-8685-df76a279db38,CompositionRelationship,EA ModelSet
id-311a68c6-f280-4ba5-b5e8-dbdb523daf15,id-11d4d040-4aa4-4e5b-8685-df76a279db38,ServingRelationship,EA ModelSet
dc5ad13c-321b-489c-b625-3d4ee7da32bf,ba267261-b545-476d-bcff-9a394050962d,ServingRelationship,EA ModelSet
dc5ad13c-321b-489c-b625-3d4ee7da32bf,id-99a30cdb-4956-4990-922f-59d47be326e1,ServingRelationship,EA ModelSet
db566a09-7d58-486c-8217-9f350beb15c3,c84e8a5b-c60d-431f-bfcf-fbe28dc0de9d,ServingRelationship,EA ModelSet
db566a09-7d58-486c-8217-9f350beb15c3,id-3a5da76e-c9f7-4f3c-8452-ea26cf5057ee,ServingRelationship,EA ModelSet
db566a09-7d58-486c-8217-9f350beb15c3,id-2ac53466-1fa6-404c-a372-dc82b24e1b77,ServingRelationship,EA ModelSet
db566a09-7d58-486c-8217-9f350beb15c3,id-9f815e26-74cc-446d-ab9b-2db0b9c416b8,ServingRelationship,EA ModelSet
a0ab1e5a-6a78-4284-b655-3b84244a46ee,id-2ac53466-1fa6-404c-a372-dc82b24e1b77,ServingRelationship,EA ModelSet
id-78c57106-ef78-4861-a319-6270063053e0,id-078d11f0-c6ea-4637-99a5-f2283fd142d1,ServingRelationship,EA ModelSet
id-4992221f-5da2-47a9-a1ba-c9be3fa0da72,id-078d11f0-c6ea-4637-99a5-f2283fd142d1,ServingRelationship,EA ModelSet
d5177cd7-0ae3-465e-bc99-8286117aad42,id-2e234d32-8acb-48a6-9edc-a2bb5a7b84d4,ServingRelationship,EA ModelSet
id-1a16ac39-6373-4102-8496-be2038eed1a5,id-516ba9fa-49bc-4baf-aaf0-51fd61304bfb,ServingRelationship,EA ModelSet
d5177cd7-0ae3-465e-bc99-8286117aad42,id-516ba9fa-49bc-4baf-aaf0-51fd61304bfb,ServingRelationship,EA ModelSet
ad806175-47ac-4513-ae66-1274d456d0a1,id-3a5da76e-c9f7-4f3c-8452-ea26cf5057ee,ServingRelationship,EA ModelSet
ad806175-47ac-4513-ae66-1274d456d0a1,id-9f815e26-74cc-446d-ab9b-2db0b9c416b8,ServingRelationship,EA ModelSet
id-4992221f-5da2-47a9-a1ba-c9be3fa0da72,ad806175-47ac-4513-ae66-1274d456d0a1,ServingRelationship,EA ModelSet
id-78c57106-ef78-4861-a319-6270063053e0,ad806175-47ac-4513-ae66-1274d456d0a1,ServingRelationship,EA ModelSet
d9012700-cec6-48c2-bc51-9696d0645205,bd5ad4bc-4a68-4a1c-b936-788a819806e0,CompositionRelationship,EA ModelSet
id-3e8e425e-b9cd-4568-84c0-b6b7ef665e7d,id-01798c94-444a-4bee-a338-e59368618c46,CompositionRelationship,EA ModelSet
db566a09-7d58-486c-8217-9f350beb15c3,id-01798c94-444a-4bee-a338-e59368618c46,ServingRelationship,EA ModelSet
id-77bc1d81-d24c-436e-b68d-a7c4a71fe93c,id-4c6eee76-1c66-49f3-b1d1-6a393eba761c,AggregationRelationship,EA ModelSet
id-77bc1d81-d24c-436e-b68d-a7c4a71fe93c,a496978e-5e11-4f7e-84ec-2e242b192fdf,AggregationRelationship,EA ModelSet
id-77bc1d81-d24c-436e-b68d-a7c4a71fe93c,id-2c6fabfe-a977-4ac5-8418-63a480f5e547,AggregationRelationship,EA ModelSet
id-333876af-859a-4556-911c-42519b9c8d47,id-8f98bd6f-5da9-4edf-8527-ed77f2d9b4b7,SpecializationRelationship,EA ModelSet
id-517184e3-025b-4117-aa8f-f9dfb67a52be,id-8f98bd6f-5da9-4edf-8527-ed77f2d9b4b7,SpecializationRelationship,EA ModelSet
id-9b29e544-6c31-49db-bc0a-587cd8fe48d9,e0358a6f-44f3-4b26-a172-9bad3ac58aae,SpecializationRelationship,EA ModelSet
id-9436c64f-0bb1-45a9-b606-783f8689ed45,e0358a6f-44f3-4b26-a172-9bad3ac58aae,SpecializationRelationship,EA ModelSet
a396496a-5dac-404e-9a75-31ac05a16a2d,e0358a6f-44f3-4b26-a172-9bad3ac58aae,SpecializationRelationship,EA ModelSet
id-53e11200-c251-4e9e-9336-ac17addcd586,a396496a-5dac-404e-9a75-31ac05a16a2d,SpecializationRelationship,EA ModelSet
id-34087d71-7f54-4e11-a9cd-6c2597389036,a396496a-5dac-404e-9a75-31ac05a16a2d,SpecializationRelationship,EA ModelSet
id-01865764-ff91-423e-afe6-01e06010afdd,id-9436c64f-0bb1-45a9-b606-783f8689ed45,SpecializationRelationship,EA ModelSet
id-6e1ca47f-a4e6-4823-b328-4fff145f2723,id-9436c64f-0bb1-45a9-b606-783f8689ed45,SpecializationRelationship,EA ModelSet
id-75b51454-3d2e-4127-a07e-8b2d33537e09,id-9b29e544-6c31-49db-bc0a-587cd8fe48d9,SpecializationRelationship,EA ModelSet
id-600f32fd-f643-4523-80fe-40533f121f03,id-9b29e544-6c31-49db-bc0a-587cd8fe48d9,SpecializationRelationship,EA ModelSet
e2808eca-bf5f-449d-a296-9f03ec7636d5,id-9b29e544-6c31-49db-bc0a-587cd8fe48d9,SpecializationRelationship,EA ModelSet
id-462e073a-b5ef-4c6f-bff7-a3ffabc25a79,id-9b29e544-6c31-49db-bc0a-587cd8fe48d9,SpecializationRelationship,EA ModelSet
id-029238b7-7aec-444a-8388-ba9d8454cde0,a396496a-5dac-404e-9a75-31ac05a16a2d,SpecializationRelationship,EA ModelSet
ce96c47b-d1ad-4301-8803-189ab6884dc7,id-8f98bd6f-5da9-4edf-8527-ed77f2d9b4b7,SpecializationRelationship,EA ModelSet
id-8f98bd6f-5da9-4edf-8527-ed77f2d9b4b7,e0358a6f-44f3-4b26-a172-9bad3ac58aae,SpecializationRelationship,EA ModelSet
id-700b2ddc-6fb0-48e0-8f55-4fdef459d530,id-7c872e5d-aeeb-4d22-bde6-bf063a72aac2,SpecializationRelationship,EA ModelSet
id-987c6c7d-34ba-48a1-b77a-5ed7f10a4033,id-5620a936-fb9e-4340-9e5c-f8221415990e,SpecializationRelationship,EA ModelSet
bd24b0aa-fac5-4b93-ba22-acd2c58c297c,e0358a6f-44f3-4b26-a172-9bad3ac58aae,SpecializationRelationship,EA ModelSet
f8c5bc43-4453-483f-baab-6a5488c1a90a,e0358a6f-44f3-4b26-a172-9bad3ac58aae,SpecializationRelationship,EA ModelSet
id-75d4c390-5797-44b3-8ced-d145a94360e0,id-7df69886-d887-4bcb-99ee-70b729be2dda,ServingRelationship,EA ModelSet
b8275c5b-adb2-436c-b972-14667d7b3e55,id-2a769b9a-e99b-4cca-a6de-abcbf903f6d3,ServingRelationship,EA ModelSet
b8275c5b-adb2-436c-b972-14667d7b3e55,id-987c6c7d-34ba-48a1-b77a-5ed7f10a4033,AssignmentRelationship,EA ModelSet
ae52c97b-3255-43a6-b528-c816a5bed8b8,id-987c6c7d-34ba-48a1-b77a-5ed7f10a4033,AssignmentRelationship,EA ModelSet
bd24b0aa-fac5-4b93-ba22-acd2c58c297c,id-7de7cbbe-821d-4932-90d9-39c6e8293ed1,ServingRelationship,EA ModelSet
ae52c97b-3255-43a6-b528-c816a5bed8b8,id-15c922fc-e304-4eff-b6ba-0dd4029537bd,ServingRelationship,EA ModelSet
id-66cc051b-65d8-4c3b-ad3c-44d57db25e57,b8275c5b-adb2-436c-b972-14667d7b3e55,ServingRelationship,EA ModelSet
id-66cc051b-65d8-4c3b-ad3c-44d57db25e57,ae52c97b-3255-43a6-b528-c816a5bed8b8,ServingRelationship,EA ModelSet
id-75d4c390-5797-44b3-8ced-d145a94360e0,id-15c922fc-e304-4eff-b6ba-0dd4029537bd,ServingRelationship,EA ModelSet
a85aac9f-efed-4df0-b89c-7572194c125f,id-15c922fc-e304-4eff-b6ba-0dd4029537bd,ServingRelationship,EA ModelSet
c3bf9c25-9b8d-4191-9f1b-126423bda5c8,id-15c922fc-e304-4eff-b6ba-0dd4029537bd,ServingRelationship,EA ModelSet
id-75d4c390-5797-44b3-8ced-d145a94360e0,d77608a9-a303-4583-b36d-08a87b232659,AssignmentRelationship,EA ModelSet
eba1176e-1be7-414e-8d74-4686b94c9642,id-987c6c7d-34ba-48a1-b77a-5ed7f10a4033,AssignmentRelationship,EA ModelSet
eba1176e-1be7-414e-8d74-4686b94c9642,id-75771435-ec72-4f1e-82dd-81db5ab10042,ServingRelationship,EA ModelSet
e4288232-0188-4985-90e0-da1116cd13cb,id-987c6c7d-34ba-48a1-b77a-5ed7f10a4033,AssignmentRelationship,EA ModelSet
id-099a0609-334b-49d2-8fa0-d1079a3ed67b,id-987c6c7d-34ba-48a1-b77a-5ed7f10a4033,AssignmentRelationship,EA ModelSet
d36adbeb-36f5-4d1e-b250-caab5eef062d,id-987c6c7d-34ba-48a1-b77a-5ed7f10a4033,AssignmentRelationship,EA ModelSet
a85aac9f-efed-4df0-b89c-7572194c125f,id-987c6c7d-34ba-48a1-b77a-5ed7f10a4033,AssignmentRelationship,EA ModelSet
id-7df69886-d887-4bcb-99ee-70b729be2dda,id-75d4c390-5797-44b3-8ced-d145a94360e0,AggregationRelationship,EA ModelSet
d77608a9-a303-4583-b36d-08a87b232659,c07b13bc-5cb1-4855-8a80-8424cdb864d5,SpecializationRelationship,EA ModelSet
c3bf9c25-9b8d-4191-9f1b-126423bda5c8,c07b13bc-5cb1-4855-8a80-8424cdb864d5,SpecializationRelationship,EA ModelSet
c24a34a9-366f-4306-a25c-97fe19caf82a,id-099a0609-334b-49d2-8fa0-d1079a3ed67b,AggregationRelationship,EA ModelSet
c24a34a9-366f-4306-a25c-97fe19caf82a,b8275c5b-adb2-436c-b972-14667d7b3e55,AggregationRelationship,EA ModelSet
c24a34a9-366f-4306-a25c-97fe19caf82a,eba1176e-1be7-414e-8d74-4686b94c9642,CompositionRelationship,EA ModelSet
bd24b0aa-fac5-4b93-ba22-acd2c58c297c,id-987c6c7d-34ba-48a1-b77a-5ed7f10a4033,AssignmentRelationship,EA ModelSet
f8c5bc43-4453-483f-baab-6a5488c1a90a,id-987c6c7d-34ba-48a1-b77a-5ed7f10a4033,AssignmentRelationship,EA ModelSet
id-30f318de-ecbd-47dd-a5a0-2a866acced50,d5177cd7-0ae3-465e-bc99-8286117aad42,RealizationRelationship,EA ModelSet
d822354e-83f7-4e73-9f66-63a8a4a7afba,id-4b308d31-c5b3-429e-a11a-5c22a8898278,RealizationRelationship,EA ModelSet
d822354e-83f7-4e73-9f66-63a8a4a7afba,d9012700-cec6-48c2-bc51-9696d0645205,RealizationRelationship,EA ModelSet
d822354e-83f7-4e73-9f66-63a8a4a7afba,id-1177de27-bc38-478c-a30a-a554cb5ec3d1,RealizationRelationship,EA ModelSet
d822354e-83f7-4e73-9f66-63a8a4a7afba,id-4529c601-cd5d-4fc4-8279-13836096dd6d,RealizationRelationship,EA ModelSet
id-30f318de-ecbd-47dd-a5a0-2a866acced50,d9012700-cec6-48c2-bc51-9696d0645205,RealizationRelationship,EA ModelSet
id-30f318de-ecbd-47dd-a5a0-2a866acced50,id-6e8909ee-ba17-412f-9ca3-edb3be4d405f,RealizationRelationship,EA ModelSet
id-30f318de-ecbd-47dd-a5a0-2a866acced50,id-5e6c9b7e-e1c4-43e0-8f44-5686f39d164e,RealizationRelationship,EA ModelSet
id-30f318de-ecbd-47dd-a5a0-2a866acced50,id-16211e6f-d44c-4554-b4d1-ee86d4ab5c8c,RealizationRelationship,EA ModelSet
id-30f318de-ecbd-47dd-a5a0-2a866acced50,id-90d7a4d3-7e2d-4aa5-a6c3-afee47a7f99f,RealizationRelationship,EA ModelSet
d822354e-83f7-4e73-9f66-63a8a4a7afba,d5177cd7-0ae3-465e-bc99-8286117aad42,RealizationRelationship,EA ModelSet
id-095ac7b1-756e-4b6a-bf01-8f55e8dd397b,id-14516d31-cf4c-48c0-beba-88734fb0a98e,AggregationRelationship,EA ModelSet
id-095ac7b1-756e-4b6a-bf01-8f55e8dd397b,ddcfd303-6eb2-418f-8f03-4490643fa057,AggregationRelationship,EA ModelSet
id-095ac7b1-756e-4b6a-bf01-8f55e8dd397b,aee98ff0-9c84-444f-bf9b-f1ed3f6eb1b1,AggregationRelationship,EA ModelSet
id-0ac6248e-f96b-4f90-b120-ec5c3f7dd2c6,ce7d7217-082c-4092-bdf8-ee2f9a445992,ServingRelationship,EA ModelSet
b104029a-c53e-4a56-9eec-0873b20ddd1a,id-0557f066-58ae-4db5-9003-f499d6558980,AccessRelationship,EA ModelSet
id-0155e5c0-68f8-469e-924b-7a5f98368dce,id-7bf9b753-d4d3-4b02-ae31-dfb2139d9bfc,FlowRelationship,EA ModelSet
b0614ece-b15a-4ea1-88f6-2d05dc4abba6,b1079aa6-1790-4834-8fd7-e00dab6a15b0,AccessRelationship,EA ModelSet
id-44aa7495-8bd2-4656-9af0-de6c42c7d6b1,id-3750938e-bc21-450d-a453-9ad38d31d428,FlowRelationship,EA ModelSet
id-1001f491-17ee-492a-9318-238046e8caac,a0ac0e27-9372-4240-9be3-7316c1c73de2,ServingRelationship,EA ModelSet
id-5f24309b-4305-4903-b1d8-7c6b4532067c,id-7bf9b753-d4d3-4b02-ae31-dfb2139d9bfc,CompositionRelationship,EA ModelSet
id-69fe7220-969b-4ff3-bcd3-771a63484b83,id-31c7fae3-85a3-4810-b996-a5809f4afaa4,AccessRelationship,EA ModelSet
id-29982c81-07ce-4673-974b-ea832dbe84e9,id-74141ce5-3925-49f1-8976-32506a51a670,AccessRelationship,EA ModelSet
id-3750938e-bc21-450d-a453-9ad38d31d428,b1079aa6-1790-4834-8fd7-e00dab6a15b0,AccessRelationship,EA ModelSet
d5009968-ac8e-46ea-ac51-f97588bbc222,id-31c7fae3-85a3-4810-b996-a5809f4afaa4,AccessRelationship,EA ModelSet
id-0b4449a6-e24e-4435-ae86-b92b61fa75f7,id-6665f680-e25f-42f4-b6db-f2f398cf1fc5,CompositionRelationship,EA ModelSet
id-2d903f71-8d54-437e-b2c3-b0694d2716ba,a6ac2f7a-c877-4fb4-96c9-40a8600d9e28,CompositionRelationship,EA ModelSet
c410c352-216d-4434-801a-77d0708332f1,d3016c27-fc74-4326-9aa9-9b7ba3c22e49,CompositionRelationship,EA ModelSet
id-69fe7220-969b-4ff3-bcd3-771a63484b83,af5c3baa-7ae1-4b9e-acfa-905a95c20e56,CompositionRelationship,EA ModelSet
id-802ebd4f-9626-468f-839e-6c256b271402,id-0a87ecc7-585b-421a-8036-e7ccc0784b31,AccessRelationship,EA ModelSet
b104029a-c53e-4a56-9eec-0873b20ddd1a,id-202c31df-66da-402b-bc10-4e0897f785ba,TriggeringRelationship,EA ModelSet
cd99cf30-6c89-4d40-89b8-f9d3736cb63c,b493aab7-0afd-4995-b179-40cc95e4d017,CompositionRelationship,EA ModelSet
id-8e29b27f-31bf-4529-930c-3613927393e3,b104029a-c53e-4a56-9eec-0873b20ddd1a,FlowRelationship,EA ModelSet
id-5386d7af-48f5-4832-9d56-57bafd50120c,id-9ad72fca-30d6-410a-b1a0-ae4616a92fa6,CompositionRelationship,EA ModelSet
b0614ece-b15a-4ea1-88f6-2d05dc4abba6,b11d5bfb-bb5d-495e-b30f-bf54015ab56f,AccessRelationship,EA ModelSet
id-9ad72fca-30d6-410a-b1a0-ae4616a92fa6,ca347dfe-c2c2-4ce5-9680-ac423da0cb2b,AccessRelationship,EA ModelSet
id-44aa7495-8bd2-4656-9af0-de6c42c7d6b1,id-0a87ecc7-585b-421a-8036-e7ccc0784b31,AccessRelationship,EA ModelSet
c4752b9c-0dfb-4c04-98c1-d5a90458b4e0,id-324b490d-8605-4fe9-b222-3c7ec8d60a5a,FlowRelationship,EA ModelSet
id-9d9dccf1-24be-4ff2-a2a7-6cce9f706348,id-0155e5c0-68f8-469e-924b-7a5f98368dce,CompositionRelationship,EA ModelSet
cd99cf30-6c89-4d40-89b8-f9d3736cb63c,id-871892ec-e450-40de-9d12-735c2e1c1fad,CompositionRelationship,EA ModelSet
c46802d4-0c66-401f-9688-3e36658a527e,c080dc24-bcee-4d7d-a977-0e1d15b113b9,CompositionRelationship,EA ModelSet
id-0477bbf4-c22a-4074-b962-89728d8c51bb,id-83671ae5-487f-4b3c-a0d6-5befef15bf4f,AssignmentRelationship,EA ModelSet
id-3682d18b-402e-4de9-ac2a-70bbd2447818,id-3c675d0c-1523-4253-9269-6ba8825b1bc6,CompositionRelationship,EA ModelSet
cd99cf30-6c89-4d40-89b8-f9d3736cb63c,id-11c74f85-080b-4058-921d-06fdd96ded58,CompositionRelationship,EA ModelSet
e79909cc-f14d-446f-9a5e-1961adb725a0,ade0d24c-8ac4-40f7-8f4c-9e301b9b6971,CompositionRelationship,EA ModelSet
b104029a-c53e-4a56-9eec-0873b20ddd1a,id-446555aa-305e-4c7d-99c7-4257bd978907,AccessRelationship,EA ModelSet
id-113f7c82-2b45-43d1-ad55-fc5ae2e61d97,id-4db90f08-f4c9-407b-881e-a576dfe45c98,AccessRelationship,EA ModelSet
id-9734cb50-622c-4597-9906-9f84cb2f817f,id-07b25b41-aa8b-4560-b90b-ec54a887fcfa,AccessRelationship,EA ModelSet
id-754ea0b1-780e-4219-9417-b90812c2f8ae,id-8fac4a0f-c57d-4dff-a7f9-3cb5b447e23f,AccessRelationship,EA ModelSet
b71f63fe-ca5f-40ff-89ea-dcc053b7cdca,a0ac0e27-9372-4240-9be3-7316c1c73de2,ServingRelationship,EA ModelSet
id-69fe7220-969b-4ff3-bcd3-771a63484b83,id-324b490d-8605-4fe9-b222-3c7ec8d60a5a,CompositionRelationship,EA ModelSet
id-5f24309b-4305-4903-b1d8-7c6b4532067c,id-07b25b41-aa8b-4560-b90b-ec54a887fcfa,AccessRelationship,EA ModelSet
b359ebe2-763f-4199-8267-63d467be92b6,id-8f618046-9c18-43ce-862d-ae7a4355d607,CompositionRelationship,EA ModelSet
id-1ed3c7cd-f1ee-46b6-8e44-ac01d01b807b,id-9f7f9de9-0ab5-4f14-b094-a057abb4fc1f,FlowRelationship,EA ModelSet
ccfa1f55-35e2-45a7-ada3-70e9776f32da,id-0558f52b-05f4-4142-8125-70c1e4e73573,FlowRelationship,EA ModelSet
cd99cf30-6c89-4d40-89b8-f9d3736cb63c,ae0b556e-f71f-4241-96cc-bd3f66385bd3,CompositionRelationship,EA ModelSet
id-7435d126-6cec-492a-a7cd-835e0ae8d7d9,id-2d903f71-8d54-437e-b2c3-b0694d2716ba,ServingRelationship,EA ModelSet
id-43f84834-144a-4611-9ba4-a16fb79f4c61,id-9734cb50-622c-4597-9906-9f84cb2f817f,AssignmentRelationship,EA ModelSet
e784d6fb-f2cb-4695-90c1-1bd806bd613e,id-5f24309b-4305-4903-b1d8-7c6b4532067c,RealizationRelationship,EA ModelSet
id-95e4eec6-fd9a-478f-969e-4f8e89221a82,id-8e29b27f-31bf-4529-930c-3613927393e3,FlowRelationship,EA ModelSet
id-4445676d-60d8-4f97-9f9d-60e0b56394ca,id-2288c999-a19c-4ae8-962f-a8d36bd0abf9,CompositionRelationship,EA ModelSet
id-63186008-bf76-4354-8ef4-dd3c5ecb4607,eeb5274f-7921-44f7-831c-665d4036782a,CompositionRelationship,EA ModelSet
cae53c7c-a22d-4979-86fc-a2a509e6ced1,id-0557f066-58ae-4db5-9003-f499d6558980,AccessRelationship,EA ModelSet
id-9f1d49a3-774a-4275-9a26-8f9425b56348,id-8e895580-616d-49fe-a3dd-cfe75103fdcd,AccessRelationship,EA ModelSet
id-69fe7220-969b-4ff3-bcd3-771a63484b83,id-9f1d49a3-774a-4275-9a26-8f9425b56348,CompositionRelationship,EA ModelSet
id-5386d7af-48f5-4832-9d56-57bafd50120c,id-9734cb50-622c-4597-9906-9f84cb2f817f,CompositionRelationship,EA ModelSet
id-820385e5-d5e2-4a52-9016-1762aa5cab17,id-1d9c5c1e-c182-4c50-b965-11c7d4de6821,AccessRelationship,EA ModelSet
id-2e047611-8aee-449e-a4e0-4ba1914ce33c,id-35274c46-5bd6-4721-bd4e-893b45c1c615,TriggeringRelationship,EA ModelSet
id-4dff8dfc-873f-422c-add8-11dab215bfd1,id-44aa7495-8bd2-4656-9af0-de6c42c7d6b1,RealizationRelationship,EA ModelSet
id-6651ba17-bb64-4d75-9731-0df4475afc18,id-5f24309b-4305-4903-b1d8-7c6b4532067c,AssignmentRelationship,EA ModelSet
id-2e92b6a4-593b-4805-a731-3fe6714b87c9,id-9908d87b-8bee-4876-a69a-ee16c4ed7e44,CompositionRelationship,EA ModelSet
id-9ad72fca-30d6-410a-b1a0-ae4616a92fa6,id-69fe7220-969b-4ff3-bcd3-771a63484b83,FlowRelationship,EA ModelSet
e79909cc-f14d-446f-9a5e-1961adb725a0,id-8788e7d2-f1c7-4c08-bae7-1e37857d43a4,CompositionRelationship,EA ModelSet
id-3682d18b-402e-4de9-ac2a-70bbd2447818,id-97344e35-725a-4524-a0d8-8362dee3948e,CompositionRelationship,EA ModelSet
cae53c7c-a22d-4979-86fc-a2a509e6ced1,id-9908d87b-8bee-4876-a69a-ee16c4ed7e44,AccessRelationship,EA ModelSet
b0614ece-b15a-4ea1-88f6-2d05dc4abba6,id-820385e5-d5e2-4a52-9016-1762aa5cab17,FlowRelationship,EA ModelSet
id-435bc4d1-0111-4093-82ac-96a367bb7cb3,id-2c087f87-dd97-44ee-afc8-5ef7a02f8d93,CompositionRelationship,EA ModelSet
id-8775ad96-8290-4934-88f6-508661217e46,id-9218ee3d-b6fc-405e-b6f2-a624c66b69eb,SpecializationRelationship,EA ModelSet
ef1f23fd-4bf1-4cfb-99c2-30fa843887ed,id-093501a6-b219-470f-a152-2948eae7dd90,AssociationRelationship,EA ModelSet
d5009968-ac8e-46ea-ac51-f97588bbc222,id-83671ae5-487f-4b3c-a0d6-5befef15bf4f,FlowRelationship,EA ModelSet
id-3750938e-bc21-450d-a453-9ad38d31d428,id-98076b03-d65c-421f-a87f-327ddbcbc8bf,CompositionRelationship,EA ModelSet
id-29982c81-07ce-4673-974b-ea832dbe84e9,id-3e1fa583-4506-40ff-92fd-98e9a71cfb4b,AccessRelationship,EA ModelSet
id-83671ae5-487f-4b3c-a0d6-5befef15bf4f,id-9734cb50-622c-4597-9906-9f84cb2f817f,FlowRelationship,EA ModelSet
cd78eaf9-1860-4825-9bd7-b1fa32ce1ff1,id-06586c29-2c5d-419b-ac82-35b9bd82ae67,RealizationRelationship,EA ModelSet
ca347dfe-c2c2-4ce5-9680-ac423da0cb2b,id-4445676d-60d8-4f97-9f9d-60e0b56394ca,CompositionRelationship,EA ModelSet
daf4187a-078b-4460-9cbb-fdbbfa99e4e7,id-69fe7220-969b-4ff3-bcd3-771a63484b83,AssignmentRelationship,EA ModelSet
id-113f7c82-2b45-43d1-ad55-fc5ae2e61d97,id-0784efb7-1aca-4a1b-ad0b-b00863b45e82,AccessRelationship,EA ModelSet
d5009968-ac8e-46ea-ac51-f97588bbc222,ca347dfe-c2c2-4ce5-9680-ac423da0cb2b,AccessRelationship,EA ModelSet
id-2288c999-a19c-4ae8-962f-a8d36bd0abf9,id-8788e7d2-f1c7-4c08-bae7-1e37857d43a4,SpecializationRelationship,EA ModelSet
id-013074ff-a5f6-4f0a-a226-ed3d56d2ac12,id-2c087f87-dd97-44ee-afc8-5ef7a02f8d93,AssociationRelationship,EA ModelSet
id-2826a0c6-d057-474e-bd79-b35a4defc1b1,id-5def947c-dc29-43f4-b70f-923e3ceb8ca3,AssignmentRelationship,EA ModelSet
id-1038c553-75a8-4f66-a157-9135e2cc5c18,id-20c256ff-7759-4e2f-b9f8-b232f5084fe5,ServingRelationship,EA ModelSet
id-202c31df-66da-402b-bc10-4e0897f785ba,id-0b1ebea9-e2a3-4da1-bebf-faa04851497f,RealizationRelationship,EA ModelSet
id-63186008-bf76-4354-8ef4-dd3c5ecb4607,ce7d7217-082c-4092-bdf8-ee2f9a445992,RealizationRelationship,EA ModelSet
id-3682d18b-402e-4de9-ac2a-70bbd2447818,a4918068-9efb-4edf-baab-831850614467,CompositionRelationship,EA ModelSet
id-5386d7af-48f5-4832-9d56-57bafd50120c,d5009968-ac8e-46ea-ac51-f97588bbc222,CompositionRelationship,EA ModelSet
id-0155e5c0-68f8-469e-924b-7a5f98368dce,id-2826a0c6-d057-474e-bd79-b35a4defc1b1,FlowRelationship,EA ModelSet
id-8fb1605e-caa4-4f4a-9197-f19a40b23cf1,id-022e6fe9-f04a-482c-bd3c-2ecc41aa11d1,CompositionRelationship,EA ModelSet
id-202c31df-66da-402b-bc10-4e0897f785ba,id-2c087f87-dd97-44ee-afc8-5ef7a02f8d93,CompositionRelationship,EA ModelSet
id-2288c999-a19c-4ae8-962f-a8d36bd0abf9,e6cdb3b0-8566-4c32-81ec-8a6e7e705d0c,SpecializationRelationship,EA ModelSet
id-1ed3c7cd-f1ee-46b6-8e44-ac01d01b807b,id-74141ce5-3925-49f1-8976-32506a51a670,AccessRelationship,EA ModelSet
id-4dff8dfc-873f-422c-add8-11dab215bfd1,id-6ec4b6eb-6d7c-472a-852b-bac1791ffed3,ServingRelationship,EA ModelSet
e4fbd5a0-7b5c-49e7-8ca6-2d5538fd7dc1,id-446555aa-305e-4c7d-99c7-4257bd978907,AccessRelationship,EA ModelSet
id-8fb1605e-caa4-4f4a-9197-f19a40b23cf1,id-0b1ebea9-e2a3-4da1-bebf-faa04851497f,CompositionRelationship,EA ModelSet
id-85247acd-d49a-434f-ade8-ec8d8690e5e8,id-1f2f78f1-be37-47a9-a495-bfa832b57e40,AccessRelationship,EA ModelSet
e79909cc-f14d-446f-9a5e-1961adb725a0,e6cdb3b0-8566-4c32-81ec-8a6e7e705d0c,CompositionRelationship,EA ModelSet
id-68421b4f-836b-43d6-a0c8-19510c53f752,id-8fac4a0f-c57d-4dff-a7f9-3cb5b447e23f,AccessRelationship,EA ModelSet
id-0155e5c0-68f8-469e-924b-7a5f98368dce,id-6459500a-3e2e-4934-b437-21499e6e2d3d,AccessRelationship,EA ModelSet
ccfa1f55-35e2-45a7-ada3-70e9776f32da,e54dc4a9-114a-4f75-bcab-8ade6add02f7,FlowRelationship,EA ModelSet
f2dbad5b-0b8c-40be-8d13-0bf5af2eb9af,cae53c7c-a22d-4979-86fc-a2a509e6ced1,CompositionRelationship,EA ModelSet
id-2e047611-8aee-449e-a4e0-4ba1914ce33c,b71f63fe-ca5f-40ff-89ea-dcc053b7cdca,TriggeringRelationship,EA ModelSet
id-754ea0b1-780e-4219-9417-b90812c2f8ae,id-4db90f08-f4c9-407b-881e-a576dfe45c98,AccessRelationship,EA ModelSet
id-324b490d-8605-4fe9-b222-3c7ec8d60a5a,a3aaa024-0b51-4367-b7af-05ced21c23e9,AccessRelationship,EA ModelSet
id-35274c46-5bd6-4721-bd4e-893b45c1c615,id-5def947c-dc29-43f4-b70f-923e3ceb8ca3,FlowRelationship,EA ModelSet
e6cdb3b0-8566-4c32-81ec-8a6e7e705d0c,id-093501a6-b219-470f-a152-2948eae7dd90,AssociationRelationship,EA ModelSet
a3aaa024-0b51-4367-b7af-05ced21c23e9,c410c352-216d-4434-801a-77d0708332f1,CompositionRelationship,EA ModelSet
id-69fe7220-969b-4ff3-bcd3-771a63484b83,ca347dfe-c2c2-4ce5-9680-ac423da0cb2b,AccessRelationship,EA ModelSet
id-8fb1605e-caa4-4f4a-9197-f19a40b23cf1,id-8a0b1b3b-e8af-429b-95e5-b9044e86257f,CompositionRelationship,EA ModelSet
id-8df7fee7-b599-47cc-abef-97a22266a5ba,e4fbd5a0-7b5c-49e7-8ca6-2d5538fd7dc1,TriggeringRelationship,EA ModelSet
id-9d9dccf1-24be-4ff2-a2a7-6cce9f706348,id-51d662f8-573f-4cf7-a71c-395b3ef71d22,CompositionRelationship,EA ModelSet
id-06586c29-2c5d-419b-ac82-35b9bd82ae67,id-07b25b41-aa8b-4560-b90b-ec54a887fcfa,AccessRelationship,EA ModelSet
a6ac2f7a-c877-4fb4-96c9-40a8600d9e28,id-9ad72fca-30d6-410a-b1a0-ae4616a92fa6,AssignmentRelationship,EA ModelSet
id-3750938e-bc21-450d-a453-9ad38d31d428,b11d5bfb-bb5d-495e-b30f-bf54015ab56f,AccessRelationship,EA ModelSet
a0ac0e27-9372-4240-9be3-7316c1c73de2,id-0558f52b-05f4-4142-8125-70c1e4e73573,AssignmentRelationship,EA ModelSet
id-0477bbf4-c22a-4074-b962-89728d8c51bb,d5009968-ac8e-46ea-ac51-f97588bbc222,AssignmentRelationship,EA ModelSet
id-2e047611-8aee-449e-a4e0-4ba1914ce33c,ccfa1f55-35e2-45a7-ada3-70e9776f32da,TriggeringRelationship,EA ModelSet
id-3750938e-bc21-450d-a453-9ad38d31d428,id-44aa7495-8bd2-4656-9af0-de6c42c7d6b1,FlowRelationship,EA ModelSet
id-63186008-bf76-4354-8ef4-dd3c5ecb4607,id-2c12b879-213b-466e-b3f2-a6f178518d6a,AccessRelationship,EA ModelSet
af5c3baa-7ae1-4b9e-acfa-905a95c20e56,id-771fda29-523f-4ebc-965e-0b532ce99466,FlowRelationship,EA ModelSet
id-5386d7af-48f5-4832-9d56-57bafd50120c,c77f157b-caa6-4a78-9511-1507edf5e01d,CompositionRelationship,EA ModelSet
id-771fda29-523f-4ebc-965e-0b532ce99466,id-9f1d49a3-774a-4275-9a26-8f9425b56348,FlowRelationship,EA ModelSet
id-0558f52b-05f4-4142-8125-70c1e4e73573,e54dc4a9-114a-4f75-bcab-8ade6add02f7,CompositionRelationship,EA ModelSet
eeb5274f-7921-44f7-831c-665d4036782a,id-2e92b6a4-593b-4805-a731-3fe6714b87c9,AccessRelationship,EA ModelSet
id-69fe7220-969b-4ff3-bcd3-771a63484b83,c4752b9c-0dfb-4c04-98c1-d5a90458b4e0,CompositionRelationship,EA ModelSet
id-5386d7af-48f5-4832-9d56-57bafd50120c,id-83671ae5-487f-4b3c-a0d6-5befef15bf4f,CompositionRelationship,EA ModelSet
id-202c31df-66da-402b-bc10-4e0897f785ba,id-022e6fe9-f04a-482c-bd3c-2ecc41aa11d1,RealizationRelationship,EA ModelSet
cd99cf30-6c89-4d40-89b8-f9d3736cb63c,id-8fb1605e-caa4-4f4a-9197-f19a40b23cf1,CompositionRelationship,EA ModelSet
id-8fb1605e-caa4-4f4a-9197-f19a40b23cf1,id-9c2cb7fa-5dd5-4659-b7fc-8060a3c95fea,CompositionRelationship,EA ModelSet
a14dc7c7-405a-4dc1-a73e-75c82e718be3,id-747bdf61-7a8b-4e06-8070-a45e0956731a,RealizationRelationship,EA ModelSet
id-85247acd-d49a-434f-ade8-ec8d8690e5e8,id-3e1fa583-4506-40ff-92fd-98e9a71cfb4b,AccessRelationship,EA ModelSet
id-9f1d49a3-774a-4275-9a26-8f9425b56348,id-31c7fae3-85a3-4810-b996-a5809f4afaa4,AccessRelationship,EA ModelSet
id-63186008-bf76-4354-8ef4-dd3c5ecb4607,c46802d4-0c66-401f-9688-3e36658a527e,AccessRelationship,EA ModelSet
id-446555aa-305e-4c7d-99c7-4257bd978907,id-9908d87b-8bee-4876-a69a-ee16c4ed7e44,CompositionRelationship,EA ModelSet
id-0155e5c0-68f8-469e-924b-7a5f98368dce,e6cdb3b0-8566-4c32-81ec-8a6e7e705d0c,AccessRelationship,EA ModelSet
id-65558f78-7073-42b2-865e-34113a39b028,id-6ec4b6eb-6d7c-472a-852b-bac1791ffed3,FlowRelationship,EA ModelSet
a14dc7c7-405a-4dc1-a73e-75c82e718be3,id-8a374227-ca1b-491c-ab29-867bcbf082a2,FlowRelationship,EA ModelSet
id-013074ff-a5f6-4f0a-a226-ed3d56d2ac12,id-1ed3c7cd-f1ee-46b6-8e44-ac01d01b807b,AssociationRelationship,EA ModelSet
id-671c532e-5abc-4f4f-8d43-297b92748bd4,id-44aa7495-8bd2-4656-9af0-de6c42c7d6b1,RealizationRelationship,EA ModelSet
id-6651ba17-bb64-4d75-9731-0df4475afc18,id-5def947c-dc29-43f4-b70f-923e3ceb8ca3,AssignmentRelationship,EA ModelSet
id-69fe7220-969b-4ff3-bcd3-771a63484b83,d5009968-ac8e-46ea-ac51-f97588bbc222,FlowRelationship,EA ModelSet
e784d6fb-f2cb-4695-90c1-1bd806bd613e,id-8a374227-ca1b-491c-ab29-867bcbf082a2,CompositionRelationship,EA ModelSet
c4752b9c-0dfb-4c04-98c1-d5a90458b4e0,a3aaa024-0b51-4367-b7af-05ced21c23e9,AccessRelationship,EA ModelSet
e79909cc-f14d-446f-9a5e-1961adb725a0,dd8c5cb5-2bf4-4658-84e5-f2d3949ac905,CompositionRelationship,EA ModelSet
id-9d9dccf1-24be-4ff2-a2a7-6cce9f706348,id-6db0492f-d810-45f4-96f4-ad8e10a153aa,AccessRelationship,EA ModelSet
c410c352-216d-4434-801a-77d0708332f1,id-07b25b41-aa8b-4560-b90b-ec54a887fcfa,CompositionRelationship,EA ModelSet
id-2c087f87-dd97-44ee-afc8-5ef7a02f8d93,bad42991-9189-46b8-a570-b4c86cde1c81,RealizationRelationship,EA ModelSet
id-8df7fee7-b599-47cc-abef-97a22266a5ba,d10c81e1-3289-4684-8136-4150b5b32eb8,RealizationRelationship,EA ModelSet
a14dc7c7-405a-4dc1-a73e-75c82e718be3,id-5f24309b-4305-4903-b1d8-7c6b4532067c,RealizationRelationship,EA ModelSet
id-0784efb7-1aca-4a1b-ad0b-b00863b45e82,id-9f7f9de9-0ab5-4f14-b094-a057abb4fc1f,AssociationRelationship,EA ModelSet
id-5386d7af-48f5-4832-9d56-57bafd50120c,id-69fe7220-969b-4ff3-bcd3-771a63484b83,AggregationRelationship,EA ModelSet
id-918471e8-f4a0-4964-96bb-614f91fa8896,id-022e6fe9-f04a-482c-bd3c-2ecc41aa11d1,RealizationRelationship,EA ModelSet
id-69fe7220-969b-4ff3-bcd3-771a63484b83,id-771fda29-523f-4ebc-965e-0b532ce99466,CompositionRelationship,EA ModelSet
id-5f24309b-4305-4903-b1d8-7c6b4532067c,id-0155e5c0-68f8-469e-924b-7a5f98368dce,CompositionRelationship,EA ModelSet
id-11c74f85-080b-4058-921d-06fdd96ded58,a4708793-6a0d-4b1d-8854-3e7ce3b00316,CompositionRelationship,EA ModelSet
id-2c087f87-dd97-44ee-afc8-5ef7a02f8d93,id-918471e8-f4a0-4964-96bb-614f91fa8896,RealizationRelationship,EA ModelSet
id-3682d18b-402e-4de9-ac2a-70bbd2447818,id-0026523e-9c56-4afb-a9cb-73980c7a2538,CompositionRelationship,EA ModelSet
id-43f84834-144a-4611-9ba4-a16fb79f4c61,id-83671ae5-487f-4b3c-a0d6-5befef15bf4f,AssignmentRelationship,EA ModelSet
id-435bc4d1-0111-4093-82ac-96a367bb7cb3,id-1ed3c7cd-f1ee-46b6-8e44-ac01d01b807b,CompositionRelationship,EA ModelSet
id-1001f491-17ee-492a-9318-238046e8caac,id-5def947c-dc29-43f4-b70f-923e3ceb8ca3,FlowRelationship,EA ModelSet
id-9f1d49a3-774a-4275-9a26-8f9425b56348,af5c3baa-7ae1-4b9e-acfa-905a95c20e56,FlowRelationship,EA ModelSet
bad42991-9189-46b8-a570-b4c86cde1c81,id-65558f78-7073-42b2-865e-34113a39b028,CompositionRelationship,EA ModelSet
id-8fb1605e-caa4-4f4a-9197-f19a40b23cf1,id-3b2348e3-a408-4929-a3f6-55ae2f20a874,CompositionRelationship,EA ModelSet
id-9f7f9de9-0ab5-4f14-b094-a057abb4fc1f,id-2c087f87-dd97-44ee-afc8-5ef7a02f8d93,FlowRelationship,EA ModelSet
id-11c74f85-080b-4058-921d-06fdd96ded58,id-847da29d-5581-496f-b6dc-bfd0df931346,CompositionRelationship,EA ModelSet
id-324b490d-8605-4fe9-b222-3c7ec8d60a5a,id-771fda29-523f-4ebc-965e-0b532ce99466,FlowRelationship,EA ModelSet
a0ac0e27-9372-4240-9be3-7316c1c73de2,e54dc4a9-114a-4f75-bcab-8ade6add02f7,AssignmentRelationship,EA ModelSet
c410c352-216d-4434-801a-77d0708332f1,b4c8faf6-cccc-42b6-8a18-e8da964f6cb6,CompositionRelationship,EA ModelSet
id-9f1d49a3-774a-4275-9a26-8f9425b56348,ef1f23fd-4bf1-4cfb-99c2-30fa843887ed,AccessRelationship,EA ModelSet
a14dc7c7-405a-4dc1-a73e-75c82e718be3,e4fbd5a0-7b5c-49e7-8ca6-2d5538fd7dc1,CompositionRelationship,EA ModelSet
id-5386d7af-48f5-4832-9d56-57bafd50120c,id-7435d126-6cec-492a-a7cd-835e0ae8d7d9,RealizationRelationship,EA ModelSet
id-6665f680-e25f-42f4-b6db-f2f398cf1fc5,id-8775ad96-8290-4934-88f6-508661217e46,SpecializationRelationship,EA ModelSet
b104029a-c53e-4a56-9eec-0873b20ddd1a,e4fbd5a0-7b5c-49e7-8ca6-2d5538fd7dc1,TriggeringRelationship,EA ModelSet
id-83671ae5-487f-4b3c-a0d6-5befef15bf4f,f1573ce5-a30d-4992-9231-09e1b25eb006,AccessRelationship,EA ModelSet
b359ebe2-763f-4199-8267-63d467be92b6,f05de45d-2c87-45eb-a0f0-21a6756e8532,CompositionRelationship,EA ModelSet
id-3750938e-bc21-450d-a453-9ad38d31d428,id-86baf115-bfc8-4cb6-868c-650d6186bd66,AccessRelationship,EA ModelSet
id-1ed3c7cd-f1ee-46b6-8e44-ac01d01b807b,e4fbd5a0-7b5c-49e7-8ca6-2d5538fd7dc1,RealizationRelationship,EA ModelSet
id-31c7fae3-85a3-4810-b996-a5809f4afaa4,e57c677f-6a02-4b3b-900a-c4267ac8650a,AggregationRelationship,EA ModelSet
id-31c7fae3-85a3-4810-b996-a5809f4afaa4,b7a54344-3353-4b32-8b37-e64804bc1d43,AggregationRelationship,EA ModelSet
id-2288c999-a19c-4ae8-962f-a8d36bd0abf9,id-8775ad96-8290-4934-88f6-508661217e46,AssociationRelationship,EA ModelSet
b359ebe2-763f-4199-8267-63d467be92b6,c32ac5b0-bc13-4975-917b-554da52fb8f3,CompositionRelationship,EA ModelSet
id-2c12b879-213b-466e-b3f2-a6f178518d6a,id-9908d87b-8bee-4876-a69a-ee16c4ed7e44,CompositionRelationship,EA ModelSet
id-3750938e-bc21-450d-a453-9ad38d31d428,de32d51a-4219-4ce9-a51c-35f35386f65c,AccessRelationship,EA ModelSet
id-11c74f85-080b-4058-921d-06fdd96ded58,id-881c9b47-8215-4391-913b-15150cffaed8,CompositionRelationship,EA ModelSet
id-9ad72fca-30d6-410a-b1a0-ae4616a92fa6,d5009968-ac8e-46ea-ac51-f97588bbc222,FlowRelationship,EA ModelSet
id-6db0492f-d810-45f4-96f4-ad8e10a153aa,id-2288c999-a19c-4ae8-962f-a8d36bd0abf9,SpecializationRelationship,EA ModelSet
d5009968-ac8e-46ea-ac51-f97588bbc222,f1573ce5-a30d-4992-9231-09e1b25eb006,AccessRelationship,EA ModelSet
bad42991-9189-46b8-a570-b4c86cde1c81,id-6ec4b6eb-6d7c-472a-852b-bac1791ffed3,CompositionRelationship,EA ModelSet
id-5f24309b-4305-4903-b1d8-7c6b4532067c,b0614ece-b15a-4ea1-88f6-2d05dc4abba6,CompositionRelationship,EA ModelSet
id-8775ad96-8290-4934-88f6-508661217e46,ade0d24c-8ac4-40f7-8f4c-9e301b9b6971,SpecializationRelationship,EA ModelSet
id-8fb1605e-caa4-4f4a-9197-f19a40b23cf1,id-88ae4e22-a82e-4223-8776-b75b20a8cd62,CompositionRelationship,EA ModelSet
id-317b33f4-547c-452f-9637-18cc80e8231d,id-65558f78-7073-42b2-865e-34113a39b028,ServingRelationship,EA ModelSet
id-8a374227-ca1b-491c-ab29-867bcbf082a2,id-2e92b6a4-593b-4805-a731-3fe6714b87c9,AccessRelationship,EA ModelSet
id-95fc3acc-2dbd-4973-b1e9-1603da68c59f,id-9f7f9de9-0ab5-4f14-b094-a057abb4fc1f,CompositionRelationship,EA ModelSet
id-918471e8-f4a0-4964-96bb-614f91fa8896,id-20c256ff-7759-4e2f-b9f8-b232f5084fe5,CompositionRelationship,EA ModelSet
id-7bf9b753-d4d3-4b02-ae31-dfb2139d9bfc,de32d51a-4219-4ce9-a51c-35f35386f65c,AccessRelationship,EA ModelSet
af5c3baa-7ae1-4b9e-acfa-905a95c20e56,id-31c7fae3-85a3-4810-b996-a5809f4afaa4,AccessRelationship,EA ModelSet
b104029a-c53e-4a56-9eec-0873b20ddd1a,id-9908d87b-8bee-4876-a69a-ee16c4ed7e44,AccessRelationship,EA ModelSet
a3aaa024-0b51-4367-b7af-05ced21c23e9,b359ebe2-763f-4199-8267-63d467be92b6,CompositionRelationship,EA ModelSet
id-324b490d-8605-4fe9-b222-3c7ec8d60a5a,id-8e895580-616d-49fe-a3dd-cfe75103fdcd,AccessRelationship,EA ModelSet
bad42991-9189-46b8-a570-b4c86cde1c81,id-0b1ebea9-e2a3-4da1-bebf-faa04851497f,RealizationRelationship,EA ModelSet
id-820385e5-d5e2-4a52-9016-1762aa5cab17,id-0155e5c0-68f8-469e-924b-7a5f98368dce,FlowRelationship,EA ModelSet
id-0b4449a6-e24e-4435-ae86-b92b61fa75f7,id-6db0492f-d810-45f4-96f4-ad8e10a153aa,CompositionRelationship,EA ModelSet
id-4dff8dfc-873f-422c-add8-11dab215bfd1,c46802d4-0c66-401f-9688-3e36658a527e,AccessRelationship,EA ModelSet
id-6db0492f-d810-45f4-96f4-ad8e10a153aa,id-6665f680-e25f-42f4-b6db-f2f398cf1fc5,AssociationRelationship,EA ModelSet
b71f63fe-ca5f-40ff-89ea-dcc053b7cdca,id-5def947c-dc29-43f4-b70f-923e3ceb8ca3,FlowRelationship,EA ModelSet
id-0558f52b-05f4-4142-8125-70c1e4e73573,id-1d9c5c1e-c182-4c50-b965-11c7d4de6821,AccessRelationship,EA ModelSet
id-63186008-bf76-4354-8ef4-dd3c5ecb4607,id-3750938e-bc21-450d-a453-9ad38d31d428,RealizationRelationship,EA ModelSet
id-3682d18b-402e-4de9-ac2a-70bbd2447818,id-5e1083a9-1577-4f5f-827a-ff96d6b78a4a,CompositionRelationship,EA ModelSet
id-671c532e-5abc-4f4f-8d43-297b92748bd4,id-2c12b879-213b-466e-b3f2-a6f178518d6a,AccessRelationship,EA ModelSet
id-9734cb50-622c-4597-9906-9f84cb2f817f,id-69fe7220-969b-4ff3-bcd3-771a63484b83,FlowRelationship,EA ModelSet
id-95e4eec6-fd9a-478f-969e-4f8e89221a82,id-820385e5-d5e2-4a52-9016-1762aa5cab17,RealizationRelationship,EA ModelSet
id-69fe7220-969b-4ff3-bcd3-771a63484b83,id-07b25b41-aa8b-4560-b90b-ec54a887fcfa,AccessRelationship,EA ModelSet
b104029a-c53e-4a56-9eec-0873b20ddd1a,id-95e4eec6-fd9a-478f-969e-4f8e89221a82,RealizationRelationship,EA ModelSet
id-9f1d49a3-774a-4275-9a26-8f9425b56348,id-093501a6-b219-470f-a152-2948eae7dd90,AccessRelationship,EA ModelSet
id-113f7c82-2b45-43d1-ad55-fc5ae2e61d97,id-1f2f78f1-be37-47a9-a495-bfa832b57e40,AccessRelationship,EA ModelSet
id-4445676d-60d8-4f97-9f9d-60e0b56394ca,id-8775ad96-8290-4934-88f6-508661217e46,CompositionRelationship,EA ModelSet
id-6b8abd25-ede8-4f75-90d9-efd34275d8a1,id-2e047611-8aee-449e-a4e0-4ba1914ce33c,TriggeringRelationship,EA ModelSet
e79909cc-f14d-446f-9a5e-1961adb725a0,id-9218ee3d-b6fc-405e-b6f2-a624c66b69eb,CompositionRelationship,EA ModelSet
id-802ebd4f-9626-468f-839e-6c256b271402,id-86baf115-bfc8-4cb6-868c-650d6186bd66,AccessRelationship,EA ModelSet
_gOI6txKcEeuxZMUIY-ihGw,_gOI6uRKcEeuxZMUIY-ihGw,ServingRelationship,EA ModelSet
_gOI6uRKcEeuxZMUIY-ihGw,_gOI6txKcEeuxZMUIY-ihGw,ServingRelationship,EA ModelSet
_gOI6uxKcEeuxZMUIY-ihGw,_gOI6txKcEeuxZMUIY-ihGw,ServingRelationship,EA ModelSet
_gOI6txKcEeuxZMUIY-ihGw,_gOI6uxKcEeuxZMUIY-ihGw,ServingRelationship,EA ModelSet
_gOI6txKcEeuxZMUIY-ihGw,_gOI6vRKcEeuxZMUIY-ihGw,ServingRelationship,EA ModelSet
_gOI6vRKcEeuxZMUIY-ihGw,_gOI6txKcEeuxZMUIY-ihGw,ServingRelationship,EA ModelSet
_gOI6txKcEeuxZMUIY-ihGw,_gOI6vxKcEeuxZMUIY-ihGw,ServingRelationship,EA ModelSet
_gOI6vxKcEeuxZMUIY-ihGw,_gOI6txKcEeuxZMUIY-ihGw,ServingRelationship,EA ModelSet
_gOI6xxKcEeuxZMUIY-ihGw,_gOI6txKcEeuxZMUIY-ihGw,ServingRelationship,EA ModelSet
_gOI6txKcEeuxZMUIY-ihGw,_gOI6xxKcEeuxZMUIY-ihGw,ServingRelationship,EA ModelSet
_gOI6txKcEeuxZMUIY-ihGw,_gOI6yRKcEeuxZMUIY-ihGw,ServingRelationship,EA ModelSet
_gOI6yRKcEeuxZMUIY-ihGw,_gOI6txKcEeuxZMUIY-ihGw,ServingRelationship,EA ModelSet
_gOI6uRKcEeuxZMUIY-ihGw,_gOI6uxKcEeuxZMUIY-ihGw,ServingRelationship,EA ModelSet
_gOI6uRKcEeuxZMUIY-ihGw,_gOI6vxKcEeuxZMUIY-ihGw,ServingRelationship,EA ModelSet
_gOI6uRKcEeuxZMUIY-ihGw,_gOI6wxKcEeuxZMUIY-ihGw,ServingRelationship,EA ModelSet
_gOI6uRKcEeuxZMUIY-ihGw,_gOI6wRKcEeuxZMUIY-ihGw,ServingRelationship,EA ModelSet
_gOI6xRKcEeuxZMUIY-ihGw,_gOI6txKcEeuxZMUIY-ihGw,ServingRelationship,EA ModelSet
_gOI6wxKcEeuxZMUIY-ihGw,_gOI6txKcEeuxZMUIY-ihGw,ServingRelationship,EA ModelSet
_gOI6wRKcEeuxZMUIY-ihGw,_gOI6txKcEeuxZMUIY-ihGw,ServingRelationship,EA ModelSet
_gOI6uxKcEeuxZMUIY-ihGw,_gOI6vRKcEeuxZMUIY-ihGw,ServingRelationship,EA ModelSet
_gOI6wRKcEeuxZMUIY-ihGw,_gOI6uxKcEeuxZMUIY-ihGw,ServingRelationship,EA ModelSet
_gOI6xxKcEeuxZMUIY-ihGw,_gOI6uxKcEeuxZMUIY-ihGw,ServingRelationship,EA ModelSet
_gOI6xxKcEeuxZMUIY-ihGw,_gOI6vxKcEeuxZMUIY-ihGw,ServingRelationship,EA ModelSet
_gOI6vxKcEeuxZMUIY-ihGw,_gOI6wRKcEeuxZMUIY-ihGw,ServingRelationship,EA ModelSet
_gOI6wRKcEeuxZMUIY-ihGw,_gOI6xRKcEeuxZMUIY-ihGw,ServingRelationship,EA ModelSet
_gOI6xxKcEeuxZMUIY-ihGw,_gOI6wRKcEeuxZMUIY-ihGw,ServingRelationship,EA ModelSet
_gOI6xxKcEeuxZMUIY-ihGw,_gOI6wxKcEeuxZMUIY-ihGw,ServingRelationship,EA ModelSet
f15b8e50-50fd-467c-a955-503c7a0d0a14,id-629a3889-1954-41d7-9d6c-71e2dd61639b,CompositionRelationship,EA ModelSet
f15b8e50-50fd-467c-a955-503c7a0d0a14,id-682fff3e-4e0a-4281-b16d-bb9e2ec4a41f,CompositionRelationship,EA ModelSet
f15b8e50-50fd-467c-a955-503c7a0d0a14,d842e8c9-33cb-4392-b54b-ae07503bba33,CompositionRelationship,EA ModelSet
id-629a3889-1954-41d7-9d6c-71e2dd61639b,id-682fff3e-4e0a-4281-b16d-bb9e2ec4a41f,TriggeringRelationship,EA ModelSet
id-682fff3e-4e0a-4281-b16d-bb9e2ec4a41f,d842e8c9-33cb-4392-b54b-ae07503bba33,TriggeringRelationship,EA ModelSet
f968048c-1236-47e4-aae2-951d196ffacd,f3ec16ae-89e8-47f5-92f1-3b504fd5a319,CompositionRelationship,EA ModelSet
f968048c-1236-47e4-aae2-951d196ffacd,id-12ada4de-0ce7-44b5-b788-f394b0f2bd9b,CompositionRelationship,EA ModelSet
f968048c-1236-47e4-aae2-951d196ffacd,id-6364e078-df07-4c83-b707-f1a3c88619f1,CompositionRelationship,EA ModelSet
f968048c-1236-47e4-aae2-951d196ffacd,id-50d0ec91-94f3-4c3e-8390-8f28ed480706,CompositionRelationship,EA ModelSet
f968048c-1236-47e4-aae2-951d196ffacd,id-01d5bcbb-29bc-4f2b-bf56-cd9f71fb56a7,CompositionRelationship,EA ModelSet
f968048c-1236-47e4-aae2-951d196ffacd,e2b9f267-06d2-4edf-a9eb-be8210343530,CompositionRelationship,EA ModelSet
id-47f5c2f9-48f1-427e-8630-7e6156444398,id-01d5bcbb-29bc-4f2b-bf56-cd9f71fb56a7,RealizationRelationship,EA ModelSet
id-5830284e-9223-43a3-a210-2ab1787c8cd5,id-47f5c2f9-48f1-427e-8630-7e6156444398,ServingRelationship,EA ModelSet
f15b8e50-50fd-467c-a955-503c7a0d0a14,id-12ada4de-0ce7-44b5-b788-f394b0f2bd9b,RealizationRelationship,EA ModelSet
id-02312280-05b8-41a1-84c6-a5a5a671137d,f15b8e50-50fd-467c-a955-503c7a0d0a14,ServingRelationship,EA ModelSet
id-0a7936c5-b423-4fe9-854a-03363b6f1a62,f15b8e50-50fd-467c-a955-503c7a0d0a14,ServingRelationship,EA ModelSet
ba583f38-049f-43b1-b7ad-2ad4c2bafd6b,id-47f5c2f9-48f1-427e-8630-7e6156444398,ServingRelationship,EA ModelSet
id-665c243d-48a6-4a77-a3fe-083a62f334c4,id-6364e078-df07-4c83-b707-f1a3c88619f1,ServingRelationship,EA ModelSet
id-0133223f-380e-4f24-91a3-5c502fac90ea,id-6364e078-df07-4c83-b707-f1a3c88619f1,RealizationRelationship,EA ModelSet
id-665c243d-48a6-4a77-a3fe-083a62f334c4,id-0133223f-380e-4f24-91a3-5c502fac90ea,ServingRelationship,EA ModelSet
id-43c50279-191c-440d-b9e7-432228a07f02,e2b9f267-06d2-4edf-a9eb-be8210343530,RealizationRelationship,EA ModelSet
a7a71fd6-bc1c-44d4-86d5-ad2fbd751c30,id-43c50279-191c-440d-b9e7-432228a07f02,ServingRelationship,EA ModelSet
e884c699-3566-4c41-8b00-a7a9aec5b100,id-199fabc1-1b23-4f4e-a31e-c547f4e0bce4,AssignmentRelationship,EA ModelSet
f968048c-1236-47e4-aae2-951d196ffacd,id-199fabc1-1b23-4f4e-a31e-c547f4e0bce4,ServingRelationship,EA ModelSet
id-6a51413e-6308-4f0e-8fed-e89d4716bd4b,id-02312280-05b8-41a1-84c6-a5a5a671137d,CompositionRelationship,EA ModelSet
id-6a51413e-6308-4f0e-8fed-e89d4716bd4b,id-5830284e-9223-43a3-a210-2ab1787c8cd5,CompositionRelationship,EA ModelSet
id-6a51413e-6308-4f0e-8fed-e89d4716bd4b,ba583f38-049f-43b1-b7ad-2ad4c2bafd6b,CompositionRelationship,EA ModelSet
id-6a51413e-6308-4f0e-8fed-e89d4716bd4b,c1d8c825-1776-4aa7-ac85-56c138aa2593,CompositionRelationship,EA ModelSet
id-6a51413e-6308-4f0e-8fed-e89d4716bd4b,id-665c243d-48a6-4a77-a3fe-083a62f334c4,CompositionRelationship,EA ModelSet
id-14c3c10d-7149-4792-8862-983e8d72e81d,id-199fabc1-1b23-4f4e-a31e-c547f4e0bce4,CompositionRelationship,EA ModelSet
id-14c3c10d-7149-4792-8862-983e8d72e81d,e884c699-3566-4c41-8b00-a7a9aec5b100,CompositionRelationship,EA ModelSet
id-6a51413e-6308-4f0e-8fed-e89d4716bd4b,id-57438900-f8e4-4f09-9b05-1b8ada2659ec,CompositionRelationship,EA ModelSet
id-199fabc1-1b23-4f4e-a31e-c547f4e0bce4,id-57438900-f8e4-4f09-9b05-1b8ada2659ec,AssignmentRelationship,EA ModelSet
c1d8c825-1776-4aa7-ac85-56c138aa2593,id-57438900-f8e4-4f09-9b05-1b8ada2659ec,ServingRelationship,EA ModelSet
id-6a51413e-6308-4f0e-8fed-e89d4716bd4b,f15b8e50-50fd-467c-a955-503c7a0d0a14,CompositionRelationship,EA ModelSet
id-6a51413e-6308-4f0e-8fed-e89d4716bd4b,id-47f5c2f9-48f1-427e-8630-7e6156444398,CompositionRelationship,EA ModelSet
id-6a51413e-6308-4f0e-8fed-e89d4716bd4b,a7a71fd6-bc1c-44d4-86d5-ad2fbd751c30,CompositionRelationship,EA ModelSet
id-47f5c2f9-48f1-427e-8630-7e6156444398,id-3649fe1f-2c42-432a-9d1f-498996de9b92,CompositionRelationship,EA ModelSet
id-47f5c2f9-48f1-427e-8630-7e6156444398,id-3883d33f-dd80-47db-990e-73c667bc7f66,CompositionRelationship,EA ModelSet
id-6a51413e-6308-4f0e-8fed-e89d4716bd4b,id-1fbd4122-4550-4290-9521-b14040923eab,CompositionRelationship,EA ModelSet
id-1fbd4122-4550-4290-9521-b14040923eab,id-3649fe1f-2c42-432a-9d1f-498996de9b92,ServingRelationship,EA ModelSet
id-6a51413e-6308-4f0e-8fed-e89d4716bd4b,id-6364e078-df07-4c83-b707-f1a3c88619f1,CompositionRelationship,EA ModelSet
id-6a51413e-6308-4f0e-8fed-e89d4716bd4b,id-0133223f-380e-4f24-91a3-5c502fac90ea,CompositionRelationship,EA ModelSet
id-3649fe1f-2c42-432a-9d1f-498996de9b92,id-3883d33f-dd80-47db-990e-73c667bc7f66,TriggeringRelationship,EA ModelSet
id-6a51413e-6308-4f0e-8fed-e89d4716bd4b,b9dfb583-036a-433d-a4be-2930ed4a7fef,CompositionRelationship,EA ModelSet
b9dfb583-036a-433d-a4be-2930ed4a7fef,id-3883d33f-dd80-47db-990e-73c667bc7f66,ServingRelationship,EA ModelSet
id-47f5c2f9-48f1-427e-8630-7e6156444398,id-77af741f-6875-43e3-94a2-4c85b4117f62,CompositionRelationship,EA ModelSet
id-3883d33f-dd80-47db-990e-73c667bc7f66,id-77af741f-6875-43e3-94a2-4c85b4117f62,TriggeringRelationship,EA ModelSet
id-6a51413e-6308-4f0e-8fed-e89d4716bd4b,e9a5ecf8-e2f7-4cb3-aca4-24d5ddbdd5d1,CompositionRelationship,EA ModelSet
e9a5ecf8-e2f7-4cb3-aca4-24d5ddbdd5d1,id-77af741f-6875-43e3-94a2-4c85b4117f62,ServingRelationship,EA ModelSet
id-47f5c2f9-48f1-427e-8630-7e6156444398,id-7550e138-28a1-4285-a804-e79911f2ad97,CompositionRelationship,EA ModelSet
id-77af741f-6875-43e3-94a2-4c85b4117f62,id-7550e138-28a1-4285-a804-e79911f2ad97,TriggeringRelationship,EA ModelSet
ba583f38-049f-43b1-b7ad-2ad4c2bafd6b,id-7550e138-28a1-4285-a804-e79911f2ad97,ServingRelationship,EA ModelSet
id-6a51413e-6308-4f0e-8fed-e89d4716bd4b,id-466f6c39-bbc6-43b4-86c9-80b0abf5329b,CompositionRelationship,EA ModelSet
id-466f6c39-bbc6-43b4-86c9-80b0abf5329b,id-7550e138-28a1-4285-a804-e79911f2ad97,ServingRelationship,EA ModelSet
id-0a7936c5-b423-4fe9-854a-03363b6f1a62,id-629a3889-1954-41d7-9d6c-71e2dd61639b,ServingRelationship,EA ModelSet
id-02312280-05b8-41a1-84c6-a5a5a671137d,d842e8c9-33cb-4392-b54b-ae07503bba33,ServingRelationship,EA ModelSet
f15b8e50-50fd-467c-a955-503c7a0d0a14,id-55e439d8-71ba-4a2b-9422-4dfe80da0a9a,CompositionRelationship,EA ModelSet
id-6a51413e-6308-4f0e-8fed-e89d4716bd4b,id-32b4975a-7e07-4ee5-8fe9-b2f1535f5801,CompositionRelationship,EA ModelSet
id-32b4975a-7e07-4ee5-8fe9-b2f1535f5801,id-55e439d8-71ba-4a2b-9422-4dfe80da0a9a,ServingRelationship,EA ModelSet
id-55e439d8-71ba-4a2b-9422-4dfe80da0a9a,id-629a3889-1954-41d7-9d6c-71e2dd61639b,TriggeringRelationship,EA ModelSet
id-6a51413e-6308-4f0e-8fed-e89d4716bd4b,id-50f1ae87-ae21-4726-b07c-3e2b5301da5b,CompositionRelationship,EA ModelSet
id-50f1ae87-ae21-4726-b07c-3e2b5301da5b,id-682fff3e-4e0a-4281-b16d-bb9e2ec4a41f,ServingRelationship,EA ModelSet
f15b8e50-50fd-467c-a955-503c7a0d0a14,f8a7a8ca-adb2-4c29-a349-40cc8f635d8e,CompositionRelationship,EA ModelSet
d842e8c9-33cb-4392-b54b-ae07503bba33,f8a7a8ca-adb2-4c29-a349-40cc8f635d8e,TriggeringRelationship,EA ModelSet
id-6a51413e-6308-4f0e-8fed-e89d4716bd4b,f23ee563-5457-4769-b6c0-05b2c4b5d62a,CompositionRelationship,EA ModelSet
id-6a51413e-6308-4f0e-8fed-e89d4716bd4b,a7794f73-442c-44d1-9ab7-f965c7842c26,CompositionRelationship,EA ModelSet
a7794f73-442c-44d1-9ab7-f965c7842c26,f8a7a8ca-adb2-4c29-a349-40cc8f635d8e,ServingRelationship,EA ModelSet
f23ee563-5457-4769-b6c0-05b2c4b5d62a,f8a7a8ca-adb2-4c29-a349-40cc8f635d8e,ServingRelationship,EA ModelSet
id-6a51413e-6308-4f0e-8fed-e89d4716bd4b,id-43c50279-191c-440d-b9e7-432228a07f02,CompositionRelationship,EA ModelSet
id-6a51413e-6308-4f0e-8fed-e89d4716bd4b,e2b9f267-06d2-4edf-a9eb-be8210343530,CompositionRelationship,EA ModelSet
id-6a51413e-6308-4f0e-8fed-e89d4716bd4b,e2bd0720-93a9-4893-b7a0-41e68face582,CompositionRelationship,EA ModelSet
e2bd0720-93a9-4893-b7a0-41e68face582,f8a7a8ca-adb2-4c29-a349-40cc8f635d8e,ServingRelationship,EA ModelSet
id-93cb36b4,d7e9f3bf,AccessRelationship,EA ModelSet
b628977b,af716ffb,AssignmentRelationship,EA ModelSet
af716ffb,id-8e674f7d,CompositionRelationship,EA ModelSet
af716ffb,id-9066adc4,CompositionRelationship,EA ModelSet
id-868bc3ab,id-1b8e2951,CompositionRelationship,EA ModelSet
b628977b,id-868bc3ab,AssignmentRelationship,EA ModelSet
id-93cb36b4,id-68ac32f3,AccessRelationship,EA ModelSet
e09ec2ed,dab34923,CompositionRelationship,EA ModelSet
id-9226e8be,id-161d9a96,FlowRelationship,EA ModelSet
id-161d9a96,id-2e810b62,FlowRelationship,EA ModelSet
id-161d9a96,db6cd2a8,FlowRelationship,EA ModelSet
e09ec2ed,id-9226e8be,CompositionRelationship,EA ModelSet
id-9226e8be,dab34923,FlowRelationship,EA ModelSet
id-93cb36b4,e09ec2ed,AssignmentRelationship,EA ModelSet
id-93cb36b4,id-2e810b62,AssignmentRelationship,EA ModelSet
id-93cb36b4,db6cd2a8,AssignmentRelationship,EA ModelSet
id-93cb36b4,id-161d9a96,AssignmentRelationship,EA ModelSet
id-1b8e2951,e09ec2ed,FlowRelationship,EA ModelSet
db2a8c0f,e5f13e50,CompositionRelationship,EA ModelSet
id-741833e4,db2a8c0f,AssignmentRelationship,EA ModelSet
id-93cb36b4,ff3a3c5b,AccessRelationship,EA ModelSet
ff3a3c5b,id-741833e4,AssociationRelationship,EA ModelSet
id-93cb36b4,id-0936bb29,AssignmentRelationship,EA ModelSet
id-0936bb29,id-9dcf4928,CompositionRelationship,EA ModelSet
id-9dcf4928,db2a8c0f,FlowRelationship,EA ModelSet
id-a86d1f89-56c7-43a8-bddc-e3b6c296e47b,id-52f52922-d3c2-4a6d-8709-2fa4f0b1274e,AssignmentRelationship,EA ModelSet
id-24a217dd-b074-4b6a-b989-3dcfaec6a858,id-a86d1f89-56c7-43a8-bddc-e3b6c296e47b,AssociationRelationship,EA ModelSet
id-4c2bae97-aa24-4317-baa0-2bb917a4653f,id-4b19c7b3-3c19-47fc-b500-3e39127b0bdd,CompositionRelationship,EA ModelSet
id-42cd4e6a-491d-4ec6-80ee-0b38cdc8b538,id-aa48bbdf-75ac-4c3f-8d08-9c0732e27abb,AssignmentRelationship,EA ModelSet
id-4c2bae97-aa24-4317-baa0-2bb917a4653f,id-aa48bbdf-75ac-4c3f-8d08-9c0732e27abb,RealizationRelationship,EA ModelSet
id-52f52922-d3c2-4a6d-8709-2fa4f0b1274e,id-4b19c7b3-3c19-47fc-b500-3e39127b0bdd,ServingRelationship,EA ModelSet
id-3a09f665-7505-476e-9275-6cf9d1b0c0d2,id-1e851f9c-394f-46e6-a5af-ea62d2c318de,CompositionRelationship,EA ModelSet
id-3a09f665-7505-476e-9275-6cf9d1b0c0d2,id-9e45e267-8b4e-4454-8c80-e62c168b623a,CompositionRelationship,EA ModelSet
id-9e45e267-8b4e-4454-8c80-e62c168b623a,id-1e851f9c-394f-46e6-a5af-ea62d2c318de,ServingRelationship,EA ModelSet
id-2dc2cf73-1f52-4752-8c73-97c31642aabb,id-9e45e267-8b4e-4454-8c80-e62c168b623a,ServingRelationship,EA ModelSet
id-3a09f665-7505-476e-9275-6cf9d1b0c0d2,id-2dc2cf73-1f52-4752-8c73-97c31642aabb,CompositionRelationship,EA ModelSet
id-a86d1f89-56c7-43a8-bddc-e3b6c296e47b,id-2dc2cf73-1f52-4752-8c73-97c31642aabb,AssignmentRelationship,EA ModelSet
id-42cd4e6a-491d-4ec6-80ee-0b38cdc8b538,id-3a09f665-7505-476e-9275-6cf9d1b0c0d2,ServingRelationship,EA ModelSet
id-3a09f665-7505-476e-9275-6cf9d1b0c0d2,id-9f4ba02d-4d04-43f0-aff4-0dfb54cb7ad0,RealizationRelationship,EA ModelSet
id-c0600fab-b703-46a3-a715-3d0ecea64fd3,id-9f4ba02d-4d04-43f0-aff4-0dfb54cb7ad0,AssignmentRelationship,EA ModelSet
id-3a09f665-7505-476e-9275-6cf9d1b0c0d2,id-41bfc271-d3c8-4aae-969c-142af365273f,RealizationRelationship,EA ModelSet
id-369dadf6-5954-446c-b791-7a3a62b66a36,id-41bfc271-d3c8-4aae-969c-142af365273f,AssignmentRelationship,EA ModelSet
id-0aa33a40-f130-4ade-a29c-20ecabf23ca2,id-a1984d7c-ce5c-485d-a930-a82ee0424eaa,AssignmentRelationship,EA ModelSet
id-3a09f665-7505-476e-9275-6cf9d1b0c0d2,id-a1984d7c-ce5c-485d-a930-a82ee0424eaa,RealizationRelationship,EA ModelSet
id-ceedba87-9673-4c3c-bf9f-0335af8050be,id-9f4ba02d-4d04-43f0-aff4-0dfb54cb7ad0,RealizationRelationship,EA ModelSet
id-268d771a-3fd5-4439-9cd9-666119ee36fa,id-9f4ba02d-4d04-43f0-aff4-0dfb54cb7ad0,RealizationRelationship,EA ModelSet
id-a8d700e0-570d-469c-9b89-d4dd87f61140,id-f4b548de-37d8-4728-9e9f-40ce10a4e42e,CompositionRelationship,EA ModelSet
id-eb1b8812-5e26-40b6-9eb6-2385cee2b2a6,id-b9fd4fb1-afe1-4435-bcf8-282b27ab2562,AssignmentRelationship,EA ModelSet
id-a8d700e0-570d-469c-9b89-d4dd87f61140,id-b9fd4fb1-afe1-4435-bcf8-282b27ab2562,RealizationRelationship,EA ModelSet
id-70f76068-2cbf-4c4e-9f01-8e0dbb618871,id-b9fd4fb1-afe1-4435-bcf8-282b27ab2562,AssignmentRelationship,EA ModelSet
id-70f76068-2cbf-4c4e-9f01-8e0dbb618871,id-3a09f665-7505-476e-9275-6cf9d1b0c0d2,ServingRelationship,EA ModelSet
id-eb1b8812-5e26-40b6-9eb6-2385cee2b2a6,id-3a09f665-7505-476e-9275-6cf9d1b0c0d2,ServingRelationship,EA ModelSet
id-c0600fab-b703-46a3-a715-3d0ecea64fd3,id-261b66a6-374c-448d-9113-3ef4e2bdb6de,ServingRelationship,EA ModelSet
id-369dadf6-5954-446c-b791-7a3a62b66a36,id-261b66a6-374c-448d-9113-3ef4e2bdb6de,ServingRelationship,EA ModelSet
id-0aa33a40-f130-4ade-a29c-20ecabf23ca2,id-261b66a6-374c-448d-9113-3ef4e2bdb6de,ServingRelationship,EA ModelSet
id-261b66a6-374c-448d-9113-3ef4e2bdb6de,id-9c1d444b-0200-4ef1-b9b2-a0422f664f2c,AssignmentRelationship,EA ModelSet
id-261b66a6-374c-448d-9113-3ef4e2bdb6de,id-a3f9baa0-ab4e-482b-9409-3a1b79d15736,AssignmentRelationship,EA ModelSet
id-261b66a6-374c-448d-9113-3ef4e2bdb6de,id-22fee602-eb87-481f-9060-b926cef288b4,AssignmentRelationship,EA ModelSet
id-52f52922-d3c2-4a6d-8709-2fa4f0b1274e,id-f4b548de-37d8-4728-9e9f-40ce10a4e42e,ServingRelationship,EA ModelSet
id-5dc65aea-e636-4e8c-a417-5ad99e55713c,id-d0bdff98-63f4-48ae-ad3b-80510da584af,CompositionRelationship,EA ModelSet
id-52f52922-d3c2-4a6d-8709-2fa4f0b1274e,id-d0bdff98-63f4-48ae-ad3b-80510da584af,ServingRelationship,EA ModelSet
id-70f76068-2cbf-4c4e-9f01-8e0dbb618871,id-5dc65aea-e636-4e8c-a417-5ad99e55713c,ServingRelationship,EA ModelSet
id-5dc65aea-e636-4e8c-a417-5ad99e55713c,id-f4ce9f77-afe1-4701-a401-39619a678ccb,AssignmentRelationship,EA ModelSet
id-ed9553ee-14dc-4f61-88f7-c2fb78ae12e5,id-38c86958-9f59-4293-9922-3752a62faa54,RealizationRelationship,EA ModelSet
id-5dc65aea-e636-4e8c-a417-5ad99e55713c,id-38c86958-9f59-4293-9922-3752a62faa54,RealizationRelationship,EA ModelSet
id-90516339-c9f9-4eb0-af4a-8c81dcc91c2a,id-38c86958-9f59-4293-9922-3752a62faa54,AssignmentRelationship,EA ModelSet
id-90516339-c9f9-4eb0-af4a-8c81dcc91c2a,id-587e2de1-238c-4488-96bb-879f06d7f458,ServingRelationship,EA ModelSet
id-587e2de1-238c-4488-96bb-879f06d7f458,id-c89f85f9-4864-40fd-b6c1-aff4c65628e0,ServingRelationship,EA ModelSet
id-587e2de1-238c-4488-96bb-879f06d7f458,id-8188af7c-46cd-45d7-90fe-38e6034cbc51,ServingRelationship,EA ModelSet
id-587e2de1-238c-4488-96bb-879f06d7f458,id-28b67026-d98e-4e50-82f8-894ee4357466,ServingRelationship,EA ModelSet
id-84acb4a4,id-73af879c,AssociationRelationship,EA ModelSet
efd5059d,id-84acb4a4,RealizationRelationship,EA ModelSet
ca81f780,efd5059d,RealizationRelationship,EA ModelSet
ea0e8bad,id-84acb4a4,AccessRelationship,EA ModelSet
ea0e8bad,d7adedb9,RealizationRelationship,EA ModelSet
id-50e68c70,ea0e8bad,TriggeringRelationship,EA ModelSet
d7adedb9,id-96ede6ac,AssociationRelationship,EA ModelSet
ac04ff49,d7adedb9,AssignmentRelationship,EA ModelSet
id-99f862af,ac04ff49,AssociationRelationship,EA ModelSet
id-99f862af,ea0e8bad,AssignmentRelationship,EA ModelSet
e4afc5e6,id-99f862af,AssignmentRelationship,EA ModelSet
id-7c5a6f6f,ea0e8bad,ServingRelationship,EA ModelSet
id-1b80e28b,id-99f862af,ServingRelationship,EA ModelSet
id-1b80e28b,id-7c5a6f6f,AssignmentRelationship,EA ModelSet
c64411e3,id-7c5a6f6f,RealizationRelationship,EA ModelSet
id-5a85ac42,id-1b80e28b,AssociationRelationship,EA ModelSet
id-5a85ac42,c64411e3,AssignmentRelationship,EA ModelSet
c64411e3,efd5059d,AccessRelationship,EA ModelSet
dfbde591,c64411e3,ServingRelationship,EA ModelSet
b27449c6,dfbde591,RealizationRelationship,EA ModelSet
b27449c6,ca81f780,AssignmentRelationship,EA ModelSet
id-277b4c20,b27449c6,AssignmentRelationship,EA ModelSet
id-277b4c20,ffd20d33,AssociationRelationship,EA ModelSet
id-277b4c20,ee4917e0,AssociationRelationship,EA ModelSet
ee4917e0,id-5a85ac42,ServingRelationship,EA ModelSet
ee4917e0,dfbde591,AssignmentRelationship,EA ModelSet
aec77a30,id-06871acf,ServingRelationship,EA ModelSet
id-7b23db29,id-06871acf,CompositionRelationship,EA ModelSet
aec77a30,id-94977c0c,CompositionRelationship,EA ModelSet
id-9c583fc9,id-59df0a7b,AssociationRelationship,EA ModelSet
id-66b7c2b8,f9b33798,CompositionRelationship,EA ModelSet
id-44356c0a,id-94977c0c,ServingRelationship,EA ModelSet
id-85055ddd,id-2d23d800,SpecializationRelationship,EA ModelSet
id-2d23d800,aec77a30,AssignmentRelationship,EA ModelSet
id-2d23d800,id-9c583fc9,CompositionRelationship,EA ModelSet
id-85055ddd,id-7b23db29,AssignmentRelationship,EA ModelSet
id-2d23d800,id-9c583fc9,RealizationRelationship,EA ModelSet
id-9c583fc9,id-44356c0a,AssociationRelationship,EA ModelSet
a530f9df,id-2d23d800,SpecializationRelationship,EA ModelSet
id-7b23db29,id-60a53650,CompositionRelationship,EA ModelSet
id-2d23d800,id-66b7c2b8,AssignmentRelationship,EA ModelSet
id-7b23db29,id-92411f98,AssignmentRelationship,EA ModelSet
id-92411f98,id-06871acf,TriggeringRelationship,EA ModelSet
id-92411f98,id-60a53650,TriggeringRelationship,EA ModelSet
aec77a30,id-60a53650,ServingRelationship,EA ModelSet
id-5ea4b605,d5010bf6,CompositionRelationship,EA ModelSet
a530f9df,id-5ea4b605,AssignmentRelationship,EA ModelSet
id-2d23d800,id-78b1a7f3,AccessRelationship,EA ModelSet
id-9c583fc9,f14949dc,AccessRelationship,EA ModelSet
id-44356c0a,id-7b23db29,FlowRelationship,EA ModelSet
id-60a53650,aec77a30,FlowRelationship,EA ModelSet
id-34196ee9,id-6dd3fe66,CompositionRelationship,EA ModelSet
id-85055ddd,id-34196ee9,AssignmentRelationship,EA ModelSet
id-85055ddd,id-3aa1c27f,AccessRelationship,EA ModelSet
a530f9df,id-70e34a08,AccessRelationship,EA ModelSet
id-44356c0a,aec77a30,FlowRelationship,EA ModelSet
id-94977c0c,id-7b23db29,FlowRelationship,EA ModelSet
id-60a53650,id-34196ee9,FlowRelationship,EA ModelSet
id-6dd3fe66,id-5ea4b605,FlowRelationship,EA ModelSet
_L-SAAHGCEDuFiMLZ-_sZ1A,_L-09IHGDEDuFiMLZ-_sZ1A,ServingRelationship,EA ModelSet
_L-09IHGDEDuFiMLZ-_sZ1A,_W0xzAHGDEDuFiMLZ-_sZ1A,TriggeringRelationship,EA ModelSet
_L-09IHGDEDuFiMLZ-_sZ1A,_qvIBkHGDEDuFiMLZ-_sZ1A,ServingRelationship,EA ModelSet
_qvIBkHGDEDuFiMLZ-_sZ1A,_wM__gHGDEDuFiMLZ-_sZ1A,ServingRelationship,EA ModelSet
_1btUcG_gEDuice2txaSuAQ,_AZepkG_hEDuice2txaSuAQ,InfluenceRelationship,EA ModelSet
_inlkoHGBEDuLyvvA-VwluQ,_AZepkG_hEDuice2txaSuAQ,InfluenceRelationship,EA ModelSet
_wM__gHGDEDuFiMLZ-_sZ1A,_1YwdQHGEEDuFiMLZ-_sZ1A,ServingRelationship,EA ModelSet
_1YwdQHGEEDuFiMLZ-_sZ1A,_tRVqMHGEEDuFiMLZ-_sZ1A,TriggeringRelationship,EA ModelSet
_AcAvUHGFEDuFiMLZ-_sZ1A,_L-SAAHGCEDuFiMLZ-_sZ1A,FlowRelationship,EA ModelSet
_AcAvUHGFEDuFiMLZ-_sZ1A,_L-SAAHGCEDuFiMLZ-_sZ1A,FlowRelationship,EA ModelSet
_AZepkG_hEDuice2txaSuAQ,_W0xzAHGDEDuFiMLZ-_sZ1A,AssociationRelationship,EA ModelSet
_KVYywHGGEDuFiMLZ-_sZ1A,_L-09IHGDEDuFiMLZ-_sZ1A,ServingRelationship,EA ModelSet
_KVYywHGGEDuFiMLZ-_sZ1A,_wM__gHGDEDuFiMLZ-_sZ1A,ServingRelationship,EA ModelSet
_Vhb0cHGGEDuFiMLZ-_sZ1A,_KVYywHGGEDuFiMLZ-_sZ1A,AssociationRelationship,EA ModelSet
_gdCmYHGGEDuFiMLZ-_sZ1A,_Vhb0cHGGEDuFiMLZ-_sZ1A,AssociationRelationship,EA ModelSet
_gdCmYHGGEDuFiMLZ-_sZ1A,_KVYywHGGEDuFiMLZ-_sZ1A,FlowRelationship,EA ModelSet
_Vhb0cHGGEDuFiMLZ-_sZ1A,_KVYywHGGEDuFiMLZ-_sZ1A,FlowRelationship,EA ModelSet
_i4D3UHGGEDuFiMLZ-_sZ1A,_KVYywHGGEDuFiMLZ-_sZ1A,FlowRelationship,EA ModelSet
_wM__gHGDEDuFiMLZ-_sZ1A,_1YwdQHGEEDuFiMLZ-_sZ1A,AssociationRelationship,EA ModelSet
_W0xzAHGDEDuFiMLZ-_sZ1A,_lADAwHVmEDuWxutSfNOD_w,InfluenceRelationship,EA ModelSet
id-e174762e1cf14f6c98e5d0c68efc6eb1,id-19ee1c4c1e064a3fa0748476d8482983,AssociationRelationship,EA ModelSet
id-19ee1c4c1e064a3fa0748476d8482983,id-645b88e70ab345a4b58f437a34c504a1,AssociationRelationship,EA ModelSet
id-7266feb8e09640a3811497cf9029fd69,id-645b88e70ab345a4b58f437a34c504a1,AssociationRelationship,EA ModelSet
id-0cac0c6cff8049449f89eb0911a1a179,id-071fe9643e2344d192da30eb37ba0c17,AssociationRelationship,EA ModelSet
id-17ae23afc95342e9a0a94bfcd258bc94,id-ce7765abb42f40d39143dcbfb2ffc02e,AssociationRelationship,EA ModelSet
id-e654f4276d784c7691589e33b5832518,id-17ae23afc95342e9a0a94bfcd258bc94,AssociationRelationship,EA ModelSet
id-e174762e1cf14f6c98e5d0c68efc6eb1,id-17ae23afc95342e9a0a94bfcd258bc94,AssociationRelationship,EA ModelSet
id-19ee1c4c1e064a3fa0748476d8482983,id-047ff0aa811f4ef18e6009a4ebd85b53,AssociationRelationship,EA ModelSet
id-ce7765abb42f40d39143dcbfb2ffc02e,id-645b88e70ab345a4b58f437a34c504a1,AssociationRelationship,EA ModelSet
id-021131b742114e3e8f5c258c71fbbc01,id-071fe9643e2344d192da30eb37ba0c17,AssociationRelationship,EA ModelSet
id-047ff0aa811f4ef18e6009a4ebd85b53,id-021131b742114e3e8f5c258c71fbbc01,AssociationRelationship,EA ModelSet
id-19ee1c4c1e064a3fa0748476d8482983,id-9ac988b7384a4203914bd0237ff9b72a,AssociationRelationship,EA ModelSet
id-e174762e1cf14f6c98e5d0c68efc6eb1,id-7266feb8e09640a3811497cf9029fd69,AssociationRelationship,EA ModelSet
id-e174762e1cf14f6c98e5d0c68efc6eb1,id-e654f4276d784c7691589e33b5832518,AssociationRelationship,EA ModelSet
id-0cac0c6cff8049449f89eb0911a1a179,id-021131b742114e3e8f5c258c71fbbc01,AssociationRelationship,EA ModelSet
id-7266feb8e09640a3811497cf9029fd69,id-e654f4276d784c7691589e33b5832518,AssociationRelationship,EA ModelSet
id-e174762e1cf14f6c98e5d0c68efc6eb1,id-047ff0aa811f4ef18e6009a4ebd85b53,AssociationRelationship,EA ModelSet
id-e174762e1cf14f6c98e5d0c68efc6eb1,id-021131b742114e3e8f5c258c71fbbc01,AssociationRelationship,EA ModelSet
id-9ac988b7384a4203914bd0237ff9b72a,id-1d48105957e5439c9ed2a831b26bc1c2,CompositionRelationship,EA ModelSet
id-46b3f7bfe588417f8efa033f5fec68ee,id-0cac0c6cff8049449f89eb0911a1a179,AssociationRelationship,EA ModelSet
id-6e879cb0cf064dbdb129f57d216648d0,id-19ee1c4c1e064a3fa0748476d8482983,AssociationRelationship,EA ModelSet
id-75dfe61962f1427297f8d86360943754,id-6e879cb0cf064dbdb129f57d216648d0,AssociationRelationship,EA ModelSet
id-235eb0a659804f1e867d88ed1f814885,id-071fe9643e2344d192da30eb37ba0c17,AssociationRelationship,EA ModelSet
id-9ac988b7384a4203914bd0237ff9b72a,id-be12ec9333084118a19a83962f753be4,CompositionRelationship,EA ModelSet
id-071fe9643e2344d192da30eb37ba0c17,id-be12ec9333084118a19a83962f753be4,AssociationRelationship,EA ModelSet
id-be12ec9333084118a19a83962f753be4,id-235eb0a659804f1e867d88ed1f814885,AssociationRelationship,EA ModelSet
id-9ac988b7384a4203914bd0237ff9b72a,id-fcc3ec1713e64446ab9eb969f7e407fc,CompositionRelationship,EA ModelSet
id-9ac988b7384a4203914bd0237ff9b72a,id-c0517cb367d44208979b16d185604b7d,CompositionRelationship,EA ModelSet
id-9ac988b7384a4203914bd0237ff9b72a,id-22b563c390e74cda9a1b2fb150c64c5f,CompositionRelationship,EA ModelSet
id-9ac988b7384a4203914bd0237ff9b72a,id-46ea6b50dbd649449b7292f24276e680,CompositionRelationship,EA ModelSet
id-fcc3ec1713e64446ab9eb969f7e407fc,id-1dba092a64cb4ff6be4ee62e6bef22cd,AssociationRelationship,EA ModelSet
id-c0517cb367d44208979b16d185604b7d,id-1dba092a64cb4ff6be4ee62e6bef22cd,AssociationRelationship,EA ModelSet
id-22b563c390e74cda9a1b2fb150c64c5f,id-1dba092a64cb4ff6be4ee62e6bef22cd,AssociationRelationship,EA ModelSet
id-46ea6b50dbd649449b7292f24276e680,id-1dba092a64cb4ff6be4ee62e6bef22cd,AssociationRelationship,EA ModelSet
id-9ac988b7384a4203914bd0237ff9b72a,id-fbf6a53f31b946d8a02dffac230e0dc3,CompositionRelationship,EA ModelSet
id-c0517cb367d44208979b16d185604b7d,id-235eb0a659804f1e867d88ed1f814885,AssociationRelationship,EA ModelSet
id-22b563c390e74cda9a1b2fb150c64c5f,id-235eb0a659804f1e867d88ed1f814885,AssociationRelationship,EA ModelSet
id-46ea6b50dbd649449b7292f24276e680,id-235eb0a659804f1e867d88ed1f814885,AssociationRelationship,EA ModelSet
id-ff30495c3eba4089a0380ba740fcd956,id-fbf6a53f31b946d8a02dffac230e0dc3,AssociationRelationship,EA ModelSet
id-c0517cb367d44208979b16d185604b7d,id-22eefdc5f71e42aa96aa77c4b7386726,AssociationRelationship,EA ModelSet
id-22b563c390e74cda9a1b2fb150c64c5f,id-22eefdc5f71e42aa96aa77c4b7386726,AssociationRelationship,EA ModelSet
id-46ea6b50dbd649449b7292f24276e680,id-22eefdc5f71e42aa96aa77c4b7386726,AssociationRelationship,EA ModelSet
id-22eefdc5f71e42aa96aa77c4b7386726,id-fbf6a53f31b946d8a02dffac230e0dc3,AssociationRelationship,EA ModelSet
id-6e0e78425f494d59a7db731741919ed7,id-e44908c9b7ba4d5cbfbcc31207a75a52,RealizationRelationship,EA ModelSet
id-f3b910b4ca6941d1994a8c08abc3fa70,id-d926e1a9219a49d994c5607ff2d8697f,RealizationRelationship,EA ModelSet
id-4f0d7ef819414479ba460e16d022f537,id-576c026e5fcc44238002fb8ccf346ba1,RealizationRelationship,EA ModelSet
id-d926e1a9219a49d994c5607ff2d8697f,id-bbf46be3a1594fe5becdbf500bd15aaf,CompositionRelationship,EA ModelSet
id-d926e1a9219a49d994c5607ff2d8697f,id-4f0d7ef819414479ba460e16d022f537,CompositionRelationship,EA ModelSet
id-d926e1a9219a49d994c5607ff2d8697f,id-6e0e78425f494d59a7db731741919ed7,CompositionRelationship,EA ModelSet
id-f3b910b4ca6941d1994a8c08abc3fa70,id-995364cf31f54a278a1418e250036044,AssignmentRelationship,EA ModelSet
id-f3b910b4ca6941d1994a8c08abc3fa70,id-4152e0c00d344e03af302a4c75a5d4d3,AssignmentRelationship,EA ModelSet
id-19ee1c4c1e064a3fa0748476d8482983,id-1d48105957e5439c9ed2a831b26bc1c2,AssociationRelationship,EA ModelSet
id-1d48105957e5439c9ed2a831b26bc1c2,id-047ff0aa811f4ef18e6009a4ebd85b53,AssociationRelationship,EA ModelSet
id-4152e0c00d344e03af302a4c75a5d4d3,id-576c026e5fcc44238002fb8ccf346ba1,AssociationRelationship,EA ModelSet
id-e654f4276d784c7691589e33b5832518,id-0070d4a9d64943ad8530758ddb04fbe2,TriggeringRelationship,EA ModelSet
id-17ae23afc95342e9a0a94bfcd258bc94,id-0070d4a9d64943ad8530758ddb04fbe2,TriggeringRelationship,EA ModelSet
id-ce7765abb42f40d39143dcbfb2ffc02e,id-0070d4a9d64943ad8530758ddb04fbe2,TriggeringRelationship,EA ModelSet
id-7266feb8e09640a3811497cf9029fd69,id-0070d4a9d64943ad8530758ddb04fbe2,TriggeringRelationship,EA ModelSet
id-19ee1c4c1e064a3fa0748476d8482983,id-116a75efd61d421096dc670255824650,TriggeringRelationship,EA ModelSet
id-995364cf31f54a278a1418e250036044,id-3a535a30d19d48279ecb2976a708db6c,CompositionRelationship,EA ModelSet
id-995364cf31f54a278a1418e250036044,id-ab2966dfdacd43028e59f3d705dfae6c,CompositionRelationship,EA ModelSet
id-1d48105957e5439c9ed2a831b26bc1c2,id-116a75efd61d421096dc670255824650,TriggeringRelationship,EA ModelSet
id-021131b742114e3e8f5c258c71fbbc01,id-c5dc8ec2f6cb4186af1c81d5cfd9c338,TriggeringRelationship,EA ModelSet
id-071fe9643e2344d192da30eb37ba0c17,id-c5dc8ec2f6cb4186af1c81d5cfd9c338,TriggeringRelationship,EA ModelSet
id-be12ec9333084118a19a83962f753be4,id-fcc3ec1713e64446ab9eb969f7e407fc,AssociationRelationship,EA ModelSet
id-b9aadb30c507416b934279035fdd140c,id-65011064d39245629cfd7e7eff2f5a85,TriggeringRelationship,EA ModelSet
id-4152e0c00d344e03af302a4c75a5d4d3,id-576c026e5fcc44238002fb8ccf346ba1,RealizationRelationship,EA ModelSet
id-995364cf31f54a278a1418e250036044,id-e44908c9b7ba4d5cbfbcc31207a75a52,RealizationRelationship,EA ModelSet
id-d926e1a9219a49d994c5607ff2d8697f,id-e0ebf50da1a84c84a3c50131e7d76197,RealizationRelationship,EA ModelSet
id-576c026e5fcc44238002fb8ccf346ba1,id-c5dc8ec2f6cb4186af1c81d5cfd9c338,TriggeringRelationship,EA ModelSet
id-bbf46be3a1594fe5becdbf500bd15aaf,id-b9aadb30c507416b934279035fdd140c,RealizationRelationship,EA ModelSet
id-e44908c9b7ba4d5cbfbcc31207a75a52,id-116a75efd61d421096dc670255824650,TriggeringRelationship,EA ModelSet
id-e0ebf50da1a84c84a3c50131e7d76197,id-0070d4a9d64943ad8530758ddb04fbe2,TriggeringRelationship,EA ModelSet
id-e654f4276d784c7691589e33b5832518,id-65011064d39245629cfd7e7eff2f5a85,TriggeringRelationship,EA ModelSet
id-a2668a8a1d1249b487728af1df544239,id-e654f4276d784c7691589e33b5832518,AssociationRelationship,EA ModelSet
id-fbf6a53f31b946d8a02dffac230e0dc3,id-4dbecdc021ff49b182553664471f337f,AssociationRelationship,EA ModelSet
id-248d3646-f2d4-498d-8a15-973c133b95f0,ae3dfa9a-b694-41f4-b83e-6e9e098b0325,CompositionRelationship,EA ModelSet
id-248d3646-f2d4-498d-8a15-973c133b95f0,bcb8759d-5525-49fe-8189-261845b34827,CompositionRelationship,EA ModelSet
id-248d3646-f2d4-498d-8a15-973c133b95f0,b002249a-d74b-4644-aae9-c9a42d712ace,CompositionRelationship,EA ModelSet
ae3dfa9a-b694-41f4-b83e-6e9e098b0325,id-1e2b62d5-4d15-4f31-bff5-27825ae010e6,TriggeringRelationship,EA ModelSet
id-1e2b62d5-4d15-4f31-bff5-27825ae010e6,bcb8759d-5525-49fe-8189-261845b34827,TriggeringRelationship,EA ModelSet
id-1e2b62d5-4d15-4f31-bff5-27825ae010e6,b002249a-d74b-4644-aae9-c9a42d712ace,TriggeringRelationship,EA ModelSet
id-0964ed7d-5ceb-4828-b533-1f7fe9d8cce0,bcb8759d-5525-49fe-8189-261845b34827,AssociationRelationship,EA ModelSet
c51e14cb-ae81-4328-90b8-a612755fa792,b002249a-d74b-4644-aae9-c9a42d712ace,AssociationRelationship,EA ModelSet
id-248d3646-f2d4-498d-8a15-973c133b95f0,a11ddf84-4a65-4ac3-bb32-48fbc9b1fd54,AssociationRelationship,EA ModelSet
id-7259dce3-013e-41f6-87bf-cb004c7d2668,id-248d3646-f2d4-498d-8a15-973c133b95f0,AssociationRelationship,EA ModelSet
id-248d3646-f2d4-498d-8a15-973c133b95f0,id-7259dce3-013e-41f6-87bf-cb004c7d2668,InfluenceRelationship,EA ModelSet
id-248d3646-f2d4-498d-8a15-973c133b95f0,id-8d42ba43-9fab-4887-bfd8-97c67996258e,InfluenceRelationship,EA ModelSet
d9d9d2e1-27e9-4f7d-9ef9-85221fd47439,b002249a-d74b-4644-aae9-c9a42d712ace,AssociationRelationship,EA ModelSet
id-248d3646-f2d4-498d-8a15-973c133b95f0,id-5213e237-9220-4fae-86b8-efc21c209c05,RealizationRelationship,EA ModelSet
id-70441db5-0436-42b9-9c10-39f1dd0310a4,id-544cafff-741a-4a8a-aa9e-b783a14a6f9c,RealizationRelationship,EA ModelSet
eb063b52-6882-452e-8faf-4bfa91aa278f,id-1ba340ed-662f-4908-906a-02b73e7d3458,RealizationRelationship,EA ModelSet
id-1ba340ed-662f-4908-906a-02b73e7d3458,id-0f757b06-f8e3-4dda-acc2-2f5aa6a39c65,AccessRelationship,EA ModelSet
id-6e6eac90-a4ac-4aa7-9fdb-373c409f44fe,id-6ca08836-ac55-47f2-82d6-ff5485b2ed82,AssignmentRelationship,EA ModelSet
id-36bd0535-24eb-4b49-9336-c60645338b1e,d9e0a493-22f4-4af0-9a22-02a306af3217,ServingRelationship,EA ModelSet
id-18eb2171-7085-4c23-9154-2e2a44d5bc6c,d3c76a5b-6eed-44b5-be87-16ed3541df68,AssignmentRelationship,EA ModelSet
id-08976727-c437-4493-9a14-1b83e44d5c21,id-43afbf7c-423e-4951-8f1e-0d90025eb060,AssignmentRelationship,EA ModelSet
eb063b52-6882-452e-8faf-4bfa91aa278f,d9e0a493-22f4-4af0-9a22-02a306af3217,ServingRelationship,EA ModelSet
id-18eb2171-7085-4c23-9154-2e2a44d5bc6c,c9254518-86b2-459c-898f-cc542dcc9e47,RealizationRelationship,EA ModelSet
id-6e6eac90-a4ac-4aa7-9fdb-373c409f44fe,id-3f7dfb5e-4af7-402d-bc98-d991338223b3,AssignmentRelationship,EA ModelSet
id-3f7dfb5e-4af7-402d-bc98-d991338223b3,a9933926-cca1-4a50-827d-8ec646acfdab,AccessRelationship,EA ModelSet
id-3f7dfb5e-4af7-402d-bc98-d991338223b3,c9254518-86b2-459c-898f-cc542dcc9e47,ServingRelationship,EA ModelSet
id-6ca08836-ac55-47f2-82d6-ff5485b2ed82,id-43afbf7c-423e-4951-8f1e-0d90025eb060,TriggeringRelationship,EA ModelSet
id-1be100b3-73d7-401a-8cf6-2cc18cd52067,id-3f7dfb5e-4af7-402d-bc98-d991338223b3,RealizationRelationship,EA ModelSet
bbd75f0f-43cf-49d8-99ae-ed0c6c4d11a0,id-6ca08836-ac55-47f2-82d6-ff5485b2ed82,TriggeringRelationship,EA ModelSet
d9e0a493-22f4-4af0-9a22-02a306af3217,id-69f14ce3-22ab-444b-9c1e-89d80caf10c5,ServingRelationship,EA ModelSet
id-532f8b72-0f40-4fea-9e4a-00dc91572ba8,id-43afbf7c-423e-4951-8f1e-0d90025eb060,ServingRelationship,EA ModelSet
id-3f7dfb5e-4af7-402d-bc98-d991338223b3,bbd75f0f-43cf-49d8-99ae-ed0c6c4d11a0,TriggeringRelationship,EA ModelSet
id-6e6eac90-a4ac-4aa7-9fdb-373c409f44fe,bbd75f0f-43cf-49d8-99ae-ed0c6c4d11a0,AssignmentRelationship,EA ModelSet
id-5a48ce8e-d0fe-4e02-9bdb-2969da063200,id-05df36e0-1dde-4f07-85d4-de4b0c9e7586,TriggeringRelationship,EA ModelSet
eb063b52-6882-452e-8faf-4bfa91aa278f,id-18eb2171-7085-4c23-9154-2e2a44d5bc6c,ServingRelationship,EA ModelSet
id-18df25ec-9db9-4aa7-9ef5-7948c3f37112,d9e0a493-22f4-4af0-9a22-02a306af3217,RealizationRelationship,EA ModelSet
id-05df36e0-1dde-4f07-85d4-de4b0c9e7586,id-3f7dfb5e-4af7-402d-bc98-d991338223b3,TriggeringRelationship,EA ModelSet
id-18eb2171-7085-4c23-9154-2e2a44d5bc6c,id-2b3e7be2-002a-4922-a53c-3e3fa64429be,RealizationRelationship,EA ModelSet
id-3f7dfb5e-4af7-402d-bc98-d991338223b3,id-2b3e7be2-002a-4922-a53c-3e3fa64429be,ServingRelationship,EA ModelSet
eb063b52-6882-452e-8faf-4bfa91aa278f,id-1be100b3-73d7-401a-8cf6-2cc18cd52067,RealizationRelationship,EA ModelSet
id-5a48ce8e-d0fe-4e02-9bdb-2969da063200,id-1ba340ed-662f-4908-906a-02b73e7d3458,TriggeringRelationship,EA ModelSet
id-37d64852-3ed1-466e-99d7-22a64c36516d,id-77c76f36-6b0c-4ab4-8a8b-aa2ad81db69f,RealizationRelationship,EA ModelSet
id-37d64852-3ed1-466e-99d7-22a64c36516d,ccfa9686-07c6-44e8-9b62-1379bca80c97,ServingRelationship,EA ModelSet
id-823b1d78-3424-4ab7-b677-b4d9e4d4af5a,id-867688b0-b7c1-4807-b3ed-5cb0346ad19c,RealizationRelationship,EA ModelSet
fa69bf84-a264-4d38-bf96-04a0dfd34644,id-9b8bad05-1f66-48db-95a5-958ae088d96e,RealizationRelationship,EA ModelSet
id-50c0a317-98f8-4b7c-b17b-d87d24b5bd05,id-413dbfe2-de05-4fad-a107-695ca78a772e,RealizationRelationship,EA ModelSet
d77816d8-013f-4322-a77d-16be3adafec2,aa2d0e70-5d0f-4e43-bf80-574cefaa5382,TriggeringRelationship,EA ModelSet
id-7d89ffac-03ae-47e8-a698-78d80587c2c0,id-3384f350-ffa7-4798-bff4-410b66ca1044,TriggeringRelationship,EA ModelSet
id-74a4e919-e25d-4b3e-8373-40ab98bc5732,id-067bae77-838b-423f-a788-e078197fa633,TriggeringRelationship,EA ModelSet
aa2d0e70-5d0f-4e43-bf80-574cefaa5382,d8d6062f-a5a2-4c59-a0b7-85af380adba5,TriggeringRelationship,EA ModelSet
id-3384f350-ffa7-4798-bff4-410b66ca1044,b7a14070-8fab-4343-ab67-46cb9f0ad9d8,TriggeringRelationship,EA ModelSet
id-067bae77-838b-423f-a788-e078197fa633,c185778b-fff7-4f73-8627-c9d736787bc5,TriggeringRelationship,EA ModelSet
id-823b1d78-3424-4ab7-b677-b4d9e4d4af5a,id-9011ba31-a2e7-4d6c-9eed-2f2a11eb05a3,ServingRelationship,EA ModelSet
id-823b1d78-3424-4ab7-b677-b4d9e4d4af5a,id-1378415e-4511-4584-b72b-034e335523e4,ServingRelationship,EA ModelSet
b7a14070-8fab-4343-ab67-46cb9f0ad9d8,id-4e38bfa0-da33-402f-9db9-dbc7df9fa05e,ServingRelationship,EA ModelSet
d8d6062f-a5a2-4c59-a0b7-85af380adba5,id-4e38bfa0-da33-402f-9db9-dbc7df9fa05e,ServingRelationship,EA ModelSet
c0132f25-03f8-40c0-945b-f1c0460c1216,e5ba09e3-8363-40ee-a60e-4d270c43bfbe,RealizationRelationship,EA ModelSet
id-067bae77-838b-423f-a788-e078197fa633,c0132f25-03f8-40c0-945b-f1c0460c1216,TriggeringRelationship,EA ModelSet
c185778b-fff7-4f73-8627-c9d736787bc5,id-29a5fc96-0a8b-4bbb-a93f-bbb69f1cc58b,ServingRelationship,EA ModelSet
c0132f25-03f8-40c0-945b-f1c0460c1216,id-29a5fc96-0a8b-4bbb-a93f-bbb69f1cc58b,ServingRelationship,EA ModelSet
c0132f25-03f8-40c0-945b-f1c0460c1216,id-8bb2eb3b-534b-4918-9b15-666bc2ecb040,ServingRelationship,EA ModelSet
c0132f25-03f8-40c0-945b-f1c0460c1216,id-76817d41-2d8a-4204-847c-6d40a08ae932,ServingRelationship,EA ModelSet
id-73dcf768-2105-4e6d-a0b6-b63103928a49,id-5022df09-5721-4f71-a74d-89e5d652f855,ServingRelationship,EA ModelSet
da0de292-09ea-4ad5-843b-ced641ced8ca,id-8bb2eb3b-534b-4918-9b15-666bc2ecb040,ServingRelationship,EA ModelSet
da0de292-09ea-4ad5-843b-ced641ced8ca,id-29a5fc96-0a8b-4bbb-a93f-bbb69f1cc58b,ServingRelationship,EA ModelSet
cbaa6931-504a-4e6b-a616-09f80d7a1d38,id-76817d41-2d8a-4204-847c-6d40a08ae932,ServingRelationship,EA ModelSet
cbaa6931-504a-4e6b-a616-09f80d7a1d38,adc163e5-e9dc-4bdd-9e9c-bcbc6db7bd2c,RealizationRelationship,EA ModelSet
cbaa6931-504a-4e6b-a616-09f80d7a1d38,id-594937c9-b70a-44ac-a6ca-f2d8d5907881,RealizationRelationship,EA ModelSet
id-77bb5f5f-c55c-4bc4-987f-2fa63554dace,id-3f39d8e9-dddb-4cb0-97a9-3cbdbbf816ef,RealizationRelationship,EA ModelSet
id-22548614-8da8-4734-8311-11922da051ea,id-448c701f-5372-412f-af46-fcb077013e2d,RealizationRelationship,EA ModelSet
id-22548614-8da8-4734-8311-11922da051ea,f0eb5ccd-7962-4789-8526-543194eddf5f,RealizationRelationship,EA ModelSet
id-22548614-8da8-4734-8311-11922da051ea,id-3921014e-b606-47b2-8658-60a95823c617,RealizationRelationship,EA ModelSet
id-067bae77-838b-423f-a788-e078197fa633,id-22548614-8da8-4734-8311-11922da051ea,TriggeringRelationship,EA ModelSet
id-59c4c496-77f8-42d8-afc5-5aab4baaeda2,id-78acdb3c-6042-4233-ae33-a2cbe8c713cc,AggregationRelationship,EA ModelSet
id-59c4c496-77f8-42d8-afc5-5aab4baaeda2,id-30dbbcea-cfc4-4246-af5c-69edae0623c0,AggregationRelationship,EA ModelSet
id-59c4c496-77f8-42d8-afc5-5aab4baaeda2,id-9011ba31-a2e7-4d6c-9eed-2f2a11eb05a3,AssignmentRelationship,EA ModelSet
id-59c4c496-77f8-42d8-afc5-5aab4baaeda2,id-29a5fc96-0a8b-4bbb-a93f-bbb69f1cc58b,AssignmentRelationship,EA ModelSet
id-08dec599-e8ce-4815-aaaf-d437d433b19e,id-8bb2eb3b-534b-4918-9b15-666bc2ecb040,AssignmentRelationship,EA ModelSet
id-6c87cb60-b587-4f36-a218-5d94db323fe6,id-8bb2eb3b-534b-4918-9b15-666bc2ecb040,AssignmentRelationship,EA ModelSet
cf09bb74-b118-41e1-99f4-0387bfe07d20,id-5022df09-5721-4f71-a74d-89e5d652f855,AssignmentRelationship,EA ModelSet
cf09bb74-b118-41e1-99f4-0387bfe07d20,id-72f68233-3a69-48d6-b343-66b77b9506ba,AssignmentRelationship,EA ModelSet
cf09bb74-b118-41e1-99f4-0387bfe07d20,id-76817d41-2d8a-4204-847c-6d40a08ae932,AssignmentRelationship,EA ModelSet
cf09bb74-b118-41e1-99f4-0387bfe07d20,c0ab1ae3-420a-401c-9fb3-46f95bea486a,AssignmentRelationship,EA ModelSet
id-70441db5-0436-42b9-9c10-39f1dd0310a4,id-95ed6c76-65f6-4995-bc33-bfdb74eb44c3,RealizationRelationship,EA ModelSet
id-544cafff-741a-4a8a-aa9e-b783a14a6f9c,id-95ed6c76-65f6-4995-bc33-bfdb74eb44c3,RealizationRelationship,EA ModelSet
id-70441db5-0436-42b9-9c10-39f1dd0310a4,id-532f8b72-0f40-4fea-9e4a-00dc91572ba8,RealizationRelationship,EA ModelSet
eb063b52-6882-452e-8faf-4bfa91aa278f,id-532f8b72-0f40-4fea-9e4a-00dc91572ba8,RealizationRelationship,EA ModelSet
id-36bd0535-24eb-4b49-9336-c60645338b1e,id-797b4d91-f17e-46b3-a5ba-4dbcceab6ddf,RealizationRelationship,EA ModelSet
id-0f757b06-f8e3-4dda-acc2-2f5aa6a39c65,a9933926-cca1-4a50-827d-8ec646acfdab,RealizationRelationship,EA ModelSet
id-6cb5800b5b2b4a33807c1447aa74bd9e,id-552bcdb50c4e403e9c2f402e76da487d,SpecializationRelationship,EA ModelSet
id-552bcdb50c4e403e9c2f402e76da487d,id-6cb5800b5b2b4a33807c1447aa74bd9e,SpecializationRelationship,EA ModelSet
id-c8f3d8133fb146a0946380cf560fe28e,id-cb7fac64eeb14b49adbf9af5c8c84cc2,SpecializationRelationship,EA ModelSet
id-cb7fac64eeb14b49adbf9af5c8c84cc2,id-c8f3d8133fb146a0946380cf560fe28e,SpecializationRelationship,EA ModelSet
id-d06ccf1ae590474cb43cf618bb0aa9ac,id-971ab8988f764829a043e951d8c66657,SpecializationRelationship,EA ModelSet
id-971ab8988f764829a043e951d8c66657,id-d06ccf1ae590474cb43cf618bb0aa9ac,SpecializationRelationship,EA ModelSet
id-d06ccf1ae590474cb43cf618bb0aa9ac,id-6918d1f7f3fd495a98616fbe1e5bd5f6,SpecializationRelationship,EA ModelSet
id-6918d1f7f3fd495a98616fbe1e5bd5f6,id-d06ccf1ae590474cb43cf618bb0aa9ac,SpecializationRelationship,EA ModelSet
id-d06ccf1ae590474cb43cf618bb0aa9ac,id-c8f3d8133fb146a0946380cf560fe28e,SpecializationRelationship,EA ModelSet
id-c8f3d8133fb146a0946380cf560fe28e,id-d06ccf1ae590474cb43cf618bb0aa9ac,SpecializationRelationship,EA ModelSet
id-609fe0025384453fb82a0d9b5be15452,id-cb7fac64eeb14b49adbf9af5c8c84cc2,SpecializationRelationship,EA ModelSet
id-cb7fac64eeb14b49adbf9af5c8c84cc2,id-609fe0025384453fb82a0d9b5be15452,SpecializationRelationship,EA ModelSet
id-d06ccf1ae590474cb43cf618bb0aa9ac,id-93c8b407558f46109a3d8e3796967bd5,AccessRelationship,EA ModelSet
id-55a0e47538fc414cb0fc639b04687017,id-971ab8988f764829a043e951d8c66657,RealizationRelationship,EA ModelSet
id-55a0e47538fc414cb0fc639b04687017,id-971ab8988f764829a043e951d8c66657,ServingRelationship,EA ModelSet
id-971ab8988f764829a043e951d8c66657,id-6918d1f7f3fd495a98616fbe1e5bd5f6,ServingRelationship,EA ModelSet
id-6918d1f7f3fd495a98616fbe1e5bd5f6,id-971ab8988f764829a043e951d8c66657,ServingRelationship,EA ModelSet
id-971ab8988f764829a043e951d8c66657,id-6918d1f7f3fd495a98616fbe1e5bd5f6,FlowRelationship,EA ModelSet
id-6918d1f7f3fd495a98616fbe1e5bd5f6,id-971ab8988f764829a043e951d8c66657,FlowRelationship,EA ModelSet
id-971ab8988f764829a043e951d8c66657,id-8fa90f9c2992431d9cea4f193a813198,CompositionRelationship,EA ModelSet
id-971ab8988f764829a043e951d8c66657,id-7b4c7f7ee87b4dd3a140f8efeda95f4a,CompositionRelationship,EA ModelSet
id-971ab8988f764829a043e951d8c66657,id-ccce6721c1f74c4abf8123d7238f5a08,CompositionRelationship,EA ModelSet
id-971ab8988f764829a043e951d8c66657,id-0ef6c0ff7d1a4461ae54ebee9afcf699,CompositionRelationship,EA ModelSet
id-971ab8988f764829a043e951d8c66657,id-ed287874d71f43359527ee8032f108ad,CompositionRelationship,EA ModelSet
id-971ab8988f764829a043e951d8c66657,id-33bdf3800ad14197b56fb2dc13256b54,CompositionRelationship,EA ModelSet
id-55a0e47538fc414cb0fc639b04687017,id-971ab8988f764829a043e951d8c66657,FlowRelationship,EA ModelSet
id-971ab8988f764829a043e951d8c66657,id-55a0e47538fc414cb0fc639b04687017,FlowRelationship,EA ModelSet
id-971ab8988f764829a043e951d8c66657,id-bff29036bcbb4b2f8ac96d21cfc1216f,FlowRelationship,EA ModelSet
id-bff29036bcbb4b2f8ac96d21cfc1216f,id-971ab8988f764829a043e951d8c66657,FlowRelationship,EA ModelSet
id-cb7fac64eeb14b49adbf9af5c8c84cc2,id-609fe0025384453fb82a0d9b5be15452,FlowRelationship,EA ModelSet
id-660880dcc23848fd8de98711d6c3a2b3,id-b4a33b7d5fe74761bd2e07c818222057,CompositionRelationship,EA ModelSet
id-660880dcc23848fd8de98711d6c3a2b3,id-217369416e8648aca0aa20d719e4f66e,CompositionRelationship,EA ModelSet
id-660880dcc23848fd8de98711d6c3a2b3,id-3c38e76d17fd4b4dae645bbf1db355c2,CompositionRelationship,EA ModelSet
id-660880dcc23848fd8de98711d6c3a2b3,id-6918d1f7f3fd495a98616fbe1e5bd5f6,FlowRelationship,EA ModelSet
id-6918d1f7f3fd495a98616fbe1e5bd5f6,id-660880dcc23848fd8de98711d6c3a2b3,FlowRelationship,EA ModelSet
id-7bda3a0378fb4290a43ea157ed321146,id-6918d1f7f3fd495a98616fbe1e5bd5f6,CompositionRelationship,EA ModelSet
id-7bda3a0378fb4290a43ea157ed321146,id-26f6d770f5314b38b9a923e513e2d1a1,CompositionRelationship,EA ModelSet
id-7bda3a0378fb4290a43ea157ed321146,id-203f40af0d8f450ba8dc47962e5014ff,CompositionRelationship,EA ModelSet
id-7bda3a0378fb4290a43ea157ed321146,id-66a26b34aa2b4c8fb55cfc9ac534d50b,CompositionRelationship,EA ModelSet
id-7bda3a0378fb4290a43ea157ed321146,id-ed12e58a8df943d884c4d0c3b15555d1,CompositionRelationship,EA ModelSet
id-7bda3a0378fb4290a43ea157ed321146,id-956fdf7c322e43939f346b42497a9c40,CompositionRelationship,EA ModelSet
id-7bda3a0378fb4290a43ea157ed321146,id-e97a3121a75c458586c38ec78bd410dc,CompositionRelationship,EA ModelSet
id-7bda3a0378fb4290a43ea157ed321146,id-b33da51e1acf4bad8bfe0240fcaf2a23,CompositionRelationship,EA ModelSet
id-7bda3a0378fb4290a43ea157ed321146,id-7039b346f9644bf290a9ca947946c479,CompositionRelationship,EA ModelSet
id-7bda3a0378fb4290a43ea157ed321146,id-cb7fac64eeb14b49adbf9af5c8c84cc2,CompositionRelationship,EA ModelSet
id-4439386868ad40398c78f246442f085f,id-52e897ae4e6148408807ba0ca28d6d18,CompositionRelationship,EA ModelSet
id-4439386868ad40398c78f246442f085f,id-50bf18a4ef8849e7b310003f8386a5a7,CompositionRelationship,EA ModelSet
id-4439386868ad40398c78f246442f085f,id-2014c75999074443b03230580ad2487a,CompositionRelationship,EA ModelSet
id-4439386868ad40398c78f246442f085f,id-6af5f83093e24392b96e9deb3f2d9562,CompositionRelationship,EA ModelSet
id-4439386868ad40398c78f246442f085f,id-ad7880db84644f0a95aa8e963831ffef,CompositionRelationship,EA ModelSet
id-cb7fac64eeb14b49adbf9af5c8c84cc2,id-fbdd80b6606a4f1896937c4335c8edd8,CompositionRelationship,EA ModelSet
id-609fe0025384453fb82a0d9b5be15452,id-cb7fac64eeb14b49adbf9af5c8c84cc2,FlowRelationship,EA ModelSet
id-3e8cfb40a0fa44699ab34d3727c7b350,id-9806686fba9947859321d45d9d12c3ee,FlowRelationship,EA ModelSet
id-9806686fba9947859321d45d9d12c3ee,id-3e8cfb40a0fa44699ab34d3727c7b350,FlowRelationship,EA ModelSet
id-3e8cfb40a0fa44699ab34d3727c7b350,id-9806686fba9947859321d45d9d12c3ee,SpecializationRelationship,EA ModelSet
id-3e8cfb40a0fa44699ab34d3727c7b350,id-9806686fba9947859321d45d9d12c3ee,FlowRelationship,EA ModelSet
id-3e8cfb40a0fa44699ab34d3727c7b350,id-9806686fba9947859321d45d9d12c3ee,FlowRelationship,EA ModelSet
id-0c638825bbcb4d77bd67d46f60d0e457,id-8e69bdbb2bb9474080688f069707c9e9,CompositionRelationship,EA ModelSet
id-0c638825bbcb4d77bd67d46f60d0e457,id-41107b438ea64b808823ad8b72ba357e,CompositionRelationship,EA ModelSet
id-971ab8988f764829a043e951d8c66657,id-161235235e044b8992081289a73f1bed,AccessRelationship,EA ModelSet
id-7bda3a0378fb4290a43ea157ed321146,id-0a99bcc52e67492e94feb8682389c7d5,AccessRelationship,EA ModelSet
id-609fe0025384453fb82a0d9b5be15452,id-a25a4549485e4610840c0dfefb1187f2,CompositionRelationship,EA ModelSet
id-609fe0025384453fb82a0d9b5be15452,id-1ac1b82d296346349a0e640604149dde,CompositionRelationship,EA ModelSet
id-609fe0025384453fb82a0d9b5be15452,id-2f1216ba64d44ea4a2e4a60bc71f4417,AccessRelationship,EA ModelSet
id-42d88fd29a554743ad59957bb2c91e22,id-552bcdb50c4e403e9c2f402e76da487d,CompositionRelationship,EA ModelSet
id-42d88fd29a554743ad59957bb2c91e22,id-6cb5800b5b2b4a33807c1447aa74bd9e,CompositionRelationship,EA ModelSet
id-42d88fd29a554743ad59957bb2c91e22,id-4ae3cba96fff47889202a780ab8947a7,AccessRelationship,EA ModelSet
id-42d88fd29a554743ad59957bb2c91e22,id-6810119e4eab4619b0c64640fea3af2a,CompositionRelationship,EA ModelSet
id-42d88fd29a554743ad59957bb2c91e22,id-667ba595cea94e64a3a1e82a96df472e,AccessRelationship,EA ModelSet
id-552bcdb50c4e403e9c2f402e76da487d,id-667ba595cea94e64a3a1e82a96df472e,AccessRelationship,EA ModelSet
id-42d88fd29a554743ad59957bb2c91e22,id-9e4b8ae2a95141769ad1f4ae204d658c,AccessRelationship,EA ModelSet
id-6810119e4eab4619b0c64640fea3af2a,id-9e4b8ae2a95141769ad1f4ae204d658c,AccessRelationship,EA ModelSet
id-42d88fd29a554743ad59957bb2c91e22,id-214b85dea0644a4b8f4e0f5b2b3df7f1,AccessRelationship,EA ModelSet
id-6cb5800b5b2b4a33807c1447aa74bd9e,id-214b85dea0644a4b8f4e0f5b2b3df7f1,AccessRelationship,EA ModelSet
id-3e8cfb40a0fa44699ab34d3727c7b350,id-9806686fba9947859321d45d9d12c3ee,CompositionRelationship,EA ModelSet
id-3e8cfb40a0fa44699ab34d3727c7b350,id-9806686fba9947859321d45d9d12c3ee,SpecializationRelationship,EA ModelSet
id-3e8cfb40a0fa44699ab34d3727c7b350,id-9806686fba9947859321d45d9d12c3ee,SpecializationRelationship,EA ModelSet
id-3e8cfb40a0fa44699ab34d3727c7b350,id-9806686fba9947859321d45d9d12c3ee,SpecializationRelationship,EA ModelSet
id-d82824ccc1ba47839f2020dc2282cd9f,id-3e8cfb40a0fa44699ab34d3727c7b350,SpecializationRelationship,EA ModelSet
id-660880dcc23848fd8de98711d6c3a2b3,id-cab1346c3ad64722a52249962e4e6788,AccessRelationship,EA ModelSet
id-708e6ee5d7404c33bca74512ae0b1a37,id-660880dcc23848fd8de98711d6c3a2b3,RealizationRelationship,EA ModelSet
id-ec997dd06b49414980075ab85e4f34d3,id-660880dcc23848fd8de98711d6c3a2b3,RealizationRelationship,EA ModelSet
id-b10c71c9db5f433da9fa121e987f8f65,id-660880dcc23848fd8de98711d6c3a2b3,RealizationRelationship,EA ModelSet
id-a61a78583db54d9ebe6c89f5c742de59,id-660880dcc23848fd8de98711d6c3a2b3,RealizationRelationship,EA ModelSet
id-4cc8a927-be37-4fb9-a2ea-877f12463f67,id-5affdcb6-b94a-42f6-bff0-a525d395d1bf,CompositionRelationship,EA ModelSet
id-8e458264-cc75-4dfc-b55b-18867cbdfbbf,id-757e2f5c-90e4-4584-ac9c-ea6551ec8d58,RealizationRelationship,EA ModelSet
e1417b0f-b9d8-4e10-be68-177a75ce6de0,id-55c25f6f-4f6b-49ef-8229-d0a499ca93d5,TriggeringRelationship,EA ModelSet
e3c05361-c6a5-43e4-bfbe-7f0f7474a592,id-8ece7c50-ad9d-4a26-9526-ef1363bea066,CompositionRelationship,EA ModelSet
e1417b0f-b9d8-4e10-be68-177a75ce6de0,id-701875c2-b12a-4fe0-a3ef-2e850d995075,TriggeringRelationship,EA ModelSet
id-0297ef02-2110-4573-b7d8-ffc19a69a83d,id-55c25f6f-4f6b-49ef-8229-d0a499ca93d5,CompositionRelationship,EA ModelSet
id-3eb2cfd5-07d7-4071-bde1-edee1aec6556,id-9abcf7a2-c82f-432f-8a73-328b86180dd8,RealizationRelationship,EA ModelSet
c31d2a63-02f7-474c-9933-b1f5291dcd56,id-4081d323-382e-4c54-82da-497a317e13ca,CompositionRelationship,EA ModelSet
id-3eb2cfd5-07d7-4071-bde1-edee1aec6556,id-01130fc4-8af2-4c01-ab86-481837638198,RealizationRelationship,EA ModelSet
fc32fc19-26e1-4994-926c-0bb91ddbc435,id-845482e6-5f39-4639-9c39-825958770275,RealizationRelationship,EA ModelSet
id-845482e6-5f39-4639-9c39-825958770275,id-69915134-4a34-4ac8-8d56-57d490f03b15,CompositionRelationship,EA ModelSet
id-2d1e0f8c-2729-49c3-adba-ea5478e85288,fc32fc19-26e1-4994-926c-0bb91ddbc435,AssociationRelationship,EA ModelSet
f3a633ad-7331-4529-9bd6-57576b78af2f,id-9c494a10-d2c5-4366-a60c-62d2f82da86e,ServingRelationship,EA ModelSet
id-72c6e895-4d5b-4b59-bd44-02754b4f5459,id-99a5ec65-d401-4b4e-9092-c6cf46114a49,CompositionRelationship,EA ModelSet
ed2266da-2aaf-49e6-a69d-a152f69dec35,f4061f69-fae9-4748-9807-043fd795fdb9,CompositionRelationship,EA ModelSet
a229e7ce-7e82-4101-b98e-45e20d613bd7,d596a81d-a4f1-4525-be62-db2f9126988c,CompositionRelationship,EA ModelSet
id-95c35c93-8902-44ac-8dd9-59acb66cb9bf,id-5a8b92be-3a34-4a1f-a33a-b5fa69fe15da,TriggeringRelationship,EA ModelSet
id-7ae7c499-2c14-4817-aa07-da4202193b76,id-14ad5c30-9ef9-4eef-ac58-a79c39a5471b,CompositionRelationship,EA ModelSet
a229e7ce-7e82-4101-b98e-45e20d613bd7,id-59d02b01-7bb9-424a-9f3e-2c92168cc2e7,CompositionRelationship,EA ModelSet
b1c98043-8a6d-4449-9dff-a39ec3be4c0f,id-10bcc860-c008-4391-be34-052ad625da11,CompositionRelationship,EA ModelSet
id-5b4cc8c4-9fca-49fb-9f44-79002ebb5c88,id-2d1e0f8c-2729-49c3-adba-ea5478e85288,RealizationRelationship,EA ModelSet
id-7ac28b6b-974d-4c36-b012-a706cc45abc5,id-757e2f5c-90e4-4584-ac9c-ea6551ec8d58,AssociationRelationship,EA ModelSet
id-146776db-3757-46cb-a8fd-99788b55dbe4,id-5c3ced54-084a-440f-94eb-c14d21d82aff,CompositionRelationship,EA ModelSet
id-3eb2cfd5-07d7-4071-bde1-edee1aec6556,id-8a245b79-945b-4b29-bb89-12fb048d4174,RealizationRelationship,EA ModelSet
cb38a08e-6dd4-498d-a59c-c41eec9204b0,id-5b71fb49-54e3-4889-83ad-0af88ef4033f,ServingRelationship,EA ModelSet
c65d607f-39f6-4e3d-a639-54ff04e67337,id-60ad8eda-70db-415a-be95-f7eb6395e1fa,ServingRelationship,EA ModelSet
c31d2a63-02f7-474c-9933-b1f5291dcd56,id-79e5ff9b-ebc6-456a-94a1-0c152de3a354,CompositionRelationship,EA ModelSet
a229e7ce-7e82-4101-b98e-45e20d613bd7,id-29e2870f-cd0b-45be-a127-5a5bbc055028,CompositionRelationship,EA ModelSet
id-2d1e0f8c-2729-49c3-adba-ea5478e85288,e1417b0f-b9d8-4e10-be68-177a75ce6de0,AssociationRelationship,EA ModelSet
dafbbe22-7318-41f6-aecd-ebcbf8ed6c38,id-3f166411-3b6d-4b91-a7a6-22c8f7a203e2,RealizationRelationship,EA ModelSet
id-8e458264-cc75-4dfc-b55b-18867cbdfbbf,e1417b0f-b9d8-4e10-be68-177a75ce6de0,RealizationRelationship,EA ModelSet
id-3f166411-3b6d-4b91-a7a6-22c8f7a203e2,id-0be5eb63-0098-4487-8ebe-6a90714b478d,AssociationRelationship,EA ModelSet
id-8a245b79-945b-4b29-bb89-12fb048d4174,id-7d310a54-ef97-46d5-bf11-faa76c7eaf92,ServingRelationship,EA ModelSet
a8f53656-ea12-4c40-8b93-5d56ed86f672,id-0090e7ac-ef63-4430-9599-53e6289b6943,TriggeringRelationship,EA ModelSet
id-7019fdcb-458b-4068-a8d9-25f9ccfdc3f4,id-53d34405-5042-4648-93b7-5e46b7cec711,CompositionRelationship,EA ModelSet
id-2d1e0f8c-2729-49c3-adba-ea5478e85288,f6ca9e2f-b488-49b8-9fdd-b5f4b814c6b6,ServingRelationship,EA ModelSet
e3619dc9-b359-4253-b22f-444e1a0947bf,id-34775016-acab-4d91-8f5e-7fd8d0afab3b,RealizationRelationship,EA ModelSet
id-7ac28b6b-974d-4c36-b012-a706cc45abc5,id-8e458264-cc75-4dfc-b55b-18867cbdfbbf,ServingRelationship,EA ModelSet
fc32fc19-26e1-4994-926c-0bb91ddbc435,b92aaefe-e51a-4f1c-b1b4-b0e2723bb456,TriggeringRelationship,EA ModelSet
id-689d2857-ab6d-409a-aa42-57ba5a5b17e3,id-0271a78f-7149-400c-94e6-d9dda407f096,TriggeringRelationship,EA ModelSet
id-00931ffe-4641-450e-8002-2d226d510ff1,dc71349b-4f83-4861-b38a-aeddf9f26c4a,CompositionRelationship,EA ModelSet
ae4a9485-b317-4512-ad3c-069d035935c8,id-5b71fb49-54e3-4889-83ad-0af88ef4033f,CompositionRelationship,EA ModelSet
id-72c6e895-4d5b-4b59-bd44-02754b4f5459,id-239df45a-7ad4-473f-978f-31ba9af88fc5,CompositionRelationship,EA ModelSet
id-60ad8eda-70db-415a-be95-f7eb6395e1fa,id-56e8d5b5-6cb0-40ae-83a2-825576b03ad2,ServingRelationship,EA ModelSet
id-5a8b92be-3a34-4a1f-a33a-b5fa69fe15da,id-43c87ea5-61c5-4156-998c-721e09949c43,TriggeringRelationship,EA ModelSet
bec9142c-9a4f-4546-8348-40de4fa02f3a,dec152a5-279c-4994-9590-63e50840f83a,CompositionRelationship,EA ModelSet
e1417b0f-b9d8-4e10-be68-177a75ce6de0,d4c1dcfd-b737-4f98-b406-86783e2c88f4,ServingRelationship,EA ModelSet
be238e9a-f52e-47d4-807e-2e875398b3b4,e3619dc9-b359-4253-b22f-444e1a0947bf,RealizationRelationship,EA ModelSet
id-23189968-b54c-4f45-bb67-ca1af421a609,id-361078ad-2914-41ba-846c-fb481c639dcd,ServingRelationship,EA ModelSet
id-3eb2cfd5-07d7-4071-bde1-edee1aec6556,id-8e458264-cc75-4dfc-b55b-18867cbdfbbf,AssociationRelationship,EA ModelSet
id-4cc8a927-be37-4fb9-a2ea-877f12463f67,bb1b7497-348c-4579-aa9a-b19929dae9f0,CompositionRelationship,EA ModelSet
d770ca40-3d34-4594-a72a-b0ea10ef8bad,id-55c25f6f-4f6b-49ef-8229-d0a499ca93d5,CompositionRelationship,EA ModelSet
id-146776db-3757-46cb-a8fd-99788b55dbe4,e29ec606-1d07-4d33-a489-905d5f07d9d3,CompositionRelationship,EA ModelSet
ed2266da-2aaf-49e6-a69d-a152f69dec35,b4f86d8e-9db9-4ee4-b612-4b8cecb642db,CompositionRelationship,EA ModelSet
be238e9a-f52e-47d4-807e-2e875398b3b4,d770ca40-3d34-4594-a72a-b0ea10ef8bad,AssociationRelationship,EA ModelSet
c31d2a63-02f7-474c-9933-b1f5291dcd56,e70ab6f0-7096-413a-a0a6-11382bcef339,CompositionRelationship,EA ModelSet
a229e7ce-7e82-4101-b98e-45e20d613bd7,a537c096-e576-45b4-a310-05070385a4a4,CompositionRelationship,EA ModelSet
e3619dc9-b359-4253-b22f-444e1a0947bf,ae01191e-505b-496b-b494-1ccae1a4f66e,ServingRelationship,EA ModelSet
a229e7ce-7e82-4101-b98e-45e20d613bd7,id-6474c991-f7bc-4278-9dc7-a6c19efdf8f8,CompositionRelationship,EA ModelSet
a229e7ce-7e82-4101-b98e-45e20d613bd7,id-19a73442-687c-4e76-934f-a399bef5abb3,CompositionRelationship,EA ModelSet
a229e7ce-7e82-4101-b98e-45e20d613bd7,id-23342e23-588f-4ab7-b3e0-5f8aab3f48ae,CompositionRelationship,EA ModelSet
bec9142c-9a4f-4546-8348-40de4fa02f3a,id-9e3ad769-5602-4806-9073-46f886559cb0,CompositionRelationship,EA ModelSet
id-7ae7c499-2c14-4817-aa07-da4202193b76,d7db41df-27fa-459d-b3f7-98255b188e0a,CompositionRelationship,EA ModelSet
e1417b0f-b9d8-4e10-be68-177a75ce6de0,fc32fc19-26e1-4994-926c-0bb91ddbc435,ServingRelationship,EA ModelSet
id-60ad8eda-70db-415a-be95-f7eb6395e1fa,id-5f1f716e-ca15-460c-90f3-361df77a7b96,ServingRelationship,EA ModelSet
e1417b0f-b9d8-4e10-be68-177a75ce6de0,id-4268cdc8-34a3-4589-8678-65c17514adeb,ServingRelationship,EA ModelSet
ed2266da-2aaf-49e6-a69d-a152f69dec35,f6ca9e2f-b488-49b8-9fdd-b5f4b814c6b6,CompositionRelationship,EA ModelSet
id-5b4cc8c4-9fca-49fb-9f44-79002ebb5c88,ae01191e-505b-496b-b494-1ccae1a4f66e,RealizationRelationship,EA ModelSet
b1c98043-8a6d-4449-9dff-a39ec3be4c0f,a2e0332c-768c-4631-a4a1-6a98058cc08a,CompositionRelationship,EA ModelSet
id-7ae7c499-2c14-4817-aa07-da4202193b76,id-93f81c00-c4ed-4bc2-8a68-ebd45ea51e6b,CompositionRelationship,EA ModelSet
id-3d86d39a-c06f-4ed5-835c-2642e2c3e9f6,dafbbe22-7318-41f6-aecd-ebcbf8ed6c38,CompositionRelationship,EA ModelSet
id-146776db-3757-46cb-a8fd-99788b55dbe4,id-78c4f8a5-8116-4e22-8c0a-60fd3788ff4f,CompositionRelationship,EA ModelSet
id-67401f99-2956-4f7b-a7bd-a45c18d7ed2f,b92aaefe-e51a-4f1c-b1b4-b0e2723bb456,AssignmentRelationship,EA ModelSet
id-9abcf7a2-c82f-432f-8a73-328b86180dd8,id-5a8b92be-3a34-4a1f-a33a-b5fa69fe15da,ServingRelationship,EA ModelSet
bec9142c-9a4f-4546-8348-40de4fa02f3a,b0e16c74-5cc3-450e-9661-f7121ed0d72d,CompositionRelationship,EA ModelSet
id-3253ab3b-7644-47a5-8d14-41ccd31d464f,fc32fc19-26e1-4994-926c-0bb91ddbc435,FlowRelationship,EA ModelSet
fc32fc19-26e1-4994-926c-0bb91ddbc435,id-96bbcc78-775a-4e55-bc80-379251281249,FlowRelationship,EA ModelSet
id-5b4cc8c4-9fca-49fb-9f44-79002ebb5c88,id-3253ab3b-7644-47a5-8d14-41ccd31d464f,RealizationRelationship,EA ModelSet
id-794bf3ad-b030-429f-acd0-19dde947e1b9,bf4e7fea-93d1-4a03-85d1-051356a276b4,CompositionRelationship,EA ModelSet
id-146776db-3757-46cb-a8fd-99788b55dbe4,cb38a08e-6dd4-498d-a59c-c41eec9204b0,CompositionRelationship,EA ModelSet
id-845482e6-5f39-4639-9c39-825958770275,id-689d2857-ab6d-409a-aa42-57ba5a5b17e3,CompositionRelationship,EA ModelSet
a229e7ce-7e82-4101-b98e-45e20d613bd7,id-1fa81daa-42a4-428b-a171-813d796b83d1,CompositionRelationship,EA ModelSet
id-0f884833-32de-49a8-b580-41fbf6a3e254,a8f53656-ea12-4c40-8b93-5d56ed86f672,TriggeringRelationship,EA ModelSet
e8601768-ee0c-49a4-9044-2304b1b18242,id-7de76f8b-8d19-478d-ae4b-8f7d60bcc32c,CompositionRelationship,EA ModelSet
id-55c25f6f-4f6b-49ef-8229-d0a499ca93d5,id-0be5eb63-0098-4487-8ebe-6a90714b478d,FlowRelationship,EA ModelSet
id-0297ef02-2110-4573-b7d8-ffc19a69a83d,fc32fc19-26e1-4994-926c-0bb91ddbc435,CompositionRelationship,EA ModelSet
id-3eb2cfd5-07d7-4071-bde1-edee1aec6556,id-23189968-b54c-4f45-bb67-ca1af421a609,RealizationRelationship,EA ModelSet
id-5f1f716e-ca15-460c-90f3-361df77a7b96,c65d607f-39f6-4e3d-a639-54ff04e67337,RealizationRelationship,EA ModelSet
id-3650e15a-fc39-4be3-b812-aa4ad2bbfe82,b5bc4bfd-8c76-4e0e-b54d-6e440ccbb837,ServingRelationship,EA ModelSet
id-845482e6-5f39-4639-9c39-825958770275,id-497ab3b7-9c1c-41a0-93ad-9ac30c9525d2,CompositionRelationship,EA ModelSet
e1417b0f-b9d8-4e10-be68-177a75ce6de0,c964b6fb-3f98-4917-8a19-66d7e7dada96,FlowRelationship,EA ModelSet
id-48c8ce79-c016-4ff7-b966-178a7bed3d66,id-58c3653c-8d16-4528-be33-1cae4665221b,TriggeringRelationship,EA ModelSet
e3c05361-c6a5-43e4-bfbe-7f0f7474a592,id-22a2c4e6-6843-48ea-bd4e-84a21ba55ce7,CompositionRelationship,EA ModelSet
id-361078ad-2914-41ba-846c-fb481c639dcd,id-0090e7ac-ef63-4430-9599-53e6289b6943,TriggeringRelationship,EA ModelSet
id-35cb68b4-fa12-40ca-9f07-58841e442d13,fc32fc19-26e1-4994-926c-0bb91ddbc435,ServingRelationship,EA ModelSet
id-95c35c93-8902-44ac-8dd9-59acb66cb9bf,e29ec606-1d07-4d33-a489-905d5f07d9d3,TriggeringRelationship,EA ModelSet
a229e7ce-7e82-4101-b98e-45e20d613bd7,id-4c563852-d1cf-4545-ab28-468c5711d522,CompositionRelationship,EA ModelSet
id-00931ffe-4641-450e-8002-2d226d510ff1,id-7fdb323a-cbe9-404e-8eb6-d8c300a44a42,CompositionRelationship,EA ModelSet
id-7ac28b6b-974d-4c36-b012-a706cc45abc5,f92e2c85-9db6-428e-afed-95d78b8717d2,AssociationRelationship,EA ModelSet
id-757e2f5c-90e4-4584-ac9c-ea6551ec8d58,id-7ac28b6b-974d-4c36-b012-a706cc45abc5,AssociationRelationship,EA ModelSet
id-01130fc4-8af2-4c01-ab86-481837638198,cb38a08e-6dd4-498d-a59c-c41eec9204b0,ServingRelationship,EA ModelSet
e8601768-ee0c-49a4-9044-2304b1b18242,id-4280479e-8b8f-4bfa-b381-f8a4fa7143b9,CompositionRelationship,EA ModelSet
id-3eb2cfd5-07d7-4071-bde1-edee1aec6556,id-3650e15a-fc39-4be3-b812-aa4ad2bbfe82,RealizationRelationship,EA ModelSet
be238e9a-f52e-47d4-807e-2e875398b3b4,id-3eb2cfd5-07d7-4071-bde1-edee1aec6556,CompositionRelationship,EA ModelSet
id-7d1a89cf-9c82-4078-8f34-1aa25e95cd8d,id-7be8233a-cfe0-4344-a38b-abce8bd4f4ec,CompositionRelationship,EA ModelSet
id-10d8f964-a274-4158-bcdc-cc967b2605c7,id-96bbcc78-775a-4e55-bc80-379251281249,RealizationRelationship,EA ModelSet
id-8a245b79-945b-4b29-bb89-12fb048d4174,id-0090e7ac-ef63-4430-9599-53e6289b6943,AssociationRelationship,EA ModelSet
id-146776db-3757-46cb-a8fd-99788b55dbe4,id-55f89bdd-d4f5-4c3a-af26-6f32a9c61ebc,CompositionRelationship,EA ModelSet
ae4a9485-b317-4512-ad3c-069d035935c8,a06acb86-dbcb-4e3e-827b-9f334898af70,CompositionRelationship,EA ModelSet
id-7ac28b6b-974d-4c36-b012-a706cc45abc5,id-3eb2cfd5-07d7-4071-bde1-edee1aec6556,ServingRelationship,EA ModelSet
id-00931ffe-4641-450e-8002-2d226d510ff1,id-46c3e340-b628-4efe-bef6-63d816f7bc59,CompositionRelationship,EA ModelSet
d770ca40-3d34-4594-a72a-b0ea10ef8bad,id-146776db-3757-46cb-a8fd-99788b55dbe4,CompositionRelationship,EA ModelSet
a229e7ce-7e82-4101-b98e-45e20d613bd7,id-31a5b4ae-0ec4-4857-b20c-94cbcc0c6d29,CompositionRelationship,EA ModelSet
id-146776db-3757-46cb-a8fd-99788b55dbe4,id-9c494a10-d2c5-4366-a60c-62d2f82da86e,CompositionRelationship,EA ModelSet
fc32fc19-26e1-4994-926c-0bb91ddbc435,ae4a9485-b317-4512-ad3c-069d035935c8,RealizationRelationship,EA ModelSet
id-7019fdcb-458b-4068-a8d9-25f9ccfdc3f4,id-7135ca19-7db0-4ced-91c4-6722d4a56cde,CompositionRelationship,EA ModelSet
id-68f1e5c9-40fe-495f-b496-5dbb687d3bc7,id-1c44e916-fb74-44fe-9814-f5e84b2d5543,CompositionRelationship,EA ModelSet
d770ca40-3d34-4594-a72a-b0ea10ef8bad,id-8cd6dd08-2992-4001-a8b8-d4f088c77345,CompositionRelationship,EA ModelSet
d770ca40-3d34-4594-a72a-b0ea10ef8bad,id-0297ef02-2110-4573-b7d8-ffc19a69a83d,CompositionRelationship,EA ModelSet
id-6cd0225b-ccc6-428d-996d-b5f8ed477147,e54fba43-3441-4652-ae19-8151eba01567,ServingRelationship,EA ModelSet
e3619dc9-b359-4253-b22f-444e1a0947bf,id-2c345602-dd8f-4bb0-9db0-e722c287a196,AssignmentRelationship,EA ModelSet
f3505982-0524-4951-a7bf-fbca35568b4b,id-6b2e7ca0-c2be-4333-aae6-a42501b5028b,CompositionRelationship,EA ModelSet
id-794bf3ad-b030-429f-acd0-19dde947e1b9,id-3f682e62-5b6d-4785-b512-1a83e1d29c58,CompositionRelationship,EA ModelSet
a229e7ce-7e82-4101-b98e-45e20d613bd7,id-4268cdc8-34a3-4589-8678-65c17514adeb,CompositionRelationship,EA ModelSet
id-794bf3ad-b030-429f-acd0-19dde947e1b9,id-5e1ef1e0-7656-4cc7-868c-78c9d0e6bdb6,CompositionRelationship,EA ModelSet
d770ca40-3d34-4594-a72a-b0ea10ef8bad,fc32fc19-26e1-4994-926c-0bb91ddbc435,CompositionRelationship,EA ModelSet
id-68f1e5c9-40fe-495f-b496-5dbb687d3bc7,id-3d0ba51a-6254-453a-9900-052e7fb45e9a,CompositionRelationship,EA ModelSet
fc32fc19-26e1-4994-926c-0bb91ddbc435,e3c05361-c6a5-43e4-bfbe-7f0f7474a592,RealizationRelationship,EA ModelSet
id-4cc8a927-be37-4fb9-a2ea-877f12463f67,f89f4c7d-225b-4ee6-a115-6678530c141f,CompositionRelationship,EA ModelSet
a229e7ce-7e82-4101-b98e-45e20d613bd7,d89809ae-fe83-4996-8913-9c17e13bdb3b,CompositionRelationship,EA ModelSet
d770ca40-3d34-4594-a72a-b0ea10ef8bad,e1417b0f-b9d8-4e10-be68-177a75ce6de0,RealizationRelationship,EA ModelSet
id-7d310a54-ef97-46d5-bf11-faa76c7eaf92,id-9abcf7a2-c82f-432f-8a73-328b86180dd8,TriggeringRelationship,EA ModelSet
id-845482e6-5f39-4639-9c39-825958770275,id-6a20f083-9c78-4164-8afe-9ac630038bd9,CompositionRelationship,EA ModelSet
id-4d083a77-882a-448b-a695-25d2ab528379,id-55f89bdd-d4f5-4c3a-af26-6f32a9c61ebc,ServingRelationship,EA ModelSet
f3505982-0524-4951-a7bf-fbca35568b4b,b7580aca-b909-445d-8245-9baeaa4b730e,CompositionRelationship,EA ModelSet
id-95c35c93-8902-44ac-8dd9-59acb66cb9bf,id-8091b61b-a4cf-41c9-a885-02c03c37b8d4,RealizationRelationship,EA ModelSet
ae4a9485-b317-4512-ad3c-069d035935c8,id-55c26343-d963-414d-926c-aeed897d692d,CompositionRelationship,EA ModelSet
id-58c3653c-8d16-4528-be33-1cae4665221b,id-48c8ce79-c016-4ff7-b966-178a7bed3d66,TriggeringRelationship,EA ModelSet
id-3eb2cfd5-07d7-4071-bde1-edee1aec6556,c3d37334-09ad-4719-bb95-69cd9aac588c,RealizationRelationship,EA ModelSet
id-3eb2cfd5-07d7-4071-bde1-edee1aec6556,id-13899f84-d417-4034-98bc-c6daab234e21,RealizationRelationship,EA ModelSet
e3619dc9-b359-4253-b22f-444e1a0947bf,id-9d87c90f-2c50-44b6-9cd2-b1f346f4641f,AssignmentRelationship,EA ModelSet
id-58c3653c-8d16-4528-be33-1cae4665221b,id-8ece7c50-ad9d-4a26-9526-ef1363bea066,ServingRelationship,EA ModelSet
e3c05361-c6a5-43e4-bfbe-7f0f7474a592,id-8d0ff820-405d-47f6-8385-cc1e32af932d,CompositionRelationship,EA ModelSet
b5e9ef7b-5263-4d57-b792-66d560e6e5c5,id-8ece7c50-ad9d-4a26-9526-ef1363bea066,ServingRelationship,EA ModelSet
id-3eb2cfd5-07d7-4071-bde1-edee1aec6556,a8f53656-ea12-4c40-8b93-5d56ed86f672,RealizationRelationship,EA ModelSet
id-00931ffe-4641-450e-8002-2d226d510ff1,d9451ec5-843c-403a-8a16-51e705369de1,CompositionRelationship,EA ModelSet
a229e7ce-7e82-4101-b98e-45e20d613bd7,id-8d766f94-feaa-482f-99ea-0099560b8f2a,CompositionRelationship,EA ModelSet
id-6a20f083-9c78-4164-8afe-9ac630038bd9,id-0dab37f0-956c-40a0-bd74-9cf368d7b9e9,TriggeringRelationship,EA ModelSet
id-67401f99-2956-4f7b-a7bd-a45c18d7ed2f,id-35cb68b4-fa12-40ca-9f07-58841e442d13,AssignmentRelationship,EA ModelSet
a8f53656-ea12-4c40-8b93-5d56ed86f672,id-477baf34-7866-49b0-af42-5fad961531b2,ServingRelationship,EA ModelSet
id-146776db-3757-46cb-a8fd-99788b55dbe4,id-477baf34-7866-49b0-af42-5fad961531b2,CompositionRelationship,EA ModelSet
ed2266da-2aaf-49e6-a69d-a152f69dec35,fb763f3c-780a-4784-b7fb-86d3eeb5e6dc,CompositionRelationship,EA ModelSet
id-7d1a89cf-9c82-4078-8f34-1aa25e95cd8d,id-6415ad77-9eab-4bf3-81a0-976734982e7f,CompositionRelationship,EA ModelSet
ae4a9485-b317-4512-ad3c-069d035935c8,id-027a9bbb-5ce3-4181-857c-859e59dd09cb,CompositionRelationship,EA ModelSet
id-5c3ced54-084a-440f-94eb-c14d21d82aff,id-95c35c93-8902-44ac-8dd9-59acb66cb9bf,TriggeringRelationship,EA ModelSet
id-95c35c93-8902-44ac-8dd9-59acb66cb9bf,e74cac44-5b63-4e36-b2ea-de4e11e75b2b,RealizationRelationship,EA ModelSet
c964b6fb-3f98-4917-8a19-66d7e7dada96,id-95c35c93-8902-44ac-8dd9-59acb66cb9bf,ServingRelationship,EA ModelSet
a229e7ce-7e82-4101-b98e-45e20d613bd7,id-173562f3-7f28-4c07-a588-fbd247077c90,CompositionRelationship,EA ModelSet
id-146776db-3757-46cb-a8fd-99788b55dbe4,id-361078ad-2914-41ba-846c-fb481c639dcd,CompositionRelationship,EA ModelSet
id-146776db-3757-46cb-a8fd-99788b55dbe4,id-31570819-e9db-4488-bfb6-c0e5eaddbe1d,CompositionRelationship,EA ModelSet
e3c05361-c6a5-43e4-bfbe-7f0f7474a592,id-6cd0225b-ccc6-428d-996d-b5f8ed477147,CompositionRelationship,EA ModelSet
id-04abaccb-fbe8-4734-ad19-8344eac5ddd7,b2d4b059-85c9-41ac-984c-58877ac31bac,ServingRelationship,EA ModelSet
id-7d1a89cf-9c82-4078-8f34-1aa25e95cd8d,id-9b3b317a-f24d-4add-99d5-f62895ee77f4,CompositionRelationship,EA ModelSet
c3d37334-09ad-4719-bb95-69cd9aac588c,id-31570819-e9db-4488-bfb6-c0e5eaddbe1d,ServingRelationship,EA ModelSet
id-146776db-3757-46cb-a8fd-99788b55dbe4,b5bc4bfd-8c76-4e0e-b54d-6e440ccbb837,CompositionRelationship,EA ModelSet
e3619dc9-b359-4253-b22f-444e1a0947bf,id-20c9e7d9-e1bf-4c07-82a6-73f30f659704,AssignmentRelationship,EA ModelSet
d770ca40-3d34-4594-a72a-b0ea10ef8bad,b1909cca-9eab-49b8-8157-8bd205f3255b,CompositionRelationship,EA ModelSet
id-3eb2cfd5-07d7-4071-bde1-edee1aec6556,id-0090e7ac-ef63-4430-9599-53e6289b6943,RealizationRelationship,EA ModelSet
id-95c35c93-8902-44ac-8dd9-59acb66cb9bf,id-67401f99-2956-4f7b-a7bd-a45c18d7ed2f,RealizationRelationship,EA ModelSet
id-794bf3ad-b030-429f-acd0-19dde947e1b9,id-2f89a2b6-0c76-4985-bd44-2986878a54e9,CompositionRelationship,EA ModelSet
id-0090e7ac-ef63-4430-9599-53e6289b6943,id-5c3ced54-084a-440f-94eb-c14d21d82aff,ServingRelationship,EA ModelSet
id-3eb2cfd5-07d7-4071-bde1-edee1aec6556,f92e2c85-9db6-428e-afed-95d78b8717d2,RealizationRelationship,EA ModelSet
id-789ebda2-527f-4109-b199-e842b5f1ec0f,e3619dc9-b359-4253-b22f-444e1a0947bf,ServingRelationship,EA ModelSet
id-00931ffe-4641-450e-8002-2d226d510ff1,id-43c0c3b6-0794-4dbc-8572-9735b14fbd98,CompositionRelationship,EA ModelSet
id-4cc8a927-be37-4fb9-a2ea-877f12463f67,adae2f92-f987-4239-b3a3-2f69f2985fd7,CompositionRelationship,EA ModelSet
a229e7ce-7e82-4101-b98e-45e20d613bd7,id-68b95c0c-8edb-47dd-b9a0-2e20694330aa,CompositionRelationship,EA ModelSet
id-7d310a54-ef97-46d5-bf11-faa76c7eaf92,id-5a8b92be-3a34-4a1f-a33a-b5fa69fe15da,TriggeringRelationship,EA ModelSet
id-8e458264-cc75-4dfc-b55b-18867cbdfbbf,f3a633ad-7331-4529-9bd6-57576b78af2f,RealizationRelationship,EA ModelSet
id-146776db-3757-46cb-a8fd-99788b55dbe4,d4c1dcfd-b737-4f98-b406-86783e2c88f4,CompositionRelationship,EA ModelSet
id-72c6e895-4d5b-4b59-bd44-02754b4f5459,id-35025a45-9c2e-440b-98fd-424ce49051a9,CompositionRelationship,EA ModelSet
id-146776db-3757-46cb-a8fd-99788b55dbe4,id-7d310a54-ef97-46d5-bf11-faa76c7eaf92,CompositionRelationship,EA ModelSet
id-5b71fb49-54e3-4889-83ad-0af88ef4033f,id-48964e40-f8a4-4b42-9703-e6258e148998,FlowRelationship,EA ModelSet
id-7ae7c499-2c14-4817-aa07-da4202193b76,da2c47ec-ae1e-4e20-b501-2dd9e87f859f,CompositionRelationship,EA ModelSet
id-4cc8a927-be37-4fb9-a2ea-877f12463f67,id-44898cf0-fdc9-454c-b236-658fc75b8cec,CompositionRelationship,EA ModelSet
f3505982-0524-4951-a7bf-fbca35568b4b,d369cbd9-810a-46a0-995d-69c34a8fd01c,CompositionRelationship,EA ModelSet
id-5b4cc8c4-9fca-49fb-9f44-79002ebb5c88,e2de9779-daf0-4617-85bb-96d25a178be5,RealizationRelationship,EA ModelSet
id-00931ffe-4641-450e-8002-2d226d510ff1,d817700f-2863-430f-81d4-d1ed740eaeaa,CompositionRelationship,EA ModelSet
a229e7ce-7e82-4101-b98e-45e20d613bd7,de5a2eba-633d-45b0-8455-5a0587a06932,CompositionRelationship,EA ModelSet
id-56e8d5b5-6cb0-40ae-83a2-825576b03ad2,id-8ece7c50-ad9d-4a26-9526-ef1363bea066,ServingRelationship,EA ModelSet
id-7d1a89cf-9c82-4078-8f34-1aa25e95cd8d,id-460664bc-9c27-4dd1-b8c1-5138e9beab97,CompositionRelationship,EA ModelSet
b1c98043-8a6d-4449-9dff-a39ec3be4c0f,id-2a9b9ea5-bf91-469a-9eed-bfc6f43e49f2,CompositionRelationship,EA ModelSet
id-7da4ccad-7ea9-412c-915d-df386dcb98ae,e2de9779-daf0-4617-85bb-96d25a178be5,FlowRelationship,EA ModelSet
id-13899f84-d417-4034-98bc-c6daab234e21,e29ec606-1d07-4d33-a489-905d5f07d9d3,ServingRelationship,EA ModelSet
id-8e458264-cc75-4dfc-b55b-18867cbdfbbf,id-7da4ccad-7ea9-412c-915d-df386dcb98ae,RealizationRelationship,EA ModelSet
id-146776db-3757-46cb-a8fd-99788b55dbe4,b2d4b059-85c9-41ac-984c-58877ac31bac,CompositionRelationship,EA ModelSet
fc32fc19-26e1-4994-926c-0bb91ddbc435,id-8288f588-f03e-4d3d-b542-5829dfc16578,FlowRelationship,EA ModelSet
id-7019fdcb-458b-4068-a8d9-25f9ccfdc3f4,id-8d6e1ce7-ae27-42ae-ae8e-e6dd5fd935d6,CompositionRelationship,EA ModelSet
e1417b0f-b9d8-4e10-be68-177a75ce6de0,id-3f166411-3b6d-4b91-a7a6-22c8f7a203e2,FlowRelationship,EA ModelSet
e3c05361-c6a5-43e4-bfbe-7f0f7474a592,id-60ad8eda-70db-415a-be95-f7eb6395e1fa,CompositionRelationship,EA ModelSet
id-3d86d39a-c06f-4ed5-835c-2642e2c3e9f6,id-10d8f964-a274-4158-bcdc-cc967b2605c7,CompositionRelationship,EA ModelSet
id-00931ffe-4641-450e-8002-2d226d510ff1,id-5d27a4e7-b030-4e7e-a111-3c7329b25e20,CompositionRelationship,EA ModelSet
id-5f1f716e-ca15-460c-90f3-361df77a7b96,id-56e8d5b5-6cb0-40ae-83a2-825576b03ad2,RealizationRelationship,EA ModelSet
id-4cc8a927-be37-4fb9-a2ea-877f12463f67,id-19fa438e-bb95-499f-8e71-963b81e757cd,CompositionRelationship,EA ModelSet
id-3253ab3b-7644-47a5-8d14-41ccd31d464f,id-4268cdc8-34a3-4589-8678-65c17514adeb,ServingRelationship,EA ModelSet
id-4cc8a927-be37-4fb9-a2ea-877f12463f67,f622747b-cf8d-49a1-9f09-aa8f586c13b0,CompositionRelationship,EA ModelSet
id-7019fdcb-458b-4068-a8d9-25f9ccfdc3f4,a9e2e02c-57a8-40e7-8998-5c363cbefe3a,CompositionRelationship,EA ModelSet
e29ec606-1d07-4d33-a489-905d5f07d9d3,id-95c35c93-8902-44ac-8dd9-59acb66cb9bf,TriggeringRelationship,EA ModelSet
id-6a20f083-9c78-4164-8afe-9ac630038bd9,id-58c3653c-8d16-4528-be33-1cae4665221b,ServingRelationship,EA ModelSet
id-7da4ccad-7ea9-412c-915d-df386dcb98ae,id-78c4f8a5-8116-4e22-8c0a-60fd3788ff4f,ServingRelationship,EA ModelSet
id-3253ab3b-7644-47a5-8d14-41ccd31d464f,d89809ae-fe83-4996-8913-9c17e13bdb3b,ServingRelationship,EA ModelSet
f92e2c85-9db6-428e-afed-95d78b8717d2,id-7ac28b6b-974d-4c36-b012-a706cc45abc5,AssociationRelationship,EA ModelSet
id-146776db-3757-46cb-a8fd-99788b55dbe4,id-5a8b92be-3a34-4a1f-a33a-b5fa69fe15da,CompositionRelationship,EA ModelSet
e8601768-ee0c-49a4-9044-2304b1b18242,id-2eb553cc-1587-4b94-a862-8755eb78e195,CompositionRelationship,EA ModelSet
b1c98043-8a6d-4449-9dff-a39ec3be4c0f,c15649bb-f545-4c68-b4b6-13f9f3d03254,CompositionRelationship,EA ModelSet
id-689d2857-ab6d-409a-aa42-57ba5a5b17e3,id-18d0b8fc-8b74-4c9b-81a2-6f1cc7f6383c,TriggeringRelationship,EA ModelSet
be238e9a-f52e-47d4-807e-2e875398b3b4,id-8e458264-cc75-4dfc-b55b-18867cbdfbbf,AggregationRelationship,EA ModelSet
c31d2a63-02f7-474c-9933-b1f5291dcd56,id-63a0c564-94b6-4965-a488-1e3866ca0965,CompositionRelationship,EA ModelSet
id-4cc8a927-be37-4fb9-a2ea-877f12463f67,ba43eb7a-f131-4823-bdb4-dad3da374233,CompositionRelationship,EA ModelSet
id-3f166411-3b6d-4b91-a7a6-22c8f7a203e2,id-96bbcc78-775a-4e55-bc80-379251281249,AssociationRelationship,EA ModelSet
id-0297ef02-2110-4573-b7d8-ffc19a69a83d,id-95c35c93-8902-44ac-8dd9-59acb66cb9bf,CompositionRelationship,EA ModelSet
id-00931ffe-4641-450e-8002-2d226d510ff1,id-6b59ad7b-60eb-4131-b72f-f563764ccd3c,CompositionRelationship,EA ModelSet
id-8ece7c50-ad9d-4a26-9526-ef1363bea066,id-48964e40-f8a4-4b42-9703-e6258e148998,ServingRelationship,EA ModelSet
id-3253ab3b-7644-47a5-8d14-41ccd31d464f,e1417b0f-b9d8-4e10-be68-177a75ce6de0,AssociationRelationship,EA ModelSet
id-48c8ce79-c016-4ff7-b966-178a7bed3d66,id-8d0ff820-405d-47f6-8385-cc1e32af932d,ServingRelationship,EA ModelSet
id-3eb2cfd5-07d7-4071-bde1-edee1aec6556,id-04abaccb-fbe8-4734-ad19-8344eac5ddd7,RealizationRelationship,EA ModelSet
ae4a9485-b317-4512-ad3c-069d035935c8,id-98305fa0-a6c2-48cd-90d8-62ec527bc24f,CompositionRelationship,EA ModelSet
bec9142c-9a4f-4546-8348-40de4fa02f3a,e01e743f-71f8-430a-aa11-214ef80881d6,CompositionRelationship,EA ModelSet
id-72c6e895-4d5b-4b59-bd44-02754b4f5459,id-1004f39c-13b8-41db-87f3-5adc915c895b,CompositionRelationship,EA ModelSet
id-2d1e0f8c-2729-49c3-adba-ea5478e85288,b4f86d8e-9db9-4ee4-b612-4b8cecb642db,ServingRelationship,EA ModelSet
id-8e458264-cc75-4dfc-b55b-18867cbdfbbf,c964b6fb-3f98-4917-8a19-66d7e7dada96,RealizationRelationship,EA ModelSet
id-00931ffe-4641-450e-8002-2d226d510ff1,id-237fa371-8fd3-48fb-a3c0-7da93164b1a9,CompositionRelationship,EA ModelSet
id-00931ffe-4641-450e-8002-2d226d510ff1,d9e0f4e4-dcbc-4c11-9ebe-7f7d747458fd,CompositionRelationship,EA ModelSet
id-03d0e681-69c7-46e5-a11a-f396f47284db,id-6575f5b8-97d3-4845-acc8-ef8f46003b8c,CompositionRelationship,EA ModelSet
a229e7ce-7e82-4101-b98e-45e20d613bd7,id-6820b95e-ae77-4803-b316-e2a3a4529b93,CompositionRelationship,EA ModelSet
id-689d2857-ab6d-409a-aa42-57ba5a5b17e3,id-48c8ce79-c016-4ff7-b966-178a7bed3d66,TriggeringRelationship,EA ModelSet
id-3eb2cfd5-07d7-4071-bde1-edee1aec6556,id-4d083a77-882a-448b-a695-25d2ab528379,RealizationRelationship,EA ModelSet
id-7d1a89cf-9c82-4078-8f34-1aa25e95cd8d,id-006b3426-eb6e-4071-a5b7-bc124a92277a,CompositionRelationship,EA ModelSet
id-95c35c93-8902-44ac-8dd9-59acb66cb9bf,a3f19c1b-050c-4323-833c-96de14948137,RealizationRelationship,EA ModelSet
id-95c35c93-8902-44ac-8dd9-59acb66cb9bf,id-753704ca-c313-4b03-8199-6d56e6ab75c5,RealizationRelationship,EA ModelSet
id-10d8f964-a274-4158-bcdc-cc967b2605c7,id-0be5eb63-0098-4487-8ebe-6a90714b478d,RealizationRelationship,EA ModelSet
id-58c3653c-8d16-4528-be33-1cae4665221b,id-22a2c4e6-6843-48ea-bd4e-84a21ba55ce7,ServingRelationship,EA ModelSet
id-0297ef02-2110-4573-b7d8-ffc19a69a83d,id-701875c2-b12a-4fe0-a3ef-2e850d995075,CompositionRelationship,EA ModelSet
f3505982-0524-4951-a7bf-fbca35568b4b,id-2dddb066-970a-4feb-9597-084afef92c77,CompositionRelationship,EA ModelSet
id-7ac28b6b-974d-4c36-b012-a706cc45abc5,be238e9a-f52e-47d4-807e-2e875398b3b4,AssociationRelationship,EA ModelSet
b1c98043-8a6d-4449-9dff-a39ec3be4c0f,id-0742ef41-257e-483f-9a5f-4fe72146c65b,CompositionRelationship,EA ModelSet
c964b6fb-3f98-4917-8a19-66d7e7dada96,e1417b0f-b9d8-4e10-be68-177a75ce6de0,FlowRelationship,EA ModelSet
a229e7ce-7e82-4101-b98e-45e20d613bd7,b3cc8875-054f-4c87-8723-9315919e7727,CompositionRelationship,EA ModelSet
id-4cc8a927-be37-4fb9-a2ea-877f12463f67,id-92fe1f52-7e86-4730-9a0e-4f21bffb4f40,CompositionRelationship,EA ModelSet
id-03d0e681-69c7-46e5-a11a-f396f47284db,id-95461c1b-d035-4dd1-bed8-578cd6649edf,CompositionRelationship,EA ModelSet
id-7d1a89cf-9c82-4078-8f34-1aa25e95cd8d,id-88f7ac73-46dc-4886-a0d3-3cdd1438cfcb,CompositionRelationship,EA ModelSet
_ET79eKmAEeqEM7mFKilpXw,_ET79VqmAEeqEM7mFKilpXw,RealizationRelationship,EA ModelSet
_ET79dKmAEeqEM7mFKilpXw,_ET79TKmAEeqEM7mFKilpXw,RealizationRelationship,EA ModelSet
_ET79cqmAEeqEM7mFKilpXw,_ET79TqmAEeqEM7mFKilpXw,RealizationRelationship,EA ModelSet
_ET79cKmAEeqEM7mFKilpXw,_ET79UqmAEeqEM7mFKilpXw,RealizationRelationship,EA ModelSet
_ET79bqmAEeqEM7mFKilpXw,_ET79UKmAEeqEM7mFKilpXw,RealizationRelationship,EA ModelSet
_ET79aqmAEeqEM7mFKilpXw,_ET79aKmAEeqEM7mFKilpXw,RealizationRelationship,EA ModelSet
_ET79gKmAEeqEM7mFKilpXw,_ET79aKmAEeqEM7mFKilpXw,RealizationRelationship,EA ModelSet
_ET79eqmAEeqEM7mFKilpXw,_ET79VKmAEeqEM7mFKilpXw,RealizationRelationship,EA ModelSet
_ET79dqmAEeqEM7mFKilpXw,_ET79WKmAEeqEM7mFKilpXw,RealizationRelationship,EA ModelSet
_ET79gqmAEeqEM7mFKilpXw,_ET79TKmAEeqEM7mFKilpXw,RealizationRelationship,EA ModelSet
_ET79iqmAEeqEM7mFKilpXw,_ET79UKmAEeqEM7mFKilpXw,RealizationRelationship,EA ModelSet
_ET79jKmAEeqEM7mFKilpXw,_ET79XKmAEeqEM7mFKilpXw,RealizationRelationship,EA ModelSet
_ET79iKmAEeqEM7mFKilpXw,_ET79ZqmAEeqEM7mFKilpXw,RealizationRelationship,EA ModelSet
_ET79hqmAEeqEM7mFKilpXw,_ET79ZqmAEeqEM7mFKilpXw,RealizationRelationship,EA ModelSet
_ET79fqmAEeqEM7mFKilpXw,_ET79aqmAEeqEM7mFKilpXw,ServingRelationship,EA ModelSet
_ET79lKmAEeqEM7mFKilpXw,_ET79iKmAEeqEM7mFKilpXw,ServingRelationship,EA ModelSet
_ET79lKmAEeqEM7mFKilpXw,_ET79hqmAEeqEM7mFKilpXw,ServingRelationship,EA ModelSet
_ET79mqmAEeqEM7mFKilpXw,_ET79bqmAEeqEM7mFKilpXw,ServingRelationship,EA ModelSet
_ET79mKmAEeqEM7mFKilpXw,_ET79iqmAEeqEM7mFKilpXw,ServingRelationship,EA ModelSet
_ET79hKmAEeqEM7mFKilpXw,_ET79bKmAEeqEM7mFKilpXw,ServingRelationship,EA ModelSet
_ET79lqmAEeqEM7mFKilpXw,_ET79gKmAEeqEM7mFKilpXw,ServingRelationship,EA ModelSet
_ET79nqmAEeqEM7mFKilpXw,_ET79cqmAEeqEM7mFKilpXw,ServingRelationship,EA ModelSet
_ET79oKmAEeqEM7mFKilpXw,_ET79dKmAEeqEM7mFKilpXw,ServingRelationship,EA ModelSet
_ET79oqmAEeqEM7mFKilpXw,_ET79gqmAEeqEM7mFKilpXw,ServingRelationship,EA ModelSet
_ET79pKmAEeqEM7mFKilpXw,_ET79dqmAEeqEM7mFKilpXw,ServingRelationship,EA ModelSet
_ET79pKmAEeqEM7mFKilpXw,_ET79eqmAEeqEM7mFKilpXw,ServingRelationship,EA ModelSet
_ET79rKmAEeqEM7mFKilpXw,_ET79eKmAEeqEM7mFKilpXw,ServingRelationship,EA ModelSet
_ET79qqmAEeqEM7mFKilpXw,_ET79kKmAEeqEM7mFKilpXw,ServingRelationship,EA ModelSet
_ET79qKmAEeqEM7mFKilpXw,_ET79kqmAEeqEM7mFKilpXw,ServingRelationship,EA ModelSet
_ET79pqmAEeqEM7mFKilpXw,_ET79jqmAEeqEM7mFKilpXw,ServingRelationship,EA ModelSet
_ET79rqmAEeqEM7mFKilpXw,_ET79jKmAEeqEM7mFKilpXw,ServingRelationship,EA ModelSet
_ET79fKmAEeqEM7mFKilpXw,_ET79sKmAEeqEM7mFKilpXw,AggregationRelationship,EA ModelSet
_ET79fKmAEeqEM7mFKilpXw,_ET79fqmAEeqEM7mFKilpXw,RealizationRelationship,EA ModelSet
_ET79uKmAEeqEM7mFKilpXw,_ET79tqmAEeqEM7mFKilpXw,AggregationRelationship,EA ModelSet
_ET79uKmAEeqEM7mFKilpXw,_ET79hKmAEeqEM7mFKilpXw,RealizationRelationship,EA ModelSet
_ET79vKmAEeqEM7mFKilpXw,_ET79lKmAEeqEM7mFKilpXw,RealizationRelationship,EA ModelSet
_ET79uKmAEeqEM7mFKilpXw,_ET79vKmAEeqEM7mFKilpXw,ServingRelationship,EA ModelSet
_ET79vKmAEeqEM7mFKilpXw,_ET79sqmAEeqEM7mFKilpXw,AggregationRelationship,EA ModelSet
_ET79uqmAEeqEM7mFKilpXw,_ET79mKmAEeqEM7mFKilpXw,RealizationRelationship,EA ModelSet
_ET79uqmAEeqEM7mFKilpXw,_ET79vqmAEeqEM7mFKilpXw,AggregationRelationship,EA ModelSet
_ET79nKmAEeqEM7mFKilpXw,_ET79cKmAEeqEM7mFKilpXw,ServingRelationship,EA ModelSet
_ET79wqmAEeqEM7mFKilpXw,_ET79nKmAEeqEM7mFKilpXw,RealizationRelationship,EA ModelSet
_ET79wqmAEeqEM7mFKilpXw,_ET79xKmAEeqEM7mFKilpXw,AggregationRelationship,EA ModelSet
_ET79uqmAEeqEM7mFKilpXw,_ET79mqmAEeqEM7mFKilpXw,RealizationRelationship,EA ModelSet
_ET79yqmAEeqEM7mFKilpXw,_ET79yKmAEeqEM7mFKilpXw,ServingRelationship,EA ModelSet
_ET79yKmAEeqEM7mFKilpXw,_ET79zKmAEeqEM7mFKilpXw,AggregationRelationship,EA ModelSet
_ET79yqmAEeqEM7mFKilpXw,_ET79zqmAEeqEM7mFKilpXw,AggregationRelationship,EA ModelSet
_ET79yKmAEeqEM7mFKilpXw,_ET79nqmAEeqEM7mFKilpXw,RealizationRelationship,EA ModelSet
_ET79fKmAEeqEM7mFKilpXw,_ET79lqmAEeqEM7mFKilpXw,RealizationRelationship,EA ModelSet
_ET79fKmAEeqEM7mFKilpXw,_ET79tKmAEeqEM7mFKilpXw,AggregationRelationship,EA ModelSet
_ET79uqmAEeqEM7mFKilpXw,_ET79wKmAEeqEM7mFKilpXw,AggregationRelationship,EA ModelSet
_ET79wqmAEeqEM7mFKilpXw,_ET79xqmAEeqEM7mFKilpXw,AggregationRelationship,EA ModelSet
_ET790KmAEeqEM7mFKilpXw,_ET79oKmAEeqEM7mFKilpXw,RealizationRelationship,EA ModelSet
_ET790KmAEeqEM7mFKilpXw,_ET791KmAEeqEM7mFKilpXw,AggregationRelationship,EA ModelSet
_ET790KmAEeqEM7mFKilpXw,_ET790qmAEeqEM7mFKilpXw,AggregationRelationship,EA ModelSet
_ET791qmAEeqEM7mFKilpXw,_ET792KmAEeqEM7mFKilpXw,AggregationRelationship,EA ModelSet
_ET791qmAEeqEM7mFKilpXw,_ET792qmAEeqEM7mFKilpXw,AggregationRelationship,EA ModelSet
_ET791qmAEeqEM7mFKilpXw,_ET79oqmAEeqEM7mFKilpXw,RealizationRelationship,EA ModelSet
_ET793KmAEeqEM7mFKilpXw,_ET793qmAEeqEM7mFKilpXw,AggregationRelationship,EA ModelSet
_ET793KmAEeqEM7mFKilpXw,_ET794KmAEeqEM7mFKilpXw,AggregationRelationship,EA ModelSet
_ET793KmAEeqEM7mFKilpXw,_ET79pKmAEeqEM7mFKilpXw,RealizationRelationship,EA ModelSet
_ET794qmAEeqEM7mFKilpXw,_ET795KmAEeqEM7mFKilpXw,AggregationRelationship,EA ModelSet
_ET794qmAEeqEM7mFKilpXw,_ET795qmAEeqEM7mFKilpXw,AggregationRelationship,EA ModelSet
_ET796KmAEeqEM7mFKilpXw,_ET796qmAEeqEM7mFKilpXw,AggregationRelationship,EA ModelSet
_ET796KmAEeqEM7mFKilpXw,_ET797KmAEeqEM7mFKilpXw,AggregationRelationship,EA ModelSet
_ET797qmAEeqEM7mFKilpXw,_ET798qmAEeqEM7mFKilpXw,AggregationRelationship,EA ModelSet
_ET797qmAEeqEM7mFKilpXw,_ET798KmAEeqEM7mFKilpXw,AggregationRelationship,EA ModelSet
_ET797qmAEeqEM7mFKilpXw,_ET79qqmAEeqEM7mFKilpXw,RealizationRelationship,EA ModelSet
_ET796KmAEeqEM7mFKilpXw,_ET79qKmAEeqEM7mFKilpXw,RealizationRelationship,EA ModelSet
_ET794qmAEeqEM7mFKilpXw,_ET79pqmAEeqEM7mFKilpXw,RealizationRelationship,EA ModelSet
_ET799KmAEeqEM7mFKilpXw,_ET799qmAEeqEM7mFKilpXw,AggregationRelationship,EA ModelSet
_ET799KmAEeqEM7mFKilpXw,_ET79rKmAEeqEM7mFKilpXw,RealizationRelationship,EA ModelSet
_ET79jqmAEeqEM7mFKilpXw,_ET79VKmAEeqEM7mFKilpXw,RealizationRelationship,EA ModelSet
_ET79-KmAEeqEM7mFKilpXw,_ET79_KmAEeqEM7mFKilpXw,AggregationRelationship,EA ModelSet
_ET79-KmAEeqEM7mFKilpXw,_ET79-qmAEeqEM7mFKilpXw,AggregationRelationship,EA ModelSet
_ET79-KmAEeqEM7mFKilpXw,_ET79rqmAEeqEM7mFKilpXw,RealizationRelationship,EA ModelSet
_ET79aKmAEeqEM7mFKilpXw,_ET79_qmAEeqEM7mFKilpXw,ServingRelationship,EA ModelSet
_ET79ZqmAEeqEM7mFKilpXw,_ET79_qmAEeqEM7mFKilpXw,ServingRelationship,EA ModelSet
_ET79UKmAEeqEM7mFKilpXw,_ET79_qmAEeqEM7mFKilpXw,ServingRelationship,EA ModelSet
_ET79UqmAEeqEM7mFKilpXw,_ET79_qmAEeqEM7mFKilpXw,ServingRelationship,EA ModelSet
_ET79TqmAEeqEM7mFKilpXw,_ET79_qmAEeqEM7mFKilpXw,ServingRelationship,EA ModelSet
_ET79TKmAEeqEM7mFKilpXw,_ET79_qmAEeqEM7mFKilpXw,ServingRelationship,EA ModelSet
_ET79WKmAEeqEM7mFKilpXw,_ET79_qmAEeqEM7mFKilpXw,ServingRelationship,EA ModelSet
_ET79VKmAEeqEM7mFKilpXw,_ET79_qmAEeqEM7mFKilpXw,ServingRelationship,EA ModelSet
_ET79VqmAEeqEM7mFKilpXw,_ET79_qmAEeqEM7mFKilpXw,ServingRelationship,EA ModelSet
_ET79XKmAEeqEM7mFKilpXw,_ET79_qmAEeqEM7mFKilpXw,ServingRelationship,EA ModelSet
_ET79WqmAEeqEM7mFKilpXw,_ET79_qmAEeqEM7mFKilpXw,ServingRelationship,EA ModelSet
_ET79YKmAEeqEM7mFKilpXw,_ET79_qmAEeqEM7mFKilpXw,ServingRelationship,EA ModelSet
_ET79XqmAEeqEM7mFKilpXw,_ET79_qmAEeqEM7mFKilpXw,ServingRelationship,EA ModelSet
_ET79kqmAEeqEM7mFKilpXw,_ET79VKmAEeqEM7mFKilpXw,RealizationRelationship,EA ModelSet
_ET79kKmAEeqEM7mFKilpXw,_ET79VKmAEeqEM7mFKilpXw,RealizationRelationship,EA ModelSet
_ET79YqmAEeqEM7mFKilpXw,_ET79_qmAEeqEM7mFKilpXw,ServingRelationship,EA ModelSet
_ET79ZKmAEeqEM7mFKilpXw,_ET79_qmAEeqEM7mFKilpXw,ServingRelationship,EA ModelSet
_ET7-GKmAEeqEM7mFKilpXw,_ET7-FqmAEeqEM7mFKilpXw,RealizationRelationship,EA ModelSet
id-1138dafb-42a2-4c80-87ac-12a0f5c9e35e,id-01cfdb9d-e314-443e-aad2-500a3814f7f9,CompositionRelationship,EA ModelSet
id-1138dafb-42a2-4c80-87ac-12a0f5c9e35e,f25cd18d-27c8-4c3a-a469-4db521e48ab6,CompositionRelationship,EA ModelSet
id-01cfdb9d-e314-443e-aad2-500a3814f7f9,id-43fa3184-42f6-406d-b0b1-5f4b888d5e49,SpecializationRelationship,EA ModelSet
f25cd18d-27c8-4c3a-a469-4db521e48ab6,id-43fa3184-42f6-406d-b0b1-5f4b888d5e49,SpecializationRelationship,EA ModelSet
id-1138dafb-42a2-4c80-87ac-12a0f5c9e35e,id-5721e7b6-5038-4dab-81f3-a12bb5eb1068,CompositionRelationship,EA ModelSet
id-358b36b0-4188-4f9b-81ba-7e0e1ce18c77,id-8ae9962f-a7da-4734-be8b-bd5851adb165,CompositionRelationship,EA ModelSet
id-358b36b0-4188-4f9b-81ba-7e0e1ce18c77,id-22243ec1-6f8f-4a3a-b62e-f8bf93b31a0e,CompositionRelationship,EA ModelSet
id-358b36b0-4188-4f9b-81ba-7e0e1ce18c77,b67dfc73-9c00-4f04-80e0-97a073b36561,CompositionRelationship,EA ModelSet
id-3c350cd8-10bd-47fd-a659-f8a16c2c5760,c5b8dd48-cdd4-410f-889d-fcc6f9b05b77,CompositionRelationship,EA ModelSet
id-3c350cd8-10bd-47fd-a659-f8a16c2c5760,ccefaf22-b441-4616-8948-21b608c78218,CompositionRelationship,EA ModelSet
id-358b36b0-4188-4f9b-81ba-7e0e1ce18c77,a5ee0272-a125-467c-af33-a0057b39c6c6,AggregationRelationship,EA ModelSet
id-358b36b0-4188-4f9b-81ba-7e0e1ce18c77,id-4e958b72-6f36-4cab-96b7-29e1091ae0cc,AggregationRelationship,EA ModelSet
id-1138dafb-42a2-4c80-87ac-12a0f5c9e35e,id-00e5a08d-c5de-404e-9372-ef0ccc2f3ffa,AggregationRelationship,EA ModelSet
id-1138dafb-42a2-4c80-87ac-12a0f5c9e35e,ef9faceb-f5eb-4836-90af-c1f9a89e8961,AggregationRelationship,EA ModelSet
id-00e5a08d-c5de-404e-9372-ef0ccc2f3ffa,id-43fa3184-42f6-406d-b0b1-5f4b888d5e49,SpecializationRelationship,EA ModelSet
ef9faceb-f5eb-4836-90af-c1f9a89e8961,id-43fa3184-42f6-406d-b0b1-5f4b888d5e49,SpecializationRelationship,EA ModelSet
id-5721e7b6-5038-4dab-81f3-a12bb5eb1068,id-43fa3184-42f6-406d-b0b1-5f4b888d5e49,SpecializationRelationship,EA ModelSet
id-40e4ac30-a641-4c03-b834-b015763fd7d8,id-00e5a08d-c5de-404e-9372-ef0ccc2f3ffa,AssociationRelationship,EA ModelSet
id-40e4ac30-a641-4c03-b834-b015763fd7d8,ef9faceb-f5eb-4836-90af-c1f9a89e8961,AssociationRelationship,EA ModelSet
id-8d831251-1262-43bc-81e1-e86d979a105c,f25cd18d-27c8-4c3a-a469-4db521e48ab6,AssociationRelationship,EA ModelSet
id-8d831251-1262-43bc-81e1-e86d979a105c,id-01cfdb9d-e314-443e-aad2-500a3814f7f9,AssociationRelationship,EA ModelSet
f78320fd-0e3c-4e48-8992-4586e6f524b1,id-5721e7b6-5038-4dab-81f3-a12bb5eb1068,AssociationRelationship,EA ModelSet
cc4188d2-9e3c-47b1-bdac-b06be7b49335,id-8d831251-1262-43bc-81e1-e86d979a105c,AssociationRelationship,EA ModelSet
cc4188d2-9e3c-47b1-bdac-b06be7b49335,id-40e4ac30-a641-4c03-b834-b015763fd7d8,AssociationRelationship,EA ModelSet
id-0e257062-b8ec-4437-8ff8-15252d37e587,id-40e4ac30-a641-4c03-b834-b015763fd7d8,AssociationRelationship,EA ModelSet
id-0e257062-b8ec-4437-8ff8-15252d37e587,id-8d831251-1262-43bc-81e1-e86d979a105c,AssociationRelationship,EA ModelSet
id-0e257062-b8ec-4437-8ff8-15252d37e587,f78320fd-0e3c-4e48-8992-4586e6f524b1,AssociationRelationship,EA ModelSet
id-1b955391-87f1-4c77-aa6c-f4b0637c228b,id-01cfdb9d-e314-443e-aad2-500a3814f7f9,CompositionRelationship,EA ModelSet
id-1b955391-87f1-4c77-aa6c-f4b0637c228b,f9668d25-e5c5-486e-9d05-402b7f6badfc,CompositionRelationship,EA ModelSet
id-1b955391-87f1-4c77-aa6c-f4b0637c228b,id-597bb0f3-755f-4cca-8b76-2181326524d7,AggregationRelationship,EA ModelSet
id-01cfdb9d-e314-443e-aad2-500a3814f7f9,f9668d25-e5c5-486e-9d05-402b7f6badfc,AssociationRelationship,EA ModelSet
id-597bb0f3-755f-4cca-8b76-2181326524d7,f9668d25-e5c5-486e-9d05-402b7f6badfc,AssociationRelationship,EA ModelSet
id-6210b7a8-cca6-4df1-b336-5165cd9d59fb,id-597bb0f3-755f-4cca-8b76-2181326524d7,AccessRelationship,EA ModelSet
id-1b955391-87f1-4c77-aa6c-f4b0637c228b,c5b8dd48-cdd4-410f-889d-fcc6f9b05b77,AggregationRelationship,EA ModelSet
id-1b955391-87f1-4c77-aa6c-f4b0637c228b,id-8edae3d7-78f4-4c76-a1e9-1fd4dee821b5,AggregationRelationship,EA ModelSet
id-8edae3d7-78f4-4c76-a1e9-1fd4dee821b5,id-01cfdb9d-e314-443e-aad2-500a3814f7f9,AssignmentRelationship,EA ModelSet
c5b8dd48-cdd4-410f-889d-fcc6f9b05b77,id-8edae3d7-78f4-4c76-a1e9-1fd4dee821b5,ServingRelationship,EA ModelSet
id-1b955391-87f1-4c77-aa6c-f4b0637c228b,id-89b04e34-43a9-4871-bdba-3a248e1125b9,AggregationRelationship,EA ModelSet
c5b8dd48-cdd4-410f-889d-fcc6f9b05b77,id-89b04e34-43a9-4871-bdba-3a248e1125b9,TriggeringRelationship,EA ModelSet
id-1b955391-87f1-4c77-aa6c-f4b0637c228b,id-5c1e37fd-5681-4ce5-aa58-7ad0d43aebc6,AggregationRelationship,EA ModelSet
id-5c1e37fd-5681-4ce5-aa58-7ad0d43aebc6,id-89b04e34-43a9-4871-bdba-3a248e1125b9,RealizationRelationship,EA ModelSet
id-5c1e37fd-5681-4ce5-aa58-7ad0d43aebc6,id-6210b7a8-cca6-4df1-b336-5165cd9d59fb,CompositionRelationship,EA ModelSet
id-1b955391-87f1-4c77-aa6c-f4b0637c228b,id-5910a0f4-7c9f-442a-9570-513d8d5bb14f,AggregationRelationship,EA ModelSet
id-1b955391-87f1-4c77-aa6c-f4b0637c228b,id-11e622b2-5e33-4c57-99d7-360660178a87,AggregationRelationship,EA ModelSet
id-5910a0f4-7c9f-442a-9570-513d8d5bb14f,id-11e622b2-5e33-4c57-99d7-360660178a87,AggregationRelationship,EA ModelSet
id-5c1e37fd-5681-4ce5-aa58-7ad0d43aebc6,id-77360300-bfba-4880-8b35-62d4e95df7e4,CompositionRelationship,EA ModelSet
id-6210b7a8-cca6-4df1-b336-5165cd9d59fb,id-77360300-bfba-4880-8b35-62d4e95df7e4,TriggeringRelationship,EA ModelSet
id-1b955391-87f1-4c77-aa6c-f4b0637c228b,id-5090ffa2-2f38-495f-8a2d-10969ad660cc,AggregationRelationship,EA ModelSet
id-5090ffa2-2f38-495f-8a2d-10969ad660cc,id-77360300-bfba-4880-8b35-62d4e95df7e4,ServingRelationship,EA ModelSet
id-5c1e37fd-5681-4ce5-aa58-7ad0d43aebc6,a87d1275-e6f8-4b76-9311-72b93f05272d,CompositionRelationship,EA ModelSet
id-77360300-bfba-4880-8b35-62d4e95df7e4,a87d1275-e6f8-4b76-9311-72b93f05272d,TriggeringRelationship,EA ModelSet
a87d1275-e6f8-4b76-9311-72b93f05272d,id-11e622b2-5e33-4c57-99d7-360660178a87,AccessRelationship,EA ModelSet
id-1b955391-87f1-4c77-aa6c-f4b0637c228b,id-3fea1629-b2ff-40a0-b1d9-a13a44fa3361,AggregationRelationship,EA ModelSet
a87d1275-e6f8-4b76-9311-72b93f05272d,id-3fea1629-b2ff-40a0-b1d9-a13a44fa3361,AccessRelationship,EA ModelSet
id-597bb0f3-755f-4cca-8b76-2181326524d7,id-3fea1629-b2ff-40a0-b1d9-a13a44fa3361,SpecializationRelationship,EA ModelSet
id-5910a0f4-7c9f-442a-9570-513d8d5bb14f,id-3fea1629-b2ff-40a0-b1d9-a13a44fa3361,AssociationRelationship,EA ModelSet
id-5c1e37fd-5681-4ce5-aa58-7ad0d43aebc6,c4d3297f-2096-4580-ac23-0fc367fb36d2,CompositionRelationship,EA ModelSet
a87d1275-e6f8-4b76-9311-72b93f05272d,c4d3297f-2096-4580-ac23-0fc367fb36d2,TriggeringRelationship,EA ModelSet
id-5c1e37fd-5681-4ce5-aa58-7ad0d43aebc6,id-436fa82b-2319-402e-a38e-21b639186b80,CompositionRelationship,EA ModelSet
a87d1275-e6f8-4b76-9311-72b93f05272d,id-436fa82b-2319-402e-a38e-21b639186b80,TriggeringRelationship,EA ModelSet
id-5c1e37fd-5681-4ce5-aa58-7ad0d43aebc6,id-35f7f55a-795e-448e-afe0-275289e5d732,AggregationRelationship,EA ModelSet
id-5c1e37fd-5681-4ce5-aa58-7ad0d43aebc6,id-6121a5f4-f12e-42dc-9eab-6c8c7f9d5260,RealizationRelationship,EA ModelSet
id-436fa82b-2319-402e-a38e-21b639186b80,id-6121a5f4-f12e-42dc-9eab-6c8c7f9d5260,TriggeringRelationship,EA ModelSet
c4d3297f-2096-4580-ac23-0fc367fb36d2,id-6121a5f4-f12e-42dc-9eab-6c8c7f9d5260,TriggeringRelationship,EA ModelSet
id-6121a5f4-f12e-42dc-9eab-6c8c7f9d5260,id-35f7f55a-795e-448e-afe0-275289e5d732,TriggeringRelationship,EA ModelSet
id-1b955391-87f1-4c77-aa6c-f4b0637c228b,ac3e2539-c413-402a-b5f3-e1bf87af2364,AggregationRelationship,EA ModelSet
ac3e2539-c413-402a-b5f3-e1bf87af2364,id-3fea1629-b2ff-40a0-b1d9-a13a44fa3361,SpecializationRelationship,EA ModelSet
id-35f7f55a-795e-448e-afe0-275289e5d732,ac3e2539-c413-402a-b5f3-e1bf87af2364,AccessRelationship,EA ModelSet
id-1b955391-87f1-4c77-aa6c-f4b0637c228b,id-4e958b72-6f36-4cab-96b7-29e1091ae0cc,AggregationRelationship,EA ModelSet
id-4e958b72-6f36-4cab-96b7-29e1091ae0cc,ac3e2539-c413-402a-b5f3-e1bf87af2364,AssociationRelationship,EA ModelSet
id-47ab9ea3-cb81-4654-af90-81b8572f7036,f25cd18d-27c8-4c3a-a469-4db521e48ab6,AggregationRelationship,EA ModelSet
id-47ab9ea3-cb81-4654-af90-81b8572f7036,f9668d25-e5c5-486e-9d05-402b7f6badfc,AggregationRelationship,EA ModelSet
f25cd18d-27c8-4c3a-a469-4db521e48ab6,f9668d25-e5c5-486e-9d05-402b7f6badfc,AssociationRelationship,EA ModelSet
id-47ab9ea3-cb81-4654-af90-81b8572f7036,id-597bb0f3-755f-4cca-8b76-2181326524d7,AggregationRelationship,EA ModelSet
id-47ab9ea3-cb81-4654-af90-81b8572f7036,b1b16e78-b12d-4647-ac16-ee04a4823347,AggregationRelationship,EA ModelSet
b1b16e78-b12d-4647-ac16-ee04a4823347,f25cd18d-27c8-4c3a-a469-4db521e48ab6,AssignmentRelationship,EA ModelSet
id-47ab9ea3-cb81-4654-af90-81b8572f7036,c5b8dd48-cdd4-410f-889d-fcc6f9b05b77,AggregationRelationship,EA ModelSet
c5b8dd48-cdd4-410f-889d-fcc6f9b05b77,b1b16e78-b12d-4647-ac16-ee04a4823347,ServingRelationship,EA ModelSet
id-47ab9ea3-cb81-4654-af90-81b8572f7036,bd2e4f72-4864-43ad-8c8b-739d9cb16ec6,AggregationRelationship,EA ModelSet
c5b8dd48-cdd4-410f-889d-fcc6f9b05b77,bd2e4f72-4864-43ad-8c8b-739d9cb16ec6,TriggeringRelationship,EA ModelSet
id-47ab9ea3-cb81-4654-af90-81b8572f7036,id-8fddb176-c218-47ab-a8dc-882a2893c297,AggregationRelationship,EA ModelSet
id-8fddb176-c218-47ab-a8dc-882a2893c297,id-6210b7a8-cca6-4df1-b336-5165cd9d59fb,CompositionRelationship,EA ModelSet
id-8fddb176-c218-47ab-a8dc-882a2893c297,id-77360300-bfba-4880-8b35-62d4e95df7e4,CompositionRelationship,EA ModelSet
id-8fddb176-c218-47ab-a8dc-882a2893c297,a87d1275-e6f8-4b76-9311-72b93f05272d,CompositionRelationship,EA ModelSet
id-47ab9ea3-cb81-4654-af90-81b8572f7036,id-3fea1629-b2ff-40a0-b1d9-a13a44fa3361,AggregationRelationship,EA ModelSet
id-8fddb176-c218-47ab-a8dc-882a2893c297,bd2e4f72-4864-43ad-8c8b-739d9cb16ec6,RealizationRelationship,EA ModelSet
id-47ab9ea3-cb81-4654-af90-81b8572f7036,id-5275966a-fe02-46b9-84da-71a20175f2c5,AggregationRelationship,EA ModelSet
id-5275966a-fe02-46b9-84da-71a20175f2c5,id-3fea1629-b2ff-40a0-b1d9-a13a44fa3361,SpecializationRelationship,EA ModelSet
id-8fddb176-c218-47ab-a8dc-882a2893c297,id-72dc01d8-06b6-425b-9128-30215772ba43,AggregationRelationship,EA ModelSet
id-47ab9ea3-cb81-4654-af90-81b8572f7036,id-8624c469-a195-4cba-aee6-7c3ae170754e,AggregationRelationship,EA ModelSet
a87d1275-e6f8-4b76-9311-72b93f05272d,id-72dc01d8-06b6-425b-9128-30215772ba43,TriggeringRelationship,EA ModelSet
id-8624c469-a195-4cba-aee6-7c3ae170754e,id-72dc01d8-06b6-425b-9128-30215772ba43,ServingRelationship,EA ModelSet
id-8fddb176-c218-47ab-a8dc-882a2893c297,eb614993-9ca5-4d3e-bb66-596bb965d39b,CompositionRelationship,EA ModelSet
eb614993-9ca5-4d3e-bb66-596bb965d39b,id-5275966a-fe02-46b9-84da-71a20175f2c5,AccessRelationship,EA ModelSet
id-72dc01d8-06b6-425b-9128-30215772ba43,eb614993-9ca5-4d3e-bb66-596bb965d39b,TriggeringRelationship,EA ModelSet
id-47ab9ea3-cb81-4654-af90-81b8572f7036,id-8ae9962f-a7da-4734-be8b-bd5851adb165,AggregationRelationship,EA ModelSet
id-8ae9962f-a7da-4734-be8b-bd5851adb165,id-5275966a-fe02-46b9-84da-71a20175f2c5,AssociationRelationship,EA ModelSet
id-1b955391-87f1-4c77-aa6c-f4b0637c228b,be95cc03-5407-4d52-a918-221ece6e5b76,AggregationRelationship,EA ModelSet
be95cc03-5407-4d52-a918-221ece6e5b76,a87d1275-e6f8-4b76-9311-72b93f05272d,ServingRelationship,EA ModelSet
id-47ab9ea3-cb81-4654-af90-81b8572f7036,be95cc03-5407-4d52-a918-221ece6e5b76,AggregationRelationship,EA ModelSet
ccefaf22-b441-4616-8948-21b608c78218,id-0cc863e1-a291-4f24-8e5f-2032fd8ceb95,ServingRelationship,EA ModelSet
id-97710ba9-8b14-4625-bbf6-fef222d95732,ccefaf22-b441-4616-8948-21b608c78218,ServingRelationship,EA ModelSet
id-260230d9-5f5d-4cfc-85af-8b448d301c05,id-20020865-85ab-4c47-a81f-52b58bccfeea,AssignmentRelationship,EA ModelSet
id-27e65386-56e6-42e7-a43c-c34f339be07b,id-59fd99d8-80b0-48f7-a0d9-ac5ac1c18cff,AssignmentRelationship,EA ModelSet
id-52ed6f21-d022-4b99-9a4e-cd3e138d7839,id-534d5d4f-b779-428a-ac84-862cca5a33ba,AssignmentRelationship,EA ModelSet
id-52ed6f21-d022-4b99-9a4e-cd3e138d7839,id-963f56e4-bd87-41a1-aa7d-67fb2809b093,AssignmentRelationship,EA ModelSet
a48ce6aa-a710-4bda-9d2f-d9d3892efc8a,id-5c14a333-0a08-478b-923b-f184c1170b15,AssignmentRelationship,EA ModelSet
a48ce6aa-a710-4bda-9d2f-d9d3892efc8a,d10de43a-3156-40d5-a705-502eae99688e,AssignmentRelationship,EA ModelSet
a48ce6aa-a710-4bda-9d2f-d9d3892efc8a,id-49ab7e59-c309-45b1-b177-5a127d7f22f5,AssignmentRelationship,EA ModelSet
id-8fbf5d10-baa1-430b-be86-d34364bd471c,id-49ab7e59-c309-45b1-b177-5a127d7f22f5,ServingRelationship,EA ModelSet
id-8fbf5d10-baa1-430b-be86-d34364bd471c,id-963f56e4-bd87-41a1-aa7d-67fb2809b093,ServingRelationship,EA ModelSet
id-8fbf5d10-baa1-430b-be86-d34364bd471c,d10de43a-3156-40d5-a705-502eae99688e,ServingRelationship,EA ModelSet
id-08224d98-e5d0-4879-94d3-06f5044ca5b9,id-5c14a333-0a08-478b-923b-f184c1170b15,ServingRelationship,EA ModelSet
id-08224d98-e5d0-4879-94d3-06f5044ca5b9,id-534d5d4f-b779-428a-ac84-862cca5a33ba,ServingRelationship,EA ModelSet
id-08224d98-e5d0-4879-94d3-06f5044ca5b9,id-59fd99d8-80b0-48f7-a0d9-ac5ac1c18cff,ServingRelationship,EA ModelSet
id-6434abde-5615-4a0a-8e04-d3edd04adc0c,id-20020865-85ab-4c47-a81f-52b58bccfeea,ServingRelationship,EA ModelSet
id-0c679c93-325d-4082-b9f9-2ef56095d95b,id-08224d98-e5d0-4879-94d3-06f5044ca5b9,ServingRelationship,EA ModelSet
id-0c679c93-325d-4082-b9f9-2ef56095d95b,id-8fbf5d10-baa1-430b-be86-d34364bd471c,ServingRelationship,EA ModelSet
id-396b9e58-c944-44d2-b93e-57e10d832669,id-8fbf5d10-baa1-430b-be86-d34364bd471c,ServingRelationship,EA ModelSet
id-62027a38-45b7-458d-9955-b197a3ac1ddb,id-8fbf5d10-baa1-430b-be86-d34364bd471c,ServingRelationship,EA ModelSet
id-4fb14c25-0f49-4654-a5b1-0695179aef14,id-8fbf5d10-baa1-430b-be86-d34364bd471c,ServingRelationship,EA ModelSet
dbb33320-e7d3-4400-be3b-aaf28d8589dd,id-8fbf5d10-baa1-430b-be86-d34364bd471c,ServingRelationship,EA ModelSet
id-0316c932-9da3-4943-b22d-d36239ca202c,id-08224d98-e5d0-4879-94d3-06f5044ca5b9,ServingRelationship,EA ModelSet
id-54a87d8c-9cbc-49d3-bfbb-31107c42fa10,id-0316c932-9da3-4943-b22d-d36239ca202c,ServingRelationship,EA ModelSet
id-54a87d8c-9cbc-49d3-bfbb-31107c42fa10,id-0561e6c6-31b5-4d6a-9cde-dd23f3ec1511,ServingRelationship,EA ModelSet
id-0561e6c6-31b5-4d6a-9cde-dd23f3ec1511,id-62027a38-45b7-458d-9955-b197a3ac1ddb,ServingRelationship,EA ModelSet
id-0561e6c6-31b5-4d6a-9cde-dd23f3ec1511,id-4fb14c25-0f49-4654-a5b1-0695179aef14,ServingRelationship,EA ModelSet
id-0561e6c6-31b5-4d6a-9cde-dd23f3ec1511,dbb33320-e7d3-4400-be3b-aaf28d8589dd,ServingRelationship,EA ModelSet
aea996ca-18b4-4176-be59-e4f7e5358b05,id-0561e6c6-31b5-4d6a-9cde-dd23f3ec1511,ServingRelationship,EA ModelSet
cb1b57eb-1330-4f4b-b8eb-0c6c7f9485d2,id-0561e6c6-31b5-4d6a-9cde-dd23f3ec1511,ServingRelationship,EA ModelSet
ba1407c4-4f01-4db5-9777-5893e143fd41,id-0561e6c6-31b5-4d6a-9cde-dd23f3ec1511,ServingRelationship,EA ModelSet
cb1b57eb-1330-4f4b-b8eb-0c6c7f9485d2,id-396b9e58-c944-44d2-b93e-57e10d832669,ServingRelationship,EA ModelSet
id-59fd99d8-80b0-48f7-a0d9-ac5ac1c18cff,id-7be9ad68-7503-42ce-bc43-a9ee080d5a9e,CompositionRelationship,EA ModelSet
id-59fd99d8-80b0-48f7-a0d9-ac5ac1c18cff,id-7b12008c-9e3f-4e9f-b1ca-ae41fa184e3c,CompositionRelationship,EA ModelSet
id-7be9ad68-7503-42ce-bc43-a9ee080d5a9e,id-0ce6e6f6-0633-4585-ac18-97e2d15a0781,FlowRelationship,EA ModelSet
id-0ce6e6f6-0633-4585-ac18-97e2d15a0781,id-7b12008c-9e3f-4e9f-b1ca-ae41fa184e3c,FlowRelationship,EA ModelSet
d10de43a-3156-40d5-a705-502eae99688e,id-2d3d6fb4-bfd0-499f-89d5-d52b9b98b684,CompositionRelationship,EA ModelSet
d10de43a-3156-40d5-a705-502eae99688e,id-06e2c91a-3a99-4635-97fa-0b03df5699e4,CompositionRelationship,EA ModelSet
d10de43a-3156-40d5-a705-502eae99688e,id-5acaa556-032c-471c-9b86-5b9680ba0026,CompositionRelationship,EA ModelSet
d10de43a-3156-40d5-a705-502eae99688e,id-49ab7e59-c309-45b1-b177-5a127d7f22f5,CompositionRelationship,EA ModelSet
d10de43a-3156-40d5-a705-502eae99688e,id-7be9ad68-7503-42ce-bc43-a9ee080d5a9e,CompositionRelationship,EA ModelSet
id-59fd99d8-80b0-48f7-a0d9-ac5ac1c18cff,a1c7130a-01fe-4b99-af96-29ebf69e97b0,CompositionRelationship,EA ModelSet
id-0ce6e6f6-0633-4585-ac18-97e2d15a0781,a1c7130a-01fe-4b99-af96-29ebf69e97b0,FlowRelationship,EA ModelSet
a1c7130a-01fe-4b99-af96-29ebf69e97b0,id-7b12008c-9e3f-4e9f-b1ca-ae41fa184e3c,FlowRelationship,EA ModelSet
d10de43a-3156-40d5-a705-502eae99688e,a1c7130a-01fe-4b99-af96-29ebf69e97b0,CompositionRelationship,EA ModelSet
d10de43a-3156-40d5-a705-502eae99688e,id-7b12008c-9e3f-4e9f-b1ca-ae41fa184e3c,CompositionRelationship,EA ModelSet
d10de43a-3156-40d5-a705-502eae99688e,id-9de9d1f5-d214-468a-bbc7-a9c39e421c22,CompositionRelationship,EA ModelSet
id-2d3d6fb4-bfd0-499f-89d5-d52b9b98b684,a37ffec2-bc89-4530-8207-2faa75d3a0c3,FlowRelationship,EA ModelSet
a37ffec2-bc89-4530-8207-2faa75d3a0c3,id-7be9ad68-7503-42ce-bc43-a9ee080d5a9e,FlowRelationship,EA ModelSet
a37ffec2-bc89-4530-8207-2faa75d3a0c3,d10de43a-3156-40d5-a705-502eae99688e,FlowRelationship,EA ModelSet
a37ffec2-bc89-4530-8207-2faa75d3a0c3,id-06e2c91a-3a99-4635-97fa-0b03df5699e4,FlowRelationship,EA ModelSet
id-06e2c91a-3a99-4635-97fa-0b03df5699e4,ff9fb996-bd48-4300-b906-7b0d6b487638,FlowRelationship,EA ModelSet
id-7be9ad68-7503-42ce-bc43-a9ee080d5a9e,id-02e0f883-5e76-4ece-8c94-da123b44520b,FlowRelationship,EA ModelSet
id-02e0f883-5e76-4ece-8c94-da123b44520b,a1c7130a-01fe-4b99-af96-29ebf69e97b0,FlowRelationship,EA ModelSet
id-02e0f883-5e76-4ece-8c94-da123b44520b,id-7b12008c-9e3f-4e9f-b1ca-ae41fa184e3c,FlowRelationship,EA ModelSet
ff9fb996-bd48-4300-b906-7b0d6b487638,id-5acaa556-032c-471c-9b86-5b9680ba0026,FlowRelationship,EA ModelSet
ff9fb996-bd48-4300-b906-7b0d6b487638,id-49ab7e59-c309-45b1-b177-5a127d7f22f5,FlowRelationship,EA ModelSet
d10de43a-3156-40d5-a705-502eae99688e,id-9de9d1f5-d214-468a-bbc7-a9c39e421c22,FlowRelationship,EA ModelSet
id-7b12008c-9e3f-4e9f-b1ca-ae41fa184e3c,id-9de9d1f5-d214-468a-bbc7-a9c39e421c22,FlowRelationship,EA ModelSet
id-49ab7e59-c309-45b1-b177-5a127d7f22f5,id-9de9d1f5-d214-468a-bbc7-a9c39e421c22,FlowRelationship,EA ModelSet
id-5acaa556-032c-471c-9b86-5b9680ba0026,id-49ab7e59-c309-45b1-b177-5a127d7f22f5,FlowRelationship,EA ModelSet
id-963f56e4-bd87-41a1-aa7d-67fb2809b093,id-92738984-87d4-45b5-87a5-6fcdc8f8e8b8,CompositionRelationship,EA ModelSet
id-963f56e4-bd87-41a1-aa7d-67fb2809b093,id-2dcaf6c5-09d9-4d58-a0b4-e9480eb55c45,CompositionRelationship,EA ModelSet
id-963f56e4-bd87-41a1-aa7d-67fb2809b093,id-2dc48cff-8463-4e9a-96f1-17eefa6a11c0,CompositionRelationship,EA ModelSet
id-963f56e4-bd87-41a1-aa7d-67fb2809b093,id-534d5d4f-b779-428a-ac84-862cca5a33ba,CompositionRelationship,EA ModelSet
id-963f56e4-bd87-41a1-aa7d-67fb2809b093,id-25ea4728-bfbf-4139-825c-bf7c55cfa9b6,CompositionRelationship,EA ModelSet
id-963f56e4-bd87-41a1-aa7d-67fb2809b093,id-0f9683ee-dbff-4f25-9573-cdceb47ad652,CompositionRelationship,EA ModelSet
id-92738984-87d4-45b5-87a5-6fcdc8f8e8b8,id-7e0e1686-0432-4891-9dc3-783735f0c779,FlowRelationship,EA ModelSet
id-7e0e1686-0432-4891-9dc3-783735f0c779,id-2dcaf6c5-09d9-4d58-a0b4-e9480eb55c45,FlowRelationship,EA ModelSet
id-7e0e1686-0432-4891-9dc3-783735f0c779,id-2dc48cff-8463-4e9a-96f1-17eefa6a11c0,FlowRelationship,EA ModelSet
id-7e0e1686-0432-4891-9dc3-783735f0c779,id-534d5d4f-b779-428a-ac84-862cca5a33ba,FlowRelationship,EA ModelSet
id-7e0e1686-0432-4891-9dc3-783735f0c779,id-25ea4728-bfbf-4139-825c-bf7c55cfa9b6,FlowRelationship,EA ModelSet
id-2dc48cff-8463-4e9a-96f1-17eefa6a11c0,id-534d5d4f-b779-428a-ac84-862cca5a33ba,FlowRelationship,EA ModelSet
id-2dcaf6c5-09d9-4d58-a0b4-e9480eb55c45,id-25ea4728-bfbf-4139-825c-bf7c55cfa9b6,FlowRelationship,EA ModelSet
id-25ea4728-bfbf-4139-825c-bf7c55cfa9b6,id-0f9683ee-dbff-4f25-9573-cdceb47ad652,FlowRelationship,EA ModelSet
id-534d5d4f-b779-428a-ac84-862cca5a33ba,id-0f9683ee-dbff-4f25-9573-cdceb47ad652,FlowRelationship,EA ModelSet
id-20020865-85ab-4c47-a81f-52b58bccfeea,id-2d3d6fb4-bfd0-499f-89d5-d52b9b98b684,CompositionRelationship,EA ModelSet
id-20020865-85ab-4c47-a81f-52b58bccfeea,id-9de9d1f5-d214-468a-bbc7-a9c39e421c22,CompositionRelationship,EA ModelSet
id-20020865-85ab-4c47-a81f-52b58bccfeea,id-5c54a918-c982-422e-a468-4daaf4777f09,CompositionRelationship,EA ModelSet
id-20020865-85ab-4c47-a81f-52b58bccfeea,be424e48-cc1a-4b55-ae2f-408bb5c27687,CompositionRelationship,EA ModelSet
id-20020865-85ab-4c47-a81f-52b58bccfeea,id-0f1ae371-9f31-4367-b00e-2342054ef1ca,CompositionRelationship,EA ModelSet
id-20020865-85ab-4c47-a81f-52b58bccfeea,id-0d17b166-548d-42d0-96ea-dab6799f45bd,CompositionRelationship,EA ModelSet
id-20020865-85ab-4c47-a81f-52b58bccfeea,id-3b424d85-9670-45de-96bd-a231f1be438c,CompositionRelationship,EA ModelSet
id-20020865-85ab-4c47-a81f-52b58bccfeea,id-822f4759-2650-407a-9620-3578f060144a,CompositionRelationship,EA ModelSet
id-2d3d6fb4-bfd0-499f-89d5-d52b9b98b684,b2c7bc1b-6e9d-41a4-9b85-9e6831573e57,FlowRelationship,EA ModelSet
b2c7bc1b-6e9d-41a4-9b85-9e6831573e57,be424e48-cc1a-4b55-ae2f-408bb5c27687,FlowRelationship,EA ModelSet
b2c7bc1b-6e9d-41a4-9b85-9e6831573e57,id-5c54a918-c982-422e-a468-4daaf4777f09,FlowRelationship,EA ModelSet
b2c7bc1b-6e9d-41a4-9b85-9e6831573e57,id-0f1ae371-9f31-4367-b00e-2342054ef1ca,FlowRelationship,EA ModelSet
b2c7bc1b-6e9d-41a4-9b85-9e6831573e57,id-0d17b166-548d-42d0-96ea-dab6799f45bd,FlowRelationship,EA ModelSet
b2c7bc1b-6e9d-41a4-9b85-9e6831573e57,id-3b424d85-9670-45de-96bd-a231f1be438c,FlowRelationship,EA ModelSet
b2c7bc1b-6e9d-41a4-9b85-9e6831573e57,id-822f4759-2650-407a-9620-3578f060144a,FlowRelationship,EA ModelSet
id-822f4759-2650-407a-9620-3578f060144a,id-9de9d1f5-d214-468a-bbc7-a9c39e421c22,FlowRelationship,EA ModelSet
id-3b424d85-9670-45de-96bd-a231f1be438c,id-9de9d1f5-d214-468a-bbc7-a9c39e421c22,FlowRelationship,EA ModelSet
id-0d17b166-548d-42d0-96ea-dab6799f45bd,id-9de9d1f5-d214-468a-bbc7-a9c39e421c22,FlowRelationship,EA ModelSet
id-0f1ae371-9f31-4367-b00e-2342054ef1ca,id-9de9d1f5-d214-468a-bbc7-a9c39e421c22,FlowRelationship,EA ModelSet
be424e48-cc1a-4b55-ae2f-408bb5c27687,id-9de9d1f5-d214-468a-bbc7-a9c39e421c22,FlowRelationship,EA ModelSet
id-5c54a918-c982-422e-a468-4daaf4777f09,id-9de9d1f5-d214-468a-bbc7-a9c39e421c22,FlowRelationship,EA ModelSet
id-0c679c93-325d-4082-b9f9-2ef56095d95b,b14e16ee-edd4-4efe-86eb-f85372a6f8d1,RealizationRelationship,EA ModelSet
id-0c679c93-325d-4082-b9f9-2ef56095d95b,id-6bed9b75-b678-41f0-bfa9-469c3f497d48,RealizationRelationship,EA ModelSet
b14e16ee-edd4-4efe-86eb-f85372a6f8d1,id-8fbf5d10-baa1-430b-be86-d34364bd471c,ServingRelationship,EA ModelSet
id-6bed9b75-b678-41f0-bfa9-469c3f497d48,id-8fbf5d10-baa1-430b-be86-d34364bd471c,ServingRelationship,EA ModelSet
id-08224d98-e5d0-4879-94d3-06f5044ca5b9,id-4262d058-d060-4bfc-8ae5-a47e033b201b,RealizationRelationship,EA ModelSet
id-6434abde-5615-4a0a-8e04-d3edd04adc0c,id-11cdde29-b8f5-4085-83b8-c536cdf6cca3,RealizationRelationship,EA ModelSet
id-62027a38-45b7-458d-9955-b197a3ac1ddb,id-397e9ce6-0312-43c8-8d86-ed520c6264ed,RealizationRelationship,EA ModelSet
id-396b9e58-c944-44d2-b93e-57e10d832669,id-717cc490-5b8f-42b5-b7a3-eff5a7a51994,RealizationRelationship,EA ModelSet
id-4fb14c25-0f49-4654-a5b1-0695179aef14,id-099c32e6-ac56-4cd2-867f-734238b78988,RealizationRelationship,EA ModelSet
dbb33320-e7d3-4400-be3b-aaf28d8589dd,f78e1724-cbb8-4e4d-9807-3e1c24f30b4f,RealizationRelationship,EA ModelSet
c611b413-76f0-42e1-b789-b622c4f23c3d,id-7dca3e7a-82a5-40b6-abd4-bb5c74de85bb,RealizationRelationship,EA ModelSet
id-4262d058-d060-4bfc-8ae5-a47e033b201b,id-62027a38-45b7-458d-9955-b197a3ac1ddb,ServingRelationship,EA ModelSet
id-4262d058-d060-4bfc-8ae5-a47e033b201b,id-396b9e58-c944-44d2-b93e-57e10d832669,ServingRelationship,EA ModelSet
id-4262d058-d060-4bfc-8ae5-a47e033b201b,id-4fb14c25-0f49-4654-a5b1-0695179aef14,ServingRelationship,EA ModelSet
id-4262d058-d060-4bfc-8ae5-a47e033b201b,dbb33320-e7d3-4400-be3b-aaf28d8589dd,ServingRelationship,EA ModelSet
id-4262d058-d060-4bfc-8ae5-a47e033b201b,c611b413-76f0-42e1-b789-b622c4f23c3d,ServingRelationship,EA ModelSet
id-397e9ce6-0312-43c8-8d86-ed520c6264ed,id-8fbf5d10-baa1-430b-be86-d34364bd471c,ServingRelationship,EA ModelSet
id-717cc490-5b8f-42b5-b7a3-eff5a7a51994,id-8fbf5d10-baa1-430b-be86-d34364bd471c,ServingRelationship,EA ModelSet
id-099c32e6-ac56-4cd2-867f-734238b78988,id-8fbf5d10-baa1-430b-be86-d34364bd471c,ServingRelationship,EA ModelSet
f78e1724-cbb8-4e4d-9807-3e1c24f30b4f,id-8fbf5d10-baa1-430b-be86-d34364bd471c,ServingRelationship,EA ModelSet
id-7dca3e7a-82a5-40b6-abd4-bb5c74de85bb,dbb33320-e7d3-4400-be3b-aaf28d8589dd,ServingRelationship,EA ModelSet
id-7dca3e7a-82a5-40b6-abd4-bb5c74de85bb,id-4fb14c25-0f49-4654-a5b1-0695179aef14,ServingRelationship,EA ModelSet
id-7dca3e7a-82a5-40b6-abd4-bb5c74de85bb,id-396b9e58-c944-44d2-b93e-57e10d832669,ServingRelationship,EA ModelSet
id-7dca3e7a-82a5-40b6-abd4-bb5c74de85bb,id-62027a38-45b7-458d-9955-b197a3ac1ddb,ServingRelationship,EA ModelSet
id-11cdde29-b8f5-4085-83b8-c536cdf6cca3,id-62027a38-45b7-458d-9955-b197a3ac1ddb,ServingRelationship,EA ModelSet
id-11cdde29-b8f5-4085-83b8-c536cdf6cca3,id-396b9e58-c944-44d2-b93e-57e10d832669,ServingRelationship,EA ModelSet
id-11cdde29-b8f5-4085-83b8-c536cdf6cca3,id-4fb14c25-0f49-4654-a5b1-0695179aef14,ServingRelationship,EA ModelSet
id-11cdde29-b8f5-4085-83b8-c536cdf6cca3,dbb33320-e7d3-4400-be3b-aaf28d8589dd,ServingRelationship,EA ModelSet
id-11cdde29-b8f5-4085-83b8-c536cdf6cca3,c611b413-76f0-42e1-b789-b622c4f23c3d,ServingRelationship,EA ModelSet
id-11cdde29-b8f5-4085-83b8-c536cdf6cca3,id-08224d98-e5d0-4879-94d3-06f5044ca5b9,ServingRelationship,EA ModelSet
id-11cdde29-b8f5-4085-83b8-c536cdf6cca3,id-0c679c93-325d-4082-b9f9-2ef56095d95b,ServingRelationship,EA ModelSet
id-11cdde29-b8f5-4085-83b8-c536cdf6cca3,id-8fbf5d10-baa1-430b-be86-d34364bd471c,ServingRelationship,EA ModelSet
bcdf23f5-0acb-4a00-9138-3afddfd679d0,e1ddc82e-26fe-499e-aac7-f8803d26a2e4,AssignmentRelationship,EA ModelSet
d2cc7fa2-0ff3-4d4e-a2ff-ca2f7acc325a,id-600f3625-f1b8-4416-8f35-c21b49000cb1,AssignmentRelationship,EA ModelSet
d2cc7fa2-0ff3-4d4e-a2ff-ca2f7acc325a,id-6a3d2ddc-95da-4bf1-8a5c-5967da7096c7,AssignmentRelationship,EA ModelSet
d2cc7fa2-0ff3-4d4e-a2ff-ca2f7acc325a,de722788-7008-493d-b0f7-548840d9970b,AssignmentRelationship,EA ModelSet
d2cc7fa2-0ff3-4d4e-a2ff-ca2f7acc325a,aa35314c-63a5-4dbd-9190-65785ea7c147,AssignmentRelationship,EA ModelSet
d2cc7fa2-0ff3-4d4e-a2ff-ca2f7acc325a,a25b90d7-b731-46a9-b6d8-5268ec7083b3,AssignmentRelationship,EA ModelSet
id-4ad1299c-8bde-4969-bb0f-3d1b8e0ff627,ea28be19-6a48-4206-8909-ce5a0f2ca7c2,AssignmentRelationship,EA ModelSet
id-4ad1299c-8bde-4969-bb0f-3d1b8e0ff627,id-88f0e95d-d423-4c82-aa78-7544e3d9b718,AssignmentRelationship,EA ModelSet
id-4ad1299c-8bde-4969-bb0f-3d1b8e0ff627,a39f72bd-517e-4f2e-a1e9-4b91c7fcd766,AssignmentRelationship,EA ModelSet
id-4ad1299c-8bde-4969-bb0f-3d1b8e0ff627,id-7fd03082-21cc-44e1-9ae5-b9815a22dfc7,AssignmentRelationship,EA ModelSet
id-4ad1299c-8bde-4969-bb0f-3d1b8e0ff627,id-58e86d27-701e-4c48-9729-907cc86b5bbf,AssignmentRelationship,EA ModelSet
id-4ad1299c-8bde-4969-bb0f-3d1b8e0ff627,a24a57b5-94c7-46b8-a795-af29adbee9e5,AssignmentRelationship,EA ModelSet
id-4ad1299c-8bde-4969-bb0f-3d1b8e0ff627,id-3827e44c-124e-4a60-a363-75b95bc5628d,AssignmentRelationship,EA ModelSet
id-3827e44c-124e-4a60-a363-75b95bc5628d,a24a57b5-94c7-46b8-a795-af29adbee9e5,ServingRelationship,EA ModelSet
a24a57b5-94c7-46b8-a795-af29adbee9e5,id-7fd03082-21cc-44e1-9ae5-b9815a22dfc7,ServingRelationship,EA ModelSet
a24a57b5-94c7-46b8-a795-af29adbee9e5,id-58e86d27-701e-4c48-9729-907cc86b5bbf,ServingRelationship,EA ModelSet
a24a57b5-94c7-46b8-a795-af29adbee9e5,ea28be19-6a48-4206-8909-ce5a0f2ca7c2,ServingRelationship,EA ModelSet
id-88f0e95d-d423-4c82-aa78-7544e3d9b718,ea28be19-6a48-4206-8909-ce5a0f2ca7c2,ServingRelationship,EA ModelSet
a39f72bd-517e-4f2e-a1e9-4b91c7fcd766,id-88f0e95d-d423-4c82-aa78-7544e3d9b718,ServingRelationship,EA ModelSet
id-88f0e95d-d423-4c82-aa78-7544e3d9b718,a39f72bd-517e-4f2e-a1e9-4b91c7fcd766,ServingRelationship,EA ModelSet
a39f72bd-517e-4f2e-a1e9-4b91c7fcd766,de722788-7008-493d-b0f7-548840d9970b,ServingRelationship,EA ModelSet
id-7fd03082-21cc-44e1-9ae5-b9815a22dfc7,aa35314c-63a5-4dbd-9190-65785ea7c147,ServingRelationship,EA ModelSet
id-58e86d27-701e-4c48-9729-907cc86b5bbf,a25b90d7-b731-46a9-b6d8-5268ec7083b3,ServingRelationship,EA ModelSet
id-88f0e95d-d423-4c82-aa78-7544e3d9b718,id-6a3d2ddc-95da-4bf1-8a5c-5967da7096c7,ServingRelationship,EA ModelSet
e1ddc82e-26fe-499e-aac7-f8803d26a2e4,id-600f3625-f1b8-4416-8f35-c21b49000cb1,ServingRelationship,EA ModelSet
id-6a3d2ddc-95da-4bf1-8a5c-5967da7096c7,e1ddc82e-26fe-499e-aac7-f8803d26a2e4,ServingRelationship,EA ModelSet
e1ddc82e-26fe-499e-aac7-f8803d26a2e4,id-6a3d2ddc-95da-4bf1-8a5c-5967da7096c7,ServingRelationship,EA ModelSet
id-600f3625-f1b8-4416-8f35-c21b49000cb1,e1ddc82e-26fe-499e-aac7-f8803d26a2e4,ServingRelationship,EA ModelSet
de722788-7008-493d-b0f7-548840d9970b,id-6a3d2ddc-95da-4bf1-8a5c-5967da7096c7,ServingRelationship,EA ModelSet
id-6a3d2ddc-95da-4bf1-8a5c-5967da7096c7,de722788-7008-493d-b0f7-548840d9970b,ServingRelationship,EA ModelSet
fd3e3764-7f09-42b5-8851-001a036304d5,id-77a8b9df-5577-4522-87c2-a5f2484047f5,AssignmentRelationship,EA ModelSet
fd3e3764-7f09-42b5-8851-001a036304d5,cdc367e5-3a48-4515-b6b0-3edc522c8796,AssignmentRelationship,EA ModelSet
fd3e3764-7f09-42b5-8851-001a036304d5,id-20665ed0-50f9-4556-b498-105393f73f13,AssignmentRelationship,EA ModelSet
fd3e3764-7f09-42b5-8851-001a036304d5,b0e974a0-8a32-4c21-aedd-7c84c568207c,AssignmentRelationship,EA ModelSet
b0e974a0-8a32-4c21-aedd-7c84c568207c,id-20665ed0-50f9-4556-b498-105393f73f13,ServingRelationship,EA ModelSet
de722788-7008-493d-b0f7-548840d9970b,id-20665ed0-50f9-4556-b498-105393f73f13,ServingRelationship,EA ModelSet
aa35314c-63a5-4dbd-9190-65785ea7c147,cdc367e5-3a48-4515-b6b0-3edc522c8796,ServingRelationship,EA ModelSet
a25b90d7-b731-46a9-b6d8-5268ec7083b3,cdc367e5-3a48-4515-b6b0-3edc522c8796,ServingRelationship,EA ModelSet
b0e974a0-8a32-4c21-aedd-7c84c568207c,id-600f3625-f1b8-4416-8f35-c21b49000cb1,ServingRelationship,EA ModelSet
id-600f3625-f1b8-4416-8f35-c21b49000cb1,b0e974a0-8a32-4c21-aedd-7c84c568207c,ServingRelationship,EA ModelSet
id-6a3d2ddc-95da-4bf1-8a5c-5967da7096c7,id-88f0e95d-d423-4c82-aa78-7544e3d9b718,ServingRelationship,EA ModelSet
b0e974a0-8a32-4c21-aedd-7c84c568207c,id-77a8b9df-5577-4522-87c2-a5f2484047f5,ServingRelationship,EA ModelSet
e3ce132e-984a-48fe-ae91-a1d6dfe38e63,e1a47e6c-0df2-4937-a917-c624e45aafac,AssignmentRelationship,EA ModelSet
a24a57b5-94c7-46b8-a795-af29adbee9e5,e1a47e6c-0df2-4937-a917-c624e45aafac,ServingRelationship,EA ModelSet
e1a47e6c-0df2-4937-a917-c624e45aafac,id-88f0e95d-d423-4c82-aa78-7544e3d9b718,ServingRelationship,EA ModelSet
id-59e806e7559e4bc8b580c15ce20ef0ae,id-f9a34f0187b645a991f08c8ea47ceeae,FlowRelationship,EA ModelSet
id-dad6bdfcbe4e443d96ac69558cb80f54,id-f9a34f0187b645a991f08c8ea47ceeae,FlowRelationship,EA ModelSet
id-fc0c5bcbf0db424e91bed4ad6913c04c,id-f9a34f0187b645a991f08c8ea47ceeae,FlowRelationship,EA ModelSet
id-18b7dd256ee248fbbce2ebf4d101f6ae,id-541b05d123de41f496c9d46f361f4135,FlowRelationship,EA ModelSet
id-4c4d0c1c87ae45158ebbb812fea70b15,id-d3c6742aa17e42afb676513db85d6f2a,CompositionRelationship,EA ModelSet
id-4c4d0c1c87ae45158ebbb812fea70b15,id-18b7dd256ee248fbbce2ebf4d101f6ae,CompositionRelationship,EA ModelSet
id-4c4d0c1c87ae45158ebbb812fea70b15,id-541b05d123de41f496c9d46f361f4135,CompositionRelationship,EA ModelSet
id-c33696af5f1e47a6a8fb771cc68e8cd1,id-408842dd6c7940da9bc5c4136165e1ec,FlowRelationship,EA ModelSet
id-f9a34f0187b645a991f08c8ea47ceeae,id-02669c6bd0f2422893550e27b03e7594,FlowRelationship,EA ModelSet
id-f9a34f0187b645a991f08c8ea47ceeae,id-ff822329b3d84c3bac658b066dc114d6,FlowRelationship,EA ModelSet
id-408842dd6c7940da9bc5c4136165e1ec,id-d611463862a94b15a772d2087b2bed37,FlowRelationship,EA ModelSet
id-408842dd6c7940da9bc5c4136165e1ec,id-6c1ecbb44a614ad4b8d48418cf983c47,FlowRelationship,EA ModelSet
id-6c1ecbb44a614ad4b8d48418cf983c47,id-eb96c9fdd97b47c2b17b2ebae2daa3eb,FlowRelationship,EA ModelSet
id-eb96c9fdd97b47c2b17b2ebae2daa3eb,id-f7e4d9a235064073be561786e23dbc31,CompositionRelationship,EA ModelSet
id-eb96c9fdd97b47c2b17b2ebae2daa3eb,id-afa94c0e08bd4299a23cbf1737ceedbd,CompositionRelationship,EA ModelSet
id-b458bb0404ae4d66b9cc0ec776f304b2,id-7adec3f130d84c9fa3bbd7f20c87d11b,FlowRelationship,EA ModelSet
id-0523749ad7de4732b00e27fd7a3439b8,id-b694fc3db4eb41dcb38f22325b01ee16,FlowRelationship,EA ModelSet
id-9fb721b9beb24f9581152407d557a7cc,id-b694fc3db4eb41dcb38f22325b01ee16,FlowRelationship,EA ModelSet
id-f8c1588f80d54b8e95ea7de72f9ca978,id-b694fc3db4eb41dcb38f22325b01ee16,FlowRelationship,EA ModelSet
id-bc540355a5914e32ab28f4e1a2fafc0c,id-b694fc3db4eb41dcb38f22325b01ee16,FlowRelationship,EA ModelSet
id-dbd7182bbdff40d2ac52c801112e1244,id-66f7250841aa4023a89707ba4b62f8d5,CompositionRelationship,EA ModelSet
id-dbd7182bbdff40d2ac52c801112e1244,id-f3f442b9bb1c497ebfcac4f1c832faaa,CompositionRelationship,EA ModelSet
id-dbd7182bbdff40d2ac52c801112e1244,id-8bea5830db7a41e99f78d808dd92d084,CompositionRelationship,EA ModelSet
id-dbd7182bbdff40d2ac52c801112e1244,id-1c7f750adf0b4cf89183c61af3febb66,CompositionRelationship,EA ModelSet
id-0318848a79b643f19fdd50061bc4c0ab,id-dbd7182bbdff40d2ac52c801112e1244,FlowRelationship,EA ModelSet
id-dbd7182bbdff40d2ac52c801112e1244,id-0318848a79b643f19fdd50061bc4c0ab,FlowRelationship,EA ModelSet
id-938d1fdf5cda46989bc04b1bf1c0c942,id-ea7c8c8204d74926899b8526a5223b10,CompositionRelationship,EA ModelSet
id-938d1fdf5cda46989bc04b1bf1c0c942,id-e551c72f3eaa4ce695f260a209eb9f55,CompositionRelationship,EA ModelSet
id-938d1fdf5cda46989bc04b1bf1c0c942,id-29f70d2c61a54f72b613d6a3dc2083e5,FlowRelationship,EA ModelSet
id-29f70d2c61a54f72b613d6a3dc2083e5,id-938d1fdf5cda46989bc04b1bf1c0c942,FlowRelationship,EA ModelSet
id-ebae7c73f700495899af55939adfe6d7,id-077944ee2ffc4c5984e8f1b001a0ba24,FlowRelationship,EA ModelSet
id-bb1ab3d6ded64eb0960a6752f529207e,id-cf182726e3494da7ac9dc2377c813702,FlowRelationship,EA ModelSet
id-afa94c0e08bd4299a23cbf1737ceedbd,id-dbd7182bbdff40d2ac52c801112e1244,FlowRelationship,EA ModelSet
id-4c4d0c1c87ae45158ebbb812fea70b15,id-5060a497f6324c409ff9f60223a715c4,AccessRelationship,EA ModelSet
id-18b7dd256ee248fbbce2ebf4d101f6ae,id-5060a497f6324c409ff9f60223a715c4,AccessRelationship,EA ModelSet
id-18b7dd256ee248fbbce2ebf4d101f6ae,id-5060a497f6324c409ff9f60223a715c4,AssociationRelationship,EA ModelSet
id-02e925c50e83401f909a42f35581e285,id-8212b3d5a5684c00a4e27cc8ad63190d,CompositionRelationship,EA ModelSet
id-02e925c50e83401f909a42f35581e285,id-0333c2971efe459abb26541a89f04857,CompositionRelationship,EA ModelSet
id-dbd7182bbdff40d2ac52c801112e1244,id-02e925c50e83401f909a42f35581e285,FlowRelationship,EA ModelSet
id-02e925c50e83401f909a42f35581e285,id-5060a497f6324c409ff9f60223a715c4,AccessRelationship,EA ModelSet
id-50d198ab5bab4634b10d743a17666051,id-541f65e7dc72498ab1fdaaaffcd4df64,CompositionRelationship,EA ModelSet
id-50d198ab5bab4634b10d743a17666051,id-ce69658a14404ceaaba4b6e9c4c9fc75,CompositionRelationship,EA ModelSet
id-f9a34f0187b645a991f08c8ea47ceeae,id-50d198ab5bab4634b10d743a17666051,FlowRelationship,EA ModelSet
id-50d198ab5bab4634b10d743a17666051,id-dbd7182bbdff40d2ac52c801112e1244,FlowRelationship,EA ModelSet
id-494535af3b68494493520aa8fec83e23,id-68d41937820946eca0252d710c2d3931,CompositionRelationship,EA ModelSet
id-494535af3b68494493520aa8fec83e23,id-dca953af7b7e4b118b977fd780ab0788,CompositionRelationship,EA ModelSet
id-dbd7182bbdff40d2ac52c801112e1244,id-494535af3b68494493520aa8fec83e23,FlowRelationship,EA ModelSet
id-494535af3b68494493520aa8fec83e23,id-5060a497f6324c409ff9f60223a715c4,AccessRelationship,EA ModelSet
id-64f75e02c8e644b5a235d83a90970d57,id-93c10f6a601744199b4ef5ed4840ca5c,CompositionRelationship,EA ModelSet
id-64f75e02c8e644b5a235d83a90970d57,id-6e3accfa3dd542dfa0874e4c5bee57f2,CompositionRelationship,EA ModelSet
id-b694fc3db4eb41dcb38f22325b01ee16,id-64f75e02c8e644b5a235d83a90970d57,FlowRelationship,EA ModelSet
id-64f75e02c8e644b5a235d83a90970d57,id-938d1fdf5cda46989bc04b1bf1c0c942,FlowRelationship,EA ModelSet
id-eb142a59d6264de9aefc3a69410e3fd4,id-d7e78d3f1cdf4a0e8dc2dd80f328943b,CompositionRelationship,EA ModelSet
id-938d1fdf5cda46989bc04b1bf1c0c942,id-eb142a59d6264de9aefc3a69410e3fd4,FlowRelationship,EA ModelSet
id-eb142a59d6264de9aefc3a69410e3fd4,id-5060a497f6324c409ff9f60223a715c4,AccessRelationship,EA ModelSet
id-205873058fe14e8a8fbf84da2e88c74c,id-87e4133a84714eccbe06108fc3fd925a,CompositionRelationship,EA ModelSet
id-205873058fe14e8a8fbf84da2e88c74c,id-a3a676f854724d06bc718b1fac8ff059,CompositionRelationship,EA ModelSet
id-205873058fe14e8a8fbf84da2e88c74c,id-8d0ff84cdcdc4748a18da1f4545de476,CompositionRelationship,EA ModelSet
id-205873058fe14e8a8fbf84da2e88c74c,id-819b44be47a24c63a6598e7f9205faa3,CompositionRelationship,EA ModelSet
id-077944ee2ffc4c5984e8f1b001a0ba24,id-205873058fe14e8a8fbf84da2e88c74c,FlowRelationship,EA ModelSet
id-205873058fe14e8a8fbf84da2e88c74c,id-dbd7182bbdff40d2ac52c801112e1244,FlowRelationship,EA ModelSet
id-3984b771e56c4b86affa0cea9423bcfd,id-cbf7a59d40204d3c9d2eccf003546c89,CompositionRelationship,EA ModelSet
id-3984b771e56c4b86affa0cea9423bcfd,id-184bbc881e0b4e02a21296b639e6d519,CompositionRelationship,EA ModelSet
id-dbd7182bbdff40d2ac52c801112e1244,id-3984b771e56c4b86affa0cea9423bcfd,FlowRelationship,EA ModelSet
id-3984b771e56c4b86affa0cea9423bcfd,id-5060a497f6324c409ff9f60223a715c4,AccessRelationship,EA ModelSet
id-8627bebdd3a44dfab5d48c3eb5e2ad9c,id-85dfe203c4cf4c9f89edc72ff6d800e1,CompositionRelationship,EA ModelSet
id-8627bebdd3a44dfab5d48c3eb5e2ad9c,id-8e7cc7adc3d34c73bc8bb6c7d71fb847,CompositionRelationship,EA ModelSet
id-bb1ab3d6ded64eb0960a6752f529207e,id-8627bebdd3a44dfab5d48c3eb5e2ad9c,FlowRelationship,EA ModelSet
id-8627bebdd3a44dfab5d48c3eb5e2ad9c,id-dbd7182bbdff40d2ac52c801112e1244,FlowRelationship,EA ModelSet
id-fa337682973b4772ae82c9e2d8b7b698,id-a35eb60c20ed4fcf98237c12285b56f2,CompositionRelationship,EA ModelSet
id-dbd7182bbdff40d2ac52c801112e1244,id-fa337682973b4772ae82c9e2d8b7b698,FlowRelationship,EA ModelSet
id-fa337682973b4772ae82c9e2d8b7b698,id-5060a497f6324c409ff9f60223a715c4,AccessRelationship,EA ModelSet
id-7e01b64dc0d8460f9e012c5fbb2333b0,id-2d7ac1cc579245b38c2a34bc12ff166e,FlowRelationship,EA ModelSet
id-2d7ac1cc579245b38c2a34bc12ff166e,id-7e01b64dc0d8460f9e012c5fbb2333b0,FlowRelationship,EA ModelSet
id-f9bdb18112c54e539f70cba77db5f83c,id-a7ebfde691f94a48ba99f32de602001e,CompositionRelationship,EA ModelSet
id-800113ede75a4ce1b07499ea3e0cb436,id-447fc27b512046e68ee4ae9c849a2ca5,FlowRelationship,EA ModelSet
id-dcf865d0f9fc45d19e23d6af01a0d9b9,id-52a8c31d085e4580b3639b028899ee42,FlowRelationship,EA ModelSet
id-195ab58d3cba4cf0ac4cf7eae0e29a19,id-9f64c6bf9fcf4e77a41367e41a6cb09f,FlowRelationship,EA ModelSet
id-a7ebfde691f94a48ba99f32de602001e,id-1d842aad27ba4a4bb4237fb00e672240,FlowRelationship,EA ModelSet
id-52a8c31d085e4580b3639b028899ee42,id-dcf865d0f9fc45d19e23d6af01a0d9b9,FlowRelationship,EA ModelSet
id-447fc27b512046e68ee4ae9c849a2ca5,id-f2d46f26ddd145009c3e98d942427fc6,FlowRelationship,EA ModelSet
id-09aef330d3dc4a22a1a3af3e4cbcdc81,id-10464528161d48ce91bc6025933aeb98,FlowRelationship,EA ModelSet
id-52a8c31d085e4580b3639b028899ee42,id-2d7ac1cc579245b38c2a34bc12ff166e,RealizationRelationship,EA ModelSet
id-195ab58d3cba4cf0ac4cf7eae0e29a19,id-1c44f1790ee549ceba368f8f7b61b9d1,FlowRelationship,EA ModelSet
id-782a034e2dd340a1a251862b3e688b1c,id-6dccb001c542495f977a45cb398eafd0,FlowRelationship,EA ModelSet
id-38d5ff32b33542c89f6231b3403c8d9a,id-1ade511e25924bc1ae49bdb4322a0e63,AccessRelationship,EA ModelSet
id-a7ebfde691f94a48ba99f32de602001e,id-53089692dfb443869c6ca37dc08131ec,FlowRelationship,EA ModelSet
id-d306ecb07c6344d3a2145a9154dc57aa,id-2d7ac1cc579245b38c2a34bc12ff166e,FlowRelationship,EA ModelSet
id-09aef330d3dc4a22a1a3af3e4cbcdc81,id-447fc27b512046e68ee4ae9c849a2ca5,FlowRelationship,EA ModelSet
id-f9bdb18112c54e539f70cba77db5f83c,id-1ade511e25924bc1ae49bdb4322a0e63,AccessRelationship,EA ModelSet
id-2d7ac1cc579245b38c2a34bc12ff166e,id-38d5ff32b33542c89f6231b3403c8d9a,FlowRelationship,EA ModelSet
id-782a034e2dd340a1a251862b3e688b1c,id-195ab58d3cba4cf0ac4cf7eae0e29a19,FlowRelationship,EA ModelSet
id-12009c5aa15742bfb0dc95945305bfc3,id-e7c68a6dd3b745e8bf1b8d5c7af7c45a,FlowRelationship,EA ModelSet
id-dcf865d0f9fc45d19e23d6af01a0d9b9,id-2d7ac1cc579245b38c2a34bc12ff166e,RealizationRelationship,EA ModelSet
id-faebc2bf50b04f5da6feab731c54360d,id-7e01b64dc0d8460f9e012c5fbb2333b0,RealizationRelationship,EA ModelSet
id-a7ebfde691f94a48ba99f32de602001e,id-1ade511e25924bc1ae49bdb4322a0e63,AccessRelationship,EA ModelSet
id-447fc27b512046e68ee4ae9c849a2ca5,id-782a034e2dd340a1a251862b3e688b1c,FlowRelationship,EA ModelSet
id-f9bdb18112c54e539f70cba77db5f83c,id-1d842aad27ba4a4bb4237fb00e672240,CompositionRelationship,EA ModelSet
id-12009c5aa15742bfb0dc95945305bfc3,id-9f64c6bf9fcf4e77a41367e41a6cb09f,FlowRelationship,EA ModelSet
id-f9bdb18112c54e539f70cba77db5f83c,id-bbb9f401720049a58c0e73f565bf98c1,CompositionRelationship,EA ModelSet
id-782a034e2dd340a1a251862b3e688b1c,id-9f64c6bf9fcf4e77a41367e41a6cb09f,FlowRelationship,EA ModelSet
id-5c797bce85f54ce7aafbb55edfa3c20b,id-447fc27b512046e68ee4ae9c849a2ca5,FlowRelationship,EA ModelSet
id-9f64c6bf9fcf4e77a41367e41a6cb09f,id-3bd40b16f7ad4425b0ebffc3db2c688d,FlowRelationship,EA ModelSet
id-5c797bce85f54ce7aafbb55edfa3c20b,id-e144a793cfc34c26947b15cdd3330092,FlowRelationship,EA ModelSet
id-800113ede75a4ce1b07499ea3e0cb436,id-e144a793cfc34c26947b15cdd3330092,FlowRelationship,EA ModelSet
id-09aef330d3dc4a22a1a3af3e4cbcdc81,id-e144a793cfc34c26947b15cdd3330092,FlowRelationship,EA ModelSet
id-e144a793cfc34c26947b15cdd3330092,id-2d7ac1cc579245b38c2a34bc12ff166e,FlowRelationship,EA ModelSet
id-196866741f724fc7b7c9204c098abe6b,id-2d7ac1cc579245b38c2a34bc12ff166e,FlowRelationship,EA ModelSet
id-77ae09f8b24c4f92bf9d2a4f050570f6,id-2d7ac1cc579245b38c2a34bc12ff166e,FlowRelationship,EA ModelSet
id-2d7ac1cc579245b38c2a34bc12ff166e,id-6dbb80704665466da13e72c770b13d3c,FlowRelationship,EA ModelSet
id-38d5ff32b33542c89f6231b3403c8d9a,id-6dbb80704665466da13e72c770b13d3c,FlowRelationship,EA ModelSet
id-5c797bce85f54ce7aafbb55edfa3c20b,id-77ae09f8b24c4f92bf9d2a4f050570f6,FlowRelationship,EA ModelSet
id-800113ede75a4ce1b07499ea3e0cb436,id-77ae09f8b24c4f92bf9d2a4f050570f6,FlowRelationship,EA ModelSet
id-09aef330d3dc4a22a1a3af3e4cbcdc81,id-77ae09f8b24c4f92bf9d2a4f050570f6,FlowRelationship,EA ModelSet
id-d306ecb07c6344d3a2145a9154dc57aa,id-6dbb80704665466da13e72c770b13d3c,FlowRelationship,EA ModelSet
id-11dfdaf488a1431099df3e041f379e38,id-4deefadbc17b41f4a9c3f5ea239d49e1,CompositionRelationship,EA ModelSet
id-11dfdaf488a1431099df3e041f379e38,id-fd3275c6596c4153a387d8636571fecc,CompositionRelationship,EA ModelSet
id-11dfdaf488a1431099df3e041f379e38,id-13fb4df20d2a412cb6f3115aeedd9d70,CompositionRelationship,EA ModelSet
id-11dfdaf488a1431099df3e041f379e38,id-3d0252615b464fecb980dd17d28a1509,FlowRelationship,EA ModelSet
id-11dfdaf488a1431099df3e041f379e38,id-69264bd01d5f4fecba00d926d5a924c5,CompositionRelationship,EA ModelSet
id-11dfdaf488a1431099df3e041f379e38,id-bfbd34152fae4085bbcac6e3ee2d6306,CompositionRelationship,EA ModelSet
id-0650acf9c80843bdba144da7461097ec,id-a38446394b8a432b905965a367228757,FlowRelationship,EA ModelSet
id-4deefadbc17b41f4a9c3f5ea239d49e1,id-8ea98951269c4ab2bedf8049fc57f1a5,FlowRelationship,EA ModelSet
id-fd3275c6596c4153a387d8636571fecc,id-0920661795ac4a9ebe98bb79def240f6,FlowRelationship,EA ModelSet
id-13fb4df20d2a412cb6f3115aeedd9d70,id-61b09497e7664e038e568f14140abd71,FlowRelationship,EA ModelSet
id-69264bd01d5f4fecba00d926d5a924c5,id-fef9226aba2945fd837d7b6da380ab99,FlowRelationship,EA ModelSet
id-bfbd34152fae4085bbcac6e3ee2d6306,id-3d0252615b464fecb980dd17d28a1509,FlowRelationship,EA ModelSet
id-ba1a9d6bc9554c91b576bfc3a10d6c6e,id-57002567407c4d69aaa1cf8db2075d99,CompositionRelationship,EA ModelSet
id-ba1a9d6bc9554c91b576bfc3a10d6c6e,id-bf90b91b515a4819a9cdefbc1c3bce8f,CompositionRelationship,EA ModelSet
id-ba1a9d6bc9554c91b576bfc3a10d6c6e,id-2208db7852444bf89b347287ed6a5ab9,CompositionRelationship,EA ModelSet
id-ba1a9d6bc9554c91b576bfc3a10d6c6e,id-e579640aa25f463aae961c3a89d7cd7f,CompositionRelationship,EA ModelSet
id-ba1a9d6bc9554c91b576bfc3a10d6c6e,id-c3c9174b9337443aac782fa4152ffee8,CompositionRelationship,EA ModelSet
id-11dfdaf488a1431099df3e041f379e38,id-8ea98951269c4ab2bedf8049fc57f1a5,FlowRelationship,EA ModelSet
id-d306ecb07c6344d3a2145a9154dc57aa,id-6dccb001c542495f977a45cb398eafd0,FlowRelationship,EA ModelSet
id-ba1a9d6bc9554c91b576bfc3a10d6c6e,id-c066643200a34861b127bcd792a5e2a4,FlowRelationship,EA ModelSet
id-d306ecb07c6344d3a2145a9154dc57aa,id-8ea98951269c4ab2bedf8049fc57f1a5,FlowRelationship,EA ModelSet
id-8ea98951269c4ab2bedf8049fc57f1a5,id-df71301578104a52af2f2d589be44a20,FlowRelationship,EA ModelSet
id-0920661795ac4a9ebe98bb79def240f6,id-b10df2903821415e9026ff2961c98976,FlowRelationship,EA ModelSet
id-61b09497e7664e038e568f14140abd71,id-09067e0ae2c641798a705636bf87b1c6,FlowRelationship,EA ModelSet
id-fef9226aba2945fd837d7b6da380ab99,id-708b6c40d3a24f798f482a531d57f90a,FlowRelationship,EA ModelSet
id-3d0252615b464fecb980dd17d28a1509,id-0977363f8e4d44aba585a8031aa55242,FlowRelationship,EA ModelSet
id-9f64c6bf9fcf4e77a41367e41a6cb09f,id-6dccb001c542495f977a45cb398eafd0,FlowRelationship,EA ModelSet
id-12009c5aa15742bfb0dc95945305bfc3,id-6dccb001c542495f977a45cb398eafd0,FlowRelationship,EA ModelSet
id-447fc27b512046e68ee4ae9c849a2ca5,id-6dccb001c542495f977a45cb398eafd0,FlowRelationship,EA ModelSet
id-195ab58d3cba4cf0ac4cf7eae0e29a19,id-6dccb001c542495f977a45cb398eafd0,FlowRelationship,EA ModelSet
id-c066643200a34861b127bcd792a5e2a4,id-2ab2480849ac44ab897c7084428afa76,CompositionRelationship,EA ModelSet
id-c066643200a34861b127bcd792a5e2a4,id-a21e06ef87184c559338fc2300553137,CompositionRelationship,EA ModelSet
id-c066643200a34861b127bcd792a5e2a4,id-dbd7182bbdff40d2ac52c801112e1244,AccessRelationship,EA ModelSet
id-c066643200a34861b127bcd792a5e2a4,id-dbd7182bbdff40d2ac52c801112e1244,FlowRelationship,EA ModelSet
id-05434da378ff4d87873335f76a8f02ef,id-30b322ac393944d09bd3b8ff607d7ddd,AssignmentRelationship,EA ModelSet
id-05434da378ff4d87873335f76a8f02ef,id-cb616cb33c744691af15851ca9442004,AssignmentRelationship,EA ModelSet
id-2e89a9aa1e744b129d2f6505375c77f5,id-05434da378ff4d87873335f76a8f02ef,FlowRelationship,EA ModelSet
id-05434da378ff4d87873335f76a8f02ef,id-ba1a9d6bc9554c91b576bfc3a10d6c6e,FlowRelationship,EA ModelSet
id-b734e73a17154ef098dee1d340130eca,id-19ab2084a0a343b0bb90460de59937ad,AssignmentRelationship,EA ModelSet
id-b734e73a17154ef098dee1d340130eca,id-1ea26b0ecbc14c33a4662bcea0742e4e,AssignmentRelationship,EA ModelSet
id-ba1a9d6bc9554c91b576bfc3a10d6c6e,id-b734e73a17154ef098dee1d340130eca,FlowRelationship,EA ModelSet
id-3228b6a01cc1456b990f9003f4f9ba0c,id-43aaef3abae644809dcab690738fdcc4,AccessRelationship,EA ModelSet
id-3228b6a01cc1456b990f9003f4f9ba0c,id-becb992f7c1a47189cec73f3d24b13ea,CompositionRelationship,EA ModelSet
id-becb992f7c1a47189cec73f3d24b13ea,id-43aaef3abae644809dcab690738fdcc4,AccessRelationship,EA ModelSet
id-b734e73a17154ef098dee1d340130eca,id-3228b6a01cc1456b990f9003f4f9ba0c,FlowRelationship,EA ModelSet
id-becb992f7c1a47189cec73f3d24b13ea,id-1f7546e4a6dc4c78bc46fd5b80e78680,AccessRelationship,EA ModelSet
id-e3872f6c834647818e8f0dd30d6af912,id-68e74014b753420bb78df09ed9c98f80,CompositionRelationship,EA ModelSet
id-e3872f6c834647818e8f0dd30d6af912,id-21e4ffa1ee56406aa8c98b98d73aca92,CompositionRelationship,EA ModelSet
id-e3872f6c834647818e8f0dd30d6af912,id-f6b0945fd5f648578ed432327e7d5868,CompositionRelationship,EA ModelSet
id-e3872f6c834647818e8f0dd30d6af912,id-3228b6a01cc1456b990f9003f4f9ba0c,FlowRelationship,EA ModelSet
id-68e74014b753420bb78df09ed9c98f80,id-21e4ffa1ee56406aa8c98b98d73aca92,FlowRelationship,EA ModelSet
id-21e4ffa1ee56406aa8c98b98d73aca92,id-f6b0945fd5f648578ed432327e7d5868,FlowRelationship,EA ModelSet
id-f02472f226084135ba13ea6e09d886c5,id-e3872f6c834647818e8f0dd30d6af912,FlowRelationship,EA ModelSet
id-d01567c7549b4226b4a59763e395ce52,id-358227b182334fe0b0d8cf90be7b9c0a,FlowRelationship,EA ModelSet
id-b0f89cc9b64a46478079f21e0489b11b,id-ec46a6039704416f8ef3589c5b7f942d,FlowRelationship,EA ModelSet
id-83b6b5c57250498d90d812bbe4961cde,id-111dd46062ad43de95d06cbfc3a2da71,FlowRelationship,EA ModelSet
id-111dd46062ad43de95d06cbfc3a2da71,id-e5fd5e3abc6b471192d23323c30150ee,AssignmentRelationship,EA ModelSet
id-111dd46062ad43de95d06cbfc3a2da71,id-180506786fa744e1863ff352f756300b,AssignmentRelationship,EA ModelSet
id-ec46a6039704416f8ef3589c5b7f942d,id-d01567c7549b4226b4a59763e395ce52,CompositionRelationship,EA ModelSet
id-ec46a6039704416f8ef3589c5b7f942d,id-0a50ddc4c8344195abaab0b0dd1ca949,CompositionRelationship,EA ModelSet
id-bab7e0606ce34cf89738772c56764461,id-2650c9c676ca4452910f6323127c680e,AccessRelationship,EA ModelSet
id-ec46a6039704416f8ef3589c5b7f942d,id-bab7e0606ce34cf89738772c56764461,FlowRelationship,EA ModelSet
id-ec46a6039704416f8ef3589c5b7f942d,id-358227b182334fe0b0d8cf90be7b9c0a,CompositionRelationship,EA ModelSet
id-358227b182334fe0b0d8cf90be7b9c0a,id-0a50ddc4c8344195abaab0b0dd1ca949,FlowRelationship,EA ModelSet
id-111dd46062ad43de95d06cbfc3a2da71,id-b94b4ba775214a6d9c24e4901cfc50a5,AssignmentRelationship,EA ModelSet
id-111dd46062ad43de95d06cbfc3a2da71,id-701edb37be9240e58baea3ea66f88fee,AssignmentRelationship,EA ModelSet
id-801ef893657f42f283d87b09ec016ee2,id-c6e32e1351564543b643b0edfa71a5ae,CompositionRelationship,EA ModelSet
id-801ef893657f42f283d87b09ec016ee2,id-016a790d83f6476e9789a90cdbf916ce,CompositionRelationship,EA ModelSet
id-111dd46062ad43de95d06cbfc3a2da71,id-801ef893657f42f283d87b09ec016ee2,FlowRelationship,EA ModelSet
id-801ef893657f42f283d87b09ec016ee2,id-bab7e0606ce34cf89738772c56764461,FlowRelationship,EA ModelSet
id-42129263312a440785cd051aad835ad5,id-b94bef057ceb49a3a214b6222d6816bd,AssignmentRelationship,EA ModelSet
id-a2fb9107c383461c9eb7b47e46ad7f33,id-42129263312a440785cd051aad835ad5,FlowRelationship,EA ModelSet
id-42129263312a440785cd051aad835ad5,id-96db31b795eb42d9bf62f2de76330b6d,AssignmentRelationship,EA ModelSet
id-42129263312a440785cd051aad835ad5,id-fb7b10144fd94fc5827efbd7be10bd29,AssignmentRelationship,EA ModelSet
id-42129263312a440785cd051aad835ad5,id-4957247608e441b6a37f50d74ec6fc80,AssignmentRelationship,EA ModelSet
id-42129263312a440785cd051aad835ad5,id-a2fb9107c383461c9eb7b47e46ad7f33,FlowRelationship,EA ModelSet
id-801ef893657f42f283d87b09ec016ee2,id-f40c8b397a314d3686904a65ea607696,CompositionRelationship,EA ModelSet
id-801ef893657f42f283d87b09ec016ee2,id-ef8cd3eec12d4b98bf4a06bcc46dc039,CompositionRelationship,EA ModelSet
id-be6e1381144747edb18698d79d98f240,id-21da848b1ccd464eb8e0de0f4b4d0db2,FlowRelationship,EA ModelSet
id-09f9c2bc175a4a0786e82f36a1e41d19,id-e3eb0bb829da4d66a513b608a20256b9,CompositionRelationship,EA ModelSet
id-09f9c2bc175a4a0786e82f36a1e41d19,id-7c6629601d2442f08f057385f6034627,CompositionRelationship,EA ModelSet
id-f197a90dd6f3471ab4dd1564ba2d064a,id-bf7c06c4c83d4d5faab9a23d0fbd2b20,CompositionRelationship,EA ModelSet
id-ea1f9dafe9cf4dbf911ccd7da6df0c21,id-f197a90dd6f3471ab4dd1564ba2d064a,FlowRelationship,EA ModelSet
id-09f9c2bc175a4a0786e82f36a1e41d19,id-a1914db9828d4d4a8e078134d70c30e6,CompositionRelationship,EA ModelSet
id-f197a90dd6f3471ab4dd1564ba2d064a,id-21da848b1ccd464eb8e0de0f4b4d0db2,CompositionRelationship,EA ModelSet
id-c6c21f249b2348f2886389469dedca6f,id-82327f057f9a44aca462541b92bc15ef,AccessRelationship,EA ModelSet
id-09f9c2bc175a4a0786e82f36a1e41d19,id-c6c21f249b2348f2886389469dedca6f,FlowRelationship,EA ModelSet
id-f197a90dd6f3471ab4dd1564ba2d064a,id-c6c21f249b2348f2886389469dedca6f,FlowRelationship,EA ModelSet
id-21da848b1ccd464eb8e0de0f4b4d0db2,id-bf7c06c4c83d4d5faab9a23d0fbd2b20,FlowRelationship,EA ModelSet
id-f197a90dd6f3471ab4dd1564ba2d064a,id-be6e1381144747edb18698d79d98f240,CompositionRelationship,EA ModelSet
id-09f9c2bc175a4a0786e82f36a1e41d19,id-aa31a89101a941e783e074297751243c,CompositionRelationship,EA ModelSet
id-42129263312a440785cd051aad835ad5,id-09f9c2bc175a4a0786e82f36a1e41d19,FlowRelationship,EA ModelSet
id-dcf8fc47-2815-4125-a41d-8ccc39ba4392,id-971f59c0-e80d-4c34-a15d-17c255b6485d,CompositionRelationship,EA ModelSet
id-42be44f0-879f-49f9-8ceb-526616bd39ef,id-a8132180-7a74-4f6e-a59a-e06679aa3192,AccessRelationship,EA ModelSet
id-cbbed1a3-e928-40f0-b8f0-5f8e05ea40c5,id-eca1b14f-6b15-485e-a51e-13ae063c4f2f,CompositionRelationship,EA ModelSet
id-42be44f0-879f-49f9-8ceb-526616bd39ef,id-7b0cc5b0-d0fd-4ba6-bcba-4462df8454b8,AccessRelationship,EA ModelSet
id-82fc3eb3-641b-479b-97a1-f3cb85140a99,id-e4393ad5-949b-49ee-936d-3edd2df6b355,CompositionRelationship,EA ModelSet
id-dcf8fc47-2815-4125-a41d-8ccc39ba4392,id-feb1004b-485e-4521-a988-441e06318f33,CompositionRelationship,EA ModelSet
id-afe24873-14fa-4e40-9d17-a98a13cfe3e1,id-1078cb41-2725-4ecd-98a3-acb5ed44841a,CompositionRelationship,EA ModelSet
id-76d6674e-67d2-40ce-963a-0deb567bbbb6,id-bfe0b37c-021c-4526-8841-f7345a38037f,CompositionRelationship,EA ModelSet
id-dcf8fc47-2815-4125-a41d-8ccc39ba4392,id-35d55216-5a09-4b78-976f-5e7a03b6783f,CompositionRelationship,EA ModelSet
id-cbbed1a3-e928-40f0-b8f0-5f8e05ea40c5,id-153dcbb9-2244-48af-b73d-337ab67873fa,CompositionRelationship,EA ModelSet
id-dcf8fc47-2815-4125-a41d-8ccc39ba4392,id-708a879e-58fc-43ce-8da5-2ff39807d171,CompositionRelationship,EA ModelSet
id-afe24873-14fa-4e40-9d17-a98a13cfe3e1,id-4ec1df1d-6e7d-4435-8753-7d09f23d4ea7,CompositionRelationship,EA ModelSet
id-cbbed1a3-e928-40f0-b8f0-5f8e05ea40c5,id-66cf84bb-376d-4c5e-aabb-fcd04673acb0,CompositionRelationship,EA ModelSet
id-2d028648-8d18-47c6-bc90-fbb5788fc99f,id-27e63b31-fa03-4501-9cbf-901a3782661a,CompositionRelationship,EA ModelSet
id-cbbed1a3-e928-40f0-b8f0-5f8e05ea40c5,id-7fe0ea2d-655e-47c5-a325-fc5b1451cc0b,CompositionRelationship,EA ModelSet
id-a4287687-f054-4790-b35d-dde2c4cde56b,id-e2fc37da-21e0-46d1-ac85-8a251724d294,AssociationRelationship,EA ModelSet
id-43e80a8e-9dea-44d1-b44d-2d56cbec44df,id-73baa7e6-f0b1-4040-bac1-97825c41597d,CompositionRelationship,EA ModelSet
id-ad0bc3ac-4247-4e1e-89a4-3cf8ad1600fe,id-6aaf5b76-7189-4232-9553-94cc5f1469e0,CompositionRelationship,EA ModelSet
id-493183ce-0fde-4fd0-b00b-be37a94d4114,id-0fd8b530-23b1-4616-9387-e45907f7bad6,CompositionRelationship,EA ModelSet
id-c2a62d89-5802-4a10-9641-054576ae132e,id-3637b387-7862-411a-9d1f-eab8d8e5fb48,AccessRelationship,EA ModelSet
id-cbbed1a3-e928-40f0-b8f0-5f8e05ea40c5,id-4ecd95fb-f817-4ff3-ab2f-2ca70017a36a,CompositionRelationship,EA ModelSet
id-82fc3eb3-641b-479b-97a1-f3cb85140a99,id-9f29d364-d32b-4eb5-af7c-d957ebb651f2,CompositionRelationship,EA ModelSet
id-a4287687-f054-4790-b35d-dde2c4cde56b,id-2d028648-8d18-47c6-bc90-fbb5788fc99f,AssociationRelationship,EA ModelSet
id-ad0bc3ac-4247-4e1e-89a4-3cf8ad1600fe,id-189fa4a4-e180-4edd-bdc5-6cdee53da980,CompositionRelationship,EA ModelSet
id-a4287687-f054-4790-b35d-dde2c4cde56b,id-ad0bc3ac-4247-4e1e-89a4-3cf8ad1600fe,AssociationRelationship,EA ModelSet
id-42be44f0-879f-49f9-8ceb-526616bd39ef,id-9c33f3d2-56ec-4316-ac5c-a8423a3a5e07,AccessRelationship,EA ModelSet
id-493183ce-0fde-4fd0-b00b-be37a94d4114,id-0a54807a-eb45-48ba-9a50-a832673ef817,CompositionRelationship,EA ModelSet
id-cbbed1a3-e928-40f0-b8f0-5f8e05ea40c5,id-ff3c690e-07e0-4d49-affd-61e19f7969f7,CompositionRelationship,EA ModelSet
id-afe24873-14fa-4e40-9d17-a98a13cfe3e1,id-d101a340-60bf-4a67-b5eb-f10b0590afe6,CompositionRelationship,EA ModelSet
id-a4287687-f054-4790-b35d-dde2c4cde56b,id-43e80a8e-9dea-44d1-b44d-2d56cbec44df,AssociationRelationship,EA ModelSet
id-dcf8fc47-2815-4125-a41d-8ccc39ba4392,id-cc84e468-1c0f-4439-9d89-11841d5d1d8b,CompositionRelationship,EA ModelSet
id-51a41273-82f8-4af3-9353-8be906947e59,id-388e93ec-0b0b-477c-bc65-ad5bc5168a61,RealizationRelationship,EA ModelSet
id-2d028648-8d18-47c6-bc90-fbb5788fc99f,id-13f755f1-a949-4bee-b0b6-48f7793ffa5a,CompositionRelationship,EA ModelSet
id-a4287687-f054-4790-b35d-dde2c4cde56b,id-82fc3eb3-641b-479b-97a1-f3cb85140a99,AssociationRelationship,EA ModelSet
id-43e80a8e-9dea-44d1-b44d-2d56cbec44df,id-c19eb0c6-f6ef-4cac-bdd0-b15c41a14216,CompositionRelationship,EA ModelSet
id-d7c227e1-b7a7-49ff-ac0c-db1c5d929f99,id-aa952d7e-1b53-4777-8c1c-ae3870393ed0,CompositionRelationship,EA ModelSet
id-cbbed1a3-e928-40f0-b8f0-5f8e05ea40c5,id-a29831be-d8f5-4b98-85f6-1c5b1d33a327,CompositionRelationship,EA ModelSet
id-82fc3eb3-641b-479b-97a1-f3cb85140a99,id-d9e2ea2a-4e85-4da1-b2b8-8da021047bb0,CompositionRelationship,EA ModelSet
id-ad0bc3ac-4247-4e1e-89a4-3cf8ad1600fe,id-2cb7654b-4661-4aa0-a63c-9a5c1d22e0bd,CompositionRelationship,EA ModelSet
id-76d6674e-67d2-40ce-963a-0deb567bbbb6,id-7f1dcaa1-8d55-4b53-8ee5-f8fa427d3219,CompositionRelationship,EA ModelSet
id-82fc3eb3-641b-479b-97a1-f3cb85140a99,id-42ccda40-80b8-403b-b901-4623930e8b52,CompositionRelationship,EA ModelSet
id-76d6674e-67d2-40ce-963a-0deb567bbbb6,id-3fa026c7-60bb-492e-9c67-fc988900568e,CompositionRelationship,EA ModelSet
id-82fc3eb3-641b-479b-97a1-f3cb85140a99,id-10d6b825-55b4-461c-9926-7ee7dc0b5cb3,CompositionRelationship,EA ModelSet
id-afe24873-14fa-4e40-9d17-a98a13cfe3e1,id-2a8f25cc-33d5-4611-9fd8-cd5d95da40c8,CompositionRelationship,EA ModelSet
id-a4287687-f054-4790-b35d-dde2c4cde56b,id-dcf8fc47-2815-4125-a41d-8ccc39ba4392,AssociationRelationship,EA ModelSet
id-82fc3eb3-641b-479b-97a1-f3cb85140a99,id-0aa41267-2566-44dd-892f-348f78c15297,CompositionRelationship,EA ModelSet
id-2d028648-8d18-47c6-bc90-fbb5788fc99f,id-e19af004-d671-4819-9b95-e60d360a0bf7,CompositionRelationship,EA ModelSet
id-43e80a8e-9dea-44d1-b44d-2d56cbec44df,id-278efdba-25df-4f3a-953d-5484d6944e4b,CompositionRelationship,EA ModelSet
id-82fc3eb3-641b-479b-97a1-f3cb85140a99,id-5deac66c-86cd-4653-bd72-68d29a5ce6a9,CompositionRelationship,EA ModelSet
id-e2fc37da-21e0-46d1-ac85-8a251724d294,id-76d6674e-67d2-40ce-963a-0deb567bbbb6,CompositionRelationship,EA ModelSet
id-76d6674e-67d2-40ce-963a-0deb567bbbb6,id-f43e56f0-a7c2-439a-a9b2-e7d10119dc0b,CompositionRelationship,EA ModelSet
id-afe24873-14fa-4e40-9d17-a98a13cfe3e1,id-d326f3df-fdc4-45cc-a289-2d0298f9282e,CompositionRelationship,EA ModelSet
id-afe24873-14fa-4e40-9d17-a98a13cfe3e1,id-bf2a645d-5125-497b-98e0-15085f9dcba6,CompositionRelationship,EA ModelSet
id-cbbed1a3-e928-40f0-b8f0-5f8e05ea40c5,id-fa02f066-9a81-4468-8550-691bebeda80e,CompositionRelationship,EA ModelSet
id-42be44f0-879f-49f9-8ceb-526616bd39ef,id-27a262c5-e45e-4969-a4d8-22d8af2ab27c,AccessRelationship,EA ModelSet
id-cbbed1a3-e928-40f0-b8f0-5f8e05ea40c5,id-2825c90b-6798-4340-ab99-107c19eade43,CompositionRelationship,EA ModelSet
id-a4287687-f054-4790-b35d-dde2c4cde56b,id-cbbed1a3-e928-40f0-b8f0-5f8e05ea40c5,AssociationRelationship,EA ModelSet
id-ad0bc3ac-4247-4e1e-89a4-3cf8ad1600fe,id-a8341172-a278-4f50-816e-3e4c2a6d05da,CompositionRelationship,EA ModelSet
id-a4287687-f054-4790-b35d-dde2c4cde56b,id-afe24873-14fa-4e40-9d17-a98a13cfe3e1,AssociationRelationship,EA ModelSet
id-a4287687-f054-4790-b35d-dde2c4cde56b,id-d7c227e1-b7a7-49ff-ac0c-db1c5d929f99,AssociationRelationship,EA ModelSet
id-afe24873-14fa-4e40-9d17-a98a13cfe3e1,id-08254d4b-437d-43db-8899-e86a3f5107ea,CompositionRelationship,EA ModelSet
id-cbbed1a3-e928-40f0-b8f0-5f8e05ea40c5,id-ab705f0b-39f7-4211-a920-0e125e5b252f,CompositionRelationship,EA ModelSet
id-493183ce-0fde-4fd0-b00b-be37a94d4114,id-0d5ed0cf-5720-4c08-9484-3b23d037704f,CompositionRelationship,EA ModelSet
id-d7c227e1-b7a7-49ff-ac0c-db1c5d929f99,id-eae480e0-1f6d-4952-bda9-d9342cfdd73e,CompositionRelationship,EA ModelSet
id-2d028648-8d18-47c6-bc90-fbb5788fc99f,id-70a36ecf-3638-43a6-ba57-772171d36073,CompositionRelationship,EA ModelSet
id-42be44f0-879f-49f9-8ceb-526616bd39ef,id-df70685f-3578-4713-8d7c-1fbb3915a496,AccessRelationship,EA ModelSet
id-d7c227e1-b7a7-49ff-ac0c-db1c5d929f99,id-e31bbd0f-ead3-4950-97cf-32e47d470132,CompositionRelationship,EA ModelSet
id-d7c227e1-b7a7-49ff-ac0c-db1c5d929f99,id-b791bae5-e001-484f-a68f-6b155da909a5,CompositionRelationship,EA ModelSet
id-afe24873-14fa-4e40-9d17-a98a13cfe3e1,id-f100d754-5859-4cb9-816c-d78058feb216,CompositionRelationship,EA ModelSet
id-82fc3eb3-641b-479b-97a1-f3cb85140a99,id-63c514dc-09ff-488f-9a0f-c47e1be50040,CompositionRelationship,EA ModelSet
id-ad0bc3ac-4247-4e1e-89a4-3cf8ad1600fe,id-2a5d9bd3-89ad-400a-98df-b3acd9f5a4e2,CompositionRelationship,EA ModelSet
id-42be44f0-879f-49f9-8ceb-526616bd39ef,id-59f05a36-9595-4195-b337-dc18530ac400,AccessRelationship,EA ModelSet
id-d7c227e1-b7a7-49ff-ac0c-db1c5d929f99,id-a335137e-eabd-4b09-b7cb-79102cf1d74d,CompositionRelationship,EA ModelSet
id-afe24873-14fa-4e40-9d17-a98a13cfe3e1,id-51a20916-4959-4074-bd7c-fc2a4152c131,CompositionRelationship,EA ModelSet
id-e2fc37da-21e0-46d1-ac85-8a251724d294,id-493183ce-0fde-4fd0-b00b-be37a94d4114,CompositionRelationship,EA ModelSet
id-264b24e1-8b7e-486f-9535-bbc38dbb3274,id-50b3cec8-4d61-4fe9-81c5-75bf730cd68f,AssociationRelationship,EA ModelSet
id-264b24e1-8b7e-486f-9535-bbc38dbb3274,id-5cfe1d6c-c638-49aa-a5d1-ec0c809fa2dc,AssociationRelationship,EA ModelSet
id-264b24e1-8b7e-486f-9535-bbc38dbb3274,id-9dbf1993-1945-4945-a623-a9298ad8a1f3,AssociationRelationship,EA ModelSet
id-1c511772-9761-4aa7-aca8-684359c5d0c6,id-e93f5190-3b2d-4a1d-947a-76a0c189f93f,AssociationRelationship,EA ModelSet
id-fd9f2d9c-27b3-4cc2-a766-55f91007d7d5,id-3f86daec-bda5-402d-ae84-bce3fa4ae267,AssociationRelationship,EA ModelSet
id-264b24e1-8b7e-486f-9535-bbc38dbb3274,id-90eb4b3c-1bd7-4ca4-bd30-8a6e4a735ec2,AssociationRelationship,EA ModelSet
id-1c511772-9761-4aa7-aca8-684359c5d0c6,id-f38e09f2-de7e-4bca-858b-01a3068a3141,AssociationRelationship,EA ModelSet
id-264b24e1-8b7e-486f-9535-bbc38dbb3274,id-80e6fd51-0615-40e4-a3f2-9b243ca2a0fe,AssociationRelationship,EA ModelSet
id-1c511772-9761-4aa7-aca8-684359c5d0c6,id-2577e29a-5501-4aa3-ae61-699f97bf52e6,AssociationRelationship,EA ModelSet
id-fd9f2d9c-27b3-4cc2-a766-55f91007d7d5,id-33988fb3-3a79-4b7c-8d0a-c0b3a7e43d67,AssociationRelationship,EA ModelSet
id-264b24e1-8b7e-486f-9535-bbc38dbb3274,id-01a223c7-4f0a-4405-9b69-90e15cd38fcf,AssociationRelationship,EA ModelSet
id-1c511772-9761-4aa7-aca8-684359c5d0c6,id-b04132f4-df78-4600-88e8-bad2158de1de,AssociationRelationship,EA ModelSet
id-264b24e1-8b7e-486f-9535-bbc38dbb3274,id-01d464b6-b30c-4167-a5c8-14c69085252e,AssociationRelationship,EA ModelSet
id-fd9f2d9c-27b3-4cc2-a766-55f91007d7d5,id-d995d4bc-28fa-4543-a12f-33f7525f88e0,AssociationRelationship,EA ModelSet
id-99e638fb-ff4d-4b20-b1b9-ebc965a7b956,id-d02b79e7-d9d6-43c9-9edb-72cbbdded6dc,CompositionRelationship,EA ModelSet
id-2ef57ba1-5a81-42d0-8e45-797309ee7a5f,id-a44e0e81-68fb-4ca4-8c7f-7405b6467b63,CompositionRelationship,EA ModelSet
id-2ef57ba1-5a81-42d0-8e45-797309ee7a5f,id-741f5956-81eb-403a-ab10-b472bd397476,CompositionRelationship,EA ModelSet
id-1742ef00-a99a-4dd3-a4a7-4a39c60f99e6,id-08e6564b-3594-4857-a77f-6a97cdad7eff,CompositionRelationship,EA ModelSet
id-1742ef00-a99a-4dd3-a4a7-4a39c60f99e6,id-cf772b8c-18f6-4193-9f67-52dba3cad15c,CompositionRelationship,EA ModelSet
id-2efcf04c-58bd-4df3-9cf5-301d99ef36fd,id-8f41865c-b958-40bb-b898-e579b4eea345,CompositionRelationship,EA ModelSet
id-2ef57ba1-5a81-42d0-8e45-797309ee7a5f,id-612c2213-62cd-4cfd-9d6b-4ef294e78774,CompositionRelationship,EA ModelSet
id-2ef57ba1-5a81-42d0-8e45-797309ee7a5f,id-822393df-1a7d-446b-b124-99a108b44a31,CompositionRelationship,EA ModelSet
id-1742ef00-a99a-4dd3-a4a7-4a39c60f99e6,id-9083f960-e059-422a-93af-19e873ce372d,CompositionRelationship,EA ModelSet
id-1742ef00-a99a-4dd3-a4a7-4a39c60f99e6,id-fafa6818-3a36-4697-ab4b-0a65ef1e6ff6,CompositionRelationship,EA ModelSet
id-2efcf04c-58bd-4df3-9cf5-301d99ef36fd,id-a8216c13-f0ed-4cb6-8754-88ec957ee573,CompositionRelationship,EA ModelSet
id-99e638fb-ff4d-4b20-b1b9-ebc965a7b956,id-90f71324-da13-40d1-8746-bb43f5584373,CompositionRelationship,EA ModelSet
id-2efcf04c-58bd-4df3-9cf5-301d99ef36fd,id-2cb8b482-70e5-4c08-8aa3-5c41711ad09a,CompositionRelationship,EA ModelSet
id-1742ef00-a99a-4dd3-a4a7-4a39c60f99e6,id-4658f121-8a25-4b94-a8c2-f0e0c4f30d4a,CompositionRelationship,EA ModelSet
id-1742ef00-a99a-4dd3-a4a7-4a39c60f99e6,id-61ac799c-77fe-4f3f-95a4-6285766c1787,CompositionRelationship,EA ModelSet
id-1742ef00-a99a-4dd3-a4a7-4a39c60f99e6,id-8c32fa95-8e25-42cb-8574-2941b0f2c2ea,CompositionRelationship,EA ModelSet
id-99e638fb-ff4d-4b20-b1b9-ebc965a7b956,id-efb33705-379e-465c-9cdb-b9042cfca3c3,CompositionRelationship,EA ModelSet
id-2efcf04c-58bd-4df3-9cf5-301d99ef36fd,id-6c6450d8-58b9-44eb-8a4c-70ec30a71669,CompositionRelationship,EA ModelSet
_TSAgQAhrEDeEKZNJVU4GVw,_ULftAQhrEDeEKZNJVU4GVw,CompositionRelationship,EA ModelSet
_ULftAQhrEDeEKZNJVU4GVw,_TSAgQAhrEDeEKZNJVU4GVw,AggregationRelationship,EA ModelSet
_TSAgQAhrEDeEKZNJVU4GVw,_oOdMYAhoEDeTZN3z87k5xA,AccessRelationship,EA ModelSet
_oGxIoQhrEDeEKZNJVU4GVw,_iSHw0AhoEDeTZN3z87k5xA,FlowRelationship,EA ModelSet
_oGxIoQhrEDeEKZNJVU4GVw,_il8rwQhoEDeTZN3z87k5xA,FlowRelationship,EA ModelSet
_odP2UAhoEDeTZN3z87k5xA,_ULftAQhrEDeEKZNJVU4GVw,AccessRelationship,EA ModelSet
_TSAgQAhrEDeEKZNJVU4GVw,_aT8ZUQhoEDeTZN3z87k5xA,AssociationRelationship,EA ModelSet
_TSAgQAhrEDeEKZNJVU4GVw,_odP2UAhoEDeTZN3z87k5xA,TriggeringRelationship,EA ModelSet
_ZPFDYRJ2EDeNGoVU7XpBcw,_Y_pgQBJ2EDeNGoVU7XpBcw,AssignmentRelationship,EA ModelSet
id-2b66aa09246d42dc8b3ee05b465b4f71,id-97c38c6be45c48588fa3d943f1e14272,ServingRelationship,EA ModelSet
id-6da9198cfa984efb9203d5cbf0e2916b,id-97c38c6be45c48588fa3d943f1e14272,ServingRelationship,EA ModelSet
id-adc523c32f8442a684007f521c5cabe2,id-97c38c6be45c48588fa3d943f1e14272,ServingRelationship,EA ModelSet
id-6e916402392e4cbda3a4ae4f930e9f91,id-526907f3ec4c44269e69a93557572fcf,ServingRelationship,EA ModelSet
id-2b66aa09246d42dc8b3ee05b465b4f71,id-526907f3ec4c44269e69a93557572fcf,ServingRelationship,EA ModelSet
id-8775a92f6b2041fdbd9665e76dfc6647,id-6141a63c587848de8a32bdefb3b93582,ServingRelationship,EA ModelSet
id-71f3e289d6fb4c5cbe59ac278e46cebf,id-6141a63c587848de8a32bdefb3b93582,ServingRelationship,EA ModelSet
id-be73c89a896c45438b85a99821972c75,id-6141a63c587848de8a32bdefb3b93582,ServingRelationship,EA ModelSet
id-6a84857f78564f28833c7b675eb441bc,id-2b66aa09246d42dc8b3ee05b465b4f71,RealizationRelationship,EA ModelSet
id-350cba7dd2404a8182198844c57ef035,id-adc523c32f8442a684007f521c5cabe2,RealizationRelationship,EA ModelSet
id-26cfad354a5845e2b61eb0f2a88ad58d,id-6da9198cfa984efb9203d5cbf0e2916b,RealizationRelationship,EA ModelSet
id-5eb1bc91801a439eaff18b918afc492c,id-6e916402392e4cbda3a4ae4f930e9f91,RealizationRelationship,EA ModelSet
id-ce02f95c57c2468fa493d518806e2c16,id-b04216a6e1724dd8921a51a5aa3b0cab,RealizationRelationship,EA ModelSet
id-59c5cded965947dab0f7801b71041843,id-8775a92f6b2041fdbd9665e76dfc6647,RealizationRelationship,EA ModelSet
id-59c5cded965947dab0f7801b71041843,id-6b89c9e8b4b943e59acff9984ec18240,RealizationRelationship,EA ModelSet
id-d2372ed58a97452eaaeaab7ffae97aa0,id-b39c39e29f4c46f9880e6f177774d50d,RealizationRelationship,EA ModelSet
id-d2372ed58a97452eaaeaab7ffae97aa0,id-be73c89a896c45438b85a99821972c75,RealizationRelationship,EA ModelSet
id-36d5954f4b7344a6a1d043973483985d,id-71f3e289d6fb4c5cbe59ac278e46cebf,RealizationRelationship,EA ModelSet
id-6a84857f78564f28833c7b675eb441bc,id-8215ce6aa5874f73b359e4a99eb33c4a,AccessRelationship,EA ModelSet
id-26cfad354a5845e2b61eb0f2a88ad58d,id-687d23c6313b47b4926031eba4637caf,AccessRelationship,EA ModelSet
id-26cfad354a5845e2b61eb0f2a88ad58d,id-8215ce6aa5874f73b359e4a99eb33c4a,AccessRelationship,EA ModelSet
id-26cfad354a5845e2b61eb0f2a88ad58d,id-a703324d90884fa5896e81a15c854e8d,AccessRelationship,EA ModelSet
id-350cba7dd2404a8182198844c57ef035,id-a703324d90884fa5896e81a15c854e8d,AccessRelationship,EA ModelSet
id-350cba7dd2404a8182198844c57ef035,id-a87f301278bc44d4a271c349b4d67fff,AccessRelationship,EA ModelSet
id-5eb1bc91801a439eaff18b918afc492c,id-a87f301278bc44d4a271c349b4d67fff,AccessRelationship,EA ModelSet
id-5eb1bc91801a439eaff18b918afc492c,id-7eb8862241dd4f4db51437691b831d21,AccessRelationship,EA ModelSet
id-ce02f95c57c2468fa493d518806e2c16,id-7eb8862241dd4f4db51437691b831d21,AccessRelationship,EA ModelSet
id-59c5cded965947dab0f7801b71041843,id-54ade71e0dbc4ab1884182c915e365b1,AccessRelationship,EA ModelSet
id-59c5cded965947dab0f7801b71041843,id-2decb53c0e1540bc8147666a3c6d22a9,AccessRelationship,EA ModelSet
id-59c5cded965947dab0f7801b71041843,id-6893d01b0a064afca55e1781bd1575a1,AccessRelationship,EA ModelSet
id-36d5954f4b7344a6a1d043973483985d,id-e0d496879b954fb091361ef47e0e5e81,AccessRelationship,EA ModelSet
id-d2372ed58a97452eaaeaab7ffae97aa0,id-e0d496879b954fb091361ef47e0e5e81,AccessRelationship,EA ModelSet
id-a87d33141483462780bc11dc7e2ad43d,id-a87f301278bc44d4a271c349b4d67fff,AccessRelationship,EA ModelSet
id-2736dd7efcd44d57871c428ff92f56cb,id-a87f301278bc44d4a271c349b4d67fff,AccessRelationship,EA ModelSet
id-77860c814b804bf087b846c59690da77,id-8d9134af46854ca092704dac7004736d,CompositionRelationship,EA ModelSet
id-8f32994fe938497aa25cba3145ab608f,id-4c909ddd990d45c7a5eef415420f8a0b,TriggeringRelationship,EA ModelSet
id-4c909ddd990d45c7a5eef415420f8a0b,id-af6ec2a1bbeb4445aff67b470b83d61e,TriggeringRelationship,EA ModelSet
id-148802828f3d418f9fd149aa65982075,id-af6ec2a1bbeb4445aff67b470b83d61e,CompositionRelationship,EA ModelSet
id-148802828f3d418f9fd149aa65982075,id-8f32994fe938497aa25cba3145ab608f,CompositionRelationship,EA ModelSet
id-148802828f3d418f9fd149aa65982075,id-4c909ddd990d45c7a5eef415420f8a0b,CompositionRelationship,EA ModelSet
id-ad316a43f715497d924429e9afdd7e0a,id-090d748eca8140c59ea9bc77a09493b9,CompositionRelationship,EA ModelSet
id-77860c814b804bf087b846c59690da77,id-148802828f3d418f9fd149aa65982075,TriggeringRelationship,EA ModelSet
id-148802828f3d418f9fd149aa65982075,id-ad316a43f715497d924429e9afdd7e0a,TriggeringRelationship,EA ModelSet
id-910eba7b6e9f4e86b3fdb30fae99d168,id-8d9134af46854ca092704dac7004736d,ServingRelationship,EA ModelSet
id-d18fdba504ab4e76b09d947c2b07d56f,id-8f32994fe938497aa25cba3145ab608f,ServingRelationship,EA ModelSet
id-77860c814b804bf087b846c59690da77,id-ba8ea94fa32d405bb4a1a72fa9e24b29,RealizationRelationship,EA ModelSet
id-8aed2204373f451c8a6baf3224fa7f80,id-bf0397348db141c48470e3575274bc27,ServingRelationship,EA ModelSet
id-ba8ea94fa32d405bb4a1a72fa9e24b29,id-bf0397348db141c48470e3575274bc27,ServingRelationship,EA ModelSet
id-148802828f3d418f9fd149aa65982075,id-8aed2204373f451c8a6baf3224fa7f80,RealizationRelationship,EA ModelSet
id-ad316a43f715497d924429e9afdd7e0a,id-b99e3e72e75140238ae96886db1f370d,RealizationRelationship,EA ModelSet
id-b99e3e72e75140238ae96886db1f370d,id-bf0397348db141c48470e3575274bc27,ServingRelationship,EA ModelSet
id-1c5d6f29af884510bd9d07b3989645fd,id-4c909ddd990d45c7a5eef415420f8a0b,ServingRelationship,EA ModelSet
id-d8bc85ce17e943f79b6d68739c0a81ab,id-af6ec2a1bbeb4445aff67b470b83d61e,ServingRelationship,EA ModelSet
id-54f2ace2a33942d0a4de8ab625c3e20f,id-090d748eca8140c59ea9bc77a09493b9,ServingRelationship,EA ModelSet
id-3566645c3ca84a3eaf6fe355c286b249,id-d8bc85ce17e943f79b6d68739c0a81ab,RealizationRelationship,EA ModelSet
id-2f9e614dae3a43c7957f792ee2666bc0,id-d18fdba504ab4e76b09d947c2b07d56f,RealizationRelationship,EA ModelSet
id-2f9e614dae3a43c7957f792ee2666bc0,id-910eba7b6e9f4e86b3fdb30fae99d168,RealizationRelationship,EA ModelSet
id-a563c18163474a3c88072099aabf3c5d,id-6f3169a956c04bed86da6d595109af65,AssociationRelationship,EA ModelSet
id-6f3169a956c04bed86da6d595109af65,id-43bea5f3f47441918cfa9565e51fa1ce,AssociationRelationship,EA ModelSet
id-6f3169a956c04bed86da6d595109af65,id-333e348592124b06b2b9aa36e2efab40,AssociationRelationship,EA ModelSet
id-43bea5f3f47441918cfa9565e51fa1ce,id-417d3d00853449e0916c3b56ae24f012,AssociationRelationship,EA ModelSet
id-417d3d00853449e0916c3b56ae24f012,id-43bea5f3f47441918cfa9565e51fa1ce,RealizationRelationship,EA ModelSet
id-608fdcba86c94d8bb382cb423f04a685,id-417d3d00853449e0916c3b56ae24f012,RealizationRelationship,EA ModelSet
id-bf0397348db141c48470e3575274bc27,id-608fdcba86c94d8bb382cb423f04a685,RealizationRelationship,EA ModelSet
id-43bea5f3f47441918cfa9565e51fa1ce,id-6f3169a956c04bed86da6d595109af65,AssociationRelationship,EA ModelSet
id-3566645c3ca84a3eaf6fe355c286b249,id-1c5d6f29af884510bd9d07b3989645fd,RealizationRelationship,EA ModelSet
id-3566645c3ca84a3eaf6fe355c286b249,id-54f2ace2a33942d0a4de8ab625c3e20f,RealizationRelationship,EA ModelSet
id-ba1ba859cebb4d7f9c2d904b9fc2989c,id-1c5d6f29af884510bd9d07b3989645fd,RealizationRelationship,EA ModelSet
id-8f38b5c61e6b4db28626027964b4091c,id-54f2ace2a33942d0a4de8ab625c3e20f,RealizationRelationship,EA ModelSet
id-ba1ba859cebb4d7f9c2d904b9fc2989c,id-f9889fc488ab42f48959755b4a79079c,CompositionRelationship,EA ModelSet
id-3566645c3ca84a3eaf6fe355c286b249,id-bdd995f2b70c427ca895da4a9fde62cc,CompositionRelationship,EA ModelSet
id-f9889fc488ab42f48959755b4a79079c,id-21a00ce87aa8469dbceb80a994d4b464,ServingRelationship,EA ModelSet
id-bdd995f2b70c427ca895da4a9fde62cc,id-21a00ce87aa8469dbceb80a994d4b464,ServingRelationship,EA ModelSet
id-2f9e614dae3a43c7957f792ee2666bc0,id-d0f2dcb700d84f519ec4d8c0883a083f,TriggeringRelationship,EA ModelSet
id-8f38b5c61e6b4db28626027964b4091c,id-13f8478b3aad481c870bf3eb6b69e397,TriggeringRelationship,EA ModelSet
id-8f38b5c61e6b4db28626027964b4091c,id-ccfa9d2be094495abb1e29e1fa65f006,ServingRelationship,EA ModelSet
id-ccfa9d2be094495abb1e29e1fa65f006,id-8f38b5c61e6b4db28626027964b4091c,ServingRelationship,EA ModelSet
id-54f2ace2a33942d0a4de8ab625c3e20f,id-ff79f997ec9c4ea1ba5564aaefa82a37,ServingRelationship,EA ModelSet
id-ccfa9d2be094495abb1e29e1fa65f006,id-166e25f676bb4d2ba53db0049c3f369a,ServingRelationship,EA ModelSet
id-ff79f997ec9c4ea1ba5564aaefa82a37,id-ccfa9d2be094495abb1e29e1fa65f006,RealizationRelationship,EA ModelSet
_nspLGq0UEeqEM7mFKilpXw,_nspLGK0UEeqEM7mFKilpXw,AssociationRelationship,EA ModelSet
_nspLHK0UEeqEM7mFKilpXw,_nspLGK0UEeqEM7mFKilpXw,AssociationRelationship,EA ModelSet
_nspLGK0UEeqEM7mFKilpXw,_nspLHq0UEeqEM7mFKilpXw,AssociationRelationship,EA ModelSet
_nspLIK0UEeqEM7mFKilpXw,_nspLHq0UEeqEM7mFKilpXw,AssociationRelationship,EA ModelSet
_nspLJK0UEeqEM7mFKilpXw,_nspLGq0UEeqEM7mFKilpXw,SpecializationRelationship,EA ModelSet
_nspLIq0UEeqEM7mFKilpXw,_nspLGq0UEeqEM7mFKilpXw,SpecializationRelationship,EA ModelSet
_nspLIq0UEeqEM7mFKilpXw,_nspLJq0UEeqEM7mFKilpXw,CompositionRelationship,EA ModelSet
_nspLIq0UEeqEM7mFKilpXw,_nspLKK0UEeqEM7mFKilpXw,AggregationRelationship,EA ModelSet
_nspLIK0UEeqEM7mFKilpXw,_nspLLq0UEeqEM7mFKilpXw,CompositionRelationship,EA ModelSet
_nspLLq0UEeqEM7mFKilpXw,_nspLKq0UEeqEM7mFKilpXw,ServingRelationship,EA ModelSet
_nspLIK0UEeqEM7mFKilpXw,_nspLMK0UEeqEM7mFKilpXw,CompositionRelationship,EA ModelSet
_nspLMK0UEeqEM7mFKilpXw,_nspLKq0UEeqEM7mFKilpXw,ServingRelationship,EA ModelSet
_nspLMq0UEeqEM7mFKilpXw,_nspLMK0UEeqEM7mFKilpXw,RealizationRelationship,EA ModelSet
_nspLNK0UEeqEM7mFKilpXw,_nspLMK0UEeqEM7mFKilpXw,RealizationRelationship,EA ModelSet
_nspLNq0UEeqEM7mFKilpXw,_nspLNK0UEeqEM7mFKilpXw,RealizationRelationship,EA ModelSet
_nspLNK0UEeqEM7mFKilpXw,_nspLOK0UEeqEM7mFKilpXw,AssociationRelationship,EA ModelSet
_nspLOq0UEeqEM7mFKilpXw,_nspLNK0UEeqEM7mFKilpXw,CompositionRelationship,EA ModelSet
_nspLOq0UEeqEM7mFKilpXw,_nspLNq0UEeqEM7mFKilpXw,CompositionRelationship,EA ModelSet
_nspLOq0UEeqEM7mFKilpXw,_nspLOK0UEeqEM7mFKilpXw,CompositionRelationship,EA ModelSet
_nspLPK0UEeqEM7mFKilpXw,_nspLKq0UEeqEM7mFKilpXw,AssociationRelationship,EA ModelSet
_nspLLK0UEeqEM7mFKilpXw,_nspLKq0UEeqEM7mFKilpXw,AssociationRelationship,EA ModelSet
_nspLPq0UEeqEM7mFKilpXw,_nspLPK0UEeqEM7mFKilpXw,AssignmentRelationship,EA ModelSet
_nspLQK0UEeqEM7mFKilpXw,_nspLLK0UEeqEM7mFKilpXw,AssignmentRelationship,EA ModelSet
_nspLQq0UEeqEM7mFKilpXw,_nspLIK0UEeqEM7mFKilpXw,AssociationRelationship,EA ModelSet
_nspLIK0UEeqEM7mFKilpXw,_nspLRK0UEeqEM7mFKilpXw,CompositionRelationship,EA ModelSet
_nspLRK0UEeqEM7mFKilpXw,_nspLLq0UEeqEM7mFKilpXw,AssociationRelationship,EA ModelSet
_nspLRq0UEeqEM7mFKilpXw,_nspLLq0UEeqEM7mFKilpXw,TriggeringRelationship,EA ModelSet
_nspLSK0UEeqEM7mFKilpXw,_nspLGq0UEeqEM7mFKilpXw,InfluenceRelationship,EA ModelSet
_nspLSq0UEeqEM7mFKilpXw,_nspLGq0UEeqEM7mFKilpXw,InfluenceRelationship,EA ModelSet
_nspLSK0UEeqEM7mFKilpXw,_nspLHK0UEeqEM7mFKilpXw,InfluenceRelationship,EA ModelSet
_nspLTK0UEeqEM7mFKilpXw,_nspLPK0UEeqEM7mFKilpXw,AssignmentRelationship,EA ModelSet
id-8041a876-2fb5-4200-8dca-4dd9371e7a7a,cab8fd7c-4712-4df7-84ee-7d17dcbeead9,AccessRelationship,EA ModelSet
id-1885f6ff-48a9-4f1b-86a5-a66dfe9e323b,id-8041a876-2fb5-4200-8dca-4dd9371e7a7a,AssignmentRelationship,EA ModelSet
id-8041a876-2fb5-4200-8dca-4dd9371e7a7a,a904eedc-f998-4722-a3ae-9d9c10759d33,RealizationRelationship,EA ModelSet
id-95e9eaea-f6dc-46fd-9de0-d6afbdd35bc6,cab8fd7c-4712-4df7-84ee-7d17dcbeead9,AccessRelationship,EA ModelSet
id-95e9eaea-f6dc-46fd-9de0-d6afbdd35bc6,id-389ba793-9ac4-4963-b65e-d11c63b77e4f,CompositionRelationship,EA ModelSet
id-95e9eaea-f6dc-46fd-9de0-d6afbdd35bc6,ad879e10-bf27-49d2-8c32-bc83117f3a50,ServingRelationship,EA ModelSet
ad879e10-bf27-49d2-8c32-bc83117f3a50,cab8fd7c-4712-4df7-84ee-7d17dcbeead9,AccessRelationship,EA ModelSet
id-389ba793-9ac4-4963-b65e-d11c63b77e4f,id-3ecd881a-bac4-426b-9442-a44f8d0534b2,AccessRelationship,EA ModelSet
ad879e10-bf27-49d2-8c32-bc83117f3a50,id-89494a35-8e00-4bb0-8b4a-8b58452654b9,RealizationRelationship,EA ModelSet
id-56f1354c-5f97-44cc-ba11-5f8ea219a702,id-389ba793-9ac4-4963-b65e-d11c63b77e4f,ServingRelationship,EA ModelSet
id-56f1354c-5f97-44cc-ba11-5f8ea219a702,id-42f5a552-85a1-4c97-89ed-ea13e365567b,AccessRelationship,EA ModelSet
id-5feb5e67-b4fe-46fd-893d-9cb5d99bd9b3,id-95e9eaea-f6dc-46fd-9de0-d6afbdd35bc6,ServingRelationship,EA ModelSet
edf089ab-039b-4d38-bd0b-d75955e5058d,id-58c16887-d674-461f-b975-273027621e48,AccessRelationship,EA ModelSet
id-5feb5e67-b4fe-46fd-893d-9cb5d99bd9b3,edf089ab-039b-4d38-bd0b-d75955e5058d,AssignmentRelationship,EA ModelSet
id-95e9eaea-f6dc-46fd-9de0-d6afbdd35bc6,ad879e10-bf27-49d2-8c32-bc83117f3a50,AssignmentRelationship,EA ModelSet
edf089ab-039b-4d38-bd0b-d75955e5058d,id-01f7bbac-145f-4e6f-9e9b-15b4d2667cb2,RealizationRelationship,EA ModelSet
id-95e9eaea-f6dc-46fd-9de0-d6afbdd35bc6,id-58c16887-d674-461f-b975-273027621e48,AccessRelationship,EA ModelSet
id-95e9eaea-f6dc-46fd-9de0-d6afbdd35bc6,id-659e5874-d5d8-41ea-bc6e-8a65e7f520ae,RealizationRelationship,EA ModelSet
id-95e9eaea-f6dc-46fd-9de0-d6afbdd35bc6,ad879e10-bf27-49d2-8c32-bc83117f3a50,RealizationRelationship,EA ModelSet
id-5feb5e67-b4fe-46fd-893d-9cb5d99bd9b3,id-659e5874-d5d8-41ea-bc6e-8a65e7f520ae,AssociationRelationship,EA ModelSet
id-659e5874-d5d8-41ea-bc6e-8a65e7f520ae,id-56f1354c-5f97-44cc-ba11-5f8ea219a702,AssociationRelationship,EA ModelSet
b8720331-4290-41ee-b4cb-2185f5f5c454,id-95e9eaea-f6dc-46fd-9de0-d6afbdd35bc6,AssociationRelationship,EA ModelSet
id-4beafeea-31c9-4290-a483-c7e27ec996de,cab8fd7c-4712-4df7-84ee-7d17dcbeead9,AccessRelationship,EA ModelSet
id-4beafeea-31c9-4290-a483-c7e27ec996de,id-42f5a552-85a1-4c97-89ed-ea13e365567b,AccessRelationship,EA ModelSet
b8720331-4290-41ee-b4cb-2185f5f5c454,id-4beafeea-31c9-4290-a483-c7e27ec996de,AssignmentRelationship,EA ModelSet
id-4beafeea-31c9-4290-a483-c7e27ec996de,eb66ec80-a022-43f0-97fc-affa750339dc,RealizationRelationship,EA ModelSet
a904eedc-f998-4722-a3ae-9d9c10759d33,c2b82072-e9df-42a2-92e0-a53f29366a33,ServingRelationship,EA ModelSet
id-89494a35-8e00-4bb0-8b4a-8b58452654b9,c2b82072-e9df-42a2-92e0-a53f29366a33,ServingRelationship,EA ModelSet
id-01f7bbac-145f-4e6f-9e9b-15b4d2667cb2,bd8929e4-fc31-42cd-907b-60ebc2cbbdd6,ServingRelationship,EA ModelSet
id-5feb5e67-b4fe-46fd-893d-9cb5d99bd9b3,id-95e9eaea-f6dc-46fd-9de0-d6afbdd35bc6,CompositionRelationship,EA ModelSet
id-95e9eaea-f6dc-46fd-9de0-d6afbdd35bc6,b8720331-4290-41ee-b4cb-2185f5f5c454,ServingRelationship,EA ModelSet
id-5feb5e67-b4fe-46fd-893d-9cb5d99bd9b3,id-659e5874-d5d8-41ea-bc6e-8a65e7f520ae,RealizationRelationship,EA ModelSet
c2b82072-e9df-42a2-92e0-a53f29366a33,id-1f0a6146-9855-4a63-9c1f-3fa2d37d444d,ServingRelationship,EA ModelSet
bd8929e4-fc31-42cd-907b-60ebc2cbbdd6,id-329602c9-dc21-4d77-91ad-63055e9b1068,ServingRelationship,EA ModelSet
id-65ccbb13-45a4-4180-8c4b-7966fc9f0371,id-84c6c5ef-bea7-4abc-8adb-1a648d596cc9,ServingRelationship,EA ModelSet
eb66ec80-a022-43f0-97fc-affa750339dc,id-65ccbb13-45a4-4180-8c4b-7966fc9f0371,ServingRelationship,EA ModelSet
cab8fd7c-4712-4df7-84ee-7d17dcbeead9,id-5edbccc8-c951-4042-8ede-370adb7c9299,RealizationRelationship,EA ModelSet
c2b82072-e9df-42a2-92e0-a53f29366a33,id-5edbccc8-c951-4042-8ede-370adb7c9299,AccessRelationship,EA ModelSet
bd8929e4-fc31-42cd-907b-60ebc2cbbdd6,d1979851-60d5-4cca-955a-98ccdb0053ab,AccessRelationship,EA ModelSet
id-3ecd881a-bac4-426b-9442-a44f8d0534b2,d1979851-60d5-4cca-955a-98ccdb0053ab,RealizationRelationship,EA ModelSet
id-58c16887-d674-461f-b975-273027621e48,d1979851-60d5-4cca-955a-98ccdb0053ab,RealizationRelationship,EA ModelSet
id-42f5a552-85a1-4c97-89ed-ea13e365567b,c9c1083f-de91-4463-bd82-599299bdba96,RealizationRelationship,EA ModelSet
id-65ccbb13-45a4-4180-8c4b-7966fc9f0371,c9c1083f-de91-4463-bd82-599299bdba96,AccessRelationship,EA ModelSet
id-659e5874-d5d8-41ea-bc6e-8a65e7f520ae,id-56f1354c-5f97-44cc-ba11-5f8ea219a702,TriggeringRelationship,EA ModelSet
_cKhBoPcMEDiaI5uqkP9mVw,_lXz3oPcMEDiaI5uqkP9mVw,SpecializationRelationship,EA ModelSet
_lXz3oPcMEDiaI5uqkP9mVw,_mlJ0gPcMEDiaI5uqkP9mVw,SpecializationRelationship,EA ModelSet
_cKhBoPcMEDiaI5uqkP9mVw,_AZhVAPcOEDiaI5uqkP9mVw,SpecializationRelationship,EA ModelSet
_AZhVAPcOEDiaI5uqkP9mVw,_Evi6EPcOEDiaI5uqkP9mVw,SpecializationRelationship,EA ModelSet
_Evi6EPcOEDiaI5uqkP9mVw,_IQKhIPcOEDiaI5uqkP9mVw,SpecializationRelationship,EA ModelSet
_IQKhIPcOEDiaI5uqkP9mVw,_LCZYMPcOEDiaI5uqkP9mVw,SpecializationRelationship,EA ModelSet
_lXz3oPcMEDiaI5uqkP9mVw,_pb9CgPcMEDiaI5uqkP9mVw,SpecializationRelationship,EA ModelSet
_pb9CgPcMEDiaI5uqkP9mVw,_anp10PcOEDiaI5uqkP9mVw,SpecializationRelationship,EA ModelSet
_anp10PcOEDiaI5uqkP9mVw,_bmgqwPcOEDiaI5uqkP9mVw,SpecializationRelationship,EA ModelSet
_bmgqwPcOEDiaI5uqkP9mVw,_mBVq4PcOEDiaI5uqkP9mVw,SpecializationRelationship,EA ModelSet
_mBVq4PcOEDiaI5uqkP9mVw,_rCDywPcOEDiaI5uqkP9mVw,SpecializationRelationship,EA ModelSet
_mlJ0gPcMEDiaI5uqkP9mVw,_BzCQMPcPEDiaI5uqkP9mVw,SpecializationRelationship,EA ModelSet
_BzCQMPcPEDiaI5uqkP9mVw,_FKpFMPcPEDiaI5uqkP9mVw,SpecializationRelationship,EA ModelSet
_FKpFMPcPEDiaI5uqkP9mVw,_MWirMPcPEDiaI5uqkP9mVw,SpecializationRelationship,EA ModelSet
_mlJ0gPcMEDiaI5uqkP9mVw,_YEIwMPcOEDiaI5uqkP9mVw,SpecializationRelationship,EA ModelSet
_YEIwMPcOEDiaI5uqkP9mVw,_Y_2VEPcPEDiaI5uqkP9mVw,SpecializationRelationship,EA ModelSet
_Y_2VEPcPEDiaI5uqkP9mVw,_Z_RKsPcPEDiaI5uqkP9mVw,SpecializationRelationship,EA ModelSet
_Z_RKsPcPEDiaI5uqkP9mVw,_a1wt0PcPEDiaI5uqkP9mVw,SpecializationRelationship,EA ModelSet
_a1wt0PcPEDiaI5uqkP9mVw,_booVMPcPEDiaI5uqkP9mVw,SpecializationRelationship,EA ModelSet
_booVMPcPEDiaI5uqkP9mVw,_mx6WwPcPEDiaI5uqkP9mVw,SpecializationRelationship,EA ModelSet
_YEIwMPcOEDiaI5uqkP9mVw,_s7z0kPcMEDiaI5uqkP9mVw,AssociationRelationship,EA ModelSet
_s7z0kPcMEDiaI5uqkP9mVw,_9NgaEPcPEDiaI5uqkP9mVw,AssociationRelationship,EA ModelSet
_9NgaEPcPEDiaI5uqkP9mVw,_-JuKsPcPEDiaI5uqkP9mVw,AssociationRelationship,EA ModelSet
_-JuKsPcPEDiaI5uqkP9mVw,_FBkMQPcQEDiaI5uqkP9mVw,AssociationRelationship,EA ModelSet
id-5dfb78f9-d898-4867-bb61-69e0e3ef64e8,id-99d9222a-3a2c-498c-84f4-27727480c9a5,TriggeringRelationship,EA ModelSet
id-9acddf06-7dca-460d-a05c-529fc555adcd,bb40d7d7-a512-4768-b36d-41160b25261e,TriggeringRelationship,EA ModelSet
id-9acddf06-7dca-460d-a05c-529fc555adcd,id-99d9222a-3a2c-498c-84f4-27727480c9a5,TriggeringRelationship,EA ModelSet
d4bf8b54-3d97-48bc-ae1f-9bb945dfca35,id-99d9222a-3a2c-498c-84f4-27727480c9a5,TriggeringRelationship,EA ModelSet
id-0ab6bafb-f632-47b0-9ff5-386781383cca,id-98c123bc-e473-4270-9bf1-0024f39dc832,TriggeringRelationship,EA ModelSet
cc6f71c3-96c7-4dcc-ac6c-dbfb24d4f38e,id-98c123bc-e473-4270-9bf1-0024f39dc832,TriggeringRelationship,EA ModelSet
cc6f71c3-96c7-4dcc-ac6c-dbfb24d4f38e,d76dc935-d5e3-49da-88a9-ab8c194b8fc0,TriggeringRelationship,EA ModelSet
id-583b3a61-d64d-4513-baa2-ae0f5a0cf1ed,d76dc935-d5e3-49da-88a9-ab8c194b8fc0,TriggeringRelationship,EA ModelSet
id-151a4561-0b02-4f34-ac62-fbca5f0c1fff,id-99d9222a-3a2c-498c-84f4-27727480c9a5,TriggeringRelationship,EA ModelSet
id-151a4561-0b02-4f34-ac62-fbca5f0c1fff,d76dc935-d5e3-49da-88a9-ab8c194b8fc0,TriggeringRelationship,EA ModelSet
id-29225e53-58ad-4e62-931b-1c617df69dcb,id-99d9222a-3a2c-498c-84f4-27727480c9a5,TriggeringRelationship,EA ModelSet
id-8cc2e287-cc13-47a0-b412-d52f67bb429f,id-99d9222a-3a2c-498c-84f4-27727480c9a5,TriggeringRelationship,EA ModelSet
id-3f6b9050-fc3b-4c02-9f66-f549393a6e28,id-1e104970-4e3b-49a4-93b2-a8c16501e31f,TriggeringRelationship,EA ModelSet
id-3f6b9050-fc3b-4c02-9f66-f549393a6e28,id-99d9222a-3a2c-498c-84f4-27727480c9a5,TriggeringRelationship,EA ModelSet
id-8cc2e287-cc13-47a0-b412-d52f67bb429f,id-58e18e37-d988-48bd-9e7e-1906d6bb6747,TriggeringRelationship,EA ModelSet
id-58e18e37-d988-48bd-9e7e-1906d6bb6747,id-373473d0-b080-4244-871b-f55415737024,TriggeringRelationship,EA ModelSet
e138a585-7d0a-457a-88a4-0dbbdab589ce,id-98c123bc-e473-4270-9bf1-0024f39dc832,TriggeringRelationship,EA ModelSet
e138a585-7d0a-457a-88a4-0dbbdab589ce,id-1e104970-4e3b-49a4-93b2-a8c16501e31f,TriggeringRelationship,EA ModelSet
id-7c190bac-aa4a-4430-b52a-78c56ff2ad0c,id-1e104970-4e3b-49a4-93b2-a8c16501e31f,TriggeringRelationship,EA ModelSet
e138a585-7d0a-457a-88a4-0dbbdab589ce,id-79b7c1d9-fce3-47e6-95b8-cb3b08da0c0d,TriggeringRelationship,EA ModelSet
id-7c190bac-aa4a-4430-b52a-78c56ff2ad0c,id-99d9222a-3a2c-498c-84f4-27727480c9a5,TriggeringRelationship,EA ModelSet
id-7c190bac-aa4a-4430-b52a-78c56ff2ad0c,ff41be07-bad7-446d-be03-a81a44e31e68,ServingRelationship,EA ModelSet
id-7c190bac-aa4a-4430-b52a-78c56ff2ad0c,id-79b7c1d9-fce3-47e6-95b8-cb3b08da0c0d,TriggeringRelationship,EA ModelSet
d1f20893-3e8a-462f-8cbc-993fbb9c1f27,id-79b7c1d9-fce3-47e6-95b8-cb3b08da0c0d,TriggeringRelationship,EA ModelSet
id-510dde45-dc02-4b69-8fc5-02b5af1700bd,id-79b7c1d9-fce3-47e6-95b8-cb3b08da0c0d,TriggeringRelationship,EA ModelSet
bb40d7d7-a512-4768-b36d-41160b25261e,id-65493ea0-0d95-422a-b6a2-84f96f7d3983,TriggeringRelationship,EA ModelSet
id-99d9222a-3a2c-498c-84f4-27727480c9a5,id-798fd970-a96a-48c4-8e08-f64247935ddb,TriggeringRelationship,EA ModelSet
id-98c123bc-e473-4270-9bf1-0024f39dc832,id-5f39cb5d-2063-4251-ba7c-20b2ecde5c92,TriggeringRelationship,EA ModelSet
d76dc935-d5e3-49da-88a9-ab8c194b8fc0,id-5f39cb5d-2063-4251-ba7c-20b2ecde5c92,TriggeringRelationship,EA ModelSet
id-1e104970-4e3b-49a4-93b2-a8c16501e31f,id-65493ea0-0d95-422a-b6a2-84f96f7d3983,TriggeringRelationship,EA ModelSet
id-1e104970-4e3b-49a4-93b2-a8c16501e31f,id-13442597-c20a-4729-9ac8-b41632ce36ff,TriggeringRelationship,EA ModelSet
id-1e104970-4e3b-49a4-93b2-a8c16501e31f,id-79b7c1d9-fce3-47e6-95b8-cb3b08da0c0d,TriggeringRelationship,EA ModelSet
ff41be07-bad7-446d-be03-a81a44e31e68,id-79b7c1d9-fce3-47e6-95b8-cb3b08da0c0d,TriggeringRelationship,EA ModelSet
ff41be07-bad7-446d-be03-a81a44e31e68,e4eceb5b-eea2-4df8-9fc8-afb048bc1bd8,TriggeringRelationship,EA ModelSet
id-510dde45-dc02-4b69-8fc5-02b5af1700bd,ff41be07-bad7-446d-be03-a81a44e31e68,TriggeringRelationship,EA ModelSet
id-510dde45-dc02-4b69-8fc5-02b5af1700bd,id-5a32ea68-d599-4de3-b300-ab85f25cb252,TriggeringRelationship,EA ModelSet
id-510dde45-dc02-4b69-8fc5-02b5af1700bd,id-1e104970-4e3b-49a4-93b2-a8c16501e31f,TriggeringRelationship,EA ModelSet
a92cf2e7-995a-4da1-af0d-290793ee4ae6,id-79b7c1d9-fce3-47e6-95b8-cb3b08da0c0d,TriggeringRelationship,EA ModelSet
a92cf2e7-995a-4da1-af0d-290793ee4ae6,ff41be07-bad7-446d-be03-a81a44e31e68,TriggeringRelationship,EA ModelSet
a92cf2e7-995a-4da1-af0d-290793ee4ae6,id-90a3f29f-2953-499b-9e73-b12ec1da3875,TriggeringRelationship,EA ModelSet
id-21a5bd4b-736d-454e-9465-3d245ff1f449,id-99d9222a-3a2c-498c-84f4-27727480c9a5,TriggeringRelationship,EA ModelSet
id-65493ea0-0d95-422a-b6a2-84f96f7d3983,id-5f39cb5d-2063-4251-ba7c-20b2ecde5c92,TriggeringRelationship,EA ModelSet
id-4b9d016b-04be-4779-a094-1a264069e60f,id-65493ea0-0d95-422a-b6a2-84f96f7d3983,TriggeringRelationship,EA ModelSet
id-4b9d016b-04be-4779-a094-1a264069e60f,id-90a3f29f-2953-499b-9e73-b12ec1da3875,TriggeringRelationship,EA ModelSet
id-4b9d016b-04be-4779-a094-1a264069e60f,id-79b7c1d9-fce3-47e6-95b8-cb3b08da0c0d,TriggeringRelationship,EA ModelSet
id-4b9d016b-04be-4779-a094-1a264069e60f,ff41be07-bad7-446d-be03-a81a44e31e68,TriggeringRelationship,EA ModelSet
id-5a32ea68-d599-4de3-b300-ab85f25cb252,id-373473d0-b080-4244-871b-f55415737024,TriggeringRelationship,EA ModelSet
id-5a32ea68-d599-4de3-b300-ab85f25cb252,id-1e104970-4e3b-49a4-93b2-a8c16501e31f,TriggeringRelationship,EA ModelSet
id-5a32ea68-d599-4de3-b300-ab85f25cb252,id-79b7c1d9-fce3-47e6-95b8-cb3b08da0c0d,TriggeringRelationship,EA ModelSet
a92cf2e7-995a-4da1-af0d-290793ee4ae6,df3e20e3-1198-4d24-a792-d066a089c69f,TriggeringRelationship,EA ModelSet
id-1b996c1b-b54a-4b05-833c-c5536ce7d7f3,id-65493ea0-0d95-422a-b6a2-84f96f7d3983,TriggeringRelationship,EA ModelSet
id-1b996c1b-b54a-4b05-833c-c5536ce7d7f3,id-90a3f29f-2953-499b-9e73-b12ec1da3875,TriggeringRelationship,EA ModelSet
id-1b996c1b-b54a-4b05-833c-c5536ce7d7f3,id-79b7c1d9-fce3-47e6-95b8-cb3b08da0c0d,TriggeringRelationship,EA ModelSet
id-90a3f29f-2953-499b-9e73-b12ec1da3875,id-5f39cb5d-2063-4251-ba7c-20b2ecde5c92,TriggeringRelationship,EA ModelSet
id-13442597-c20a-4729-9ac8-b41632ce36ff,id-5f39cb5d-2063-4251-ba7c-20b2ecde5c92,TriggeringRelationship,EA ModelSet
a3cc5e89-0828-4a32-8011-7ff1a50d130f,id-13442597-c20a-4729-9ac8-b41632ce36ff,TriggeringRelationship,EA ModelSet
id-798fd970-a96a-48c4-8e08-f64247935ddb,id-5f39cb5d-2063-4251-ba7c-20b2ecde5c92,TriggeringRelationship,EA ModelSet
id-98c123bc-e473-4270-9bf1-0024f39dc832,id-79b7c1d9-fce3-47e6-95b8-cb3b08da0c0d,TriggeringRelationship,EA ModelSet
id-13442597-c20a-4729-9ac8-b41632ce36ff,id-79b7c1d9-fce3-47e6-95b8-cb3b08da0c0d,TriggeringRelationship,EA ModelSet
c8cbf971-fc13-4837-8430-3dbfa95bbdfb,id-5dfb78f9-d898-4867-bb61-69e0e3ef64e8,TriggeringRelationship,EA ModelSet
c8cbf971-fc13-4837-8430-3dbfa95bbdfb,id-151a4561-0b02-4f34-ac62-fbca5f0c1fff,TriggeringRelationship,EA ModelSet
c8cbf971-fc13-4837-8430-3dbfa95bbdfb,e138a585-7d0a-457a-88a4-0dbbdab589ce,TriggeringRelationship,EA ModelSet
c8cbf971-fc13-4837-8430-3dbfa95bbdfb,id-510dde45-dc02-4b69-8fc5-02b5af1700bd,TriggeringRelationship,EA ModelSet
c8cbf971-fc13-4837-8430-3dbfa95bbdfb,a92cf2e7-995a-4da1-af0d-290793ee4ae6,TriggeringRelationship,EA ModelSet
c8cbf971-fc13-4837-8430-3dbfa95bbdfb,a3cc5e89-0828-4a32-8011-7ff1a50d130f,TriggeringRelationship,EA ModelSet
c8cbf971-fc13-4837-8430-3dbfa95bbdfb,id-1b996c1b-b54a-4b05-833c-c5536ce7d7f3,TriggeringRelationship,EA ModelSet
c8cbf971-fc13-4837-8430-3dbfa95bbdfb,id-4b9d016b-04be-4779-a094-1a264069e60f,TriggeringRelationship,EA ModelSet
id-8ee9204e-d4e1-4866-ab0f-e2b292a0b015,c8cbf971-fc13-4837-8430-3dbfa95bbdfb,TriggeringRelationship,EA ModelSet
id-19bd96f6-6c3d-40cc-af7e-dc9a6d1aa8c3,id-8ee9204e-d4e1-4866-ab0f-e2b292a0b015,TriggeringRelationship,EA ModelSet
id-1f0edfb0-4c96-401f-8941-e3e41d367e24,id-8ee9204e-d4e1-4866-ab0f-e2b292a0b015,TriggeringRelationship,EA ModelSet
c55619d5-70d3-41d0-b4b9-e5013d138544,id-19bd96f6-6c3d-40cc-af7e-dc9a6d1aa8c3,TriggeringRelationship,EA ModelSet
c55619d5-70d3-41d0-b4b9-e5013d138544,id-1f0edfb0-4c96-401f-8941-e3e41d367e24,TriggeringRelationship,EA ModelSet
c55619d5-70d3-41d0-b4b9-e5013d138544,d1f20893-3e8a-462f-8cbc-993fbb9c1f27,TriggeringRelationship,EA ModelSet
c55619d5-70d3-41d0-b4b9-e5013d138544,id-90a3f29f-2953-499b-9e73-b12ec1da3875,TriggeringRelationship,EA ModelSet
id-7c190bac-aa4a-4430-b52a-78c56ff2ad0c,id-98c123bc-e473-4270-9bf1-0024f39dc832,TriggeringRelationship,EA ModelSet
id-21a5bd4b-736d-454e-9465-3d245ff1f449,id-1e104970-4e3b-49a4-93b2-a8c16501e31f,TriggeringRelationship,EA ModelSet
_xoHCUBZ3EDqt3pdA0Z_YRw,_voxn0BZ3EDqt3pdA0Z_YRw,TriggeringRelationship,EA ModelSet
_yC9yUBZ3EDqt3pdA0Z_YRw,_voxn0BZ3EDqt3pdA0Z_YRw,TriggeringRelationship,EA ModelSet
_yhpSYBZ3EDqt3pdA0Z_YRw,_voxn0BZ3EDqt3pdA0Z_YRw,TriggeringRelationship,EA ModelSet
_IBMuwBZ5EDqt3pdA0Z_YRw,_voxn0BZ3EDqt3pdA0Z_YRw,TriggeringRelationship,EA ModelSet
_qPJl0BZ5EDqt3pdA0Z_YRw,_voxn0BZ3EDqt3pdA0Z_YRw,TriggeringRelationship,EA ModelSet
_H231cBZ2EDqt3pdA0Z_YRw,_voxn0BZ3EDqt3pdA0Z_YRw,TriggeringRelationship,EA ModelSet
_PgIs4BZ2EDqt3pdA0Z_YRw,_voxn0BZ3EDqt3pdA0Z_YRw,TriggeringRelationship,EA ModelSet
_kJ170BZ2EDqt3pdA0Z_YRw,_voxn0BZ3EDqt3pdA0Z_YRw,TriggeringRelationship,EA ModelSet
_voxn0BZ3EDqt3pdA0Z_YRw,_4rblABaAEDqt3pdA0Z_YRw,TriggeringRelationship,EA ModelSet
id-b38dbd6ea02545bf9ce616a4ce223689,id-565a36b45eb1499b82bf6a8c9ddca04a,ServingRelationship,EA ModelSet
id-441762300b90445cafcc4b6b1115dec2,id-b1e797713d51428dbe4570fc8852e2c6,ServingRelationship,EA ModelSet
id-6d52b83b31f94e2ba0dc40fd07113bbf,id-6442700719264c14a9bb8131428dcc5a,AccessRelationship,EA ModelSet
id-4f09b465a8a24a9ea2863b13783ac3d6,id-ae5d6a6363a543559a349eec430254e7,RealizationRelationship,EA ModelSet
id-6d52b83b31f94e2ba0dc40fd07113bbf,id-ae5d6a6363a543559a349eec430254e7,RealizationRelationship,EA ModelSet
id-2340e7a3b5404db1a6533b55bd201407,id-4f09b465a8a24a9ea2863b13783ac3d6,RealizationRelationship,EA ModelSet
id-565a36b45eb1499b82bf6a8c9ddca04a,id-6d52b83b31f94e2ba0dc40fd07113bbf,ServingRelationship,EA ModelSet
f47e0d68,id-8a503796,CompositionRelationship,EA ModelSet
f47e0d68,id-075fbf35,CompositionRelationship,EA ModelSet
f47e0d68,id-8aed9f55,CompositionRelationship,EA ModelSet
f4ab94d8,id-152ed138,CompositionRelationship,EA ModelSet
f4ab94d8,id-8e9c9750,CompositionRelationship,EA ModelSet
f4ab94d8,ff894a0a,CompositionRelationship,EA ModelSet
f4ab94d8,id-8f42a49a,CompositionRelationship,EA ModelSet
f4ab94d8,d9fe1e40,AssignmentRelationship,EA ModelSet
id-8e9c9750,ff894a0a,CompositionRelationship,EA ModelSet
id-8e9c9750,id-8f42a49a,CompositionRelationship,EA ModelSet
id-8e9c9750,d9fe1e40,AssignmentRelationship,EA ModelSet
id-8e9c9750,id-02281798,AssignmentRelationship,EA ModelSet
id-8e9c9750,b23efb5d,AssignmentRelationship,EA ModelSet
id-8e9c9750,id-86d83799,AssignmentRelationship,EA ModelSet
id-8e9c9750,id-84baf3d1,AssignmentRelationship,EA ModelSet
b23efb5d,id-84baf3d1,CompositionRelationship,EA ModelSet
b23efb5d,id-7930a261,CompositionRelationship,EA ModelSet
id-84baf3d1,id-0609e555,ServingRelationship,EA ModelSet
c3601efe,id-84baf3d1,AssociationRelationship,EA ModelSet
id-7930a261,id-9da59fe0,AccessRelationship,EA ModelSet
id-7930a261,c3601efe,AssociationRelationship,EA ModelSet
id-7930a261,id-0609e555,ServingRelationship,EA ModelSet
id-02281798,id-9da59fe0,AssociationRelationship,EA ModelSet
id-86d83799,id-0a7bd17b,AssociationRelationship,EA ModelSet
id-86d83799,c3601efe,AssociationRelationship,EA ModelSet
id-02281798,id-0609e555,ServingRelationship,EA ModelSet
id-02281798,id-5e7f7d9f,AccessRelationship,EA ModelSet
id-02281798,c3601efe,AccessRelationship,EA ModelSet
a970de3f,id-9da59fe0,AccessRelationship,EA ModelSet
id-7930a261,id-02281798,ServingRelationship,EA ModelSet
cc29385a,id-60d0dd58,AggregationRelationship,EA ModelSet
id-60d0dd58,df557988,CompositionRelationship,EA ModelSet
df557988,id-60d0dd58,SpecializationRelationship,EA ModelSet
df557988,id-60d0dd58,AssociationRelationship,EA ModelSet
id-7f089ff2,df557988,AssociationRelationship,EA ModelSet
id-7f089ff2,id-0609e555,ServingRelationship,EA ModelSet
df557988,cc29385a,SpecializationRelationship,EA ModelSet
ea54df95,id-0609e555,ServingRelationship,EA ModelSet
bfe922b5,cc29385a,RealizationRelationship,EA ModelSet
dbd78f41,cc29385a,RealizationRelationship,EA ModelSet
id-6e4996af,cc29385a,RealizationRelationship,EA ModelSet
bfe922b5,ea54df95,ServingRelationship,EA ModelSet
df557988,id-60c02ef2,AggregationRelationship,EA ModelSet
id-60c02ef2,id-9e5881db,AssociationRelationship,EA ModelSet
id-60c02ef2,id-61db4962,AssociationRelationship,EA ModelSet
id-60c02ef2,bd988b18,AssociationRelationship,EA ModelSet
id-3b16c665,id-60c02ef2,RealizationRelationship,EA ModelSet
b0f6f900,df557988,AssociationRelationship,EA ModelSet
df557988,e57b74d1,AssociationRelationship,EA ModelSet
df557988,c3601efe,AssociationRelationship,EA ModelSet
df557988,id-08b505e8,AssociationRelationship,EA ModelSet
id-1891a735,f34c0571,FlowRelationship,EA ModelSet
f34c0571,id-0609e555,ServingRelationship,EA ModelSet
f34c0571,df557988,AssociationRelationship,EA ModelSet
id-122f2140,edadc916,AggregationRelationship,EA ModelSet
a9ee62a3,edadc916,AssociationRelationship,EA ModelSet
a9ee62a3,ef73bdc7,ServingRelationship,EA ModelSet
id-19ff834b,ff894a0a,AssociationRelationship,EA ModelSet
ff894a0a,id-076276ee,AccessRelationship,EA ModelSet
ff894a0a,cfd31687,AccessRelationship,EA ModelSet
ff894a0a,id-6a230b49,AccessRelationship,EA ModelSet
id-49695135,id-122f2140,AccessRelationship,EA ModelSet
id-49695135,ef73bdc7,ServingRelationship,EA ModelSet
id-91c9d084,ef73bdc7,ServingRelationship,EA ModelSet
c2292107,id-0d1a6d64,AssociationRelationship,EA ModelSet
id-91c9d084,id-0d1a6d64,AssociationRelationship,EA ModelSet
id-0d1a6d64,d17ef5eb,AggregationRelationship,EA ModelSet
id-03c5d0fc,id-1686d65d,AssociationRelationship,EA ModelSet
id-03c5d0fc,id-8f92868a,AssociationRelationship,EA ModelSet
id-03c5d0fc,id-3ad22a6e,AssociationRelationship,EA ModelSet
id-03c5d0fc,f414147f,AssociationRelationship,EA ModelSet
id-0d1a6d64,id-8eb68cb9,AssociationRelationship,EA ModelSet
id-1891a735,e08c04f4,ServingRelationship,EA ModelSet
id-1891a735,id-0609e555,ServingRelationship,EA ModelSet
id-1891a735,id-0a7bd17b,ServingRelationship,EA ModelSet
id-466b7c40-448d-4a6c-b6b5-c9fe4de3de1d,id-76a07de2-1326-40fa-b275-9ffbd81cc5fa,TriggeringRelationship,EA ModelSet
id-64eedff5-8844-42d8-900a-b42ef92dfdec,id-145e8029-c8f1-4c88-9b01-91cd9fe192d7,TriggeringRelationship,EA ModelSet
id-4079e378-6600-4306-bcfe-f78ea2d16c67,id-466b7c40-448d-4a6c-b6b5-c9fe4de3de1d,TriggeringRelationship,EA ModelSet
id-4079e378-6600-4306-bcfe-f78ea2d16c67,id-29d6ac2b-e663-40da-83e5-aeb696307f54,TriggeringRelationship,EA ModelSet
id-4079e378-6600-4306-bcfe-f78ea2d16c67,id-8deb66e4-f026-4e3f-9f27-c3f3d57d76a0,TriggeringRelationship,EA ModelSet
id-4079e378-6600-4306-bcfe-f78ea2d16c67,id-64eedff5-8844-42d8-900a-b42ef92dfdec,TriggeringRelationship,EA ModelSet
id-6d4e48f2-e3bf-4392-9f1c-91dacf808f2c,id-4079e378-6600-4306-bcfe-f78ea2d16c67,TriggeringRelationship,EA ModelSet
cec1e801-72ef-441e-b444-1fc36a42edf7,id-6d4e48f2-e3bf-4392-9f1c-91dacf808f2c,TriggeringRelationship,EA ModelSet
id-3c84eb66-38ef-4cb5-98d7-9bde0c6a6243,cec1e801-72ef-441e-b444-1fc36a42edf7,TriggeringRelationship,EA ModelSet
ca040819-97a4-41c8-ab4f-706008962e60,cec1e801-72ef-441e-b444-1fc36a42edf7,TriggeringRelationship,EA ModelSet
id-3c84eb66-38ef-4cb5-98d7-9bde0c6a6243,id-5f749041-d50f-4f57-afb8-7916acff9e77,TriggeringRelationship,EA ModelSet
ca040819-97a4-41c8-ab4f-706008962e60,id-5f749041-d50f-4f57-afb8-7916acff9e77,TriggeringRelationship,EA ModelSet
id-8f8bf9da-468e-4d9d-bef2-82603d32a766,id-5f749041-d50f-4f57-afb8-7916acff9e77,TriggeringRelationship,EA ModelSet
a45ba4d6-7bf8-405a-832a-2b14a1bdd29f,id-5f749041-d50f-4f57-afb8-7916acff9e77,TriggeringRelationship,EA ModelSet
id-21a91b96-7fc8-4937-ae49-1c230c3dd5ff,ca040819-97a4-41c8-ab4f-706008962e60,TriggeringRelationship,EA ModelSet
id-21a91b96-7fc8-4937-ae49-1c230c3dd5ff,id-3c84eb66-38ef-4cb5-98d7-9bde0c6a6243,TriggeringRelationship,EA ModelSet
id-21a91b96-7fc8-4937-ae49-1c230c3dd5ff,id-8f8bf9da-468e-4d9d-bef2-82603d32a766,TriggeringRelationship,EA ModelSet
id-21a91b96-7fc8-4937-ae49-1c230c3dd5ff,a45ba4d6-7bf8-405a-832a-2b14a1bdd29f,TriggeringRelationship,EA ModelSet
ca040819-97a4-41c8-ab4f-706008962e60,fa822bbd-474f-45b4-a9a3-0270029b9ba3,AccessRelationship,EA ModelSet
id-3c84eb66-38ef-4cb5-98d7-9bde0c6a6243,fa822bbd-474f-45b4-a9a3-0270029b9ba3,AccessRelationship,EA ModelSet
id-8f8bf9da-468e-4d9d-bef2-82603d32a766,fa822bbd-474f-45b4-a9a3-0270029b9ba3,AccessRelationship,EA ModelSet
a45ba4d6-7bf8-405a-832a-2b14a1bdd29f,fa822bbd-474f-45b4-a9a3-0270029b9ba3,AccessRelationship,EA ModelSet
id-6d4e48f2-e3bf-4392-9f1c-91dacf808f2c,fa822bbd-474f-45b4-a9a3-0270029b9ba3,AccessRelationship,EA ModelSet
id-64eedff5-8844-42d8-900a-b42ef92dfdec,fa822bbd-474f-45b4-a9a3-0270029b9ba3,AccessRelationship,EA ModelSet
id-466b7c40-448d-4a6c-b6b5-c9fe4de3de1d,fa822bbd-474f-45b4-a9a3-0270029b9ba3,AccessRelationship,EA ModelSet
id-3c84eb66-38ef-4cb5-98d7-9bde0c6a6243,id-4079e378-6600-4306-bcfe-f78ea2d16c67,TriggeringRelationship,EA ModelSet
ca040819-97a4-41c8-ab4f-706008962e60,id-4079e378-6600-4306-bcfe-f78ea2d16c67,TriggeringRelationship,EA ModelSet
id-8f8bf9da-468e-4d9d-bef2-82603d32a766,id-4079e378-6600-4306-bcfe-f78ea2d16c67,TriggeringRelationship,EA ModelSet
a45ba4d6-7bf8-405a-832a-2b14a1bdd29f,id-4079e378-6600-4306-bcfe-f78ea2d16c67,TriggeringRelationship,EA ModelSet
id-f89ab970dab04a109a1754a42b1b7e4f,id-614d528ff1ae4ef6a9edbed266941451,CompositionRelationship,EA ModelSet
id-f89ab970dab04a109a1754a42b1b7e4f,id-aa4cad694d3045e2834fe62c0b7f16f1,CompositionRelationship,EA ModelSet
id-3fd678ba3ac843ee95d9da59f654318a,id-f89ab970dab04a109a1754a42b1b7e4f,CompositionRelationship,EA ModelSet
id-97868f1237d44b169bab873207525c0b,id-a3839a5e78a64086a3bca05fcbc7650d,AggregationRelationship,EA ModelSet
id-97868f1237d44b169bab873207525c0b,id-150ad894fdf84223acfd26d359d8c6c0,AggregationRelationship,EA ModelSet
id-a3839a5e78a64086a3bca05fcbc7650d,id-150ad894fdf84223acfd26d359d8c6c0,AssignmentRelationship,EA ModelSet
id-b05fd0da2f12425aa6aa6e4b0320cf96,id-87d5c024e52e4193834ab816bfd4b757,AggregationRelationship,EA ModelSet
id-b05fd0da2f12425aa6aa6e4b0320cf96,id-19c9b7e9d7fa4c0e9ba62545aff70ed8,AggregationRelationship,EA ModelSet
id-87d5c024e52e4193834ab816bfd4b757,id-19c9b7e9d7fa4c0e9ba62545aff70ed8,AssignmentRelationship,EA ModelSet
id-aa4cad694d3045e2834fe62c0b7f16f1,id-778d482a5ae84baca4d9d63d2c0a0b68,CompositionRelationship,EA ModelSet
id-aa4cad694d3045e2834fe62c0b7f16f1,id-e1e01a9b31cd41a581160b775e8c6886,RealizationRelationship,EA ModelSet
id-8b92a6e148604781be43b80fed2bb1ff,id-e1e01a9b31cd41a581160b775e8c6886,AggregationRelationship,EA ModelSet
id-614d528ff1ae4ef6a9edbed266941451,id-01ada7901b6a4f3588593291172ffd82,AggregationRelationship,EA ModelSet
id-614d528ff1ae4ef6a9edbed266941451,id-3320f5f1846546fbb9f68e2b4f8e01b2,AggregationRelationship,EA ModelSet
id-01ada7901b6a4f3588593291172ffd82,id-31a5077acc164474ad05d2a87c3d21b3,CompositionRelationship,EA ModelSet
id-01ada7901b6a4f3588593291172ffd82,id-c9747cc84627452194143d2307af6be1,CompositionRelationship,EA ModelSet
id-3320f5f1846546fbb9f68e2b4f8e01b2,id-687a430304af4959908453ac8768cf48,CompositionRelationship,EA ModelSet
id-3320f5f1846546fbb9f68e2b4f8e01b2,id-edfa9aa2bebd4eadb8b8dcb9dafe6db5,CompositionRelationship,EA ModelSet
id-150ad894fdf84223acfd26d359d8c6c0,id-01ada7901b6a4f3588593291172ffd82,AssignmentRelationship,EA ModelSet
id-19c9b7e9d7fa4c0e9ba62545aff70ed8,id-3320f5f1846546fbb9f68e2b4f8e01b2,AssignmentRelationship,EA ModelSet
id-150ad894fdf84223acfd26d359d8c6c0,id-aa4cad694d3045e2834fe62c0b7f16f1,AssignmentRelationship,EA ModelSet
id-aa4cad694d3045e2834fe62c0b7f16f1,id-07d408add2044197a01b6e18ab02e063,CompositionRelationship,EA ModelSet
id-aa4cad694d3045e2834fe62c0b7f16f1,id-af6cc54100534bfcb62697f70be003c6,CompositionRelationship,EA ModelSet
id-aa4cad694d3045e2834fe62c0b7f16f1,id-444d5230431a46dc86b59053b1f65027,CompositionRelationship,EA ModelSet
id-aa4cad694d3045e2834fe62c0b7f16f1,id-c6e7160ff94e416caa483dfb18f3d465,CompositionRelationship,EA ModelSet
id-aa4cad694d3045e2834fe62c0b7f16f1,id-5a0b29d6c09c40d99fa8d9999df552d5,CompositionRelationship,EA ModelSet
id-aa4cad694d3045e2834fe62c0b7f16f1,id-0e8402db124a4fbeadef7c2950c1640b,CompositionRelationship,EA ModelSet
id-aa4cad694d3045e2834fe62c0b7f16f1,id-5a06762ed7b148a18cd7ef027d35d356,CompositionRelationship,EA ModelSet
id-aa4cad694d3045e2834fe62c0b7f16f1,id-1da0d302c0f94c43a562ad9dea98034e,CompositionRelationship,EA ModelSet
id-aa4cad694d3045e2834fe62c0b7f16f1,id-9e04d2b15e274bb1b36266e0ea357455,CompositionRelationship,EA ModelSet
id-aa4cad694d3045e2834fe62c0b7f16f1,id-e04f72e339784a0e91bdd687216b0706,CompositionRelationship,EA ModelSet
id-778d482a5ae84baca4d9d63d2c0a0b68,id-175a270c4c354c9e91d002a9398addd0,CompositionRelationship,EA ModelSet
id-778d482a5ae84baca4d9d63d2c0a0b68,id-50e6f386ee334165bd4bcf327db29d6c,CompositionRelationship,EA ModelSet
id-175a270c4c354c9e91d002a9398addd0,id-b6d2753049f040eaafbc2b2e5c2de110,CompositionRelationship,EA ModelSet
id-175a270c4c354c9e91d002a9398addd0,id-81d36366140246e2816684d7b155e708,CompositionRelationship,EA ModelSet
id-50e6f386ee334165bd4bcf327db29d6c,id-cf0ed14235dc4a4dba41f734da56071f,CompositionRelationship,EA ModelSet
id-50e6f386ee334165bd4bcf327db29d6c,id-a1c51791bce04600981326413d7aba38,CompositionRelationship,EA ModelSet
id-50e6f386ee334165bd4bcf327db29d6c,id-4573e66414d34323b457f8cfbcce198c,CompositionRelationship,EA ModelSet
id-778d482a5ae84baca4d9d63d2c0a0b68,id-9466f30453044b3ca48e1216ac67b501,CompositionRelationship,EA ModelSet
id-9466f30453044b3ca48e1216ac67b501,id-8a26d56d370142f5b8ca4f024cf13863,CompositionRelationship,EA ModelSet
id-9466f30453044b3ca48e1216ac67b501,id-957b08b3a93d473dbbde8ffbfc65f25b,CompositionRelationship,EA ModelSet
id-07d408add2044197a01b6e18ab02e063,id-70b16bb9fe324ebeb2e1ef684612acb2,CompositionRelationship,EA ModelSet
id-70b16bb9fe324ebeb2e1ef684612acb2,id-41a7a291ca834630b23846e63845fd82,CompositionRelationship,EA ModelSet
id-70b16bb9fe324ebeb2e1ef684612acb2,id-502fe58e81494447a94f0f7bff8e98bf,CompositionRelationship,EA ModelSet
id-70b16bb9fe324ebeb2e1ef684612acb2,id-89387b7b88564972ab721865ba05ca69,CompositionRelationship,EA ModelSet
id-07d408add2044197a01b6e18ab02e063,id-2b7a8ae6af0941b58788d598cac782cb,CompositionRelationship,EA ModelSet
id-2b7a8ae6af0941b58788d598cac782cb,id-c749a3cc49c64a79b4c3a40f50f5b28e,CompositionRelationship,EA ModelSet
id-2b7a8ae6af0941b58788d598cac782cb,id-0e1b3c8a48754257ad2114439c366f00,CompositionRelationship,EA ModelSet
id-2b7a8ae6af0941b58788d598cac782cb,id-718f74b84c05465c8815f4284029f7cc,CompositionRelationship,EA ModelSet
id-2b7a8ae6af0941b58788d598cac782cb,id-f090210e481f4a2db2d1fb669e8cf6e8,CompositionRelationship,EA ModelSet
id-07d408add2044197a01b6e18ab02e063,id-98f6162b3ca7494da416a2df44b09398,CompositionRelationship,EA ModelSet
id-98f6162b3ca7494da416a2df44b09398,id-00c86d0e044f4965b652d84854f735bd,CompositionRelationship,EA ModelSet
id-98f6162b3ca7494da416a2df44b09398,id-04d990f9224d4dc7899d0b29c0691048,CompositionRelationship,EA ModelSet
id-98f6162b3ca7494da416a2df44b09398,id-6e99887d42ad45c7b29dbac85ce98c7a,CompositionRelationship,EA ModelSet
id-98f6162b3ca7494da416a2df44b09398,id-0a78ee505e0b49d594c6dedbb6afab6d,CompositionRelationship,EA ModelSet
id-af6cc54100534bfcb62697f70be003c6,id-766fb8228f4f46c483af99776237d37a,CompositionRelationship,EA ModelSet
id-766fb8228f4f46c483af99776237d37a,id-40eddfc5c9464b06afa1f48e61513582,CompositionRelationship,EA ModelSet
id-766fb8228f4f46c483af99776237d37a,id-23cef958778a476b986aa9c84577b765,CompositionRelationship,EA ModelSet
id-766fb8228f4f46c483af99776237d37a,id-5c69b9699be3471989b88526164cc088,CompositionRelationship,EA ModelSet
id-766fb8228f4f46c483af99776237d37a,id-030360edf0f04f9e929066e7e5d7eff7,CompositionRelationship,EA ModelSet
id-766fb8228f4f46c483af99776237d37a,id-d252b968c1374e389c3d5b8d3f1de1ac,CompositionRelationship,EA ModelSet
id-766fb8228f4f46c483af99776237d37a,id-0e4617d1ba774234a6fbe31aafd57b6a,CompositionRelationship,EA ModelSet
id-766fb8228f4f46c483af99776237d37a,id-5c5660f70d1f44ddb982ed060c640b0b,CompositionRelationship,EA ModelSet
id-766fb8228f4f46c483af99776237d37a,id-a33320454c67473eb574ddeef95d5729,CompositionRelationship,EA ModelSet
id-766fb8228f4f46c483af99776237d37a,id-d74c12bbe9b34da08367ab5e79e3d0dd,CompositionRelationship,EA ModelSet
id-766fb8228f4f46c483af99776237d37a,id-9d49fbae4ebb4712acb6194f99569610,CompositionRelationship,EA ModelSet
id-766fb8228f4f46c483af99776237d37a,id-3597c35e6c674c0db6d185d0dc7bb5fa,CompositionRelationship,EA ModelSet
id-766fb8228f4f46c483af99776237d37a,id-00a151a3d8f54d3aac043b2b18295d0c,CompositionRelationship,EA ModelSet
id-766fb8228f4f46c483af99776237d37a,id-51f24a98199d4d37abbae01306e7aaba,CompositionRelationship,EA ModelSet
id-af6cc54100534bfcb62697f70be003c6,id-7df99939649f4f6eb8baf1cd2e56eaa5,CompositionRelationship,EA ModelSet
id-7df99939649f4f6eb8baf1cd2e56eaa5,id-6ddb4a2c81f149f7b5dc07733d439d2d,CompositionRelationship,EA ModelSet
id-7df99939649f4f6eb8baf1cd2e56eaa5,id-fc0e0c6babc24345985f44745a6e343d,CompositionRelationship,EA ModelSet
id-7df99939649f4f6eb8baf1cd2e56eaa5,id-f13096eed29146398d804e6b0395aa46,CompositionRelationship,EA ModelSet
id-7df99939649f4f6eb8baf1cd2e56eaa5,id-1c2c6c59685740d584224b097e6345cd,CompositionRelationship,EA ModelSet
id-7df99939649f4f6eb8baf1cd2e56eaa5,id-2b81616eff7d462a84e0201a0e8c6143,CompositionRelationship,EA ModelSet
id-7df99939649f4f6eb8baf1cd2e56eaa5,id-2ced55eb4b7c47e2b65351825594e050,CompositionRelationship,EA ModelSet
id-7df99939649f4f6eb8baf1cd2e56eaa5,id-b640730473bc4098903a58633de9b593,CompositionRelationship,EA ModelSet
id-af6cc54100534bfcb62697f70be003c6,id-3655ad0c6ee340f7952b68f1b0020494,CompositionRelationship,EA ModelSet
id-3655ad0c6ee340f7952b68f1b0020494,id-784ad98b13d24d3d8bd8f4ea5d40baef,CompositionRelationship,EA ModelSet
id-3655ad0c6ee340f7952b68f1b0020494,id-e8d616cfb164499195a9cf1d8dc9032f,CompositionRelationship,EA ModelSet
id-3655ad0c6ee340f7952b68f1b0020494,id-7f1eeb89f4654dd58aeaec83e439ff83,CompositionRelationship,EA ModelSet
id-3655ad0c6ee340f7952b68f1b0020494,id-79bfe6f4109c43a0806f0591c7bed9cc,CompositionRelationship,EA ModelSet
id-3655ad0c6ee340f7952b68f1b0020494,id-f9f38c979f1846809a0e2a1285b3973b,CompositionRelationship,EA ModelSet
id-3655ad0c6ee340f7952b68f1b0020494,id-aad13347666740c18ced2f2ef9e8cb5e,CompositionRelationship,EA ModelSet
id-444d5230431a46dc86b59053b1f65027,id-825a1c274b544e50aed468d3ea838ff8,CompositionRelationship,EA ModelSet
id-825a1c274b544e50aed468d3ea838ff8,id-5046cda9dd6f4251ba5de700723f8a93,CompositionRelationship,EA ModelSet
id-825a1c274b544e50aed468d3ea838ff8,id-b07fd51e152647aeb7c750e4a31937c1,CompositionRelationship,EA ModelSet
id-825a1c274b544e50aed468d3ea838ff8,id-5ed61b05e58841ccb107cf1809ad19bd,CompositionRelationship,EA ModelSet
id-825a1c274b544e50aed468d3ea838ff8,id-8cf14b697465402485604820b21120db,CompositionRelationship,EA ModelSet
id-825a1c274b544e50aed468d3ea838ff8,id-d7ce463538bc4d86b6465127e3b83cd2,CompositionRelationship,EA ModelSet
id-825a1c274b544e50aed468d3ea838ff8,id-e85c47f346f84eb890c4bdfa348e0e08,CompositionRelationship,EA ModelSet
id-444d5230431a46dc86b59053b1f65027,id-0b6de86aa9044ece815142b4734f7d0b,CompositionRelationship,EA ModelSet
id-0b6de86aa9044ece815142b4734f7d0b,id-8790bff584b54254a814ff67ae6e42be,CompositionRelationship,EA ModelSet
id-0b6de86aa9044ece815142b4734f7d0b,id-9ffd4ea8d1504f4691b136ac194c580b,CompositionRelationship,EA ModelSet
id-0b6de86aa9044ece815142b4734f7d0b,id-68dead733f6b4edfafcbbd3de86e496a,CompositionRelationship,EA ModelSet
id-0b6de86aa9044ece815142b4734f7d0b,id-9c0c16355e6445dd995b9f6f8ffeac5a,CompositionRelationship,EA ModelSet
id-0b6de86aa9044ece815142b4734f7d0b,id-151ef7c415af4ae3ad4e05005e95fb18,CompositionRelationship,EA ModelSet
id-444d5230431a46dc86b59053b1f65027,id-10929596dc7b48179e0138918b949740,CompositionRelationship,EA ModelSet
id-10929596dc7b48179e0138918b949740,id-e10be7ff57ef426da874ef5ece450863,CompositionRelationship,EA ModelSet
id-10929596dc7b48179e0138918b949740,id-e07e89231dea462eb7202d43544608b8,CompositionRelationship,EA ModelSet
id-10929596dc7b48179e0138918b949740,id-703befae908f4643b93363965d7807dc,CompositionRelationship,EA ModelSet
id-c6e7160ff94e416caa483dfb18f3d465,id-fd1b9ac67e5d4d79bbfccfc980a426f0,CompositionRelationship,EA ModelSet
id-fd1b9ac67e5d4d79bbfccfc980a426f0,id-b7cd200e54544b2284d0900687cc093e,CompositionRelationship,EA ModelSet
id-fd1b9ac67e5d4d79bbfccfc980a426f0,id-79d3515e023b414c94dfff2021ddb2b8,CompositionRelationship,EA ModelSet
id-fd1b9ac67e5d4d79bbfccfc980a426f0,id-91f3527e099f43ad9aa9488ae4447b9a,CompositionRelationship,EA ModelSet
id-fd1b9ac67e5d4d79bbfccfc980a426f0,id-d1025149b3e84fc7902a4a4780efeffa,CompositionRelationship,EA ModelSet
id-fd1b9ac67e5d4d79bbfccfc980a426f0,id-effcd83167b946ff8f80fa9ada002fb3,CompositionRelationship,EA ModelSet
id-fd1b9ac67e5d4d79bbfccfc980a426f0,id-5bc3d93489c348f7a3e4820712d3bb16,CompositionRelationship,EA ModelSet
id-fd1b9ac67e5d4d79bbfccfc980a426f0,id-94cc4b71d4e84e71bd1cb167e27d3273,CompositionRelationship,EA ModelSet
id-fd1b9ac67e5d4d79bbfccfc980a426f0,id-1e54be61e5b349cc8fa7c4b472635258,CompositionRelationship,EA ModelSet
id-fd1b9ac67e5d4d79bbfccfc980a426f0,id-2efe471eff454c598e85d9e4cd875b7c,CompositionRelationship,EA ModelSet
id-fd1b9ac67e5d4d79bbfccfc980a426f0,id-dcdba8300bbe4f4197cb9cc48a3d5d0c,CompositionRelationship,EA ModelSet
id-fd1b9ac67e5d4d79bbfccfc980a426f0,id-cdf33f48ffd54b9582e11221aa7a23d8,CompositionRelationship,EA ModelSet
id-fd1b9ac67e5d4d79bbfccfc980a426f0,id-9b6eae5798ce4d33b6474381e2af97b9,CompositionRelationship,EA ModelSet
id-c6e7160ff94e416caa483dfb18f3d465,id-4fb71d0774714b908145e5edb0cbbff4,CompositionRelationship,EA ModelSet
id-4fb71d0774714b908145e5edb0cbbff4,id-a8d99b0053574ef9b6f36ed959d51d04,CompositionRelationship,EA ModelSet
id-4fb71d0774714b908145e5edb0cbbff4,id-436cad76328f499ca34692ccbffc408a,CompositionRelationship,EA ModelSet
id-4fb71d0774714b908145e5edb0cbbff4,id-a3dd5caaff3a4749954eccec0055d4f9,CompositionRelationship,EA ModelSet
id-4fb71d0774714b908145e5edb0cbbff4,id-b9dcab51480f4f9ca413057a299f8a49,CompositionRelationship,EA ModelSet
id-4fb71d0774714b908145e5edb0cbbff4,id-7acc1272349c4fb49d5dfe3ff665ebf7,CompositionRelationship,EA ModelSet
id-4fb71d0774714b908145e5edb0cbbff4,id-5a62c64c478445f6b826f9ef9168af74,CompositionRelationship,EA ModelSet
id-4fb71d0774714b908145e5edb0cbbff4,id-080c337791e04a0fa73511f51cc7e156,CompositionRelationship,EA ModelSet
id-c6e7160ff94e416caa483dfb18f3d465,id-7ef778d2d64c40199651839cb4d3866e,CompositionRelationship,EA ModelSet
id-7ef778d2d64c40199651839cb4d3866e,id-e7dc793ff1434fc59d4c13d9cc6222df,CompositionRelationship,EA ModelSet
id-7ef778d2d64c40199651839cb4d3866e,id-6b2da145fdeb431ea152b97ab219a7fb,CompositionRelationship,EA ModelSet
id-7ef778d2d64c40199651839cb4d3866e,id-6d2afed7d1a54505998d57115b4a35d4,CompositionRelationship,EA ModelSet
id-5a0b29d6c09c40d99fa8d9999df552d5,id-94f3f97890b840748086ee5955a5e267,CompositionRelationship,EA ModelSet
id-94f3f97890b840748086ee5955a5e267,id-615d344d794c492aaf9d9c585d4d3b33,CompositionRelationship,EA ModelSet
id-94f3f97890b840748086ee5955a5e267,id-17a0090d4a24482aa3d7112603ec174c,CompositionRelationship,EA ModelSet
id-94f3f97890b840748086ee5955a5e267,id-47dd3e94f42b4c668315e31babc6b7be,CompositionRelationship,EA ModelSet
id-94f3f97890b840748086ee5955a5e267,id-f4065debd1af4d9594da0f33a686de56,CompositionRelationship,EA ModelSet
id-94f3f97890b840748086ee5955a5e267,id-63f290b26fd24779867047c5953958f9,CompositionRelationship,EA ModelSet
id-94f3f97890b840748086ee5955a5e267,id-9744cb51c40e4062b8b85c38160945e4,CompositionRelationship,EA ModelSet
id-5a0b29d6c09c40d99fa8d9999df552d5,id-893465980aa04844b2f6dfa1eec4bc2d,CompositionRelationship,EA ModelSet
id-893465980aa04844b2f6dfa1eec4bc2d,id-4b035398a347443095017cea34bc1765,CompositionRelationship,EA ModelSet
id-893465980aa04844b2f6dfa1eec4bc2d,id-9ae76221592c4f339d7844d8bda41b99,CompositionRelationship,EA ModelSet
id-893465980aa04844b2f6dfa1eec4bc2d,id-12bacfc5d860487181f549d269bb0cde,CompositionRelationship,EA ModelSet
id-893465980aa04844b2f6dfa1eec4bc2d,id-d2855dc52cb6481ba074a4a80bbf7107,CompositionRelationship,EA ModelSet
id-893465980aa04844b2f6dfa1eec4bc2d,id-b62d514eaf3645f1bcde91213c5756b5,CompositionRelationship,EA ModelSet
id-893465980aa04844b2f6dfa1eec4bc2d,id-ad6a7fa976684c588b581f4878bd200a,CompositionRelationship,EA ModelSet
id-893465980aa04844b2f6dfa1eec4bc2d,id-d031912487e64ee880c9497ad3680c7f,CompositionRelationship,EA ModelSet
id-0e8402db124a4fbeadef7c2950c1640b,id-6556d172e96646eb980c93dc317f070a,CompositionRelationship,EA ModelSet
id-6556d172e96646eb980c93dc317f070a,id-62fe2dda94fa4a7fbd29a11ab6f62630,CompositionRelationship,EA ModelSet
id-6556d172e96646eb980c93dc317f070a,id-fc25074be29a4832b7253b7b1890f4f1,CompositionRelationship,EA ModelSet
id-6556d172e96646eb980c93dc317f070a,id-e70222fa61544433ac7b0ee4a7e242fc,CompositionRelationship,EA ModelSet
id-6556d172e96646eb980c93dc317f070a,id-a5886027636b4fcf9a088d05d6d291f0,CompositionRelationship,EA ModelSet
id-0e8402db124a4fbeadef7c2950c1640b,id-a76fc7de0762454eb78d919943da9b3d,CompositionRelationship,EA ModelSet
id-a76fc7de0762454eb78d919943da9b3d,id-31d163c89d084af8a18a2e63e1fc11ce,CompositionRelationship,EA ModelSet
id-a76fc7de0762454eb78d919943da9b3d,id-dbe0795dc6d844ef9cabaac245fbff0e,CompositionRelationship,EA ModelSet
id-a76fc7de0762454eb78d919943da9b3d,id-967c7e4a33054904872a8a8b681a1d55,CompositionRelationship,EA ModelSet
id-a76fc7de0762454eb78d919943da9b3d,id-3b9096bca4684730b61134af71e104fa,CompositionRelationship,EA ModelSet
id-a76fc7de0762454eb78d919943da9b3d,id-3105354943374788b9c8c125dfc9572a,CompositionRelationship,EA ModelSet
id-0e8402db124a4fbeadef7c2950c1640b,id-1dd0304f3cc24483a39fb5c27fea4543,CompositionRelationship,EA ModelSet
id-1dd0304f3cc24483a39fb5c27fea4543,id-dfffc90614a9474593aa10afa31c265d,CompositionRelationship,EA ModelSet
id-1dd0304f3cc24483a39fb5c27fea4543,id-1985597119994e81a4584cef7cba7862,CompositionRelationship,EA ModelSet
id-1dd0304f3cc24483a39fb5c27fea4543,id-86ae4e2d5d3347a494a35e86a896bb41,CompositionRelationship,EA ModelSet
id-0e8402db124a4fbeadef7c2950c1640b,id-48db1d78c02b4c6196d76fb2ae65f91c,CompositionRelationship,EA ModelSet
id-48db1d78c02b4c6196d76fb2ae65f91c,id-fd17f4a83b9142bbab5244cf215dabd4,CompositionRelationship,EA ModelSet
id-48db1d78c02b4c6196d76fb2ae65f91c,id-12a606821d564d428b28ae9fa00bc14e,CompositionRelationship,EA ModelSet
id-48db1d78c02b4c6196d76fb2ae65f91c,id-c8d6ad7ca29749c7b789591e30002416,CompositionRelationship,EA ModelSet
id-48db1d78c02b4c6196d76fb2ae65f91c,id-427f1442b62e4da9aa1b220e9c71b6ce,CompositionRelationship,EA ModelSet
id-0e8402db124a4fbeadef7c2950c1640b,id-6598db642b7843ab92f1fc77cacfd841,CompositionRelationship,EA ModelSet
id-6598db642b7843ab92f1fc77cacfd841,id-1eb316c4abbd4945bcd3652264f7fd23,CompositionRelationship,EA ModelSet
id-6598db642b7843ab92f1fc77cacfd841,id-5b6623b3cadd4fe4b1a47690632f493c,CompositionRelationship,EA ModelSet
id-6598db642b7843ab92f1fc77cacfd841,id-e5e3cf01809e49ca840af120373a76b5,CompositionRelationship,EA ModelSet
id-5a06762ed7b148a18cd7ef027d35d356,id-c9382f30471841d7987142d1dbf4deba,CompositionRelationship,EA ModelSet
id-c9382f30471841d7987142d1dbf4deba,id-4472bcb5a9db42539c117ebdac19169d,CompositionRelationship,EA ModelSet
id-c9382f30471841d7987142d1dbf4deba,id-7b7199ddc8324c9a9c7345f3aecd08ba,CompositionRelationship,EA ModelSet
id-c9382f30471841d7987142d1dbf4deba,id-3f276b4d6f414d17801d02d65e344075,CompositionRelationship,EA ModelSet
id-c9382f30471841d7987142d1dbf4deba,id-e951dae103664e4eb4d2164a5ead03ce,CompositionRelationship,EA ModelSet
id-c9382f30471841d7987142d1dbf4deba,id-1bda77ab1e84456da03193f82f210bb2,CompositionRelationship,EA ModelSet
id-c9382f30471841d7987142d1dbf4deba,id-205aa7fae609466c9597ab5ca237b533,CompositionRelationship,EA ModelSet
id-c9382f30471841d7987142d1dbf4deba,id-019edfa0f6c7412cac7dc7c69ba76f9b,CompositionRelationship,EA ModelSet
id-c9382f30471841d7987142d1dbf4deba,id-d770dca7155840c48260a6389d33e0c9,CompositionRelationship,EA ModelSet
id-c9382f30471841d7987142d1dbf4deba,id-33b8597e6fda4c02948e66df7cd9ff1a,CompositionRelationship,EA ModelSet
id-c9382f30471841d7987142d1dbf4deba,id-7997bdeea5074b8fb3e0712381474b3a,CompositionRelationship,EA ModelSet
id-c9382f30471841d7987142d1dbf4deba,id-eb5069efbea24f8fb146c0d7a6b44fbb,CompositionRelationship,EA ModelSet
id-5a06762ed7b148a18cd7ef027d35d356,id-abad815cd26f4a02a39fca08ed0152a0,CompositionRelationship,EA ModelSet
id-abad815cd26f4a02a39fca08ed0152a0,id-ad668bce11874e738b5e95e38ba83b30,CompositionRelationship,EA ModelSet
id-abad815cd26f4a02a39fca08ed0152a0,id-eb497a37d063473c8376d0a3d426e4b8,CompositionRelationship,EA ModelSet
id-abad815cd26f4a02a39fca08ed0152a0,id-1b14da9712b944b9902569917150168d,CompositionRelationship,EA ModelSet
id-abad815cd26f4a02a39fca08ed0152a0,id-6512596872c54369b26b8d4d3de0c264,CompositionRelationship,EA ModelSet
id-abad815cd26f4a02a39fca08ed0152a0,id-2c07de20cb084892be74a2905ef30386,CompositionRelationship,EA ModelSet
id-5a06762ed7b148a18cd7ef027d35d356,id-288d23596a3e4662bc386bff7a9493a5,CompositionRelationship,EA ModelSet
id-288d23596a3e4662bc386bff7a9493a5,id-fe227efa03df4854b5e7fdd3c1f6e032,CompositionRelationship,EA ModelSet
id-288d23596a3e4662bc386bff7a9493a5,id-d4924b028f4f410da55f3fccb4f347e5,CompositionRelationship,EA ModelSet
id-288d23596a3e4662bc386bff7a9493a5,id-cedca0263dd6418689d236de94c62d94,CompositionRelationship,EA ModelSet
id-288d23596a3e4662bc386bff7a9493a5,id-9eb4d0f0f2e8403abad1e6a5e7e9dc75,CompositionRelationship,EA ModelSet
id-288d23596a3e4662bc386bff7a9493a5,id-7362893b2e3f426daba56bb3dc207158,CompositionRelationship,EA ModelSet
id-5a06762ed7b148a18cd7ef027d35d356,id-cb66d337035c4970bb53fb23b9744b87,CompositionRelationship,EA ModelSet
id-cb66d337035c4970bb53fb23b9744b87,id-5f166fb021f84a22be14ce0560e976e9,CompositionRelationship,EA ModelSet
id-cb66d337035c4970bb53fb23b9744b87,id-e096c7f62aaa4efab51b647c277c4ca8,CompositionRelationship,EA ModelSet
id-cb66d337035c4970bb53fb23b9744b87,id-38cb0629f3404761a41a38e11bc498af,CompositionRelationship,EA ModelSet
id-cb66d337035c4970bb53fb23b9744b87,id-eeaf7415a54943189e035b9ad0d681f9,CompositionRelationship,EA ModelSet
id-cb66d337035c4970bb53fb23b9744b87,id-f03b82b191f1413f85499f1eb939005a,CompositionRelationship,EA ModelSet
id-cb66d337035c4970bb53fb23b9744b87,id-513a411a926843e2998594d45b6f8e8a,CompositionRelationship,EA ModelSet
id-1da0d302c0f94c43a562ad9dea98034e,id-34c49feb7ee44dd182aa91f00eabc8a2,CompositionRelationship,EA ModelSet
id-34c49feb7ee44dd182aa91f00eabc8a2,id-7f1d1f782080424a90baaba45feff6bb,CompositionRelationship,EA ModelSet
id-34c49feb7ee44dd182aa91f00eabc8a2,id-6e8eb8c6946348d994183669d1b9d406,CompositionRelationship,EA ModelSet
id-34c49feb7ee44dd182aa91f00eabc8a2,id-ce2a319c3e594fe5a479f7e5fe9a28a4,CompositionRelationship,EA ModelSet
id-34c49feb7ee44dd182aa91f00eabc8a2,id-eb12871d360245e3ae78df58e358b941,CompositionRelationship,EA ModelSet
id-34c49feb7ee44dd182aa91f00eabc8a2,id-81b0494270a34409947e79203cd15a80,CompositionRelationship,EA ModelSet
id-1da0d302c0f94c43a562ad9dea98034e,id-54148dfaae4a4b4f9f1a02d134bdb4bd,CompositionRelationship,EA ModelSet
id-54148dfaae4a4b4f9f1a02d134bdb4bd,id-fc1a5090f2dc4c228d46e20c6b9529d5,CompositionRelationship,EA ModelSet
id-54148dfaae4a4b4f9f1a02d134bdb4bd,id-b0c639961dc24a2489d5e675ef0b078b,CompositionRelationship,EA ModelSet
id-54148dfaae4a4b4f9f1a02d134bdb4bd,id-b2b566b7a0774c82af0e288d6007616d,CompositionRelationship,EA ModelSet
id-1da0d302c0f94c43a562ad9dea98034e,id-07c0cd6c6b644cd59ea9eceecace1127,CompositionRelationship,EA ModelSet
id-07c0cd6c6b644cd59ea9eceecace1127,id-84ebf9b5232a450eb03fd470e95e92ed,CompositionRelationship,EA ModelSet
id-07c0cd6c6b644cd59ea9eceecace1127,id-6dd52f05e8614ab6a7441b037e9bf6ee,CompositionRelationship,EA ModelSet
id-07c0cd6c6b644cd59ea9eceecace1127,id-16c044a0099e414faa162fba9a926abe,CompositionRelationship,EA ModelSet
id-07c0cd6c6b644cd59ea9eceecace1127,id-e3dfc8e5b933488f91c18938f1b2fdc5,CompositionRelationship,EA ModelSet
id-07c0cd6c6b644cd59ea9eceecace1127,id-cad47b40af174f9089138cb71f18531a,CompositionRelationship,EA ModelSet
id-07c0cd6c6b644cd59ea9eceecace1127,id-0c6d544504f142ac9b571b8f4c2d8d89,CompositionRelationship,EA ModelSet
id-07c0cd6c6b644cd59ea9eceecace1127,id-6497762f394d4874bd4d99d833dec184,CompositionRelationship,EA ModelSet
id-9e04d2b15e274bb1b36266e0ea357455,id-ead571377efd406e91fe2c5f5cf515d7,CompositionRelationship,EA ModelSet
id-ead571377efd406e91fe2c5f5cf515d7,id-b21d6ee5ec1f493f8a8694737a5fc136,CompositionRelationship,EA ModelSet
id-ead571377efd406e91fe2c5f5cf515d7,id-5e968d3a11414eb9a535a3a6bb27b763,CompositionRelationship,EA ModelSet
id-ead571377efd406e91fe2c5f5cf515d7,id-52a4ee48889b46cb9523a77e0ca23d54,CompositionRelationship,EA ModelSet
id-ead571377efd406e91fe2c5f5cf515d7,id-82dec72dc78f43d996490ce3ab0bce2a,CompositionRelationship,EA ModelSet
id-ead571377efd406e91fe2c5f5cf515d7,id-34010cdd47b94fd4be71030331b0eba7,CompositionRelationship,EA ModelSet
id-ead571377efd406e91fe2c5f5cf515d7,id-2ee54a26de554c8a98d3928b6fb3256f,CompositionRelationship,EA ModelSet
id-ead571377efd406e91fe2c5f5cf515d7,id-4670bfe3705a48f9af7541f5b549f98c,CompositionRelationship,EA ModelSet
id-ead571377efd406e91fe2c5f5cf515d7,id-a18c626fe54349609e5160e939063f07,CompositionRelationship,EA ModelSet
id-9e04d2b15e274bb1b36266e0ea357455,id-c8a5af6ef9a54496af010413b1685f16,CompositionRelationship,EA ModelSet
id-c8a5af6ef9a54496af010413b1685f16,id-9e9390a05908483491f9231beebe417b,CompositionRelationship,EA ModelSet
id-c8a5af6ef9a54496af010413b1685f16,id-92e3b7f12a7e496b89d19495e077dfec,CompositionRelationship,EA ModelSet
id-c8a5af6ef9a54496af010413b1685f16,id-22679443b50c47deb983940b75c74428,CompositionRelationship,EA ModelSet
id-c8a5af6ef9a54496af010413b1685f16,id-800ff5aaa5c542fc87113dd56ec72a70,CompositionRelationship,EA ModelSet
id-c8a5af6ef9a54496af010413b1685f16,id-b9b9ee51edb24a1c8aa30252781a4617,CompositionRelationship,EA ModelSet
id-9e04d2b15e274bb1b36266e0ea357455,id-71b7531de82c4e5381757eed6ad6df92,CompositionRelationship,EA ModelSet
id-71b7531de82c4e5381757eed6ad6df92,id-15822c7eda824cf8a17a18c91d08fb3d,CompositionRelationship,EA ModelSet
id-71b7531de82c4e5381757eed6ad6df92,id-65b557e458f04faeb811a8f0375b8d1a,CompositionRelationship,EA ModelSet
id-71b7531de82c4e5381757eed6ad6df92,id-3b7606308f514820b82e95c2ca516fa1,CompositionRelationship,EA ModelSet
id-71b7531de82c4e5381757eed6ad6df92,id-29dd3d705f754a42b93e05de27c2f4ec,CompositionRelationship,EA ModelSet
id-71b7531de82c4e5381757eed6ad6df92,id-7944c589fd5e4a24ada5b3ca337eef50,CompositionRelationship,EA ModelSet
id-9e04d2b15e274bb1b36266e0ea357455,id-06b9904e83434209958cbb800d26ef0c,CompositionRelationship,EA ModelSet
id-06b9904e83434209958cbb800d26ef0c,id-63eb7664cbe1438aa8143e5c3f907dc7,CompositionRelationship,EA ModelSet
id-06b9904e83434209958cbb800d26ef0c,id-3caaf662350344e1a1ab3fb2a6b47b4e,CompositionRelationship,EA ModelSet
id-06b9904e83434209958cbb800d26ef0c,id-68905e91713746bf8da8d62bead083af,CompositionRelationship,EA ModelSet
id-06b9904e83434209958cbb800d26ef0c,id-3e98083d6b864f3c8e8d6aae5f5ed5a1,CompositionRelationship,EA ModelSet
id-06b9904e83434209958cbb800d26ef0c,id-b0e3f86a395e47b69ef616db879da0dc,CompositionRelationship,EA ModelSet
id-06b9904e83434209958cbb800d26ef0c,id-dbec8042028f4af18922565daf8d7279,CompositionRelationship,EA ModelSet
id-06b9904e83434209958cbb800d26ef0c,id-dc72ff33e311424f80be34c149583906,CompositionRelationship,EA ModelSet
id-06b9904e83434209958cbb800d26ef0c,id-de072d3eb8b44533a4f700835c5a66ec,CompositionRelationship,EA ModelSet
id-9e04d2b15e274bb1b36266e0ea357455,id-eabebaa0727944a69d92e963672c5f27,CompositionRelationship,EA ModelSet
id-eabebaa0727944a69d92e963672c5f27,id-5921dd94452646ecba5ea2073722c311,CompositionRelationship,EA ModelSet
id-eabebaa0727944a69d92e963672c5f27,id-a6801012fb8c488cace20c07413434ab,CompositionRelationship,EA ModelSet
id-eabebaa0727944a69d92e963672c5f27,id-b7f8c31c75b3435cb2ed677d20da20bd,CompositionRelationship,EA ModelSet
id-eabebaa0727944a69d92e963672c5f27,id-8e6ff274edbc461e8605053d8b858a7e,CompositionRelationship,EA ModelSet
id-eabebaa0727944a69d92e963672c5f27,id-0c95bd99073a4295897e6ae7377de1ed,CompositionRelationship,EA ModelSet
id-eabebaa0727944a69d92e963672c5f27,id-433a33f0384a4d33847aae3520dfdafc,CompositionRelationship,EA ModelSet
id-eabebaa0727944a69d92e963672c5f27,id-fbb6e764f98a4a6b8cc3f98e8fdbee6a,CompositionRelationship,EA ModelSet
id-e04f72e339784a0e91bdd687216b0706,id-35b4a09862f843c191af513be23b59c9,CompositionRelationship,EA ModelSet
id-35b4a09862f843c191af513be23b59c9,id-d91aa1491d0e4c57841643d82041491e,CompositionRelationship,EA ModelSet
id-35b4a09862f843c191af513be23b59c9,id-2347cf3c722c4f20a11c037cd1fff954,CompositionRelationship,EA ModelSet
id-35b4a09862f843c191af513be23b59c9,id-ffece705cec148a0a9b2d8acee55bf7c,CompositionRelationship,EA ModelSet
id-35b4a09862f843c191af513be23b59c9,id-416d7d22df8e45149fcdb8df7695f7ab,CompositionRelationship,EA ModelSet
id-35b4a09862f843c191af513be23b59c9,id-ae70ff1c2fa1460a983eefac2f907346,CompositionRelationship,EA ModelSet
id-e04f72e339784a0e91bdd687216b0706,id-aaf20e22ff3b4a878249f97ab99a6ab4,CompositionRelationship,EA ModelSet
id-aaf20e22ff3b4a878249f97ab99a6ab4,id-b87eb646c7f04da2a58f01a0c9d2b6a6,CompositionRelationship,EA ModelSet
id-aaf20e22ff3b4a878249f97ab99a6ab4,id-4cff2708f18c486b82bf026c0c7ba584,CompositionRelationship,EA ModelSet
id-aaf20e22ff3b4a878249f97ab99a6ab4,id-6becec0d343f44afa7d8c07b99885727,CompositionRelationship,EA ModelSet
id-aaf20e22ff3b4a878249f97ab99a6ab4,id-27e6a8f8f21943a1965d152b420b586e,CompositionRelationship,EA ModelSet
id-aaf20e22ff3b4a878249f97ab99a6ab4,id-d41e51067d1348e288dfda5dba5ffaf7,CompositionRelationship,EA ModelSet
id-270c56d1-0286-4fe8-a506-1e87bd2af4e8,id-93fc8d27-fecf-4366-b69e-aab75c9e9958,AssignmentRelationship,EA ModelSet
id-270c56d1-0286-4fe8-a506-1e87bd2af4e8,c8332200-db8c-495a-8164-3321bd3d54ce,AssignmentRelationship,EA ModelSet
id-270c56d1-0286-4fe8-a506-1e87bd2af4e8,id-8260faa1-53ea-4f98-9f72-46c9d0c287c2,AssignmentRelationship,EA ModelSet
c1f5e17d-bf61-43c6-849f-41936a0cc407,id-93fc8d27-fecf-4366-b69e-aab75c9e9958,ServingRelationship,EA ModelSet
dc80a203-8eb9-4317-a894-fe0a2d0df55b,id-93fc8d27-fecf-4366-b69e-aab75c9e9958,ServingRelationship,EA ModelSet
id-5a1ea297-7a34-49b4-9ebe-17d0b6028a13,id-93fc8d27-fecf-4366-b69e-aab75c9e9958,ServingRelationship,EA ModelSet
c1f5e17d-bf61-43c6-849f-41936a0cc407,c8332200-db8c-495a-8164-3321bd3d54ce,ServingRelationship,EA ModelSet
ee424e7c-9690-4dab-81a4-aef3031c2f77,id-8260faa1-53ea-4f98-9f72-46c9d0c287c2,ServingRelationship,EA ModelSet
e551be14-dfd5-4dfe-b8eb-a5aa693e732e,id-8260faa1-53ea-4f98-9f72-46c9d0c287c2,ServingRelationship,EA ModelSet
id-958d70ff-2ef0-486b-8fa1-b8657d3c4525,id-8260faa1-53ea-4f98-9f72-46c9d0c287c2,ServingRelationship,EA ModelSet
id-3be68182-e5ad-46d6-80ee-4fd4db0c7db1,id-270c56d1-0286-4fe8-a506-1e87bd2af4e8,ServingRelationship,EA ModelSet
id-20d20a6e-1d29-4af0-b326-f173a9bec64e,id-270c56d1-0286-4fe8-a506-1e87bd2af4e8,ServingRelationship,EA ModelSet
id-831c8d75-5270-43a0-8e82-1195b8fc98bb,id-270c56d1-0286-4fe8-a506-1e87bd2af4e8,ServingRelationship,EA ModelSet
id-6c6967b2-c8b2-4db6-92a6-717ec4a1918b,id-93fc8d27-fecf-4366-b69e-aab75c9e9958,ServingRelationship,EA ModelSet
id-270c56d1-0286-4fe8-a506-1e87bd2af4e8,id-1729c8bb-00db-4a62-935b-cb92ce63c12e,AssignmentRelationship,EA ModelSet
id-270c56d1-0286-4fe8-a506-1e87bd2af4e8,id-14108faf-bb99-4b59-890b-545353abbd1d,AssignmentRelationship,EA ModelSet
id-93fc8d27-fecf-4366-b69e-aab75c9e9958,id-7001f081-cb7d-4d26-912c-255a002d9ae4,AssignmentRelationship,EA ModelSet
id-7001f081-cb7d-4d26-912c-255a002d9ae4,id-265c4b69-83da-4e2c-90bb-0d97a6693ab8,CompositionRelationship,EA ModelSet
id-93fc8d27-fecf-4366-b69e-aab75c9e9958,ff3dfcce-31d7-45f5-977a-91248b849054,AssignmentRelationship,EA ModelSet
ff3dfcce-31d7-45f5-977a-91248b849054,id-8f175d86-d3f8-4e72-bccd-35e2bfd77217,CompositionRelationship,EA ModelSet
ff3dfcce-31d7-45f5-977a-91248b849054,id-7c15f828-d6f9-4cbc-9a1b-6d3272083a25,CompositionRelationship,EA ModelSet
ff3dfcce-31d7-45f5-977a-91248b849054,d323c465-aeda-4772-a8a6-9ef577926030,CompositionRelationship,EA ModelSet
ff3dfcce-31d7-45f5-977a-91248b849054,id-7b1af0fe-cacf-4691-8540-4dc78e5354a0,CompositionRelationship,EA ModelSet
f35c97b2-f7b5-4de6-be9a-e51344257cbd,b3ac8171-c8b8-4dba-bf12-acde03249872,CompositionRelationship,EA ModelSet
id-93fc8d27-fecf-4366-b69e-aab75c9e9958,f35c97b2-f7b5-4de6-be9a-e51344257cbd,AssignmentRelationship,EA ModelSet
id-071b7616-0ca9-4099-9ec3-eb9007ad30b6,id-4e954f84-155b-4f45-b3fb-6a879d6c83b6,CompositionRelationship,EA ModelSet
id-93fc8d27-fecf-4366-b69e-aab75c9e9958,id-071b7616-0ca9-4099-9ec3-eb9007ad30b6,AssignmentRelationship,EA ModelSet
id-93fc8d27-fecf-4366-b69e-aab75c9e9958,id-28b8762a-8680-46fa-b88b-af2073cb6f20,AssignmentRelationship,EA ModelSet
id-28b8762a-8680-46fa-b88b-af2073cb6f20,id-4d16be51-5427-4eee-8ccd-5d83c820f058,CompositionRelationship,EA ModelSet
id-28b8762a-8680-46fa-b88b-af2073cb6f20,fbb4a27b-e404-4588-b8af-e1a260951e50,CompositionRelationship,EA ModelSet
_X55ecnv9Ee29ie0vpi-P5A,_X55eenv9Ee29ie0vpi-P5A,AssociationRelationship,EA ModelSet
_X55eenv9Ee29ie0vpi-P5A,_X55egHv9Ee29ie0vpi-P5A,AssociationRelationship,EA ModelSet
_X55efnv9Ee29ie0vpi-P5A,_X55efHv9Ee29ie0vpi-P5A,AssociationRelationship,EA ModelSet
_X55egHv9Ee29ie0vpi-P5A,_X55einv9Ee29ie0vpi-P5A,AssociationRelationship,EA ModelSet
_X55efnv9Ee29ie0vpi-P5A,_X55ehHv9Ee29ie0vpi-P5A,AssociationRelationship,EA ModelSet
_X55ehnv9Ee29ie0vpi-P5A,_X55efnv9Ee29ie0vpi-P5A,AssociationRelationship,EA ModelSet
_X55eiHv9Ee29ie0vpi-P5A,_X55egHv9Ee29ie0vpi-P5A,AssociationRelationship,EA ModelSet
_X55efnv9Ee29ie0vpi-P5A,_X55eenv9Ee29ie0vpi-P5A,AssociationRelationship,EA ModelSet
_X55ejHv9Ee29ie0vpi-P5A,_X55eenv9Ee29ie0vpi-P5A,AssociationRelationship,EA ModelSet
_X55ejHv9Ee29ie0vpi-P5A,_ZwYyQl4sEDuiGt4Qv-xW5Q,AssociationRelationship,EA ModelSet
_X55ejHv9Ee29ie0vpi-P5A,_ZwYyQF4sEDuiGt4Qv-xW5Q,AssociationRelationship,EA ModelSet
__Ic04F4sEDuiGt4Qv-xW5Q,_51sh0F4sEDuiGt4Qv-xW5Q,AssociationRelationship,EA ModelSet
_X55eenv9Ee29ie0vpi-P5A,_51sh0F4sEDuiGt4Qv-xW5Q,AssociationRelationship,EA ModelSet
ec776e72-1744-41ae-b274-e23a17876ad3,b3356bad-a59d-4228-96a5-530e9d0617c6,CompositionRelationship,EA ModelSet
ec776e72-1744-41ae-b274-e23a17876ad3,id-6fc2740d-ec12-431e-86ee-85f589320c7b,CompositionRelationship,EA ModelSet
ec776e72-1744-41ae-b274-e23a17876ad3,ffd227ad-d465-4114-9eea-b7285045ff2c,CompositionRelationship,EA ModelSet
b3356bad-a59d-4228-96a5-530e9d0617c6,id-6fc2740d-ec12-431e-86ee-85f589320c7b,AssociationRelationship,EA ModelSet
ec776e72-1744-41ae-b274-e23a17876ad3,b3356bad-a59d-4228-96a5-530e9d0617c6,RealizationRelationship,EA ModelSet
ffd227ad-d465-4114-9eea-b7285045ff2c,b3356bad-a59d-4228-96a5-530e9d0617c6,RealizationRelationship,EA ModelSet
ec776e72-1744-41ae-b274-e23a17876ad3,id-906b4d36-2827-406f-ba61-e970073571fc,CompositionRelationship,EA ModelSet
ec776e72-1744-41ae-b274-e23a17876ad3,id-91ab83cc-a828-47d5-9738-9592ee105bcb,CompositionRelationship,EA ModelSet
ec776e72-1744-41ae-b274-e23a17876ad3,id-8cb20e6f-9d27-489b-a8b7-4281a6490843,CompositionRelationship,EA ModelSet
id-906b4d36-2827-406f-ba61-e970073571fc,b3356bad-a59d-4228-96a5-530e9d0617c6,RealizationRelationship,EA ModelSet
id-91ab83cc-a828-47d5-9738-9592ee105bcb,b3356bad-a59d-4228-96a5-530e9d0617c6,RealizationRelationship,EA ModelSet
ec776e72-1744-41ae-b274-e23a17876ad3,id-77aa3089-481d-4e5e-8dd0-697b7716627c,CompositionRelationship,EA ModelSet
ec776e72-1744-41ae-b274-e23a17876ad3,id-8bcb8e74-ab73-4e90-9e2f-1533441782e7,CompositionRelationship,EA ModelSet
id-8cb20e6f-9d27-489b-a8b7-4281a6490843,b3356bad-a59d-4228-96a5-530e9d0617c6,RealizationRelationship,EA ModelSet
id-77aa3089-481d-4e5e-8dd0-697b7716627c,b3356bad-a59d-4228-96a5-530e9d0617c6,RealizationRelationship,EA ModelSet
id-8bcb8e74-ab73-4e90-9e2f-1533441782e7,b3356bad-a59d-4228-96a5-530e9d0617c6,RealizationRelationship,EA ModelSet
ec776e72-1744-41ae-b274-e23a17876ad3,c788c39e-16b7-45fa-83a3-695db026f318,CompositionRelationship,EA ModelSet
c788c39e-16b7-45fa-83a3-695db026f318,b3356bad-a59d-4228-96a5-530e9d0617c6,RealizationRelationship,EA ModelSet
id-8339309d-dd07-4382-bbf0-511f728a8c67,b3356bad-a59d-4228-96a5-530e9d0617c6,CompositionRelationship,EA ModelSet
id-8339309d-dd07-4382-bbf0-511f728a8c67,ffd227ad-d465-4114-9eea-b7285045ff2c,CompositionRelationship,EA ModelSet
id-8339309d-dd07-4382-bbf0-511f728a8c67,id-906b4d36-2827-406f-ba61-e970073571fc,CompositionRelationship,EA ModelSet
id-8339309d-dd07-4382-bbf0-511f728a8c67,id-91ab83cc-a828-47d5-9738-9592ee105bcb,CompositionRelationship,EA ModelSet
id-8339309d-dd07-4382-bbf0-511f728a8c67,id-8cb20e6f-9d27-489b-a8b7-4281a6490843,CompositionRelationship,EA ModelSet
id-8339309d-dd07-4382-bbf0-511f728a8c67,id-77aa3089-481d-4e5e-8dd0-697b7716627c,CompositionRelationship,EA ModelSet
id-8339309d-dd07-4382-bbf0-511f728a8c67,id-8bcb8e74-ab73-4e90-9e2f-1533441782e7,CompositionRelationship,EA ModelSet
id-8339309d-dd07-4382-bbf0-511f728a8c67,c788c39e-16b7-45fa-83a3-695db026f318,CompositionRelationship,EA ModelSet
id-23e2b939-6fd4-46c6-9762-26b22d168879,ccd3bb80-30b6-4bdc-a2c5-93f983ee0d38,CompositionRelationship,EA ModelSet
id-23e2b939-6fd4-46c6-9762-26b22d168879,id-637de85b-9fa5-45fe-81e9-85bef71c7f84,CompositionRelationship,EA ModelSet
id-23e2b939-6fd4-46c6-9762-26b22d168879,id-9856fa04-8964-4e55-a291-0fce9b4cfa11,CompositionRelationship,EA ModelSet
id-23e2b939-6fd4-46c6-9762-26b22d168879,id-1aba999d-b4e1-42df-a471-711aabf0d761,CompositionRelationship,EA ModelSet
id-23e2b939-6fd4-46c6-9762-26b22d168879,bc5fb90a-24b4-45b6-9d63-c5b19b212667,CompositionRelationship,EA ModelSet
id-23e2b939-6fd4-46c6-9762-26b22d168879,f787d1eb-4556-4f77-b1b3-241d5229d203,CompositionRelationship,EA ModelSet
f787d1eb-4556-4f77-b1b3-241d5229d203,ccd3bb80-30b6-4bdc-a2c5-93f983ee0d38,AssociationRelationship,EA ModelSet
id-637de85b-9fa5-45fe-81e9-85bef71c7f84,f787d1eb-4556-4f77-b1b3-241d5229d203,RealizationRelationship,EA ModelSet
id-9856fa04-8964-4e55-a291-0fce9b4cfa11,f787d1eb-4556-4f77-b1b3-241d5229d203,RealizationRelationship,EA ModelSet
id-1aba999d-b4e1-42df-a471-711aabf0d761,f787d1eb-4556-4f77-b1b3-241d5229d203,RealizationRelationship,EA ModelSet
bc5fb90a-24b4-45b6-9d63-c5b19b212667,f787d1eb-4556-4f77-b1b3-241d5229d203,RealizationRelationship,EA ModelSet
id-23e2b939-6fd4-46c6-9762-26b22d168879,f04524db-d4ba-4fb8-a2ac-abb49ff6f765,CompositionRelationship,EA ModelSet
f04524db-d4ba-4fb8-a2ac-abb49ff6f765,f787d1eb-4556-4f77-b1b3-241d5229d203,RealizationRelationship,EA ModelSet
id-8339309d-dd07-4382-bbf0-511f728a8c67,de8d908a-3ddb-40f1-8102-d882e2a3c6a2,CompositionRelationship,EA ModelSet
id-8339309d-dd07-4382-bbf0-511f728a8c67,id-44032bec-522c-4353-a5a5-b4ebc2e1f790,CompositionRelationship,EA ModelSet
id-44032bec-522c-4353-a5a5-b4ebc2e1f790,b3356bad-a59d-4228-96a5-530e9d0617c6,RealizationRelationship,EA ModelSet
f6833e3b-01ad-45b5-b99e-344468da3197,a1a049d2-8019-47e1-88c8-1d9bb7363561,CompositionRelationship,EA ModelSet
b3356bad-a59d-4228-96a5-530e9d0617c6,de8d908a-3ddb-40f1-8102-d882e2a3c6a2,AssociationRelationship,EA ModelSet
f6833e3b-01ad-45b5-b99e-344468da3197,id-62ff0a19-9819-4609-9c65-fa0d69d8b8ef,CompositionRelationship,EA ModelSet
f6833e3b-01ad-45b5-b99e-344468da3197,id-7c4438df-e977-4a37-929c-e9e1050fa28a,CompositionRelationship,EA ModelSet
f6833e3b-01ad-45b5-b99e-344468da3197,id-543d0fff-cb72-4ce6-8168-0709ce8e9ba7,CompositionRelationship,EA ModelSet
f6833e3b-01ad-45b5-b99e-344468da3197,f0507389-705e-46de-a6de-aad6f7fec162,CompositionRelationship,EA ModelSet
f6833e3b-01ad-45b5-b99e-344468da3197,a171f655-cc74-489b-8565-c537dcbb8566,CompositionRelationship,EA ModelSet
f6833e3b-01ad-45b5-b99e-344468da3197,id-92c4a1a7-ac18-4d5f-babf-b6cd175556eb,CompositionRelationship,EA ModelSet
f6833e3b-01ad-45b5-b99e-344468da3197,b3720dc7-d7fb-410c-8cad-452919f6999f,CompositionRelationship,EA ModelSet
id-62ff0a19-9819-4609-9c65-fa0d69d8b8ef,a1a049d2-8019-47e1-88c8-1d9bb7363561,AssociationRelationship,EA ModelSet
id-7c4438df-e977-4a37-929c-e9e1050fa28a,id-62ff0a19-9819-4609-9c65-fa0d69d8b8ef,RealizationRelationship,EA ModelSet
id-543d0fff-cb72-4ce6-8168-0709ce8e9ba7,id-62ff0a19-9819-4609-9c65-fa0d69d8b8ef,RealizationRelationship,EA ModelSet
f0507389-705e-46de-a6de-aad6f7fec162,id-62ff0a19-9819-4609-9c65-fa0d69d8b8ef,RealizationRelationship,EA ModelSet
f6833e3b-01ad-45b5-b99e-344468da3197,f74311d5-6f06-4ba0-a9d8-069830c51d9d,CompositionRelationship,EA ModelSet
id-92c4a1a7-ac18-4d5f-babf-b6cd175556eb,f74311d5-6f06-4ba0-a9d8-069830c51d9d,RealizationRelationship,EA ModelSet
b3720dc7-d7fb-410c-8cad-452919f6999f,f74311d5-6f06-4ba0-a9d8-069830c51d9d,RealizationRelationship,EA ModelSet
a171f655-cc74-489b-8565-c537dcbb8566,f74311d5-6f06-4ba0-a9d8-069830c51d9d,RealizationRelationship,EA ModelSet
f74311d5-6f06-4ba0-a9d8-069830c51d9d,a1a049d2-8019-47e1-88c8-1d9bb7363561,AssociationRelationship,EA ModelSet
f6833e3b-01ad-45b5-b99e-344468da3197,id-4f04dc16-85f6-4848-9bc5-48c0d48eb22c,CompositionRelationship,EA ModelSet
a1a049d2-8019-47e1-88c8-1d9bb7363561,id-4f04dc16-85f6-4848-9bc5-48c0d48eb22c,AssociationRelationship,EA ModelSet
f6833e3b-01ad-45b5-b99e-344468da3197,id-5a3af23e-912a-4b34-8497-e79c9927a931,CompositionRelationship,EA ModelSet
f6833e3b-01ad-45b5-b99e-344468da3197,id-788a6934-917e-4b5d-b9ef-b9e3a51c5f34,CompositionRelationship,EA ModelSet
id-788a6934-917e-4b5d-b9ef-b9e3a51c5f34,id-5a3af23e-912a-4b34-8497-e79c9927a931,AssociationRelationship,EA ModelSet
id-5a3af23e-912a-4b34-8497-e79c9927a931,id-4f04dc16-85f6-4848-9bc5-48c0d48eb22c,RealizationRelationship,EA ModelSet
f6833e3b-01ad-45b5-b99e-344468da3197,id-3576e94d-bd46-411c-b316-710dfe98af4e,CompositionRelationship,EA ModelSet
f6833e3b-01ad-45b5-b99e-344468da3197,id-8aef2b05-6eb4-405c-862f-71299d66b9bf,CompositionRelationship,EA ModelSet
id-8aef2b05-6eb4-405c-862f-71299d66b9bf,id-3576e94d-bd46-411c-b316-710dfe98af4e,AssociationRelationship,EA ModelSet
f6833e3b-01ad-45b5-b99e-344468da3197,id-25ef5207-067a-4342-802c-65fda9aad21f,CompositionRelationship,EA ModelSet
f6833e3b-01ad-45b5-b99e-344468da3197,aae175d3-dc10-47c9-a1ce-eb94ae88013b,CompositionRelationship,EA ModelSet
id-3576e94d-bd46-411c-b316-710dfe98af4e,id-4f04dc16-85f6-4848-9bc5-48c0d48eb22c,RealizationRelationship,EA ModelSet
id-25ef5207-067a-4342-802c-65fda9aad21f,id-4f04dc16-85f6-4848-9bc5-48c0d48eb22c,RealizationRelationship,EA ModelSet
aae175d3-dc10-47c9-a1ce-eb94ae88013b,id-25ef5207-067a-4342-802c-65fda9aad21f,AssociationRelationship,EA ModelSet
f6833e3b-01ad-45b5-b99e-344468da3197,efbd29ed-28f2-4e56-a799-e3342501fb8b,CompositionRelationship,EA ModelSet
efbd29ed-28f2-4e56-a799-e3342501fb8b,id-4f04dc16-85f6-4848-9bc5-48c0d48eb22c,RealizationRelationship,EA ModelSet
f6833e3b-01ad-45b5-b99e-344468da3197,c4b33d4e-8d27-4bf0-9c9a-4f89ad4fdd88,CompositionRelationship,EA ModelSet
c4b33d4e-8d27-4bf0-9c9a-4f89ad4fdd88,efbd29ed-28f2-4e56-a799-e3342501fb8b,AssociationRelationship,EA ModelSet
id-6f6c773d-ef05-4f2d-9fe3-e0c8f5d6a2e0,e080deb1-0406-4a7d-963b-069544b42323,FlowRelationship,EA ModelSet
id-6f6c773d-ef05-4f2d-9fe3-e0c8f5d6a2e0,e080deb1-0406-4a7d-963b-069544b42323,TriggeringRelationship,EA ModelSet
e080deb1-0406-4a7d-963b-069544b42323,id-42fe4c42-bc3e-49e3-adcc-9d60cd4755a5,FlowRelationship,EA ModelSet
id-6f6c773d-ef05-4f2d-9fe3-e0c8f5d6a2e0,id-6f21d387-5b45-436e-9ab7-98a2c3576d12,ServingRelationship,EA ModelSet
id-52e84aa3-61a4-4251-8836-21cd5f3a9f8a,id-5a0dfff0-6e7e-4ddb-b704-b29361a3a363,RealizationRelationship,EA ModelSet
c516eb1a-785b-4f0e-adb8-8a8da3b14785,id-90e4af26-15e1-42ac-94f0-859df96fe6ae,AggregationRelationship,EA ModelSet
id-52e84aa3-61a4-4251-8836-21cd5f3a9f8a,c6f728d9-9b54-4ab0-9cae-bd9542f771d5,AssignmentRelationship,EA ModelSet
id-52e84aa3-61a4-4251-8836-21cd5f3a9f8a,id-75b863ca-50a9-492b-97a4-de6923cb325b,AssignmentRelationship,EA ModelSet
id-52e84aa3-61a4-4251-8836-21cd5f3a9f8a,id-22e6b4b2-f34e-46db-a2cd-912b0485ca25,AssignmentRelationship,EA ModelSet
c516eb1a-785b-4f0e-adb8-8a8da3b14785,id-231e1e4d-7f5a-49dc-85e6-28b22acc7d1f,CompositionRelationship,EA ModelSet
c516eb1a-785b-4f0e-adb8-8a8da3b14785,f573438d-479c-4c31-8f21-abbe85474a6b,CompositionRelationship,EA ModelSet
id-5a0dfff0-6e7e-4ddb-b704-b29361a3a363,id-3e802064-4857-47cb-9e03-c11171347f76,ServingRelationship,EA ModelSet
id-75b863ca-50a9-492b-97a4-de6923cb325b,id-90e4af26-15e1-42ac-94f0-859df96fe6ae,ServingRelationship,EA ModelSet
id-75b863ca-50a9-492b-97a4-de6923cb325b,f573438d-479c-4c31-8f21-abbe85474a6b,TriggeringRelationship,EA ModelSet
id-75b863ca-50a9-492b-97a4-de6923cb325b,id-231e1e4d-7f5a-49dc-85e6-28b22acc7d1f,TriggeringRelationship,EA ModelSet
id-75b863ca-50a9-492b-97a4-de6923cb325b,id-90e4af26-15e1-42ac-94f0-859df96fe6ae,FlowRelationship,EA ModelSet
c516eb1a-785b-4f0e-adb8-8a8da3b14785,id-52e84aa3-61a4-4251-8836-21cd5f3a9f8a,CompositionRelationship,EA ModelSet
id-75b863ca-50a9-492b-97a4-de6923cb325b,f573438d-479c-4c31-8f21-abbe85474a6b,AssociationRelationship,EA ModelSet
id-75b863ca-50a9-492b-97a4-de6923cb325b,id-90e4af26-15e1-42ac-94f0-859df96fe6ae,TriggeringRelationship,EA ModelSet
id-22e6b4b2-f34e-46db-a2cd-912b0485ca25,id-231e1e4d-7f5a-49dc-85e6-28b22acc7d1f,TriggeringRelationship,EA ModelSet
e2a474fc-3169-42ba-8849-2e1ddabfdc0a,d4c422c5-7c86-4b01-ab17-77486b9f6c50,AggregationRelationship,EA ModelSet
c516eb1a-785b-4f0e-adb8-8a8da3b14785,d4c422c5-7c86-4b01-ab17-77486b9f6c50,AggregationRelationship,EA ModelSet
d4c422c5-7c86-4b01-ab17-77486b9f6c50,id-0abc07cf-b426-4683-99c6-a637e48673f4,RealizationRelationship,EA ModelSet
a64e728b-2aa0-41ee-b031-566338d4917d,id-6c91b396-a47e-458e-822a-c8ff149e571c,CompositionRelationship,EA ModelSet
a64e728b-2aa0-41ee-b031-566338d4917d,id-9e8e5c96-d758-4d91-97cb-e8a77841ce32,CompositionRelationship,EA ModelSet
id-9e8e5c96-d758-4d91-97cb-e8a77841ce32,id-6c91b396-a47e-458e-822a-c8ff149e571c,RealizationRelationship,EA ModelSet
id-8cd985f0-827d-4968-ba06-e1b6c2610344,id-9ddd3913-0a9c-43ce-8e65-38a800a25880,RealizationRelationship,EA ModelSet
id-0abc07cf-b426-4683-99c6-a637e48673f4,id-6f21d387-5b45-436e-9ab7-98a2c3576d12,ServingRelationship,EA ModelSet
id-4f957bd4-855e-4966-8989-4b5c43ca4632,id-6f21d387-5b45-436e-9ab7-98a2c3576d12,ServingRelationship,EA ModelSet
cf22ac9c-439b-47d4-b621-f36bc3148784,id-0abc07cf-b426-4683-99c6-a637e48673f4,RealizationRelationship,EA ModelSet
a64e728b-2aa0-41ee-b031-566338d4917d,dcdeed31-3407-4214-a2af-73bb27f2064a,AggregationRelationship,EA ModelSet
dcdeed31-3407-4214-a2af-73bb27f2064a,cf22ac9c-439b-47d4-b621-f36bc3148784,ServingRelationship,EA ModelSet
d4c422c5-7c86-4b01-ab17-77486b9f6c50,cf22ac9c-439b-47d4-b621-f36bc3148784,ServingRelationship,EA ModelSet
id-9ddd3913-0a9c-43ce-8e65-38a800a25880,b3d5b9cc-41d1-40fe-b65d-1ceb6fc7e655,ServingRelationship,EA ModelSet
id-6c91b396-a47e-458e-822a-c8ff149e571c,b3d5b9cc-41d1-40fe-b65d-1ceb6fc7e655,ServingRelationship,EA ModelSet
id-6f6c773d-ef05-4f2d-9fe3-e0c8f5d6a2e0,id-4f957bd4-855e-4966-8989-4b5c43ca4632,RealizationRelationship,EA ModelSet
id-0bf76a43-ec6e-490b-a2a7-868b86f46962,id-6f6c773d-ef05-4f2d-9fe3-e0c8f5d6a2e0,ServingRelationship,EA ModelSet
id-6f6c773d-ef05-4f2d-9fe3-e0c8f5d6a2e0,id-6c5c80c8-09c3-447c-bf5b-2400d026d406,CompositionRelationship,EA ModelSet
b3d5b9cc-41d1-40fe-b65d-1ceb6fc7e655,id-6f6c773d-ef05-4f2d-9fe3-e0c8f5d6a2e0,CompositionRelationship,EA ModelSet
e080deb1-0406-4a7d-963b-069544b42323,id-4f957bd4-855e-4966-8989-4b5c43ca4632,RealizationRelationship,EA ModelSet
id-19bc83a7-ad79-4449-87dd-2c7ae128de83,id-6f6c773d-ef05-4f2d-9fe3-e0c8f5d6a2e0,ServingRelationship,EA ModelSet
id-88aaa0e9-343f-4f8c-96d9-77b3332700ca,e080deb1-0406-4a7d-963b-069544b42323,ServingRelationship,EA ModelSet
a7a5ff8b-89f4-4091-a6c7-b22caeead0f5,e080deb1-0406-4a7d-963b-069544b42323,ServingRelationship,EA ModelSet
id-19bc83a7-ad79-4449-87dd-2c7ae128de83,e080deb1-0406-4a7d-963b-069544b42323,ServingRelationship,EA ModelSet
e080deb1-0406-4a7d-963b-069544b42323,id-3e802064-4857-47cb-9e03-c11171347f76,FlowRelationship,EA ModelSet
id-19bc83a7-ad79-4449-87dd-2c7ae128de83,id-3e802064-4857-47cb-9e03-c11171347f76,ServingRelationship,EA ModelSet
c516eb1a-785b-4f0e-adb8-8a8da3b14785,id-5a0dfff0-6e7e-4ddb-b704-b29361a3a363,CompositionRelationship,EA ModelSet
id-5a0dfff0-6e7e-4ddb-b704-b29361a3a363,id-95e08205-1d14-42d4-8c1d-fa9e21994386,ServingRelationship,EA ModelSet
id-3e802064-4857-47cb-9e03-c11171347f76,id-4f957bd4-855e-4966-8989-4b5c43ca4632,RealizationRelationship,EA ModelSet
id-19bc83a7-ad79-4449-87dd-2c7ae128de83,id-95e08205-1d14-42d4-8c1d-fa9e21994386,ServingRelationship,EA ModelSet
id-95e08205-1d14-42d4-8c1d-fa9e21994386,c239b1f2-db63-4c6d-84af-32fbaaea600b,RealizationRelationship,EA ModelSet
e080deb1-0406-4a7d-963b-069544b42323,id-0bc42189-88f8-4330-8085-4c99620bb3a3,FlowRelationship,EA ModelSet
e080deb1-0406-4a7d-963b-069544b42323,bad1b541-034c-4197-9f2e-4c740b6a406b,FlowRelationship,EA ModelSet
id-0bf76a43-ec6e-490b-a2a7-868b86f46962,id-0bc42189-88f8-4330-8085-4c99620bb3a3,ServingRelationship,EA ModelSet
id-15b4d8ef-2e20-42de-b0d7-bd8e974e356d,bad1b541-034c-4197-9f2e-4c740b6a406b,ServingRelationship,EA ModelSet
e3433727-e5d5-493d-8018-e0a4549a1309,id-42fe4c42-bc3e-49e3-adcc-9d60cd4755a5,ServingRelationship,EA ModelSet
a6aa6022-1e63-41b4-a731-5aed97472ce1,id-6f6c773d-ef05-4f2d-9fe3-e0c8f5d6a2e0,CompositionRelationship,EA ModelSet
a6aa6022-1e63-41b4-a731-5aed97472ce1,e080deb1-0406-4a7d-963b-069544b42323,CompositionRelationship,EA ModelSet
a6aa6022-1e63-41b4-a731-5aed97472ce1,id-0bc42189-88f8-4330-8085-4c99620bb3a3,CompositionRelationship,EA ModelSet
a6aa6022-1e63-41b4-a731-5aed97472ce1,id-42fe4c42-bc3e-49e3-adcc-9d60cd4755a5,CompositionRelationship,EA ModelSet
a6aa6022-1e63-41b4-a731-5aed97472ce1,bad1b541-034c-4197-9f2e-4c740b6a406b,CompositionRelationship,EA ModelSet
a6aa6022-1e63-41b4-a731-5aed97472ce1,id-3e802064-4857-47cb-9e03-c11171347f76,CompositionRelationship,EA ModelSet
a6aa6022-1e63-41b4-a731-5aed97472ce1,id-4f957bd4-855e-4966-8989-4b5c43ca4632,RealizationRelationship,EA ModelSet
id-19bc83a7-ad79-4449-87dd-2c7ae128de83,a6aa6022-1e63-41b4-a731-5aed97472ce1,ServingRelationship,EA ModelSet
id-0bf76a43-ec6e-490b-a2a7-868b86f46962,a6aa6022-1e63-41b4-a731-5aed97472ce1,ServingRelationship,EA ModelSet
e43d20bf-2a01-4951-8d34-802786eb8514,fac0c2e3-1f33-4204-b3da-e2976f266323,RealizationRelationship,EA ModelSet
b3d5b9cc-41d1-40fe-b65d-1ceb6fc7e655,id-6c5c80c8-09c3-447c-bf5b-2400d026d406,FlowRelationship,EA ModelSet
id-874780cb-a98f-4120-970d-9caf5ec45602,d8de45c6-6016-4529-ae99-05c1f17504dd,ServingRelationship,EA ModelSet
id-9ddd3913-0a9c-43ce-8e65-38a800a25880,id-6c5c80c8-09c3-447c-bf5b-2400d026d406,ServingRelationship,EA ModelSet
id-6c91b396-a47e-458e-822a-c8ff149e571c,id-6c5c80c8-09c3-447c-bf5b-2400d026d406,ServingRelationship,EA ModelSet
c516eb1a-785b-4f0e-adb8-8a8da3b14785,id-2538a261-af3f-4588-85a4-57a4f4e7741a,AggregationRelationship,EA ModelSet
id-2538a261-af3f-4588-85a4-57a4f4e7741a,id-874780cb-a98f-4120-970d-9caf5ec45602,ServingRelationship,EA ModelSet
c449a0e0-864b-4697-bdcc-32e913fde1f0,e43d20bf-2a01-4951-8d34-802786eb8514,ServingRelationship,EA ModelSet
c516eb1a-785b-4f0e-adb8-8a8da3b14785,id-631f57d6-1155-4e51-acf2-cc95f5e8a7e2,AggregationRelationship,EA ModelSet
id-631f57d6-1155-4e51-acf2-cc95f5e8a7e2,id-874780cb-a98f-4120-970d-9caf5ec45602,ServingRelationship,EA ModelSet
id-19bc83a7-ad79-4449-87dd-2c7ae128de83,e43d20bf-2a01-4951-8d34-802786eb8514,ServingRelationship,EA ModelSet
id-19bc83a7-ad79-4449-87dd-2c7ae128de83,ae0cc04f-63ac-4929-b00a-cdeeaba955aa,AccessRelationship,EA ModelSet
a6aa6022-1e63-41b4-a731-5aed97472ce1,id-9f01df00-bd11-4e6f-b4a0-e4b5449c2742,AccessRelationship,EA ModelSet
ae0cc04f-63ac-4929-b00a-cdeeaba955aa,id-9f01df00-bd11-4e6f-b4a0-e4b5449c2742,RealizationRelationship,EA ModelSet
id-52e84aa3-61a4-4251-8836-21cd5f3a9f8a,id-5a0dfff0-6e7e-4ddb-b704-b29361a3a363,CompositionRelationship,EA ModelSet
id-9e8e5c96-d758-4d91-97cb-e8a77841ce32,id-6c91b396-a47e-458e-822a-c8ff149e571c,CompositionRelationship,EA ModelSet
id-8cd985f0-827d-4968-ba06-e1b6c2610344,id-9ddd3913-0a9c-43ce-8e65-38a800a25880,CompositionRelationship,EA ModelSet
id-31435204-51f6-4144-b64b-04d8b9a2dc5b,id-4ba2ce72-1927-4650-a800-ea96baa00595,CompositionRelationship,EA ModelSet
id-31435204-51f6-4144-b64b-04d8b9a2dc5b,id-3e9fb78e-9a84-4f90-a167-bc852a074b9d,CompositionRelationship,EA ModelSet
id-31435204-51f6-4144-b64b-04d8b9a2dc5b,e3433727-e5d5-493d-8018-e0a4549a1309,ServingRelationship,EA ModelSet
id-82874b2b-e5b9-40be-b356-fbd9080a87c9,bad1b541-034c-4197-9f2e-4c740b6a406b,ServingRelationship,EA ModelSet
id-15b4d8ef-2e20-42de-b0d7-bd8e974e356d,id-82874b2b-e5b9-40be-b356-fbd9080a87c9,RealizationRelationship,EA ModelSet
ce379b67-1691-4986-90b9-fb9127961aef,id-42fe4c42-bc3e-49e3-adcc-9d60cd4755a5,ServingRelationship,EA ModelSet
e3433727-e5d5-493d-8018-e0a4549a1309,ce379b67-1691-4986-90b9-fb9127961aef,RealizationRelationship,EA ModelSet
d112d5ed-8eea-4e45-b3e0-13b9c0a4aa8e,id-95e08205-1d14-42d4-8c1d-fa9e21994386,ServingRelationship,EA ModelSet
id-4115fa6f-bbd3-4b54-a7bf-a635c7eaf15d,e43d20bf-2a01-4951-8d34-802786eb8514,ServingRelationship,EA ModelSet
id-17697f0b-61ac-4545-839b-e34a5decaa04,e080deb1-0406-4a7d-963b-069544b42323,ServingRelationship,EA ModelSet
id-88aaa0e9-343f-4f8c-96d9-77b3332700ca,id-17697f0b-61ac-4545-839b-e34a5decaa04,RealizationRelationship,EA ModelSet
cbd72fa4-19e3-4d1d-a98f-467fc677c636,e080deb1-0406-4a7d-963b-069544b42323,ServingRelationship,EA ModelSet
a7a5ff8b-89f4-4091-a6c7-b22caeead0f5,cbd72fa4-19e3-4d1d-a98f-467fc677c636,RealizationRelationship,EA ModelSet
c449a0e0-864b-4697-bdcc-32e913fde1f0,id-4115fa6f-bbd3-4b54-a7bf-a635c7eaf15d,RealizationRelationship,EA ModelSet
id-19bc83a7-ad79-4449-87dd-2c7ae128de83,id-0bf76a43-ec6e-490b-a2a7-868b86f46962,RealizationRelationship,EA ModelSet
fc446f5f-369b-469c-b337-986dd1efce79,id-6f6c773d-ef05-4f2d-9fe3-e0c8f5d6a2e0,ServingRelationship,EA ModelSet
id-72f46d1e-21cc-40ee-bf37-36802d330384,fc446f5f-369b-469c-b337-986dd1efce79,RealizationRelationship,EA ModelSet
d112d5ed-8eea-4e45-b3e0-13b9c0a4aa8e,id-3e802064-4857-47cb-9e03-c11171347f76,ServingRelationship,EA ModelSet
id-5a0dfff0-6e7e-4ddb-b704-b29361a3a363,d112d5ed-8eea-4e45-b3e0-13b9c0a4aa8e,ServingRelationship,EA ModelSet
id-631f57d6-1155-4e51-acf2-cc95f5e8a7e2,id-2538a261-af3f-4588-85a4-57a4f4e7741a,RealizationRelationship,EA ModelSet
id-0bf76a43-ec6e-490b-a2a7-868b86f46962,e43d20bf-2a01-4951-8d34-802786eb8514,ServingRelationship,EA ModelSet
e9ed113e-1e6e-4420-bd32-8f2c6c8075a3,id-19bc83a7-ad79-4449-87dd-2c7ae128de83,ServingRelationship,EA ModelSet
id-31435204-51f6-4144-b64b-04d8b9a2dc5b,e9ed113e-1e6e-4420-bd32-8f2c6c8075a3,RealizationRelationship,EA ModelSet
id-98a2674b-f991-4e6d-8001-8f11ba9a6f68,e3433727-e5d5-493d-8018-e0a4549a1309,ServingRelationship,EA ModelSet
id-35488c86-22e2-462e-8d6d-b99b5fedaf05,id-15b4d8ef-2e20-42de-b0d7-bd8e974e356d,ServingRelationship,EA ModelSet
id-27867e54-3c3b-4c7f-84ec-439c59455971,id-88aaa0e9-343f-4f8c-96d9-77b3332700ca,ServingRelationship,EA ModelSet
cf6ae60b-0c45-41cc-8f2f-19321c6966bd,a7a5ff8b-89f4-4091-a6c7-b22caeead0f5,ServingRelationship,EA ModelSet
d71d53d1-3a45-4fef-ae5e-ded4b9ffdcc2,id-72f46d1e-21cc-40ee-bf37-36802d330384,ServingRelationship,EA ModelSet
ac1729fc-990d-4533-8891-f662d4647dd2,c449a0e0-864b-4697-bdcc-32e913fde1f0,ServingRelationship,EA ModelSet
id-2763c22f-5033-4323-8617-1c6dafd83175,id-631f57d6-1155-4e51-acf2-cc95f5e8a7e2,ServingRelationship,EA ModelSet
id-3fce9831-4f9f-4605-817b-d8e23a78f9f8,id-35488c86-22e2-462e-8d6d-b99b5fedaf05,RealizationRelationship,EA ModelSet
bade55ce-cc41-4dec-9679-9150501bf288,id-98a2674b-f991-4e6d-8001-8f11ba9a6f68,RealizationRelationship,EA ModelSet
id-0cad7471-16d1-49ce-bbd3-0e4e29557433,ac1729fc-990d-4533-8891-f662d4647dd2,RealizationRelationship,EA ModelSet
id-57e4299a-01db-42b4-aac7-2d41adc2365d,id-2763c22f-5033-4323-8617-1c6dafd83175,RealizationRelationship,EA ModelSet
id-135fe58c-df67-4acd-a3ca-79658726dcc2,d71d53d1-3a45-4fef-ae5e-ded4b9ffdcc2,RealizationRelationship,EA ModelSet
id-28df2327-73ff-4552-a29f-7b1fbd69db9e,id-52e84aa3-61a4-4251-8836-21cd5f3a9f8a,ServingRelationship,EA ModelSet
b6fc6aa7-b7b0-4c8d-99a9-774412ca56f5,id-28df2327-73ff-4552-a29f-7b1fbd69db9e,RealizationRelationship,EA ModelSet
id-93ef52e2-8cc7-42fe-af1c-808996a2edbe,id-6f21d387-5b45-436e-9ab7-98a2c3576d12,ServingRelationship,EA ModelSet
id-3e802064-4857-47cb-9e03-c11171347f76,id-93ef52e2-8cc7-42fe-af1c-808996a2edbe,RealizationRelationship,EA ModelSet
id-983afa7e-fd49-4dde-9204-eef05dd9144d,id-3e802064-4857-47cb-9e03-c11171347f76,ServingRelationship,EA ModelSet
id-5a0dfff0-6e7e-4ddb-b704-b29361a3a363,id-983afa7e-fd49-4dde-9204-eef05dd9144d,ServingRelationship,EA ModelSet
id-3e802064-4857-47cb-9e03-c11171347f76,b7a8735c-0734-4404-a518-3f0207f513ab,AccessRelationship,EA ModelSet
id-42a50a06-4774-46ad-8a2e-329d312fb44b,dddf24e6-55ec-4a5c-a6e5-7aaf6afc6ee4,CompositionRelationship,EA ModelSet
dddf24e6-55ec-4a5c-a6e5-7aaf6afc6ee4,ae0cc04f-63ac-4929-b00a-cdeeaba955aa,AccessRelationship,EA ModelSet
dddf24e6-55ec-4a5c-a6e5-7aaf6afc6ee4,id-19bc83a7-ad79-4449-87dd-2c7ae128de83,ServingRelationship,EA ModelSet
id-5a0dfff0-6e7e-4ddb-b704-b29361a3a363,id-983afa7e-fd49-4dde-9204-eef05dd9144d,AssignmentRelationship,EA ModelSet
id-5a0dfff0-6e7e-4ddb-b704-b29361a3a363,d112d5ed-8eea-4e45-b3e0-13b9c0a4aa8e,AssignmentRelationship,EA ModelSet
id-858b6feb-2a96-4412-9990-b88d6a13829e,b3d67bf8-c9b3-47b0-8260-716bfcdbaf87,CompositionRelationship,EA ModelSet
eb0fa486-a19f-4b2a-9a37-78b1a678c933,id-42a50a06-4774-46ad-8a2e-329d312fb44b,ServingRelationship,EA ModelSet
id-31435204-51f6-4144-b64b-04d8b9a2dc5b,eb0fa486-a19f-4b2a-9a37-78b1a678c933,RealizationRelationship,EA ModelSet
id-858b6feb-2a96-4412-9990-b88d6a13829e,e9ed113e-1e6e-4420-bd32-8f2c6c8075a3,RealizationRelationship,EA ModelSet
a6aa6022-1e63-41b4-a731-5aed97472ce1,cf22ac9c-439b-47d4-b621-f36bc3148784,AggregationRelationship,EA ModelSet
cf22ac9c-439b-47d4-b621-f36bc3148784,id-6f6c773d-ef05-4f2d-9fe3-e0c8f5d6a2e0,TriggeringRelationship,EA ModelSet
fc446f5f-369b-469c-b337-986dd1efce79,id-95e08205-1d14-42d4-8c1d-fa9e21994386,ServingRelationship,EA ModelSet
e3433727-e5d5-493d-8018-e0a4549a1309,a85fb4b0-850a-4ea6-89bc-3f4ba01728c3,AccessRelationship,EA ModelSet
id-3e4306bc-1122-4ca0-86d3-f4e3f3bcc365,id-6cce350c-4678-4e02-85bd-f83bf090e2a6,AggregationRelationship,EA ModelSet
id-6cce350c-4678-4e02-85bd-f83bf090e2a6,id-7fec709e-e751-438d-bc0c-d18588ea3a03,AssignmentRelationship,EA ModelSet
id-6cce350c-4678-4e02-85bd-f83bf090e2a6,id-8f76dbd2-80b7-4b22-8cb6-e5ebc04c3382,AssignmentRelationship,EA ModelSet
id-6cce350c-4678-4e02-85bd-f83bf090e2a6,id-6e2ec613-e3b7-455c-a9fd-fc8749b53cab,AssignmentRelationship,EA ModelSet
id-6cce350c-4678-4e02-85bd-f83bf090e2a6,c7b5c043-16f9-40b1-97f8-1957b1dc4ae2,AssignmentRelationship,EA ModelSet
id-6cce350c-4678-4e02-85bd-f83bf090e2a6,id-225d3233-56d6-4aa3-a6dd-b46be9ef1752,AssignmentRelationship,EA ModelSet
id-6cce350c-4678-4e02-85bd-f83bf090e2a6,id-20345403-39d2-4e21-834d-632d6a0396c3,AssignmentRelationship,EA ModelSet
id-3e4306bc-1122-4ca0-86d3-f4e3f3bcc365,id-7c83e5f7-637a-4e87-9f0c-0a51a6e4dd8e,AggregationRelationship,EA ModelSet
id-6cce350c-4678-4e02-85bd-f83bf090e2a6,id-7c83e5f7-637a-4e87-9f0c-0a51a6e4dd8e,CompositionRelationship,EA ModelSet
id-3e4306bc-1122-4ca0-86d3-f4e3f3bcc365,d15be473-6ed6-4ed6-9049-d8d17694722f,AggregationRelationship,EA ModelSet
id-441a8b30-1df4-4cc7-b82b-a9a880eb1a8c,c0948260-91bc-418d-86e7-1965471e5187,ServingRelationship,EA ModelSet
id-6cce350c-4678-4e02-85bd-f83bf090e2a6,id-441a8b30-1df4-4cc7-b82b-a9a880eb1a8c,RealizationRelationship,EA ModelSet
c0948260-91bc-418d-86e7-1965471e5187,id-4f1f67a0-2854-450f-adb8-cf07282b53e5,ServingRelationship,EA ModelSet
c3bdbfe5-299e-443b-af8c-9fd561da3aca,id-4f1f67a0-2854-450f-adb8-cf07282b53e5,ServingRelationship,EA ModelSet
id-9676a976-1e9f-4046-8cf9-ee9731a9e04d,id-4f1f67a0-2854-450f-adb8-cf07282b53e5,ServingRelationship,EA ModelSet
d15be473-6ed6-4ed6-9049-d8d17694722f,id-587ab668-c08d-4f73-87ee-17fb374ebd35,RealizationRelationship,EA ModelSet
id-6cce350c-4678-4e02-85bd-f83bf090e2a6,c7b619fc-3b02-4d75-864c-8f75b8345877,RealizationRelationship,EA ModelSet
afe67120-1af6-43ab-becd-e40cad6e37b3,e46f25aa-61dc-471a-83de-07c5df389f9c,RealizationRelationship,EA ModelSet
b62384ff-6b5e-49dd-9d15-140801db5d0f,id-4e7377bd-f8a3-4163-893f-6959435b8fab,RealizationRelationship,EA ModelSet
e46f25aa-61dc-471a-83de-07c5df389f9c,id-6cce350c-4678-4e02-85bd-f83bf090e2a6,ServingRelationship,EA ModelSet
id-4e7377bd-f8a3-4163-893f-6959435b8fab,d15be473-6ed6-4ed6-9049-d8d17694722f,ServingRelationship,EA ModelSet
c7b619fc-3b02-4d75-864c-8f75b8345877,c3bdbfe5-299e-443b-af8c-9fd561da3aca,ServingRelationship,EA ModelSet
id-587ab668-c08d-4f73-87ee-17fb374ebd35,id-9676a976-1e9f-4046-8cf9-ee9731a9e04d,ServingRelationship,EA ModelSet
c7b619fc-3b02-4d75-864c-8f75b8345877,id-85511af5-9f5a-40cb-8cc0-9a5b7b2116ae,ServingRelationship,EA ModelSet
id-587ab668-c08d-4f73-87ee-17fb374ebd35,id-85511af5-9f5a-40cb-8cc0-9a5b7b2116ae,ServingRelationship,EA ModelSet
id-85511af5-9f5a-40cb-8cc0-9a5b7b2116ae,c3bdbfe5-299e-443b-af8c-9fd561da3aca,RealizationRelationship,EA ModelSet
id-85511af5-9f5a-40cb-8cc0-9a5b7b2116ae,id-9676a976-1e9f-4046-8cf9-ee9731a9e04d,RealizationRelationship,EA ModelSet
f91e38d1-c277-4827-ae17-217682cbc96b,c0948260-91bc-418d-86e7-1965471e5187,RealizationRelationship,EA ModelSet
id-441a8b30-1df4-4cc7-b82b-a9a880eb1a8c,f91e38d1-c277-4827-ae17-217682cbc96b,ServingRelationship,EA ModelSet
d15be473-6ed6-4ed6-9049-d8d17694722f,fabac555-1aeb-471b-99a8-126bb6e75f29,AssignmentRelationship,EA ModelSet
be51b9c8-80d2-4705-9260-2aa4bd441d52,id-22ca61dc-1f65-4219-bab5-1b51458efe9d,AccessRelationship,EA ModelSet
a6aa6022-1e63-41b4-a731-5aed97472ce1,id-22ca61dc-1f65-4219-bab5-1b51458efe9d,AccessRelationship,EA ModelSet
a6aa6022-1e63-41b4-a731-5aed97472ce1,id-3d727da2-c8d2-4131-aa5f-cbeaf7a348ba,AggregationRelationship,EA ModelSet
cf22ac9c-439b-47d4-b621-f36bc3148784,id-3d727da2-c8d2-4131-aa5f-cbeaf7a348ba,TriggeringRelationship,EA ModelSet
cbd72fa4-19e3-4d1d-a98f-467fc677c636,id-3d727da2-c8d2-4131-aa5f-cbeaf7a348ba,ServingRelationship,EA ModelSet
id-17697f0b-61ac-4545-839b-e34a5decaa04,id-3d727da2-c8d2-4131-aa5f-cbeaf7a348ba,ServingRelationship,EA ModelSet
id-28a932d9-0035-46b4-b4e6-c8a510f3d1fa,id-3d727da2-c8d2-4131-aa5f-cbeaf7a348ba,ServingRelationship,EA ModelSet
id-1a358222-0118-4a45-9080-2f738717024e,id-28a932d9-0035-46b4-b4e6-c8a510f3d1fa,RealizationRelationship,EA ModelSet
id-2bfc3f93-8c05-496f-814e-5f62e5a63935,id-6f21d387-5b45-436e-9ab7-98a2c3576d12,ServingRelationship,EA ModelSet
id-3d727da2-c8d2-4131-aa5f-cbeaf7a348ba,id-2bfc3f93-8c05-496f-814e-5f62e5a63935,RealizationRelationship,EA ModelSet
c2573aa5-f4a3-4be1-ac0c-3a9c10d7a685,id-1a358222-0118-4a45-9080-2f738717024e,ServingRelationship,EA ModelSet
id-6cce350c-4678-4e02-85bd-f83bf090e2a6,fabac555-1aeb-471b-99a8-126bb6e75f29,AssignmentRelationship,EA ModelSet
id-631f57d6-1155-4e51-acf2-cc95f5e8a7e2,fcfbb888-1ae9-47cd-b835-ae3c5d6f0907,AccessRelationship,EA ModelSet
id-20fe5137-dd1f-44d9-bae9-c574ea8172f9,id-43f42019-7fc0-4b67-8a84-c4d76da2bbb2,AssignmentRelationship,EA ModelSet
id-52e84aa3-61a4-4251-8836-21cd5f3a9f8a,id-90e4af26-15e1-42ac-94f0-859df96fe6ae,TriggeringRelationship,EA ModelSet
id-52e84aa3-61a4-4251-8836-21cd5f3a9f8a,f573438d-479c-4c31-8f21-abbe85474a6b,TriggeringRelationship,EA ModelSet
id-52e84aa3-61a4-4251-8836-21cd5f3a9f8a,id-231e1e4d-7f5a-49dc-85e6-28b22acc7d1f,TriggeringRelationship,EA ModelSet
id-5a0dfff0-6e7e-4ddb-b704-b29361a3a363,da28b14f-4f83-4c74-8d79-19d7fe09ce6b,ServingRelationship,EA ModelSet
id-20fe5137-dd1f-44d9-bae9-c574ea8172f9,da28b14f-4f83-4c74-8d79-19d7fe09ce6b,ServingRelationship,EA ModelSet
da28b14f-4f83-4c74-8d79-19d7fe09ce6b,id-983afa7e-fd49-4dde-9204-eef05dd9144d,RealizationRelationship,EA ModelSet
da28b14f-4f83-4c74-8d79-19d7fe09ce6b,d112d5ed-8eea-4e45-b3e0-13b9c0a4aa8e,RealizationRelationship,EA ModelSet
id-9528e75e-777f-4708-9a79-1aa4fe8f317c,b3d5b9cc-41d1-40fe-b65d-1ceb6fc7e655,ServingRelationship,EA ModelSet
id-9528e75e-777f-4708-9a79-1aa4fe8f317c,id-6c5c80c8-09c3-447c-bf5b-2400d026d406,ServingRelationship,EA ModelSet
a895044b-ef88-4e29-9cf6-cc29a85a0dee,id-9528e75e-777f-4708-9a79-1aa4fe8f317c,RealizationRelationship,EA ModelSet
id-9ddd3913-0a9c-43ce-8e65-38a800a25880,a895044b-ef88-4e29-9cf6-cc29a85a0dee,ServingRelationship,EA ModelSet
id-6c91b396-a47e-458e-822a-c8ff149e571c,a895044b-ef88-4e29-9cf6-cc29a85a0dee,ServingRelationship,EA ModelSet
fc446f5f-369b-469c-b337-986dd1efce79,a6aa6022-1e63-41b4-a731-5aed97472ce1,ServingRelationship,EA ModelSet
id-135fe58c-df67-4acd-a3ca-79658726dcc2,id-50cf1510-bb13-490c-ad77-7746436a5e6d,CompositionRelationship,EA ModelSet
id-0cad7471-16d1-49ce-bbd3-0e4e29557433,id-3e03f95f-e944-42f6-ab71-94d1de84dd51,CompositionRelationship,EA ModelSet
id-0cad7471-16d1-49ce-bbd3-0e4e29557433,id-60f7081e-1774-4fde-8099-cdadf4f71b3c,CompositionRelationship,EA ModelSet
id-57e4299a-01db-42b4-aac7-2d41adc2365d,id-8bb14ad7-e928-4a98-8240-569112428668,CompositionRelationship,EA ModelSet
id-57e4299a-01db-42b4-aac7-2d41adc2365d,d470fcb4-a9e2-4641-9f30-3ffd0e8cbbd4,CompositionRelationship,EA ModelSet
afe67120-1af6-43ab-becd-e40cad6e37b3,db74727e-6e96-4aff-9054-237d0c72a7b9,CompositionRelationship,EA ModelSet
bade55ce-cc41-4dec-9679-9150501bf288,id-24520eea-92da-426a-b350-4fe73302341b,CompositionRelationship,EA ModelSet
bade55ce-cc41-4dec-9679-9150501bf288,ba5782f7-c356-4c18-8494-c563d8462a0c,CompositionRelationship,EA ModelSet
id-3fce9831-4f9f-4605-817b-d8e23a78f9f8,id-877153c9-7954-4990-b424-ce836cd36b81,CompositionRelationship,EA ModelSet
id-3fce9831-4f9f-4605-817b-d8e23a78f9f8,db7b33cc-9875-40b9-9c1f-597a7cb84ca0,CompositionRelationship,EA ModelSet
b6fc6aa7-b7b0-4c8d-99a9-774412ca56f5,id-6b624285-e0cd-4f06-877f-7ae0fd6de024,CompositionRelationship,EA ModelSet
b6fc6aa7-b7b0-4c8d-99a9-774412ca56f5,id-5c40e042-3a7f-4cc6-bafd-2c049bf072cd,CompositionRelationship,EA ModelSet
e73df4b5-ab44-4ef6-bb25-2e1992bb5878,id-1e76a20b-1815-4432-b798-9437081b4593,CompositionRelationship,EA ModelSet
e73df4b5-ab44-4ef6-bb25-2e1992bb5878,d1f87fde-7888-41d7-9197-ff77b7392ad5,CompositionRelationship,EA ModelSet
id-44c2ca6b-eafa-4481-aa0d-cc9e6919c349,id-20fe5137-dd1f-44d9-bae9-c574ea8172f9,ServingRelationship,EA ModelSet
e73df4b5-ab44-4ef6-bb25-2e1992bb5878,id-44c2ca6b-eafa-4481-aa0d-cc9e6919c349,RealizationRelationship,EA ModelSet
b62384ff-6b5e-49dd-9d15-140801db5d0f,f0940575-250f-4b33-aa93-3e759c09b6dd,CompositionRelationship,EA ModelSet
e2be7b89-4086-44f6-82ee-53574ce9f899,a895044b-ef88-4e29-9cf6-cc29a85a0dee,ServingRelationship,EA ModelSet
e12ce47f-a602-4ac4-a8de-5125a7af8432,id-9b176417-aa8a-4cb3-804f-d8f77c1bec7b,CompositionRelationship,EA ModelSet
e12ce47f-a602-4ac4-a8de-5125a7af8432,e2be7b89-4086-44f6-82ee-53574ce9f899,RealizationRelationship,EA ModelSet
id-332a81f4-59cc-4337-a661-700d48f7971d,id-656e4cdf-bb97-4e3e-ba9a-9871bacc4439,CompositionRelationship,EA ModelSet
id-332a81f4-59cc-4337-a661-700d48f7971d,cf6ae60b-0c45-41cc-8f2f-19321c6966bd,RealizationRelationship,EA ModelSet
id-553ef20f-336c-4729-addf-5c555df32637,f2cd1970-c116-4d0b-be4d-761c442680aa,CompositionRelationship,EA ModelSet
id-553ef20f-336c-4729-addf-5c555df32637,id-27867e54-3c3b-4c7f-84ec-439c59455971,RealizationRelationship,EA ModelSet
id-56bf5eb0-92dc-4e39-bce9-589caca3fdcf,id-09c4f362-989f-499a-ab45-3072bff774b4,CompositionRelationship,EA ModelSet
id-56bf5eb0-92dc-4e39-bce9-589caca3fdcf,c2573aa5-f4a3-4be1-ac0c-3a9c10d7a685,RealizationRelationship,EA ModelSet
id-086d2145-31f8-47f8-a067-f0f07e5fc025,id-3af510cd-3f59-47d8-b858-959f2d219032,AssociationRelationship,EA ModelSet
id-24cf03fe-f672-487b-9e2c-9d4041b41861,id-3af510cd-3f59-47d8-b858-959f2d219032,AssociationRelationship,EA ModelSet
e2a5e7dd-25c3-4542-86be-82546fc841fd,id-086d2145-31f8-47f8-a067-f0f07e5fc025,AssociationRelationship,EA ModelSet
id-3af510cd-3f59-47d8-b858-959f2d219032,id-086d2145-31f8-47f8-a067-f0f07e5fc025,AssociationRelationship,EA ModelSet
bd74e556-20f2-4393-a605-df007e6016d8,id-086d2145-31f8-47f8-a067-f0f07e5fc025,CompositionRelationship,EA ModelSet
bd74e556-20f2-4393-a605-df007e6016d8,id-2e66d6b2-44db-4c74-96bd-7c0a9c951ff7,CompositionRelationship,EA ModelSet
bd74e556-20f2-4393-a605-df007e6016d8,id-1b467d46-549d-4c5e-b604-41debb630bb3,CompositionRelationship,EA ModelSet
bd74e556-20f2-4393-a605-df007e6016d8,id-9c46ee2c-3453-4d9d-b37f-6878e8358461,CompositionRelationship,EA ModelSet
bd74e556-20f2-4393-a605-df007e6016d8,id-5c2b2251-15e8-4e00-9554-d82bf1c38597,CompositionRelationship,EA ModelSet
bd74e556-20f2-4393-a605-df007e6016d8,id-220a6fae-315e-4f26-8ca9-ce989baa3d2e,CompositionRelationship,EA ModelSet
id-66b673eb-7d92-4641-be0f-794c6f4ed904,id-3af510cd-3f59-47d8-b858-959f2d219032,CompositionRelationship,EA ModelSet
id-66b673eb-7d92-4641-be0f-794c6f4ed904,e2a5e7dd-25c3-4542-86be-82546fc841fd,CompositionRelationship,EA ModelSet
id-66b673eb-7d92-4641-be0f-794c6f4ed904,id-675b4fb7-6178-4cb1-8110-92279a68be7e,CompositionRelationship,EA ModelSet
id-66b673eb-7d92-4641-be0f-794c6f4ed904,id-977afdc3-253c-4412-9d38-118f8bde6bcb,CompositionRelationship,EA ModelSet
f445e949-1201-47b5-82ac-8083beae3563,id-24cf03fe-f672-487b-9e2c-9d4041b41861,CompositionRelationship,EA ModelSet
f445e949-1201-47b5-82ac-8083beae3563,fd746cec-c3e8-4317-9d2d-089c6de911dc,CompositionRelationship,EA ModelSet
f445e949-1201-47b5-82ac-8083beae3563,fdf5ec3e-8f00-4207-bd83-16c1ddbee960,CompositionRelationship,EA ModelSet
f445e949-1201-47b5-82ac-8083beae3563,ba41bc7e-c4e6-40d6-a129-487dd2725187,CompositionRelationship,EA ModelSet
f8cd1fef-e03c-4be0-9fea-e9cb5040ee7c,fb778bde-5934-4f34-8f7f-9e2539fe42a3,CompositionRelationship,EA ModelSet
f8cd1fef-e03c-4be0-9fea-e9cb5040ee7c,id-302477fd-525a-4884-a048-cf3668e78b3e,CompositionRelationship,EA ModelSet
f8cd1fef-e03c-4be0-9fea-e9cb5040ee7c,ba4c4a6b-cea7-40ff-97d6-1d96ee1ce04a,CompositionRelationship,EA ModelSet
id-66b673eb-7d92-4641-be0f-794c6f4ed904,e4ae6c68-1536-453d-9c65-008a19740f71,CompositionRelationship,EA ModelSet
e4ae6c68-1536-453d-9c65-008a19740f71,id-3af510cd-3f59-47d8-b858-959f2d219032,AggregationRelationship,EA ModelSet
e4ae6c68-1536-453d-9c65-008a19740f71,id-5c2b2251-15e8-4e00-9554-d82bf1c38597,AssociationRelationship,EA ModelSet
e4ae6c68-1536-453d-9c65-008a19740f71,e2a5e7dd-25c3-4542-86be-82546fc841fd,AggregationRelationship,EA ModelSet
e4ae6c68-1536-453d-9c65-008a19740f71,id-675b4fb7-6178-4cb1-8110-92279a68be7e,AggregationRelationship,EA ModelSet
e4ae6c68-1536-453d-9c65-008a19740f71,id-977afdc3-253c-4412-9d38-118f8bde6bcb,AggregationRelationship,EA ModelSet
id-675b4fb7-6178-4cb1-8110-92279a68be7e,id-086d2145-31f8-47f8-a067-f0f07e5fc025,AssociationRelationship,EA ModelSet
id-675b4fb7-6178-4cb1-8110-92279a68be7e,id-1b467d46-549d-4c5e-b604-41debb630bb3,AssociationRelationship,EA ModelSet
e2a5e7dd-25c3-4542-86be-82546fc841fd,id-9c46ee2c-3453-4d9d-b37f-6878e8358461,AssociationRelationship,EA ModelSet
id-977afdc3-253c-4412-9d38-118f8bde6bcb,id-220a6fae-315e-4f26-8ca9-ce989baa3d2e,AssociationRelationship,EA ModelSet
id-66b673eb-7d92-4641-be0f-794c6f4ed904,id-438aff85-c238-4bf7-bd6d-58c2b1bf97ce,CompositionRelationship,EA ModelSet
id-438aff85-c238-4bf7-bd6d-58c2b1bf97ce,id-2e66d6b2-44db-4c74-96bd-7c0a9c951ff7,AssociationRelationship,EA ModelSet
id-438aff85-c238-4bf7-bd6d-58c2b1bf97ce,e4ae6c68-1536-453d-9c65-008a19740f71,SpecializationRelationship,EA ModelSet
id-66b673eb-7d92-4641-be0f-794c6f4ed904,da574d5f-b30d-43e7-8221-38a86bf75620,CompositionRelationship,EA ModelSet
id-438aff85-c238-4bf7-bd6d-58c2b1bf97ce,da574d5f-b30d-43e7-8221-38a86bf75620,AggregationRelationship,EA ModelSet
fd746cec-c3e8-4317-9d2d-089c6de911dc,da574d5f-b30d-43e7-8221-38a86bf75620,AssociationRelationship,EA ModelSet
f445e949-1201-47b5-82ac-8083beae3563,id-5fe5a36b-c303-47e9-b0a4-a4d5d4fcbec0,CompositionRelationship,EA ModelSet
id-5fe5a36b-c303-47e9-b0a4-a4d5d4fcbec0,da574d5f-b30d-43e7-8221-38a86bf75620,AssociationRelationship,EA ModelSet
ba4c4a6b-cea7-40ff-97d6-1d96ee1ce04a,fd746cec-c3e8-4317-9d2d-089c6de911dc,AssociationRelationship,EA ModelSet
f8cd1fef-e03c-4be0-9fea-e9cb5040ee7c,id-64894ea9-1a61-47a3-8d46-b9bbfa48b1f6,CompositionRelationship,EA ModelSet
id-64894ea9-1a61-47a3-8d46-b9bbfa48b1f6,id-24cf03fe-f672-487b-9e2c-9d4041b41861,AssociationRelationship,EA ModelSet
f8cd1fef-e03c-4be0-9fea-e9cb5040ee7c,a11cc538-5fe6-4854-a245-4fb5789f5151,CompositionRelationship,EA ModelSet
f445e949-1201-47b5-82ac-8083beae3563,id-4f62a09e-e539-40a2-987d-c07af84bc98a,CompositionRelationship,EA ModelSet
id-4f62a09e-e539-40a2-987d-c07af84bc98a,e2a5e7dd-25c3-4542-86be-82546fc841fd,AssociationRelationship,EA ModelSet
fdf5ec3e-8f00-4207-bd83-16c1ddbee960,id-3af510cd-3f59-47d8-b858-959f2d219032,AssociationRelationship,EA ModelSet
id-64894ea9-1a61-47a3-8d46-b9bbfa48b1f6,fdf5ec3e-8f00-4207-bd83-16c1ddbee960,AssociationRelationship,EA ModelSet
a11cc538-5fe6-4854-a245-4fb5789f5151,id-4f62a09e-e539-40a2-987d-c07af84bc98a,AssociationRelationship,EA ModelSet
id-64894ea9-1a61-47a3-8d46-b9bbfa48b1f6,id-302477fd-525a-4884-a048-cf3668e78b3e,AggregationRelationship,EA ModelSet
id-302477fd-525a-4884-a048-cf3668e78b3e,id-5fe5a36b-c303-47e9-b0a4-a4d5d4fcbec0,AssociationRelationship,EA ModelSet
id-302477fd-525a-4884-a048-cf3668e78b3e,fb778bde-5934-4f34-8f7f-9e2539fe42a3,InfluenceRelationship,EA ModelSet
f445e949-1201-47b5-82ac-8083beae3563,id-365d15c5-d1c7-41fb-864b-a47c4852f247,CompositionRelationship,EA ModelSet
f8cd1fef-e03c-4be0-9fea-e9cb5040ee7c,id-7c3a5a9f-6ac5-4301-b31e-b00315c8139e,CompositionRelationship,EA ModelSet
id-7c3a5a9f-6ac5-4301-b31e-b00315c8139e,id-302477fd-525a-4884-a048-cf3668e78b3e,AggregationRelationship,EA ModelSet
ba41bc7e-c4e6-40d6-a129-487dd2725187,id-977afdc3-253c-4412-9d38-118f8bde6bcb,AssociationRelationship,EA ModelSet
id-7c3a5a9f-6ac5-4301-b31e-b00315c8139e,ba41bc7e-c4e6-40d6-a129-487dd2725187,AssociationRelationship,EA ModelSet
f8cd1fef-e03c-4be0-9fea-e9cb5040ee7c,id-976e4001-9170-4e9a-bb8f-407f4d5422ea,CompositionRelationship,EA ModelSet
f8cd1fef-e03c-4be0-9fea-e9cb5040ee7c,id-2841d6c0-c530-4221-8243-859e3148abf9,CompositionRelationship,EA ModelSet
id-64894ea9-1a61-47a3-8d46-b9bbfa48b1f6,id-2841d6c0-c530-4221-8243-859e3148abf9,AggregationRelationship,EA ModelSet
id-64894ea9-1a61-47a3-8d46-b9bbfa48b1f6,a11cc538-5fe6-4854-a245-4fb5789f5151,AggregationRelationship,EA ModelSet
id-64894ea9-1a61-47a3-8d46-b9bbfa48b1f6,id-976e4001-9170-4e9a-bb8f-407f4d5422ea,AggregationRelationship,EA ModelSet
id-976e4001-9170-4e9a-bb8f-407f4d5422ea,id-365d15c5-d1c7-41fb-864b-a47c4852f247,AssociationRelationship,EA ModelSet
id-365d15c5-d1c7-41fb-864b-a47c4852f247,id-675b4fb7-6178-4cb1-8110-92279a68be7e,AssociationRelationship,EA ModelSet
id-302477fd-525a-4884-a048-cf3668e78b3e,fb778bde-5934-4f34-8f7f-9e2539fe42a3,AggregationRelationship,EA ModelSet
id-64894ea9-1a61-47a3-8d46-b9bbfa48b1f6,ba4c4a6b-cea7-40ff-97d6-1d96ee1ce04a,AggregationRelationship,EA ModelSet
f8cd1fef-e03c-4be0-9fea-e9cb5040ee7c,id-2d56f39b-9bc5-49a1-ba04-1c2475a04f46,CompositionRelationship,EA ModelSet
id-64894ea9-1a61-47a3-8d46-b9bbfa48b1f6,id-2d56f39b-9bc5-49a1-ba04-1c2475a04f46,AggregationRelationship,EA ModelSet
id-2d56f39b-9bc5-49a1-ba04-1c2475a04f46,fdf5ec3e-8f00-4207-bd83-16c1ddbee960,AssociationRelationship,EA ModelSet
f445e949-1201-47b5-82ac-8083beae3563,id-24c0be31-a9d0-446b-8698-84d5f425a9d5,CompositionRelationship,EA ModelSet
id-24c0be31-a9d0-446b-8698-84d5f425a9d5,e2a5e7dd-25c3-4542-86be-82546fc841fd,AssociationRelationship,EA ModelSet
a11cc538-5fe6-4854-a245-4fb5789f5151,id-24c0be31-a9d0-446b-8698-84d5f425a9d5,AssociationRelationship,EA ModelSet
c686d2f1-eb55-465f-a728-9927b43b0752,id-7c3a5a9f-6ac5-4301-b31e-b00315c8139e,CompositionRelationship,EA ModelSet
c686d2f1-eb55-465f-a728-9927b43b0752,id-302477fd-525a-4884-a048-cf3668e78b3e,CompositionRelationship,EA ModelSet
c686d2f1-eb55-465f-a728-9927b43b0752,id-2841d6c0-c530-4221-8243-859e3148abf9,CompositionRelationship,EA ModelSet
c686d2f1-eb55-465f-a728-9927b43b0752,a11cc538-5fe6-4854-a245-4fb5789f5151,CompositionRelationship,EA ModelSet
c686d2f1-eb55-465f-a728-9927b43b0752,id-64894ea9-1a61-47a3-8d46-b9bbfa48b1f6,CompositionRelationship,EA ModelSet
c686d2f1-eb55-465f-a728-9927b43b0752,ba4c4a6b-cea7-40ff-97d6-1d96ee1ce04a,CompositionRelationship,EA ModelSet
c686d2f1-eb55-465f-a728-9927b43b0752,fb778bde-5934-4f34-8f7f-9e2539fe42a3,CompositionRelationship,EA ModelSet
c686d2f1-eb55-465f-a728-9927b43b0752,id-2d56f39b-9bc5-49a1-ba04-1c2475a04f46,CompositionRelationship,EA ModelSet
c686d2f1-eb55-465f-a728-9927b43b0752,id-976e4001-9170-4e9a-bb8f-407f4d5422ea,CompositionRelationship,EA ModelSet
id-92cf9360-d109-4a9c-8285-4cf8346df0c9,bb47cf93-e944-4ed6-a392-940e92e968f6,CompositionRelationship,EA ModelSet
id-92cf9360-d109-4a9c-8285-4cf8346df0c9,id-0bc7d1e6-dd40-41d2-9734-8a7f6ed4c9f3,CompositionRelationship,EA ModelSet
bb47cf93-e944-4ed6-a392-940e92e968f6,id-2841d6c0-c530-4221-8243-859e3148abf9,RealizationRelationship,EA ModelSet
id-92cf9360-d109-4a9c-8285-4cf8346df0c9,id-252887bc-adb9-49d6-a669-85b8d577088c,CompositionRelationship,EA ModelSet
id-252887bc-adb9-49d6-a669-85b8d577088c,id-2d56f39b-9bc5-49a1-ba04-1c2475a04f46,RealizationRelationship,EA ModelSet
id-92cf9360-d109-4a9c-8285-4cf8346df0c9,ea25fcf8-ac0a-444f-a493-8942b7e0ae6c,CompositionRelationship,EA ModelSet
ea25fcf8-ac0a-444f-a493-8942b7e0ae6c,id-2d56f39b-9bc5-49a1-ba04-1c2475a04f46,RealizationRelationship,EA ModelSet
id-92cf9360-d109-4a9c-8285-4cf8346df0c9,id-12bddfc4-46fa-4014-842a-a76d3bb988b1,CompositionRelationship,EA ModelSet
id-12bddfc4-46fa-4014-842a-a76d3bb988b1,a11cc538-5fe6-4854-a245-4fb5789f5151,RealizationRelationship,EA ModelSet
id-92cf9360-d109-4a9c-8285-4cf8346df0c9,id-99752138-832c-4549-8117-478023b27972,CompositionRelationship,EA ModelSet
id-99752138-832c-4549-8117-478023b27972,id-976e4001-9170-4e9a-bb8f-407f4d5422ea,RealizationRelationship,EA ModelSet
id-92cf9360-d109-4a9c-8285-4cf8346df0c9,c1da2d90-115e-40aa-8f58-ccaf02c05e6d,CompositionRelationship,EA ModelSet
c1da2d90-115e-40aa-8f58-ccaf02c05e6d,ba4c4a6b-cea7-40ff-97d6-1d96ee1ce04a,RealizationRelationship,EA ModelSet
id-92cf9360-d109-4a9c-8285-4cf8346df0c9,id-9a711799-6b33-4512-9fde-adad7bae65c6,CompositionRelationship,EA ModelSet
id-9a711799-6b33-4512-9fde-adad7bae65c6,id-7c3a5a9f-6ac5-4301-b31e-b00315c8139e,RealizationRelationship,EA ModelSet
id-92cf9360-d109-4a9c-8285-4cf8346df0c9,id-98369900-b4d6-4c24-8e76-a1acdc87626b,CompositionRelationship,EA ModelSet
id-0bc7d1e6-dd40-41d2-9734-8a7f6ed4c9f3,id-302477fd-525a-4884-a048-cf3668e78b3e,RealizationRelationship,EA ModelSet
id-98369900-b4d6-4c24-8e76-a1acdc87626b,id-302477fd-525a-4884-a048-cf3668e78b3e,RealizationRelationship,EA ModelSet
id-92cf9360-d109-4a9c-8285-4cf8346df0c9,id-37e38af3-7886-4ff6-ac9e-b862a6579961,CompositionRelationship,EA ModelSet
id-12bddfc4-46fa-4014-842a-a76d3bb988b1,id-37e38af3-7886-4ff6-ac9e-b862a6579961,AggregationRelationship,EA ModelSet
a88fcabd-f0c0-43bf-b8d2-1fbb1b57eca2,id-22ca61dc-1f65-4219-bab5-1b51458efe9d,AccessRelationship,EA ModelSet
fc446f5f-369b-469c-b337-986dd1efce79,e43d20bf-2a01-4951-8d34-802786eb8514,ServingRelationship,EA ModelSet
bad1b541-034c-4197-9f2e-4c740b6a406b,id-42fe4c42-bc3e-49e3-adcc-9d60cd4755a5,FlowRelationship,EA ModelSet
id-52e84aa3-61a4-4251-8836-21cd5f3a9f8a,id-43f42019-7fc0-4b67-8a84-c4d76da2bbb2,AssociationRelationship,EA ModelSet
c516eb1a-785b-4f0e-adb8-8a8da3b14785,id-20fe5137-dd1f-44d9-bae9-c574ea8172f9,CompositionRelationship,EA ModelSet
e3433727-e5d5-493d-8018-e0a4549a1309,id-19bc83a7-ad79-4449-87dd-2c7ae128de83,FlowRelationship,EA ModelSet
id-15b4d8ef-2e20-42de-b0d7-bd8e974e356d,id-19bc83a7-ad79-4449-87dd-2c7ae128de83,FlowRelationship,EA ModelSet
id-88aaa0e9-343f-4f8c-96d9-77b3332700ca,id-19bc83a7-ad79-4449-87dd-2c7ae128de83,FlowRelationship,EA ModelSet
a7a5ff8b-89f4-4091-a6c7-b22caeead0f5,id-19bc83a7-ad79-4449-87dd-2c7ae128de83,FlowRelationship,EA ModelSet
a895044b-ef88-4e29-9cf6-cc29a85a0dee,id-19bc83a7-ad79-4449-87dd-2c7ae128de83,FlowRelationship,EA ModelSet
id-19bc83a7-ad79-4449-87dd-2c7ae128de83,id-42a50a06-4774-46ad-8a2e-329d312fb44b,FlowRelationship,EA ModelSet
id-20fe5137-dd1f-44d9-bae9-c574ea8172f9,id-19bc83a7-ad79-4449-87dd-2c7ae128de83,FlowRelationship,EA ModelSet
id-72f46d1e-21cc-40ee-bf37-36802d330384,id-19bc83a7-ad79-4449-87dd-2c7ae128de83,FlowRelationship,EA ModelSet
id-42a50a06-4774-46ad-8a2e-329d312fb44b,c449a0e0-864b-4697-bdcc-32e913fde1f0,FlowRelationship,EA ModelSet
id-1a358222-0118-4a45-9080-2f738717024e,id-19bc83a7-ad79-4449-87dd-2c7ae128de83,FlowRelationship,EA ModelSet
feb2c7b5-c6dc-42a9-b8d5-2b858499766a,id-2cdc6efe-088a-4310-8297-7a6058ab82d2,RealizationRelationship,EA ModelSet
id-73cd4dfd-4bb2-4006-a6dd-e91fb17571e2,id-9dd3acc4-a2f1-44e8-8298-d4f2f8492c57,CompositionRelationship,EA ModelSet
id-73cd4dfd-4bb2-4006-a6dd-e91fb17571e2,ff7a2b84-a42d-4e4a-9025-2eb023de9c9d,RealizationRelationship,EA ModelSet
id-2cdc6efe-088a-4310-8297-7a6058ab82d2,id-73cd4dfd-4bb2-4006-a6dd-e91fb17571e2,AssociationRelationship,EA ModelSet
ff7a2b84-a42d-4e4a-9025-2eb023de9c9d,id-31435204-51f6-4144-b64b-04d8b9a2dc5b,ServingRelationship,EA ModelSet
ff7a2b84-a42d-4e4a-9025-2eb023de9c9d,bade55ce-cc41-4dec-9679-9150501bf288,ServingRelationship,EA ModelSet
ff7a2b84-a42d-4e4a-9025-2eb023de9c9d,id-858b6feb-2a96-4412-9990-b88d6a13829e,ServingRelationship,EA ModelSet
ff7a2b84-a42d-4e4a-9025-2eb023de9c9d,id-3fce9831-4f9f-4605-817b-d8e23a78f9f8,ServingRelationship,EA ModelSet
ff7a2b84-a42d-4e4a-9025-2eb023de9c9d,id-553ef20f-336c-4729-addf-5c555df32637,ServingRelationship,EA ModelSet
ff7a2b84-a42d-4e4a-9025-2eb023de9c9d,id-56bf5eb0-92dc-4e39-bce9-589caca3fdcf,ServingRelationship,EA ModelSet
ff7a2b84-a42d-4e4a-9025-2eb023de9c9d,id-332a81f4-59cc-4337-a661-700d48f7971d,ServingRelationship,EA ModelSet
ff7a2b84-a42d-4e4a-9025-2eb023de9c9d,id-135fe58c-df67-4acd-a3ca-79658726dcc2,ServingRelationship,EA ModelSet
ff7a2b84-a42d-4e4a-9025-2eb023de9c9d,e12ce47f-a602-4ac4-a8de-5125a7af8432,ServingRelationship,EA ModelSet
id-135fe58c-df67-4acd-a3ca-79658726dcc2,id-70931c9b-0718-46f6-a89a-8f0a7595b438,CompositionRelationship,EA ModelSet
ff7a2b84-a42d-4e4a-9025-2eb023de9c9d,e73df4b5-ab44-4ef6-bb25-2e1992bb5878,ServingRelationship,EA ModelSet
ff7a2b84-a42d-4e4a-9025-2eb023de9c9d,b6fc6aa7-b7b0-4c8d-99a9-774412ca56f5,ServingRelationship,EA ModelSet
ff7a2b84-a42d-4e4a-9025-2eb023de9c9d,id-57e4299a-01db-42b4-aac7-2d41adc2365d,ServingRelationship,EA ModelSet
ff7a2b84-a42d-4e4a-9025-2eb023de9c9d,id-0cad7471-16d1-49ce-bbd3-0e4e29557433,ServingRelationship,EA ModelSet
feb2c7b5-c6dc-42a9-b8d5-2b858499766a,a695be44-0eaf-4b8d-9c93-2c83a5a890eb,RealizationRelationship,EA ModelSet
a695be44-0eaf-4b8d-9c93-2c83a5a890eb,e12ce47f-a602-4ac4-a8de-5125a7af8432,AssociationRelationship,EA ModelSet
a695be44-0eaf-4b8d-9c93-2c83a5a890eb,id-135fe58c-df67-4acd-a3ca-79658726dcc2,AssociationRelationship,EA ModelSet
a695be44-0eaf-4b8d-9c93-2c83a5a890eb,id-332a81f4-59cc-4337-a661-700d48f7971d,AssociationRelationship,EA ModelSet
a695be44-0eaf-4b8d-9c93-2c83a5a890eb,id-56bf5eb0-92dc-4e39-bce9-589caca3fdcf,AssociationRelationship,EA ModelSet
a695be44-0eaf-4b8d-9c93-2c83a5a890eb,id-553ef20f-336c-4729-addf-5c555df32637,AssociationRelationship,EA ModelSet
a695be44-0eaf-4b8d-9c93-2c83a5a890eb,id-858b6feb-2a96-4412-9990-b88d6a13829e,AssociationRelationship,EA ModelSet
a695be44-0eaf-4b8d-9c93-2c83a5a890eb,id-31435204-51f6-4144-b64b-04d8b9a2dc5b,AssociationRelationship,EA ModelSet
a695be44-0eaf-4b8d-9c93-2c83a5a890eb,bade55ce-cc41-4dec-9679-9150501bf288,AssociationRelationship,EA ModelSet
a695be44-0eaf-4b8d-9c93-2c83a5a890eb,id-3fce9831-4f9f-4605-817b-d8e23a78f9f8,AssociationRelationship,EA ModelSet
a695be44-0eaf-4b8d-9c93-2c83a5a890eb,e73df4b5-ab44-4ef6-bb25-2e1992bb5878,AssociationRelationship,EA ModelSet
a695be44-0eaf-4b8d-9c93-2c83a5a890eb,b6fc6aa7-b7b0-4c8d-99a9-774412ca56f5,AssociationRelationship,EA ModelSet
a695be44-0eaf-4b8d-9c93-2c83a5a890eb,id-57e4299a-01db-42b4-aac7-2d41adc2365d,AssociationRelationship,EA ModelSet
a695be44-0eaf-4b8d-9c93-2c83a5a890eb,id-0cad7471-16d1-49ce-bbd3-0e4e29557433,AssociationRelationship,EA ModelSet
c239b1f2-db63-4c6d-84af-32fbaaea600b,id-6f21d387-5b45-436e-9ab7-98a2c3576d12,ServingRelationship,EA ModelSet
fac0c2e3-1f33-4204-b3da-e2976f266323,id-6f21d387-5b45-436e-9ab7-98a2c3576d12,ServingRelationship,EA ModelSet
fac0c2e3-1f33-4204-b3da-e2976f266323,id-2afd24f9-5928-45b6-a362-d755368e752b,ServingRelationship,EA ModelSet
_C-yrwIc-EDqf6NwV2csqig,_nGpsEIhBEDqyN_cb36yUaA,FlowRelationship,EA ModelSet
_nGpsEIhBEDqyN_cb36yUaA,_AbMGkIc-EDqf6NwV2csqig,FlowRelationship,EA ModelSet
_nGpsEIhBEDqyN_cb36yUaA,_y_W_cIhBEDqyN_cb36yUaA,FlowRelationship,EA ModelSet
_nGpsEIhBEDqyN_cb36yUaA,_oq93IIhEEDqyN_cb36yUaA,FlowRelationship,EA ModelSet
_nGpsEIhBEDqyN_cb36yUaA,_v76VMIhEEDqyN_cb36yUaA,FlowRelationship,EA ModelSet
_nGpsEIhBEDqyN_cb36yUaA,_y7S3cIhEEDqyN_cb36yUaA,FlowRelationship,EA ModelSet
_nGpsEIhBEDqyN_cb36yUaA,_yrnAMIhFEDqyN_cb36yUaA,FlowRelationship,EA ModelSet
_nGpsEIhBEDqyN_cb36yUaA,_BqmIAIhGEDqyN_cb36yUaA,FlowRelationship,EA ModelSet
_nGpsEIhBEDqyN_cb36yUaA,_gfj0kIhHEDqyN_cb36yUaA,FlowRelationship,EA ModelSet
id-0cc0963dfd034bedaa75758a00e3f602,id-66d8c552a6914de7a6b76c2dc025a5c7,InfluenceRelationship,EA ModelSet
id-66d8c552a6914de7a6b76c2dc025a5c7,id-a7432b1b3b2e42dea915f3aac02aa7ac,AssociationRelationship,EA ModelSet
id-66d8c552a6914de7a6b76c2dc025a5c7,id-5ebda7714b0448cc8ec1098d8904ff6b,AssociationRelationship,EA ModelSet
id-66d8c552a6914de7a6b76c2dc025a5c7,id-9bb47d657baa4e819a463fd188fc0e4d,AssociationRelationship,EA ModelSet
id-66d8c552a6914de7a6b76c2dc025a5c7,id-1ccc745ce0974c3fb6e839ff4181fd34,AssociationRelationship,EA ModelSet
id-8fdfc608db364310b232ab1ec791ad51,id-9bb47d657baa4e819a463fd188fc0e4d,AssociationRelationship,EA ModelSet
id-633a1efef4234d76999f0f69564c4375,id-9bb47d657baa4e819a463fd188fc0e4d,AssociationRelationship,EA ModelSet
id-c3c9e6acbab841038eeac7c4a5bab1fc,id-1ccc745ce0974c3fb6e839ff4181fd34,AssociationRelationship,EA ModelSet
id-fc408bae0d624f78bda3f87791a735d7,id-8fdfc608db364310b232ab1ec791ad51,AssociationRelationship,EA ModelSet
id-fef0475eb1314a73a1ba84f7597a5cc5,id-633a1efef4234d76999f0f69564c4375,AssociationRelationship,EA ModelSet
id-9198f4fb04f845ce916e5923d450aed8,id-c3c9e6acbab841038eeac7c4a5bab1fc,AssociationRelationship,EA ModelSet
id-25d84b1c97bc4ea79479d3aa02235aca,id-8fdfc608db364310b232ab1ec791ad51,AssociationRelationship,EA ModelSet
id-5ba5f9ab363e4b6799132e10e350ed58,id-8fdfc608db364310b232ab1ec791ad51,AssociationRelationship,EA ModelSet
id-c0b6822064a94ec5ae26e790f02acf53,id-8fdfc608db364310b232ab1ec791ad51,AssociationRelationship,EA ModelSet
id-9d604b3badcb4c06a3a164c82be7015b,id-633a1efef4234d76999f0f69564c4375,AssociationRelationship,EA ModelSet
id-c3c9e6acbab841038eeac7c4a5bab1fc,id-37c08d03425442a78587ebfe9d048750,AssociationRelationship,EA ModelSet
id-4fe786887eb345a2be7e032c648a765b,id-c3c9e6acbab841038eeac7c4a5bab1fc,AssociationRelationship,EA ModelSet
id-8fdfc608db364310b232ab1ec791ad51,id-b4372cd8fa4a4a7ba1013bd759c74e58,AssociationRelationship,EA ModelSet
id-7ab81d741dcc44ee88653c367dd00539,id-8fdfc608db364310b232ab1ec791ad51,AssociationRelationship,EA ModelSet
id-009b2c13cb924422a9b25b17ce6f1af9,id-8fdfc608db364310b232ab1ec791ad51,AssociationRelationship,EA ModelSet
id-9b083f11eb1441dfa17f204e0d042a42,id-8fdfc608db364310b232ab1ec791ad51,AssociationRelationship,EA ModelSet
id-39f86398a4f345c487258f5baa0e3ed5,id-8fdfc608db364310b232ab1ec791ad51,AssociationRelationship,EA ModelSet
id-39f86398a4f345c487258f5baa0e3ed5,id-633a1efef4234d76999f0f69564c4375,AssociationRelationship,EA ModelSet
id-96b34d179f4645a8a964fd70aa5608ab,id-8fdfc608db364310b232ab1ec791ad51,AssociationRelationship,EA ModelSet
id-96b34d179f4645a8a964fd70aa5608ab,id-633a1efef4234d76999f0f69564c4375,AssociationRelationship,EA ModelSet
id-80caa77e9cf4412e80b4c2b43c5de5de,id-8fdfc608db364310b232ab1ec791ad51,AssociationRelationship,EA ModelSet
id-b849e22818b944a3b01f5e13714af8a8,id-633a1efef4234d76999f0f69564c4375,AssociationRelationship,EA ModelSet
id-b121fee39e1043a8a88148fec17f863f,id-633a1efef4234d76999f0f69564c4375,AssociationRelationship,EA ModelSet
id-be723b28f58a48f2a52ece459eb9bf5c,id-c3c9e6acbab841038eeac7c4a5bab1fc,AssociationRelationship,EA ModelSet
id-e580399846c9481ca23da09f7ad6980b,id-c3c9e6acbab841038eeac7c4a5bab1fc,AssociationRelationship,EA ModelSet
id-27d75969a48348a2bb8ceb4e7f624b62,id-b4372cd8fa4a4a7ba1013bd759c74e58,AssociationRelationship,EA ModelSet
id-fe58a384315b4083b77e748fec9b88af,id-b4372cd8fa4a4a7ba1013bd759c74e58,AssociationRelationship,EA ModelSet
id-fe58a384315b4083b77e748fec9b88af,id-7ab81d741dcc44ee88653c367dd00539,AssociationRelationship,EA ModelSet
id-308cbcae73d142ffbea0c1095d8297b2,id-7ab81d741dcc44ee88653c367dd00539,AssociationRelationship,EA ModelSet
id-fe58a384315b4083b77e748fec9b88af,id-009b2c13cb924422a9b25b17ce6f1af9,AssociationRelationship,EA ModelSet
id-dcb875d46568457ebc59cac50eb6155f,id-009b2c13cb924422a9b25b17ce6f1af9,AssociationRelationship,EA ModelSet
id-fe58a384315b4083b77e748fec9b88af,id-9b083f11eb1441dfa17f204e0d042a42,AssociationRelationship,EA ModelSet
id-0a0e8d63477c4f38a60c5966c37d9c77,id-80caa77e9cf4412e80b4c2b43c5de5de,AssociationRelationship,EA ModelSet
id-0145ef48dec84e9986632d3123050835,id-9b083f11eb1441dfa17f204e0d042a42,AssociationRelationship,EA ModelSet
id-0145ef48dec84e9986632d3123050835,id-39f86398a4f345c487258f5baa0e3ed5,AssociationRelationship,EA ModelSet
id-985b6c84fb4e428bbe8f16b5dd532e59,id-39f86398a4f345c487258f5baa0e3ed5,AssociationRelationship,EA ModelSet
id-734bbfce468446b19de66a789037ca9f,id-96b34d179f4645a8a964fd70aa5608ab,AssociationRelationship,EA ModelSet
id-308cbcae73d142ffbea0c1095d8297b2,id-39f86398a4f345c487258f5baa0e3ed5,AssociationRelationship,EA ModelSet
id-dcb875d46568457ebc59cac50eb6155f,id-39f86398a4f345c487258f5baa0e3ed5,AssociationRelationship,EA ModelSet
id-39f86398a4f345c487258f5baa0e3ed5,id-fe58a384315b4083b77e748fec9b88af,AssociationRelationship,EA ModelSet
id-6001f02594774c34b0334fe8ae830e7d,id-b849e22818b944a3b01f5e13714af8a8,AssociationRelationship,EA ModelSet
id-fe58a384315b4083b77e748fec9b88af,id-96b34d179f4645a8a964fd70aa5608ab,AssociationRelationship,EA ModelSet
id-fe58a384315b4083b77e748fec9b88af,id-39f86398a4f345c487258f5baa0e3ed5,AssociationRelationship,EA ModelSet
id-fe58a384315b4083b77e748fec9b88af,id-b849e22818b944a3b01f5e13714af8a8,AssociationRelationship,EA ModelSet
id-fe58a384315b4083b77e748fec9b88af,id-b121fee39e1043a8a88148fec17f863f,AssociationRelationship,EA ModelSet
id-69be90937d9744a4b77fefcb721d1a9b,id-b121fee39e1043a8a88148fec17f863f,AssociationRelationship,EA ModelSet
id-be723b28f58a48f2a52ece459eb9bf5c,id-baed219169f14cb3bee31991e7550040,AssociationRelationship,EA ModelSet
id-fe58a384315b4083b77e748fec9b88af,id-be723b28f58a48f2a52ece459eb9bf5c,AssociationRelationship,EA ModelSet
id-762891c02d7f4b608af4d35293d73e9d,id-e580399846c9481ca23da09f7ad6980b,AssociationRelationship,EA ModelSet
id-590bda167c61487987241c2250e471f4,id-c403dc5510344691b7e19233c62ac17e,AssociationRelationship,EA ModelSet
id-c403dc5510344691b7e19233c62ac17e,id-4d83083518274f9b97d85e15dd1fcd2b,ServingRelationship,EA ModelSet
id-ee5da0d246e34b09ac454f9248c8c900,id-4d83083518274f9b97d85e15dd1fcd2b,AssociationRelationship,EA ModelSet
id-78ff067373194e1bb7cdfa242a2336cd,id-ee5da0d246e34b09ac454f9248c8c900,AssociationRelationship,EA ModelSet
id-6418cf997ec048018afa69897123254f,id-78ff067373194e1bb7cdfa242a2336cd,AssociationRelationship,EA ModelSet
id-8cb1642ec0a541379ce48e6fcfbc02e0,id-4d83083518274f9b97d85e15dd1fcd2b,AssociationRelationship,EA ModelSet
id-11787b820f7943599b988c0da947800e,id-b4372cd8fa4a4a7ba1013bd759c74e58,AssociationRelationship,EA ModelSet
id-4d83083518274f9b97d85e15dd1fcd2b,id-f40ec6a506fa42b2990296a70731a030,CompositionRelationship,EA ModelSet
id-1c20129363ad44a5bbf01319a1bcb5d8,id-f40ec6a506fa42b2990296a70731a030,TriggeringRelationship,EA ModelSet
id-4d83083518274f9b97d85e15dd1fcd2b,id-7862aa5f66d1482f8c4afcd5e1e738cf,CompositionRelationship,EA ModelSet
id-f40ec6a506fa42b2990296a70731a030,id-7862aa5f66d1482f8c4afcd5e1e738cf,FlowRelationship,EA ModelSet
id-7862aa5f66d1482f8c4afcd5e1e738cf,id-7bc16fd98e9845eb87e17b56a74f9baa,FlowRelationship,EA ModelSet
id-4d83083518274f9b97d85e15dd1fcd2b,id-1b604cf13d264804a7a9884bf0d4f145,AggregationRelationship,EA ModelSet
id-7bc16fd98e9845eb87e17b56a74f9baa,id-1b604cf13d264804a7a9884bf0d4f145,FlowRelationship,EA ModelSet
id-1b604cf13d264804a7a9884bf0d4f145,id-b88182e098db429895e5e9720dc7d382,FlowRelationship,EA ModelSet
id-4d83083518274f9b97d85e15dd1fcd2b,id-7db173801e87446aa746b609aa48f0a2,AggregationRelationship,EA ModelSet
id-7bc16fd98e9845eb87e17b56a74f9baa,id-7db173801e87446aa746b609aa48f0a2,FlowRelationship,EA ModelSet
id-4d83083518274f9b97d85e15dd1fcd2b,id-262edde6e52742f88be51d77a90453ad,AggregationRelationship,EA ModelSet
id-7db173801e87446aa746b609aa48f0a2,id-262edde6e52742f88be51d77a90453ad,FlowRelationship,EA ModelSet
id-4d83083518274f9b97d85e15dd1fcd2b,id-ed9a4829577e4310a4f917aae1a81a6e,AggregationRelationship,EA ModelSet
id-262edde6e52742f88be51d77a90453ad,id-ed9a4829577e4310a4f917aae1a81a6e,FlowRelationship,EA ModelSet
id-4d83083518274f9b97d85e15dd1fcd2b,id-d5b4e34e4c9740b3bb1ce50a847c2c24,AggregationRelationship,EA ModelSet
id-ed9a4829577e4310a4f917aae1a81a6e,id-d5b4e34e4c9740b3bb1ce50a847c2c24,FlowRelationship,EA ModelSet
id-4d83083518274f9b97d85e15dd1fcd2b,id-125c05f7dc4a44ec99c9ab0d2c12e43b,AggregationRelationship,EA ModelSet
id-d5b4e34e4c9740b3bb1ce50a847c2c24,id-125c05f7dc4a44ec99c9ab0d2c12e43b,FlowRelationship,EA ModelSet
id-fc4cdf37d8ed44aba2ff3cf071f86cd6,id-7862aa5f66d1482f8c4afcd5e1e738cf,AssociationRelationship,EA ModelSet
id-125c05f7dc4a44ec99c9ab0d2c12e43b,id-05490930330c4b03a04b4902977778fb,AssociationRelationship,EA ModelSet
id-125c05f7dc4a44ec99c9ab0d2c12e43b,id-9cc4d442406e485c9d37280b71637a14,FlowRelationship,EA ModelSet
id-911bb5465d8f4c379adf3975d2461aeb,id-11787b820f7943599b988c0da947800e,RealizationRelationship,EA ModelSet
id-911bb5465d8f4c379adf3975d2461aeb,id-27d75969a48348a2bb8ceb4e7f624b62,RealizationRelationship,EA ModelSet
id-911bb5465d8f4c379adf3975d2461aeb,id-fe58a384315b4083b77e748fec9b88af,RealizationRelationship,EA ModelSet
id-911bb5465d8f4c379adf3975d2461aeb,id-308cbcae73d142ffbea0c1095d8297b2,RealizationRelationship,EA ModelSet
id-911bb5465d8f4c379adf3975d2461aeb,id-dcb875d46568457ebc59cac50eb6155f,RealizationRelationship,EA ModelSet
id-4d83083518274f9b97d85e15dd1fcd2b,id-911bb5465d8f4c379adf3975d2461aeb,RealizationRelationship,EA ModelSet
id-911bb5465d8f4c379adf3975d2461aeb,id-0145ef48dec84e9986632d3123050835,RealizationRelationship,EA ModelSet
id-590bda167c61487987241c2250e471f4,id-fdc9ad4576fa4cb0a650af47fcb76972,AssociationRelationship,EA ModelSet
id-590bda167c61487987241c2250e471f4,id-614fb9f8b9a94070afc724f770f42f74,AssociationRelationship,EA ModelSet
id-590bda167c61487987241c2250e471f4,id-99141de13ec34446b311766d4a058df8,AssociationRelationship,EA ModelSet
id-fdc9ad4576fa4cb0a650af47fcb76972,id-78ff067373194e1bb7cdfa242a2336cd,ServingRelationship,EA ModelSet
id-614fb9f8b9a94070afc724f770f42f74,id-78ff067373194e1bb7cdfa242a2336cd,ServingRelationship,EA ModelSet
id-99141de13ec34446b311766d4a058df8,id-78ff067373194e1bb7cdfa242a2336cd,ServingRelationship,EA ModelSet
id-8cf5d308b8bf47d180b7235300b35169,id-78ff067373194e1bb7cdfa242a2336cd,AssociationRelationship,EA ModelSet
id-78ff067373194e1bb7cdfa242a2336cd,id-71ed2699fe90401a998414ddc91a079b,CompositionRelationship,EA ModelSet
id-13fa792983e24c589f932c150c271487,id-985b6c84fb4e428bbe8f16b5dd532e59,RealizationRelationship,EA ModelSet
id-556901baa0a746029643ebfdc5066aae,id-71ed2699fe90401a998414ddc91a079b,TriggeringRelationship,EA ModelSet
id-05490930330c4b03a04b4902977778fb,id-71ed2699fe90401a998414ddc91a079b,AssociationRelationship,EA ModelSet
id-78ff067373194e1bb7cdfa242a2336cd,id-8801b98619e14562ac0ec5be5db29c5e,CompositionRelationship,EA ModelSet
id-71ed2699fe90401a998414ddc91a079b,id-8801b98619e14562ac0ec5be5db29c5e,FlowRelationship,EA ModelSet
id-78ff067373194e1bb7cdfa242a2336cd,id-7bb682bca894433b840a359ad0b8fe6e,CompositionRelationship,EA ModelSet
id-8801b98619e14562ac0ec5be5db29c5e,id-7bb682bca894433b840a359ad0b8fe6e,FlowRelationship,EA ModelSet
id-13fa792983e24c589f932c150c271487,id-734bbfce468446b19de66a789037ca9f,RealizationRelationship,EA ModelSet
id-78ff067373194e1bb7cdfa242a2336cd,id-c866030fe88448829c52d14dd1173196,CompositionRelationship,EA ModelSet
id-7bb682bca894433b840a359ad0b8fe6e,id-c866030fe88448829c52d14dd1173196,FlowRelationship,EA ModelSet
id-c866030fe88448829c52d14dd1173196,id-de2ab6910c0c4ce6b69981425e7ac8ff,FlowRelationship,EA ModelSet
id-78ff067373194e1bb7cdfa242a2336cd,id-574fafbe05584b6bb58379ebe10d9eb6,AggregationRelationship,EA ModelSet
id-78ff067373194e1bb7cdfa242a2336cd,id-bb72bca031d649738732d4d6c605446a,AggregationRelationship,EA ModelSet
id-78ff067373194e1bb7cdfa242a2336cd,id-7f946f97472c43eaba5246532819a779,AggregationRelationship,EA ModelSet
id-de2ab6910c0c4ce6b69981425e7ac8ff,id-574fafbe05584b6bb58379ebe10d9eb6,FlowRelationship,EA ModelSet
id-de2ab6910c0c4ce6b69981425e7ac8ff,id-bb72bca031d649738732d4d6c605446a,FlowRelationship,EA ModelSet
id-de2ab6910c0c4ce6b69981425e7ac8ff,id-7f946f97472c43eaba5246532819a779,FlowRelationship,EA ModelSet
id-574fafbe05584b6bb58379ebe10d9eb6,id-438fac777ce748258ca33a4da2faf629,FlowRelationship,EA ModelSet
id-bb72bca031d649738732d4d6c605446a,id-b14dfe02d2da44cbbc47233b452a5055,FlowRelationship,EA ModelSet
id-7f946f97472c43eaba5246532819a779,id-493db103c08e4791b434ce182d144629,FlowRelationship,EA ModelSet
id-c866030fe88448829c52d14dd1173196,id-b73debbaf8a948a8b26171053f1d9fcb,AssociationRelationship,EA ModelSet
id-66b2acdbac364eababfb2b75bbc08db5,id-574fafbe05584b6bb58379ebe10d9eb6,AssociationRelationship,EA ModelSet
id-66b2acdbac364eababfb2b75bbc08db5,id-bb72bca031d649738732d4d6c605446a,AssociationRelationship,EA ModelSet
id-66b2acdbac364eababfb2b75bbc08db5,id-7f946f97472c43eaba5246532819a779,AssociationRelationship,EA ModelSet
id-13fa792983e24c589f932c150c271487,id-0a0e8d63477c4f38a60c5966c37d9c77,RealizationRelationship,EA ModelSet
id-13fa792983e24c589f932c150c271487,id-0145ef48dec84e9986632d3123050835,RealizationRelationship,EA ModelSet
id-78ff067373194e1bb7cdfa242a2336cd,id-13fa792983e24c589f932c150c271487,RealizationRelationship,EA ModelSet
id-4bf51a8605e7407cbfd2445881833711,id-df6f360d8bf54f6eae83c4e5e8f80500,AccessRelationship,EA ModelSet
id-448fcb510ac64a399a2ebdeae1fb13b3,id-458dd7c527654edca00856535e1d7297,AccessRelationship,EA ModelSet
id-70f4251ccecc45d09e518d64361bd0b0,id-4ba7523c632e49308e9ccf7859675eb3,AccessRelationship,EA ModelSet
id-24755110d5694246806fa81bfe7e37dc,id-e1bdffb8d06542e091cbddc90adf561e,AccessRelationship,EA ModelSet
id-a2e8b7fba0fb4baa9e13494186aac161,id-6ba6bc07fa7b4d58895ea848bb356575,AssociationRelationship,EA ModelSet
id-a2e8b7fba0fb4baa9e13494186aac161,id-1bd7f44f912e466c8f6abe46ce96bc53,AssociationRelationship,EA ModelSet
id-a2e8b7fba0fb4baa9e13494186aac161,id-b972710d27e84ec68495285261db0d73,AssociationRelationship,EA ModelSet
id-a2e8b7fba0fb4baa9e13494186aac161,id-090ac2196a504126a71e07fa4bc9fab1,AssociationRelationship,EA ModelSet
id-6ba6bc07fa7b4d58895ea848bb356575,id-4bf51a8605e7407cbfd2445881833711,AssociationRelationship,EA ModelSet
id-1bd7f44f912e466c8f6abe46ce96bc53,id-448fcb510ac64a399a2ebdeae1fb13b3,AssociationRelationship,EA ModelSet
id-b972710d27e84ec68495285261db0d73,id-70f4251ccecc45d09e518d64361bd0b0,AssociationRelationship,EA ModelSet
id-090ac2196a504126a71e07fa4bc9fab1,id-24755110d5694246806fa81bfe7e37dc,AssociationRelationship,EA ModelSet
id-6a342b27322347c38f647112033df334,id-a2e8b7fba0fb4baa9e13494186aac161,AssociationRelationship,EA ModelSet
id-a2e8b7fba0fb4baa9e13494186aac161,id-4d83083518274f9b97d85e15dd1fcd2b,RealizationRelationship,EA ModelSet
_F-jtrrFgEeuARqq-icHx7Q,_F-jHWLFgEeuARqq-icHx7Q,CompositionRelationship,EA ModelSet
_F-jtrrFgEeuARqq-icHx7Q,_F-jtsrFgEeuARqq-icHx7Q,CompositionRelationship,EA ModelSet
_F-jtrrFgEeuARqq-icHx7Q,_F-jttLFgEeuARqq-icHx7Q,CompositionRelationship,EA ModelSet
_F-jturFgEeuARqq-icHx7Q,_F-jtsLFgEeuARqq-icHx7Q,ServingRelationship,EA ModelSet
_F-jtvrFgEeuARqq-icHx7Q,_F-jtsLFgEeuARqq-icHx7Q,ServingRelationship,EA ModelSet
_F-jtvLFgEeuARqq-icHx7Q,_F-jtsLFgEeuARqq-icHx7Q,ServingRelationship,EA ModelSet
_F-jtrrFgEeuARqq-icHx7Q,_F-jttrFgEeuARqq-icHx7Q,CompositionRelationship,EA ModelSet
_F-jt4rFgEeuARqq-icHx7Q,_F-jttrFgEeuARqq-icHx7Q,FlowRelationship,EA ModelSet
_F-jttrFgEeuARqq-icHx7Q,_F-jt4rFgEeuARqq-icHx7Q,FlowRelationship,EA ModelSet
_F-jt5rFgEeuARqq-icHx7Q,_F-jtsLFgEeuARqq-icHx7Q,FlowRelationship,EA ModelSet
_F-jtuLFgEeuARqq-icHx7Q,_F-jt6LFgEeuARqq-icHx7Q,ServingRelationship,EA ModelSet
_F-jt6LFgEeuARqq-icHx7Q,_F-jt5rFgEeuARqq-icHx7Q,FlowRelationship,EA ModelSet
_F-jHWrFgEeuARqq-icHx7Q,_F-jt6rFgEeuARqq-icHx7Q,CompositionRelationship,EA ModelSet
_F-jHWrFgEeuARqq-icHx7Q,_F-jt7LFgEeuARqq-icHx7Q,CompositionRelationship,EA ModelSet
_F-jHWrFgEeuARqq-icHx7Q,_F-jt7rFgEeuARqq-icHx7Q,CompositionRelationship,EA ModelSet
_F-jHWrFgEeuARqq-icHx7Q,_F-jt9LFgEeuARqq-icHx7Q,CompositionRelationship,EA ModelSet
_F-jHWrFgEeuARqq-icHx7Q,_F-jt-rFgEeuARqq-icHx7Q,CompositionRelationship,EA ModelSet
_F-jt-rFgEeuARqq-icHx7Q,_F-juBLFgEeuARqq-icHx7Q,FlowRelationship,EA ModelSet
_F-juArFgEeuARqq-icHx7Q,_F-jt7rFgEeuARqq-icHx7Q,FlowRelationship,EA ModelSet
_F-jt-LFgEeuARqq-icHx7Q,_F-jt8LFgEeuARqq-icHx7Q,FlowRelationship,EA ModelSet
_F-jt9LFgEeuARqq-icHx7Q,_F-jt-LFgEeuARqq-icHx7Q,ServingRelationship,EA ModelSet
_F-jt7rFgEeuARqq-icHx7Q,_F-jt-LFgEeuARqq-icHx7Q,TriggeringRelationship,EA ModelSet
_F-juCLFgEeuARqq-icHx7Q,_F-jt-LFgEeuARqq-icHx7Q,TriggeringRelationship,EA ModelSet
_F-jHXLFgEeuARqq-icHx7Q,_F-juELFgEeuARqq-icHx7Q,CompositionRelationship,EA ModelSet
_F-jHXLFgEeuARqq-icHx7Q,_F-juErFgEeuARqq-icHx7Q,CompositionRelationship,EA ModelSet
_F-jHXLFgEeuARqq-icHx7Q,_F-juFLFgEeuARqq-icHx7Q,CompositionRelationship,EA ModelSet
_F-jt7LFgEeuARqq-icHx7Q,_F-juGrFgEeuARqq-icHx7Q,AssociationRelationship,EA ModelSet
_F-jt6rFgEeuARqq-icHx7Q,_F-juGrFgEeuARqq-icHx7Q,AssociationRelationship,EA ModelSet
_F-juALFgEeuARqq-icHx7Q,_F-juGrFgEeuARqq-icHx7Q,AccessRelationship,EA ModelSet
_F-jt-rFgEeuARqq-icHx7Q,_F-juGrFgEeuARqq-icHx7Q,AccessRelationship,EA ModelSet
_F-jt9LFgEeuARqq-icHx7Q,_F-juGrFgEeuARqq-icHx7Q,AccessRelationship,EA ModelSet
_F-jHXLFgEeuARqq-icHx7Q,_F-juHrFgEeuARqq-icHx7Q,CompositionRelationship,EA ModelSet
_F-juGLFgEeuARqq-icHx7Q,_F-juELFgEeuARqq-icHx7Q,ServingRelationship,EA ModelSet
_F-juGLFgEeuARqq-icHx7Q,_F-juFLFgEeuARqq-icHx7Q,ServingRelationship,EA ModelSet
_F-juILFgEeuARqq-icHx7Q,_F-juFrFgEeuARqq-icHx7Q,FlowRelationship,EA ModelSet
_F-juELFgEeuARqq-icHx7Q,_F-juILFgEeuARqq-icHx7Q,FlowRelationship,EA ModelSet
_F-juHLFgEeuARqq-icHx7Q,_F-juELFgEeuARqq-icHx7Q,TriggeringRelationship,EA ModelSet
_F-juDrFgEeuARqq-icHx7Q,_F-juIrFgEeuARqq-icHx7Q,FlowRelationship,EA ModelSet
_F-juIrFgEeuARqq-icHx7Q,_F-juHLFgEeuARqq-icHx7Q,FlowRelationship,EA ModelSet
_F-juErFgEeuARqq-icHx7Q,_F-juCrFgEeuARqq-icHx7Q,AccessRelationship,EA ModelSet
_F-juELFgEeuARqq-icHx7Q,_F-juCrFgEeuARqq-icHx7Q,AccessRelationship,EA ModelSet
_F-juHrFgEeuARqq-icHx7Q,_F-juELFgEeuARqq-icHx7Q,ServingRelationship,EA ModelSet
_F-juELFgEeuARqq-icHx7Q,_F-juDLFgEeuARqq-icHx7Q,TriggeringRelationship,EA ModelSet
_F-juFLFgEeuARqq-icHx7Q,_F-juDLFgEeuARqq-icHx7Q,TriggeringRelationship,EA ModelSet
_F-juFLFgEeuARqq-icHx7Q,_F-juCrFgEeuARqq-icHx7Q,AccessRelationship,EA ModelSet
_F-juHLFgEeuARqq-icHx7Q,_F-juDLFgEeuARqq-icHx7Q,TriggeringRelationship,EA ModelSet
_F-juDrFgEeuARqq-icHx7Q,_F-juCrFgEeuARqq-icHx7Q,AccessRelationship,EA ModelSet
_F-jt8LFgEeuARqq-icHx7Q,_F-juDrFgEeuARqq-icHx7Q,FlowRelationship,EA ModelSet
_F-juDrFgEeuARqq-icHx7Q,_F-jt8LFgEeuARqq-icHx7Q,TriggeringRelationship,EA ModelSet
_F-juELFgEeuARqq-icHx7Q,_F-juCLFgEeuARqq-icHx7Q,TriggeringRelationship,EA ModelSet
_F-juELFgEeuARqq-icHx7Q,_F-jt_rFgEeuARqq-icHx7Q,TriggeringRelationship,EA ModelSet
_F-juFLFgEeuARqq-icHx7Q,_F-jt_rFgEeuARqq-icHx7Q,TriggeringRelationship,EA ModelSet
_F-juFLFgEeuARqq-icHx7Q,_F-juCLFgEeuARqq-icHx7Q,TriggeringRelationship,EA ModelSet
_F-jt8LFgEeuARqq-icHx7Q,_F-juFLFgEeuARqq-icHx7Q,FlowRelationship,EA ModelSet
_F-juGLFgEeuARqq-icHx7Q,_F-jt6LFgEeuARqq-icHx7Q,TriggeringRelationship,EA ModelSet
_F-juELFgEeuARqq-icHx7Q,_F-jt6LFgEeuARqq-icHx7Q,TriggeringRelationship,EA ModelSet
_F-juJLFgEeuARqq-icHx7Q,_F-juHrFgEeuARqq-icHx7Q,FlowRelationship,EA ModelSet
_F-juHrFgEeuARqq-icHx7Q,_F-juJLFgEeuARqq-icHx7Q,FlowRelationship,EA ModelSet
_F-juFLFgEeuARqq-icHx7Q,_F-jt6LFgEeuARqq-icHx7Q,TriggeringRelationship,EA ModelSet
_F-juJrFgEeuARqq-icHx7Q,_F-juLrFgEeuARqq-icHx7Q,CompositionRelationship,EA ModelSet
_F-juJrFgEeuARqq-icHx7Q,_F-juPLFgEeuARqq-icHx7Q,CompositionRelationship,EA ModelSet
_F-juELFgEeuARqq-icHx7Q,_F-juKrFgEeuARqq-icHx7Q,TriggeringRelationship,EA ModelSet
_F-juELFgEeuARqq-icHx7Q,_F-juKLFgEeuARqq-icHx7Q,TriggeringRelationship,EA ModelSet
_F-juELFgEeuARqq-icHx7Q,_F-juLLFgEeuARqq-icHx7Q,TriggeringRelationship,EA ModelSet
_F-juPLFgEeuARqq-icHx7Q,_F-juRrFgEeuARqq-icHx7Q,AccessRelationship,EA ModelSet
_F-juLrFgEeuARqq-icHx7Q,_F-juRrFgEeuARqq-icHx7Q,AccessRelationship,EA ModelSet
_F-juKrFgEeuARqq-icHx7Q,_F-juOrFgEeuARqq-icHx7Q,TriggeringRelationship,EA ModelSet
_F-juKLFgEeuARqq-icHx7Q,_F-juOrFgEeuARqq-icHx7Q,TriggeringRelationship,EA ModelSet
_F-juKLFgEeuARqq-icHx7Q,_F-juRrFgEeuARqq-icHx7Q,AccessRelationship,EA ModelSet
_F-juRrFgEeuARqq-icHx7Q,_F-juSLFgEeuARqq-icHx7Q,AssociationRelationship,EA ModelSet
_F-juQrFgEeuARqq-icHx7Q,_F-juSrFgEeuARqq-icHx7Q,AssociationRelationship,EA ModelSet
_F-juRrFgEeuARqq-icHx7Q,_F-juQrFgEeuARqq-icHx7Q,AssociationRelationship,EA ModelSet
_F-juLrFgEeuARqq-icHx7Q,_F-juRLFgEeuARqq-icHx7Q,TriggeringRelationship,EA ModelSet
_F-juRLFgEeuARqq-icHx7Q,_F-jt6LFgEeuARqq-icHx7Q,TriggeringRelationship,EA ModelSet
_F-juFLFgEeuARqq-icHx7Q,_F-juLLFgEeuARqq-icHx7Q,TriggeringRelationship,EA ModelSet
_F-juLLFgEeuARqq-icHx7Q,_F-juKLFgEeuARqq-icHx7Q,TriggeringRelationship,EA ModelSet
_F-juLLFgEeuARqq-icHx7Q,_F-juRLFgEeuARqq-icHx7Q,TriggeringRelationship,EA ModelSet
_jX-c5oYREe29ie0vpi-P5A,_jX-c6IYREe29ie0vpi-P5A,AssociationRelationship,EA ModelSet
_jX-c6IYREe29ie0vpi-P5A,_jX-c6oYREe29ie0vpi-P5A,AssociationRelationship,EA ModelSet
_jX-c6oYREe29ie0vpi-P5A,_jX-c7IYREe29ie0vpi-P5A,AssociationRelationship,EA ModelSet
_jX-c7IYREe29ie0vpi-P5A,_jX-c7oYREe29ie0vpi-P5A,AssociationRelationship,EA ModelSet
_jX-c6IYREe29ie0vpi-P5A,_jX-c8IYREe29ie0vpi-P5A,AssociationRelationship,EA ModelSet
_jX-c8oYREe29ie0vpi-P5A,_jX-c9IYREe29ie0vpi-P5A,AssociationRelationship,EA ModelSet
_jX-c9IYREe29ie0vpi-P5A,_jX-c9oYREe29ie0vpi-P5A,AssociationRelationship,EA ModelSet
_jX-c9oYREe29ie0vpi-P5A,_jX-c-IYREe29ie0vpi-P5A,AssociationRelationship,EA ModelSet
_jX-c-IYREe29ie0vpi-P5A,_jX-c-oYREe29ie0vpi-P5A,AssociationRelationship,EA ModelSet
_jX-c9IYREe29ie0vpi-P5A,_jX-c_IYREe29ie0vpi-P5A,AssociationRelationship,EA ModelSet
_jX-c_oYREe29ie0vpi-P5A,_jX-dAIYREe29ie0vpi-P5A,AssociationRelationship,EA ModelSet
_jX-c9IYREe29ie0vpi-P5A,_jX-c_oYREe29ie0vpi-P5A,AssociationRelationship,EA ModelSet
_jX-c_IYREe29ie0vpi-P5A,_jX-dAoYREe29ie0vpi-P5A,AssociationRelationship,EA ModelSet
_jX-c9IYREe29ie0vpi-P5A,_jX-dBoYREe29ie0vpi-P5A,AssociationRelationship,EA ModelSet
_jX-c9IYREe29ie0vpi-P5A,_jX-dBIYREe29ie0vpi-P5A,AssociationRelationship,EA ModelSet
_jX-c9IYREe29ie0vpi-P5A,_jX-dBoYREe29ie0vpi-P5A,AssociationRelationship,EA ModelSet
_jX-c8oYREe29ie0vpi-P5A,_jX-dBoYREe29ie0vpi-P5A,AssociationRelationship,EA ModelSet
_jX-c6IYREe29ie0vpi-P5A,_jX-c7IYREe29ie0vpi-P5A,AssociationRelationship,EA ModelSet
_jX-c6oYREe29ie0vpi-P5A,_jX-c7oYREe29ie0vpi-P5A,AssociationRelationship,EA ModelSet
_jX-c9IYREe29ie0vpi-P5A,_jX-dBoYREe29ie0vpi-P5A,AssociationRelationship,EA ModelSet
_jX-c7oYREe29ie0vpi-P5A,_Qe4jUGhAEDurwP_Xb2LtXw,AssociationRelationship,EA ModelSet
id-0b2c2a7a208a4f409587b91a6304780e,id-adffaa1ef3274256b6728067d7ca8bc9,CompositionRelationship,EA ModelSet
id-0b2c2a7a208a4f409587b91a6304780e,id-212836588b274c92bbdc06c0116a6008,CompositionRelationship,EA ModelSet
id-212836588b274c92bbdc06c0116a6008,id-52682d1f1d164384a9a76ea91c8a41f0,TriggeringRelationship,EA ModelSet
id-892dcb069ec64a7a855b975dd08a1b92,id-0b2c2a7a208a4f409587b91a6304780e,ServingRelationship,EA ModelSet
id-76f2d90771ef49d4826a7eee05c2a6ce,id-36e890da00e140c09914edaa6883bb16,AssignmentRelationship,EA ModelSet
id-adffaa1ef3274256b6728067d7ca8bc9,id-cf086e6e67d744859d438487344bbf97,TriggeringRelationship,EA ModelSet
id-0b2c2a7a208a4f409587b91a6304780e,id-52682d1f1d164384a9a76ea91c8a41f0,CompositionRelationship,EA ModelSet
id-0b2c2a7a208a4f409587b91a6304780e,id-36e890da00e140c09914edaa6883bb16,RealizationRelationship,EA ModelSet
id-a7383b30cc3e4b259dba43786f662df4,id-f355b941cea74d0b9d8fc18d0ed8b2a3,CompositionRelationship,EA ModelSet
id-023955d9cdac44f89abea7aa06e1e25c,id-67747d3925954590bfa49f29ddc77128,AccessRelationship,EA ModelSet
id-2ba501837de848b08af00e3afc169b12,id-023955d9cdac44f89abea7aa06e1e25c,AssignmentRelationship,EA ModelSet
id-2ba501837de848b08af00e3afc169b12,id-b9714c076afd45d290a7da63fe92af41,RealizationRelationship,EA ModelSet
id-2ba501837de848b08af00e3afc169b12,id-2c54789f12414f3bb3d11c68202a8e3c,AssignmentRelationship,EA ModelSet
id-2ba501837de848b08af00e3afc169b12,id-de6fbf9c37e448b4a22a4fcf738ea445,RealizationRelationship,EA ModelSet
id-f4078d0a2a8b4cf8888f14ac4feb32b1,id-e4f20a20f7a840f1ac6050f3eea8dae3,AssignmentRelationship,EA ModelSet
id-2ba501837de848b08af00e3afc169b12,id-d3c5799b50a84541ba0f39f0d3d332c1,CompositionRelationship,EA ModelSet
id-2ba501837de848b08af00e3afc169b12,id-4b2c3942da4349f4ac90836071037e63,RealizationRelationship,EA ModelSet
id-0b2c2a7a208a4f409587b91a6304780e,id-cf086e6e67d744859d438487344bbf97,CompositionRelationship,EA ModelSet
id-cf086e6e67d744859d438487344bbf97,id-212836588b274c92bbdc06c0116a6008,TriggeringRelationship,EA ModelSet
id-a7383b30cc3e4b259dba43786f662df4,id-84ef9e7a28a74badbb383755d9c68a65,ServingRelationship,EA ModelSet
id-52682d1f1d164384a9a76ea91c8a41f0,id-4bf665a1f0dc46949f679ba17cf9cc28,AccessRelationship,EA ModelSet
id-36e890da00e140c09914edaa6883bb16,id-1c0becadafc941a28428061a30b98493,ServingRelationship,EA ModelSet
id-84ef9e7a28a74badbb383755d9c68a65,id-1c0becadafc941a28428061a30b98493,AssignmentRelationship,EA ModelSet
id-2ba501837de848b08af00e3afc169b12,id-81a88ac8f5454333a35b5c24b75b04fa,CompositionRelationship,EA ModelSet
id-81a88ac8f5454333a35b5c24b75b04fa,id-b9714c076afd45d290a7da63fe92af41,AssignmentRelationship,EA ModelSet
id-81a88ac8f5454333a35b5c24b75b04fa,id-de6fbf9c37e448b4a22a4fcf738ea445,AssignmentRelationship,EA ModelSet
id-f4078d0a2a8b4cf8888f14ac4feb32b1,id-9bb30f3677cb43c483448209cc9eb69b,CompositionRelationship,EA ModelSet
id-d3c5799b50a84541ba0f39f0d3d332c1,id-4b2c3942da4349f4ac90836071037e63,AssignmentRelationship,EA ModelSet
id-9bb30f3677cb43c483448209cc9eb69b,id-2c54789f12414f3bb3d11c68202a8e3c,ServingRelationship,EA ModelSet
id-5b9243e3505d40afad266bdb89c85058,id-f4078d0a2a8b4cf8888f14ac4feb32b1,ServingRelationship,EA ModelSet
id-4b2c3942da4349f4ac90836071037e63,id-212836588b274c92bbdc06c0116a6008,ServingRelationship,EA ModelSet
id-de6fbf9c37e448b4a22a4fcf738ea445,id-cf086e6e67d744859d438487344bbf97,ServingRelationship,EA ModelSet
id-b9714c076afd45d290a7da63fe92af41,id-52682d1f1d164384a9a76ea91c8a41f0,ServingRelationship,EA ModelSet
id-67747d3925954590bfa49f29ddc77128,id-4bf665a1f0dc46949f679ba17cf9cc28,RealizationRelationship,EA ModelSet
id-a7383b30cc3e4b259dba43786f662df4,id-2744bd41cfbf49d1b11f5d2355bc17b2,CompositionRelationship,EA ModelSet
id-2744bd41cfbf49d1b11f5d2355bc17b2,id-fc122de6c6d64387b288740fbdeee2e2,CompositionRelationship,EA ModelSet
id-fc122de6c6d64387b288740fbdeee2e2,id-120a5ef8c34f4262893046287657d544,TriggeringRelationship,EA ModelSet
id-2744bd41cfbf49d1b11f5d2355bc17b2,id-120a5ef8c34f4262893046287657d544,CompositionRelationship,EA ModelSet
id-fc122de6c6d64387b288740fbdeee2e2,id-4bf665a1f0dc46949f679ba17cf9cc28,AccessRelationship,EA ModelSet
id-2744bd41cfbf49d1b11f5d2355bc17b2,id-94417559109e439cbbf6616302b32938,CompositionRelationship,EA ModelSet
id-120a5ef8c34f4262893046287657d544,id-94417559109e439cbbf6616302b32938,TriggeringRelationship,EA ModelSet
id-f355b941cea74d0b9d8fc18d0ed8b2a3,id-0b2c2a7a208a4f409587b91a6304780e,CompositionRelationship,EA ModelSet
id-f355b941cea74d0b9d8fc18d0ed8b2a3,id-2744bd41cfbf49d1b11f5d2355bc17b2,CompositionRelationship,EA ModelSet
id-0b2c2a7a208a4f409587b91a6304780e,id-2744bd41cfbf49d1b11f5d2355bc17b2,TriggeringRelationship,EA ModelSet
id-f4078d0a2a8b4cf8888f14ac4feb32b1,id-5b8a49054b7d49edab322feb21e5e805,AssignmentRelationship,EA ModelSet
id-b9714c076afd45d290a7da63fe92af41,id-fc122de6c6d64387b288740fbdeee2e2,ServingRelationship,EA ModelSet
_Q8QiwDsIEDaQfcpB0MHjlw,_g1FcoTsIEDaQfcpB0MHjlw,CompositionRelationship,EA ModelSet
_RUk8ITsIEDaQfcpB0MHjlw,_lkubkDsIEDaQfcpB0MHjlw,CompositionRelationship,EA ModelSet
_BrOzQTsJEDaQfcpB0MHjlw,_4DddMDsHEDaQfcpB0MHjlw,RealizationRelationship,EA ModelSet
_RpGlMDsJEDaQfcpB0MHjlw,_BrOzQTsJEDaQfcpB0MHjlw,AssociationRelationship,EA ModelSet
_z4TEUTsHEDaQfcpB0MHjlw,_fnk9ITsHEDaQfcpB0MHjlw,CompositionRelationship,EA ModelSet
_z4TEUTsHEDaQfcpB0MHjlw,_Q8QiwDsIEDaQfcpB0MHjlw,CompositionRelationship,EA ModelSet
_gWvB0DsKEDaQfcpB0MHjlw,_4DddMDsHEDaQfcpB0MHjlw,RealizationRelationship,EA ModelSet
_yjKLcTsJEDaQfcpB0MHjlw,_gWvB0DsKEDaQfcpB0MHjlw,AssociationRelationship,EA ModelSet
_z4TEUTsHEDaQfcpB0MHjlw,_RUk8ITsIEDaQfcpB0MHjlw,CompositionRelationship,EA ModelSet
_lj-GQTsLEDacUOSgnFJpfA,_jK8ZYTsLEDacUOSgnFJpfA,AssociationRelationship,EA ModelSet
_jK8ZYTsLEDacUOSgnFJpfA,_-nntwTsHEDaQfcpB0MHjlw,RealizationRelationship,EA ModelSet
_jK8ZYTsLEDacUOSgnFJpfA,_lkubkDsIEDaQfcpB0MHjlw,RealizationRelationship,EA ModelSet
_RpGlMDsJEDaQfcpB0MHjlw,_05bNUTsLEDacUOSgnFJpfA,AssociationRelationship,EA ModelSet
_yjKLcTsJEDaQfcpB0MHjlw,_jKLu8TsMEDacUOSgnFJpfA,RealizationRelationship,EA ModelSet
_RpGlMDsJEDaQfcpB0MHjlw,_pDg-MDsqEDacUOSgnFJpfA,RealizationRelationship,EA ModelSet
_BrOzQTsJEDaQfcpB0MHjlw,_05bNUTsLEDacUOSgnFJpfA,AssociationRelationship,EA ModelSet
id-887f4def-b540-4f25-b15f-7a0e12ebcdc7,id-97e305ab-db22-43a8-968c-fdc9b3a33268,TriggeringRelationship,EA ModelSet
a5996175-729b-41c2-8287-8b67d4bec738,id-887f4def-b540-4f25-b15f-7a0e12ebcdc7,TriggeringRelationship,EA ModelSet
id-64533e76-5b6d-46ae-908f-cd550b90a207,a5996175-729b-41c2-8287-8b67d4bec738,TriggeringRelationship,EA ModelSet
c472130b-d491-419a-8e6d-6ec34339787a,id-97e305ab-db22-43a8-968c-fdc9b3a33268,CompositionRelationship,EA ModelSet
c472130b-d491-419a-8e6d-6ec34339787a,id-887f4def-b540-4f25-b15f-7a0e12ebcdc7,CompositionRelationship,EA ModelSet
c472130b-d491-419a-8e6d-6ec34339787a,a5996175-729b-41c2-8287-8b67d4bec738,CompositionRelationship,EA ModelSet
c472130b-d491-419a-8e6d-6ec34339787a,id-64533e76-5b6d-46ae-908f-cd550b90a207,CompositionRelationship,EA ModelSet
b9747e7a-0ad4-466f-a061-73e55b8d3342,af3bbc40-f73b-47a7-b657-2dc351573782,CompositionRelationship,EA ModelSet
id-5d97b72e-7a09-49d0-8e5e-011036e0029d,id-5b072352-bd2c-4850-82ef-28a9146fdc90,AssignmentRelationship,EA ModelSet
id-08cfb178-1b48-44bf-b57f-f893b32f75cd,af3bbc40-f73b-47a7-b657-2dc351573782,AggregationRelationship,EA ModelSet
id-08cfb178-1b48-44bf-b57f-f893b32f75cd,id-8262af3b-1c99-4ef1-97c1-9897d9f83b56,AggregationRelationship,EA ModelSet
id-08cfb178-1b48-44bf-b57f-f893b32f75cd,id-7c43192a-0274-4d4f-b3d6-b92647660fdd,AggregationRelationship,EA ModelSet
id-08cfb178-1b48-44bf-b57f-f893b32f75cd,id-26d9a80c-2f20-4b78-89f4-56bc18e5a82d,AggregationRelationship,EA ModelSet
id-08cfb178-1b48-44bf-b57f-f893b32f75cd,id-5d97b72e-7a09-49d0-8e5e-011036e0029d,AggregationRelationship,EA ModelSet
id-26d9a80c-2f20-4b78-89f4-56bc18e5a82d,id-33429b8d-5a27-45d0-864a-c981bdcdb5e4,CompositionRelationship,EA ModelSet
id-594975fc-931c-42a0-8ec1-abcea2398809,id-1c555693-6db8-46a4-a8c2-b0bddbd966ef,ServingRelationship,EA ModelSet
id-33429b8d-5a27-45d0-864a-c981bdcdb5e4,id-5fed7c16-f47d-407c-b040-fd729bd6bfee,CompositionRelationship,EA ModelSet
id-5b072352-bd2c-4850-82ef-28a9146fdc90,ed0b5a0b-37a1-48ad-be3d-2199030f0c67,ServingRelationship,EA ModelSet
id-5b072352-bd2c-4850-82ef-28a9146fdc90,id-38e04305-319d-4c93-9615-940bf720947a,ServingRelationship,EA ModelSet
id-5b072352-bd2c-4850-82ef-28a9146fdc90,id-9b8d980e-67db-4be2-9850-a7638d3f9b9e,TriggeringRelationship,EA ModelSet
id-1c555693-6db8-46a4-a8c2-b0bddbd966ef,id-5b072352-bd2c-4850-82ef-28a9146fdc90,ServingRelationship,EA ModelSet
id-33429b8d-5a27-45d0-864a-c981bdcdb5e4,id-449adbfc-5534-49fc-8b9a-dcc0d07bc0bc,ServingRelationship,EA ModelSet
id-7c43192a-0274-4d4f-b3d6-b92647660fdd,id-5fed7c16-f47d-407c-b040-fd729bd6bfee,ServingRelationship,EA ModelSet
id-33429b8d-5a27-45d0-864a-c981bdcdb5e4,id-8262af3b-1c99-4ef1-97c1-9897d9f83b56,FlowRelationship,EA ModelSet
id-8c95f28a-8b4a-4020-8b5c-da9ccd28f0fb,id-5fed7c16-f47d-407c-b040-fd729bd6bfee,TriggeringRelationship,EA ModelSet
id-5d97b72e-7a09-49d0-8e5e-011036e0029d,id-38e04305-319d-4c93-9615-940bf720947a,CompositionRelationship,EA ModelSet
id-5d97b72e-7a09-49d0-8e5e-011036e0029d,ed0b5a0b-37a1-48ad-be3d-2199030f0c67,CompositionRelationship,EA ModelSet
id-5d97b72e-7a09-49d0-8e5e-011036e0029d,id-1c555693-6db8-46a4-a8c2-b0bddbd966ef,CompositionRelationship,EA ModelSet
id-26d9a80c-2f20-4b78-89f4-56bc18e5a82d,id-449adbfc-5534-49fc-8b9a-dcc0d07bc0bc,CompositionRelationship,EA ModelSet
id-5d97b72e-7a09-49d0-8e5e-011036e0029d,id-8c95f28a-8b4a-4020-8b5c-da9ccd28f0fb,AssignmentRelationship,EA ModelSet
id-8c95f28a-8b4a-4020-8b5c-da9ccd28f0fb,id-38e04305-319d-4c93-9615-940bf720947a,ServingRelationship,EA ModelSet
id-5b072352-bd2c-4850-82ef-28a9146fdc90,id-8c95f28a-8b4a-4020-8b5c-da9ccd28f0fb,TriggeringRelationship,EA ModelSet
id-8262af3b-1c99-4ef1-97c1-9897d9f83b56,id-97e305ab-db22-43a8-968c-fdc9b3a33268,RealizationRelationship,EA ModelSet
id-7c43192a-0274-4d4f-b3d6-b92647660fdd,a5996175-729b-41c2-8287-8b67d4bec738,RealizationRelationship,EA ModelSet
id-26d9a80c-2f20-4b78-89f4-56bc18e5a82d,id-887f4def-b540-4f25-b15f-7a0e12ebcdc7,RealizationRelationship,EA ModelSet
id-5d97b72e-7a09-49d0-8e5e-011036e0029d,id-64533e76-5b6d-46ae-908f-cd550b90a207,RealizationRelationship,EA ModelSet
id-153d8354-d9c3-4857-867f-d9f613559589,id-4f52c562-a233-4dfe-861b-ad23b0a1703e,CompositionRelationship,EA ModelSet
id-4f52c562-a233-4dfe-861b-ad23b0a1703e,id-7c43192a-0274-4d4f-b3d6-b92647660fdd,TriggeringRelationship,EA ModelSet
c1b12532-2060-4d86-932c-9a4f67b0b2eb,id-4f52c562-a233-4dfe-861b-ad23b0a1703e,FlowRelationship,EA ModelSet
c1b12532-2060-4d86-932c-9a4f67b0b2eb,id-594975fc-931c-42a0-8ec1-abcea2398809,FlowRelationship,EA ModelSet
id-5d97b72e-7a09-49d0-8e5e-011036e0029d,id-9b8d980e-67db-4be2-9850-a7638d3f9b9e,AssignmentRelationship,EA ModelSet
a65f3d15-5f27-427d-8dfa-5cf144f3bd85,id-5c925794-dc45-4fb2-84df-3e75461a30d2,CompositionRelationship,EA ModelSet
a65f3d15-5f27-427d-8dfa-5cf144f3bd85,id-6cedda7e-a517-426c-9b97-aca57e03ac53,CompositionRelationship,EA ModelSet
id-01ead4ce-dc20-4845-bffa-a17ef91a962b,id-36b046d4-af7d-4c71-881b-95e50ce16aa9,CompositionRelationship,EA ModelSet
a65f3d15-5f27-427d-8dfa-5cf144f3bd85,id-6cedda7e-a517-426c-9b97-aca57e03ac53,CompositionRelationship,EA ModelSet
id-01ead4ce-dc20-4845-bffa-a17ef91a962b,id-664b2b80-529e-4ee7-b045-8d4cc7beadf2,AccessRelationship,EA ModelSet
id-01ead4ce-dc20-4845-bffa-a17ef91a962b,b4ba05d7-38bf-4a7e-b53e-71dbd191b3f2,CompositionRelationship,EA ModelSet
id-1cfffb1a-d654-40d5-b1a2-5da267815219,id-1a64b803-88b0-4a15-95db-d9f44a059db8,AccessRelationship,EA ModelSet
a65f3d15-5f27-427d-8dfa-5cf144f3bd85,id-9d5cc65c-96fc-4112-ad0e-bfe8c3542d77,CompositionRelationship,EA ModelSet
id-01ead4ce-dc20-4845-bffa-a17ef91a962b,id-6cedda7e-a517-426c-9b97-aca57e03ac53,FlowRelationship,EA ModelSet
id-6cedda7e-a517-426c-9b97-aca57e03ac53,id-1cfffb1a-d654-40d5-b1a2-5da267815219,FlowRelationship,EA ModelSet
id-1cfffb1a-d654-40d5-b1a2-5da267815219,id-5c925794-dc45-4fb2-84df-3e75461a30d2,FlowRelationship,EA ModelSet
id-5c925794-dc45-4fb2-84df-3e75461a30d2,id-01ead4ce-dc20-4845-bffa-a17ef91a962b,FlowRelationship,EA ModelSet
id-01ead4ce-dc20-4845-bffa-a17ef91a962b,id-9d5cc65c-96fc-4112-ad0e-bfe8c3542d77,FlowRelationship,EA ModelSet
id-9d5cc65c-96fc-4112-ad0e-bfe8c3542d77,id-1f5732cf-2a9f-4782-98ce-7b50c484f2db,FlowRelationship,EA ModelSet
id-1f5732cf-2a9f-4782-98ce-7b50c484f2db,id-5c925794-dc45-4fb2-84df-3e75461a30d2,FlowRelationship,EA ModelSet
id-1f5732cf-2a9f-4782-98ce-7b50c484f2db,id-7898dc40-7a2d-48f1-8c2a-0ce35cd86e1c,AccessRelationship,EA ModelSet
id-01ead4ce-dc20-4845-bffa-a17ef91a962b,id-5efea9d6-7061-4016-94ea-465d7e122b06,AccessRelationship,EA ModelSet
id-f77da468ece1460da4a11a91e04cbca2,id-f3cf21fd698e4ff3836d0544c54801f2,CompositionRelationship,EA ModelSet
id-f77da468ece1460da4a11a91e04cbca2,id-e41e4e6713fe4698b1c7dde8690f1b9b,CompositionRelationship,EA ModelSet
id-f77da468ece1460da4a11a91e04cbca2,id-8c601ef3c7cb435eaf35c7a0fbdf3fbc,CompositionRelationship,EA ModelSet
id-f77da468ece1460da4a11a91e04cbca2,id-29f31c0e46aa4304b0d29f13bcd01d77,CompositionRelationship,EA ModelSet
id-f77da468ece1460da4a11a91e04cbca2,id-3a6586a8d4464072b8f634ae676d00a8,CompositionRelationship,EA ModelSet
id-f77da468ece1460da4a11a91e04cbca2,id-bfb342ac824840a78f7e9f00fedcc2e4,CompositionRelationship,EA ModelSet
id-f77da468ece1460da4a11a91e04cbca2,id-13107e48066840cc9d2aa386c7005714,CompositionRelationship,EA ModelSet
id-ffd2df5a72854ad9ad6de53e4fb80bc1,id-40c5b3438eca47b6bd8440e0461b8039,CompositionRelationship,EA ModelSet
id-ffd2df5a72854ad9ad6de53e4fb80bc1,id-08df4074b0094500a9c310410c03fc3c,CompositionRelationship,EA ModelSet
id-ffd2df5a72854ad9ad6de53e4fb80bc1,id-a878f5ef0a344325bfe7d9061295fab5,CompositionRelationship,EA ModelSet
id-ffd2df5a72854ad9ad6de53e4fb80bc1,id-3eb422eb1a0748b78224605ebeaae2c1,CompositionRelationship,EA ModelSet
id-ffd2df5a72854ad9ad6de53e4fb80bc1,id-9e26ecd42818435cab41ee1b7ec9bce3,CompositionRelationship,EA ModelSet
id-f77da468ece1460da4a11a91e04cbca2,id-c2e8f15517a04441ad27e2dabd0f8207,CompositionRelationship,EA ModelSet
id-ffd2df5a72854ad9ad6de53e4fb80bc1,id-2894f20b85e44399b9ef8341d28ec69a,CompositionRelationship,EA ModelSet
id-ffd2df5a72854ad9ad6de53e4fb80bc1,id-117dc2259d3d4618946aa4748cb260de,CompositionRelationship,EA ModelSet
id-ffd2df5a72854ad9ad6de53e4fb80bc1,id-03edd82e99c44e3b9fe112ad97f100a3,CompositionRelationship,EA ModelSet
id-ffd2df5a72854ad9ad6de53e4fb80bc1,id-ffcc00e28b8e4238bfb6686859d2e23e,CompositionRelationship,EA ModelSet
id-ffd2df5a72854ad9ad6de53e4fb80bc1,id-cdb7cdd2d960403aad0a7c707a9f1bb2,CompositionRelationship,EA ModelSet
id-ffd2df5a72854ad9ad6de53e4fb80bc1,id-ec23ac1ad15543e8acf21da675c0947e,CompositionRelationship,EA ModelSet
id-ffd2df5a72854ad9ad6de53e4fb80bc1,id-1cc0c27e4729421ab43585680978a9d7,CompositionRelationship,EA ModelSet
id-ffd2df5a72854ad9ad6de53e4fb80bc1,id-d2e75f92f2ad4b2fb06ba4dd2767b18b,CompositionRelationship,EA ModelSet
id-ffd2df5a72854ad9ad6de53e4fb80bc1,id-e37ce5e25dcf4651bd31f54366fcf19d,CompositionRelationship,EA ModelSet
id-ffd2df5a72854ad9ad6de53e4fb80bc1,id-6ea0b50d4ec24ff3b51420814dcbdeba,CompositionRelationship,EA ModelSet
id-ffd2df5a72854ad9ad6de53e4fb80bc1,id-367752e376694c719f5cfd65bb4fa780,CompositionRelationship,EA ModelSet
id-03edd82e99c44e3b9fe112ad97f100a3,id-f3cf21fd698e4ff3836d0544c54801f2,RealizationRelationship,EA ModelSet
id-367752e376694c719f5cfd65bb4fa780,id-f3cf21fd698e4ff3836d0544c54801f2,RealizationRelationship,EA ModelSet
id-6ea0b50d4ec24ff3b51420814dcbdeba,id-13107e48066840cc9d2aa386c7005714,RealizationRelationship,EA ModelSet
id-117dc2259d3d4618946aa4748cb260de,id-13107e48066840cc9d2aa386c7005714,RealizationRelationship,EA ModelSet
id-e37ce5e25dcf4651bd31f54366fcf19d,id-8c601ef3c7cb435eaf35c7a0fbdf3fbc,RealizationRelationship,EA ModelSet
id-2894f20b85e44399b9ef8341d28ec69a,id-8c601ef3c7cb435eaf35c7a0fbdf3fbc,RealizationRelationship,EA ModelSet
id-d2e75f92f2ad4b2fb06ba4dd2767b18b,id-c2e8f15517a04441ad27e2dabd0f8207,RealizationRelationship,EA ModelSet
id-9e26ecd42818435cab41ee1b7ec9bce3,id-c2e8f15517a04441ad27e2dabd0f8207,RealizationRelationship,EA ModelSet
id-1cc0c27e4729421ab43585680978a9d7,id-29f31c0e46aa4304b0d29f13bcd01d77,RealizationRelationship,EA ModelSet
id-3eb422eb1a0748b78224605ebeaae2c1,id-29f31c0e46aa4304b0d29f13bcd01d77,RealizationRelationship,EA ModelSet
id-ec23ac1ad15543e8acf21da675c0947e,id-3a6586a8d4464072b8f634ae676d00a8,RealizationRelationship,EA ModelSet
id-a878f5ef0a344325bfe7d9061295fab5,id-3a6586a8d4464072b8f634ae676d00a8,RealizationRelationship,EA ModelSet
id-cdb7cdd2d960403aad0a7c707a9f1bb2,id-bfb342ac824840a78f7e9f00fedcc2e4,RealizationRelationship,EA ModelSet
id-08df4074b0094500a9c310410c03fc3c,id-bfb342ac824840a78f7e9f00fedcc2e4,RealizationRelationship,EA ModelSet
id-ffcc00e28b8e4238bfb6686859d2e23e,id-e41e4e6713fe4698b1c7dde8690f1b9b,RealizationRelationship,EA ModelSet
id-40c5b3438eca47b6bd8440e0461b8039,id-e41e4e6713fe4698b1c7dde8690f1b9b,RealizationRelationship,EA ModelSet
id-ffd2df5a72854ad9ad6de53e4fb80bc1,id-ed64db087e6c460f9e924020cef9a0d8,AccessRelationship,EA ModelSet
id-ed64db087e6c460f9e924020cef9a0d8,id-9b9e3078fe7c4222bf414d0bc02b6ff7,AggregationRelationship,EA ModelSet
id-ed64db087e6c460f9e924020cef9a0d8,id-e8120ed2ab75484eb6fc38fba44e7a09,AggregationRelationship,EA ModelSet
id-ed64db087e6c460f9e924020cef9a0d8,id-dfb9c97ad3064f21a4364a05ca85652d,AggregationRelationship,EA ModelSet
id-ed64db087e6c460f9e924020cef9a0d8,id-b30c7264d545459da3c52a023182ed2f,AggregationRelationship,EA ModelSet
id-ed64db087e6c460f9e924020cef9a0d8,id-3cddcf58344f4b1fb0ed22303f26902c,AggregationRelationship,EA ModelSet
id-ed64db087e6c460f9e924020cef9a0d8,id-131d3249251e4de1a59d7e70297f00ce,AggregationRelationship,EA ModelSet
id-ed64db087e6c460f9e924020cef9a0d8,id-8c3fa6844ce446a9816627e46f150a05,AggregationRelationship,EA ModelSet
id-ed64db087e6c460f9e924020cef9a0d8,id-3943f770f4d748529a3f4aca9689555d,AggregationRelationship,EA ModelSet
id-c2e8f15517a04441ad27e2dabd0f8207,id-5ccaf457a005461b877fc923607a63d2,ServingRelationship,EA ModelSet
id-8c601ef3c7cb435eaf35c7a0fbdf3fbc,id-5ccaf457a005461b877fc923607a63d2,ServingRelationship,EA ModelSet
id-13107e48066840cc9d2aa386c7005714,id-5ccaf457a005461b877fc923607a63d2,ServingRelationship,EA ModelSet
id-f3cf21fd698e4ff3836d0544c54801f2,id-5ccaf457a005461b877fc923607a63d2,ServingRelationship,EA ModelSet
id-29f31c0e46aa4304b0d29f13bcd01d77,id-5ccaf457a005461b877fc923607a63d2,ServingRelationship,EA ModelSet
id-e41e4e6713fe4698b1c7dde8690f1b9b,id-5ccaf457a005461b877fc923607a63d2,ServingRelationship,EA ModelSet
id-bfb342ac824840a78f7e9f00fedcc2e4,id-5ccaf457a005461b877fc923607a63d2,ServingRelationship,EA ModelSet
id-3a6586a8d4464072b8f634ae676d00a8,id-5ccaf457a005461b877fc923607a63d2,ServingRelationship,EA ModelSet
id-5ccaf457a005461b877fc923607a63d2,id-fa63003be03f4695b8322de564f2be9c,ServingRelationship,EA ModelSet
id-5ccaf457a005461b877fc923607a63d2,id-eff8684e01a649eebdf54df67db8c7e1,ServingRelationship,EA ModelSet
id-5ccaf457a005461b877fc923607a63d2,id-ac1123f71fca4016a474d3a1f1480b93,ServingRelationship,EA ModelSet
id-5ccaf457a005461b877fc923607a63d2,id-a111e6489cd7473fb35b69cf8b7031ef,ServingRelationship,EA ModelSet
id-5ccaf457a005461b877fc923607a63d2,id-c07da84383b148189e51bf3498888e1e,ServingRelationship,EA ModelSet
id-5ccaf457a005461b877fc923607a63d2,id-4f7971ae46f24bea80dd8efbad78eee6,ServingRelationship,EA ModelSet
id-5ccaf457a005461b877fc923607a63d2,id-71350432c105481f83218aa71d99c324,ServingRelationship,EA ModelSet
id-5ccaf457a005461b877fc923607a63d2,id-4b05a21bc19d48a583a094051dc67010,ServingRelationship,EA ModelSet
id-9d7af82c3ff946b38b1dd501646937c2,id-80e413e2082e4fa3b11ee4a2868d6fd5,AggregationRelationship,EA ModelSet
id-9d7af82c3ff946b38b1dd501646937c2,id-d2e05a3fd15b40e2be117d610b2f96cf,AggregationRelationship,EA ModelSet
id-867bd1d1af2d44768fcf13bcb130d7ec,id-40c5b3438eca47b6bd8440e0461b8039,ServingRelationship,EA ModelSet
id-df02ad9be1be46a9b0c2f14869866db9,id-980a4c415ad6472b924c0cb1878a2bc6,CompositionRelationship,EA ModelSet
id-300c31bfa6ee42f1964626dac2ed5a83,id-980a4c415ad6472b924c0cb1878a2bc6,CompositionRelationship,EA ModelSet
id-300c31bfa6ee42f1964626dac2ed5a83,id-9d7af82c3ff946b38b1dd501646937c2,AccessRelationship,EA ModelSet
id-9d7af82c3ff946b38b1dd501646937c2,id-ed64db087e6c460f9e924020cef9a0d8,RealizationRelationship,EA ModelSet
id-df02ad9be1be46a9b0c2f14869866db9,id-9d7af82c3ff946b38b1dd501646937c2,AccessRelationship,EA ModelSet
id-e41e4e6713fe4698b1c7dde8690f1b9b,id-71350432c105481f83218aa71d99c324,ServingRelationship,EA ModelSet
id-0be2c6ecb44d4b84999520dae0ddb051,id-9d7af82c3ff946b38b1dd501646937c2,RealizationRelationship,EA ModelSet
id-0be2c6ecb44d4b84999520dae0ddb051,id-d915fe2c1c954f5284263192a8a3d291,AggregationRelationship,EA ModelSet
id-d915fe2c1c954f5284263192a8a3d291,id-f8c887ba12784af5bcbee739ee2792d3,CompositionRelationship,EA ModelSet
id-d915fe2c1c954f5284263192a8a3d291,id-80e413e2082e4fa3b11ee4a2868d6fd5,RealizationRelationship,EA ModelSet
id-80e413e2082e4fa3b11ee4a2868d6fd5,id-3943f770f4d748529a3f4aca9689555d,RealizationRelationship,EA ModelSet
id-80e413e2082e4fa3b11ee4a2868d6fd5,id-8c3fa6844ce446a9816627e46f150a05,RealizationRelationship,EA ModelSet
id-80e413e2082e4fa3b11ee4a2868d6fd5,id-131d3249251e4de1a59d7e70297f00ce,RealizationRelationship,EA ModelSet
id-80e413e2082e4fa3b11ee4a2868d6fd5,id-3cddcf58344f4b1fb0ed22303f26902c,RealizationRelationship,EA ModelSet
id-80e413e2082e4fa3b11ee4a2868d6fd5,id-e8120ed2ab75484eb6fc38fba44e7a09,RealizationRelationship,EA ModelSet
id-80e413e2082e4fa3b11ee4a2868d6fd5,id-b30c7264d545459da3c52a023182ed2f,RealizationRelationship,EA ModelSet
id-80e413e2082e4fa3b11ee4a2868d6fd5,id-dfb9c97ad3064f21a4364a05ca85652d,RealizationRelationship,EA ModelSet
id-d915fe2c1c954f5284263192a8a3d291,id-d2e05a3fd15b40e2be117d610b2f96cf,RealizationRelationship,EA ModelSet
id-d2e05a3fd15b40e2be117d610b2f96cf,id-9b9e3078fe7c4222bf414d0bc02b6ff7,RealizationRelationship,EA ModelSet
id-6e0f58f4ceea4381b0ebe4a268acd95c,id-980a4c415ad6472b924c0cb1878a2bc6,RealizationRelationship,EA ModelSet
id-0d01b3d161504e10b80a3f5a8baa306a,id-6e0f58f4ceea4381b0ebe4a268acd95c,CompositionRelationship,EA ModelSet
id-2e003916791242bc9c7a8212e5caed3d,id-0d01b3d161504e10b80a3f5a8baa306a,ServingRelationship,EA ModelSet
id-8019273218294a51bef76309ca8b9763,id-0d01b3d161504e10b80a3f5a8baa306a,ServingRelationship,EA ModelSet
id-0d01b3d161504e10b80a3f5a8baa306a,id-0be2c6ecb44d4b84999520dae0ddb051,AccessRelationship,EA ModelSet
id-0d01b3d161504e10b80a3f5a8baa306a,id-e2cda63dd4694aff8fdc5c6c42ed4318,RealizationRelationship,EA ModelSet
id-0d01b3d161504e10b80a3f5a8baa306a,id-ee772b9062d9438e96795e5a51a5ab41,RealizationRelationship,EA ModelSet
id-df02ad9be1be46a9b0c2f14869866db9,id-122a2d11a68343178c737e9536620a7d,AssignmentRelationship,EA ModelSet
id-122a2d11a68343178c737e9536620a7d,id-867bd1d1af2d44768fcf13bcb130d7ec,RealizationRelationship,EA ModelSet
id-300c31bfa6ee42f1964626dac2ed5a83,id-7d836b1757cd4352a46fb7a259aa55f8,AssignmentRelationship,EA ModelSet
id-7d836b1757cd4352a46fb7a259aa55f8,id-061258c384174031b914897d3f669cd1,RealizationRelationship,EA ModelSet
id-300c31bfa6ee42f1964626dac2ed5a83,id-105e03d9f8514f38b74f9c57fc855a9f,AssignmentRelationship,EA ModelSet
id-105e03d9f8514f38b74f9c57fc855a9f,id-9f601481f37e47ac897b5ec6307a10d7,RealizationRelationship,EA ModelSet
id-b2728f1676734ac68528d00d9e30b2c1,id-0d01b3d161504e10b80a3f5a8baa306a,ServingRelationship,EA ModelSet
id-0d01b3d161504e10b80a3f5a8baa306a,id-9d31b0b9e49f4e52a141df757e579ec8,AssignmentRelationship,EA ModelSet
id-9d31b0b9e49f4e52a141df757e579ec8,id-e2cda63dd4694aff8fdc5c6c42ed4318,TriggeringRelationship,EA ModelSet
id-d915fe2c1c954f5284263192a8a3d291,id-98160c99cb194639a85f3e9b381bba9a,CompositionRelationship,EA ModelSet
id-d915fe2c1c954f5284263192a8a3d291,id-671dcabd2cf74efc938423fdb3c62830,CompositionRelationship,EA ModelSet
id-d915fe2c1c954f5284263192a8a3d291,id-5f43387452b642c98c2828ace09050cd,CompositionRelationship,EA ModelSet
id-f8c887ba12784af5bcbee739ee2792d3,id-5f43387452b642c98c2828ace09050cd,AssociationRelationship,EA ModelSet
id-d915fe2c1c954f5284263192a8a3d291,id-ce541a5ea0144171a6b963b90cde3404,CompositionRelationship,EA ModelSet
id-e2cda63dd4694aff8fdc5c6c42ed4318,id-6c20850e8a9440138ef24f3cad8f2f33,CompositionRelationship,EA ModelSet
id-e2cda63dd4694aff8fdc5c6c42ed4318,id-514e142afe6c46d38fca3c378b719f10,CompositionRelationship,EA ModelSet
id-badd1e3a80dd411da04bc9680e34bf18,id-514e142afe6c46d38fca3c378b719f10,TriggeringRelationship,EA ModelSet
id-e2cda63dd4694aff8fdc5c6c42ed4318,id-d5a1e2a2639f4e70b80486c9dab97aad,CompositionRelationship,EA ModelSet
id-6c20850e8a9440138ef24f3cad8f2f33,id-d5a1e2a2639f4e70b80486c9dab97aad,TriggeringRelationship,EA ModelSet
id-e2cda63dd4694aff8fdc5c6c42ed4318,id-badd1e3a80dd411da04bc9680e34bf18,CompositionRelationship,EA ModelSet
id-d5a1e2a2639f4e70b80486c9dab97aad,id-badd1e3a80dd411da04bc9680e34bf18,TriggeringRelationship,EA ModelSet
id-e2cda63dd4694aff8fdc5c6c42ed4318,id-92e6dbe53f70422bb388a37b131969b8,CompositionRelationship,EA ModelSet
id-514e142afe6c46d38fca3c378b719f10,id-92e6dbe53f70422bb388a37b131969b8,TriggeringRelationship,EA ModelSet
id-6c20850e8a9440138ef24f3cad8f2f33,id-671dcabd2cf74efc938423fdb3c62830,AccessRelationship,EA ModelSet
id-514e142afe6c46d38fca3c378b719f10,id-98160c99cb194639a85f3e9b381bba9a,AccessRelationship,EA ModelSet
id-671dcabd2cf74efc938423fdb3c62830,id-2e003916791242bc9c7a8212e5caed3d,AssociationRelationship,EA ModelSet
id-98160c99cb194639a85f3e9b381bba9a,id-2e003916791242bc9c7a8212e5caed3d,AssociationRelationship,EA ModelSet
id-0be2c6ecb44d4b84999520dae0ddb051,id-fbc760ae5c4349e1b262c07df8b9f4a6,AggregationRelationship,EA ModelSet
id-d5a1e2a2639f4e70b80486c9dab97aad,id-fbc760ae5c4349e1b262c07df8b9f4a6,AccessRelationship,EA ModelSet
id-92e6dbe53f70422bb388a37b131969b8,id-fbc760ae5c4349e1b262c07df8b9f4a6,AccessRelationship,EA ModelSet
id-badd1e3a80dd411da04bc9680e34bf18,id-d915fe2c1c954f5284263192a8a3d291,AccessRelationship,EA ModelSet
id-ee772b9062d9438e96795e5a51a5ab41,id-badd1e3a80dd411da04bc9680e34bf18,CompositionRelationship,EA ModelSet
id-ee772b9062d9438e96795e5a51a5ab41,id-514e142afe6c46d38fca3c378b719f10,CompositionRelationship,EA ModelSet
id-ee772b9062d9438e96795e5a51a5ab41,id-92e6dbe53f70422bb388a37b131969b8,CompositionRelationship,EA ModelSet
id-ee772b9062d9438e96795e5a51a5ab41,id-6c20850e8a9440138ef24f3cad8f2f33,CompositionRelationship,EA ModelSet
id-ee772b9062d9438e96795e5a51a5ab41,id-d5a1e2a2639f4e70b80486c9dab97aad,CompositionRelationship,EA ModelSet
id-ee772b9062d9438e96795e5a51a5ab41,id-c047f4dc0210489bbacd6b17cb917792,CompositionRelationship,EA ModelSet
id-c047f4dc0210489bbacd6b17cb917792,id-6c20850e8a9440138ef24f3cad8f2f33,TriggeringRelationship,EA ModelSet
id-6c20850e8a9440138ef24f3cad8f2f33,id-5f43387452b642c98c2828ace09050cd,AccessRelationship,EA ModelSet
id-514e142afe6c46d38fca3c378b719f10,id-ce541a5ea0144171a6b963b90cde3404,AccessRelationship,EA ModelSet
id-ce541a5ea0144171a6b963b90cde3404,id-8019273218294a51bef76309ca8b9763,AssociationRelationship,EA ModelSet
id-b2728f1676734ac68528d00d9e30b2c1,id-c047f4dc0210489bbacd6b17cb917792,ServingRelationship,EA ModelSet
id-b2728f1676734ac68528d00d9e30b2c1,id-f8c887ba12784af5bcbee739ee2792d3,AccessRelationship,EA ModelSet
id-7b029ea3a9c843778602042accd995b3,id-0be2c6ecb44d4b84999520dae0ddb051,AccessRelationship,EA ModelSet
id-0d01b3d161504e10b80a3f5a8baa306a,id-ff536ed56baa4c3fbe395fecacd51a48,RealizationRelationship,EA ModelSet
id-ff536ed56baa4c3fbe395fecacd51a48,id-7b029ea3a9c843778602042accd995b3,CompositionRelationship,EA ModelSet
id-ff536ed56baa4c3fbe395fecacd51a48,id-4ec1b6c87c3045e78773b22222b75b25,CompositionRelationship,EA ModelSet
id-ff536ed56baa4c3fbe395fecacd51a48,id-39defd5cf740439cbc1ded1593023420,CompositionRelationship,EA ModelSet
id-39defd5cf740439cbc1ded1593023420,id-4ec1b6c87c3045e78773b22222b75b25,TriggeringRelationship,EA ModelSet
id-c0c3dd6bce1e4d0382773eb011339087,id-39defd5cf740439cbc1ded1593023420,TriggeringRelationship,EA ModelSet
id-c0c3dd6bce1e4d0382773eb011339087,id-4ec1b6c87c3045e78773b22222b75b25,TriggeringRelationship,EA ModelSet
id-7b029ea3a9c843778602042accd995b3,id-c0c3dd6bce1e4d0382773eb011339087,TriggeringRelationship,EA ModelSet
id-b2728f1676734ac68528d00d9e30b2c1,id-39defd5cf740439cbc1ded1593023420,ServingRelationship,EA ModelSet
id-a094871810974f58b9ae58c19ae13e32,id-420400d479854348b5216e50bd4a16af,CompositionRelationship,EA ModelSet
id-a094871810974f58b9ae58c19ae13e32,id-d2cfff53d2cb411fb7dfbce71fa568dc,CompositionRelationship,EA ModelSet
id-a094871810974f58b9ae58c19ae13e32,id-ede381fe15884a9e87279603717e4306,CompositionRelationship,EA ModelSet
id-a094871810974f58b9ae58c19ae13e32,id-e34f4aeefc2a43498b8d93f44f4be13e,CompositionRelationship,EA ModelSet
id-3253254688b8411ba4a3d80bbbc6e2f7,id-1ec0d2791d76435dbc330364dae0044c,FlowRelationship,EA ModelSet
id-302c236af5e54edabf2a38d167664529,id-420400d479854348b5216e50bd4a16af,TriggeringRelationship,EA ModelSet
id-420400d479854348b5216e50bd4a16af,id-d2cfff53d2cb411fb7dfbce71fa568dc,TriggeringRelationship,EA ModelSet
id-d2cfff53d2cb411fb7dfbce71fa568dc,id-49d107bd424d4f08ad88727950ea167a,TriggeringRelationship,EA ModelSet
id-49d107bd424d4f08ad88727950ea167a,id-ede381fe15884a9e87279603717e4306,TriggeringRelationship,EA ModelSet
id-49d107bd424d4f08ad88727950ea167a,id-e34f4aeefc2a43498b8d93f44f4be13e,TriggeringRelationship,EA ModelSet
id-a094871810974f58b9ae58c19ae13e32,id-01f7381f8556495ab85d4ae732f0f0a2,CompositionRelationship,EA ModelSet
id-ede381fe15884a9e87279603717e4306,id-01f7381f8556495ab85d4ae732f0f0a2,TriggeringRelationship,EA ModelSet
id-04f6d45a3f4147398344accb823c293a,id-420400d479854348b5216e50bd4a16af,AssignmentRelationship,EA ModelSet
id-04f6d45a3f4147398344accb823c293a,id-d2cfff53d2cb411fb7dfbce71fa568dc,AssignmentRelationship,EA ModelSet
id-9de7b83b5f5e4a8aa475925ae9300ea4,id-d767185c999c45ff92383ff1a1c34ca6,AggregationRelationship,EA ModelSet
id-9de7b83b5f5e4a8aa475925ae9300ea4,id-04975a7516b6448baf7c5a80f85ce104,AggregationRelationship,EA ModelSet
id-9de7b83b5f5e4a8aa475925ae9300ea4,id-ce8754f871894768829507a83218ea50,AggregationRelationship,EA ModelSet
id-ec5c6bdb58894dcfa4a450781b31ffde,id-4fabe338f99e4a9885b7b8ff59e943c3,ServingRelationship,EA ModelSet
id-ec5c6bdb58894dcfa4a450781b31ffde,id-26cb6b4747c24e8da09e951511a434b8,ServingRelationship,EA ModelSet
id-94a89a46182c465b85c2f4df7e1783f7,id-302c236af5e54edabf2a38d167664529,AssociationRelationship,EA ModelSet
id-d2cfff53d2cb411fb7dfbce71fa568dc,id-64937c571ecb448d9614361735650df4,TriggeringRelationship,EA ModelSet
id-64937c571ecb448d9614361735650df4,id-3253254688b8411ba4a3d80bbbc6e2f7,TriggeringRelationship,EA ModelSet
id-99132ae1828541efa0061c7a2aa259ed,id-64937c571ecb448d9614361735650df4,AssignmentRelationship,EA ModelSet
id-4fcbda96d90443e1ae52c961092b783c,id-3253254688b8411ba4a3d80bbbc6e2f7,AssignmentRelationship,EA ModelSet
id-1ec0d2791d76435dbc330364dae0044c,id-420400d479854348b5216e50bd4a16af,TriggeringRelationship,EA ModelSet
id-302c236af5e54edabf2a38d167664529,id-1ec0d2791d76435dbc330364dae0044c,TriggeringRelationship,EA ModelSet
id-420400d479854348b5216e50bd4a16af,id-94a89a46182c465b85c2f4df7e1783f7,ServingRelationship,EA ModelSet
id-94a89a46182c465b85c2f4df7e1783f7,id-420400d479854348b5216e50bd4a16af,AssignmentRelationship,EA ModelSet
id-1ec0d2791d76435dbc330364dae0044c,id-7289f548af5b49c1ba366d78a7e3fb53,TriggeringRelationship,EA ModelSet
id-04f6d45a3f4147398344accb823c293a,id-7289f548af5b49c1ba366d78a7e3fb53,AssignmentRelationship,EA ModelSet
id-64937c571ecb448d9614361735650df4,id-22b4d19511e54ebcb21c088f2f554495,TriggeringRelationship,EA ModelSet
id-22b4d19511e54ebcb21c088f2f554495,id-d2cfff53d2cb411fb7dfbce71fa568dc,FlowRelationship,EA ModelSet
id-22b4d19511e54ebcb21c088f2f554495,id-abaf006e738a4ae4b9dc18e585382bba,AssociationRelationship,EA ModelSet
id-22b4d19511e54ebcb21c088f2f554495,id-6093ed4b27394bee8a94c0baa9a85e08,AssociationRelationship,EA ModelSet
id-3253254688b8411ba4a3d80bbbc6e2f7,id-49d107bd424d4f08ad88727950ea167a,TriggeringRelationship,EA ModelSet
id-d2cfff53d2cb411fb7dfbce71fa568dc,id-3253254688b8411ba4a3d80bbbc6e2f7,TriggeringRelationship,EA ModelSet
id-3253254688b8411ba4a3d80bbbc6e2f7,id-22b4d19511e54ebcb21c088f2f554495,TriggeringRelationship,EA ModelSet
id-26f38f4deef74cf3b7c1e234f48ce7a9,id-6b875bf9d48c4279a5e0ba1c3e4c90cf,TriggeringRelationship,EA ModelSet
id-26f38f4deef74cf3b7c1e234f48ce7a9,id-e8fb67f933f04c29a37fed68a4d299fe,TriggeringRelationship,EA ModelSet
id-64937c571ecb448d9614361735650df4,id-26f38f4deef74cf3b7c1e234f48ce7a9,TriggeringRelationship,EA ModelSet
id-e8fb67f933f04c29a37fed68a4d299fe,id-01f7381f8556495ab85d4ae732f0f0a2,TriggeringRelationship,EA ModelSet
id-64937c571ecb448d9614361735650df4,id-1ec0d2791d76435dbc330364dae0044c,FlowRelationship,EA ModelSet
id-6b875bf9d48c4279a5e0ba1c3e4c90cf,id-050cd0524d5b405eaf675a85c456977e,TriggeringRelationship,EA ModelSet
id-7289f548af5b49c1ba366d78a7e3fb53,id-94a89a46182c465b85c2f4df7e1783f7,AssociationRelationship,EA ModelSet
id-050cd0524d5b405eaf675a85c456977e,id-7289f548af5b49c1ba366d78a7e3fb53,TriggeringRelationship,EA ModelSet
id-e34f4aeefc2a43498b8d93f44f4be13e,id-d9bbfb1c17f34f0d87f3fd64305d0a6e,TriggeringRelationship,EA ModelSet
id-d9bbfb1c17f34f0d87f3fd64305d0a6e,id-7289f548af5b49c1ba366d78a7e3fb53,TriggeringRelationship,EA ModelSet
id-99132ae1828541efa0061c7a2aa259ed,id-01f7381f8556495ab85d4ae732f0f0a2,AssignmentRelationship,EA ModelSet
id-01f7381f8556495ab85d4ae732f0f0a2,id-94a89a46182c465b85c2f4df7e1783f7,FlowRelationship,EA ModelSet
id-26cb6b4747c24e8da09e951511a434b8,id-01f7381f8556495ab85d4ae732f0f0a2,ServingRelationship,EA ModelSet
id-099205e0de124d659db7225c24e2e7ca,id-9c120eb03dce4151b930b2e63d7f88b8,ServingRelationship,EA ModelSet
id-56865f23f8a040a3a0101620d591cec7,id-099205e0de124d659db7225c24e2e7ca,ServingRelationship,EA ModelSet
id-91f0c90eae984d83a5dc49c02c2a7475,id-938a715a019b4f3b919f780e5a3c4c83,AssignmentRelationship,EA ModelSet
id-01f7381f8556495ab85d4ae732f0f0a2,id-eceeae9180574b69880fb7a15cd236b0,AssociationRelationship,EA ModelSet
id-01f7381f8556495ab85d4ae732f0f0a2,id-14657fd6c3b84b3f8e82ad4796a045f1,FlowRelationship,EA ModelSet
id-14657fd6c3b84b3f8e82ad4796a045f1,id-89dfdd1702994d3897084782b0cf6b4c,TriggeringRelationship,EA ModelSet
id-fe80538b309d4e1785aa003369dfb188,id-62cc0cd1010f43138bb702656d802784,TriggeringRelationship,EA ModelSet
id-58ada6cec1934bd398cbb1d7d72d1dee,id-fe80538b309d4e1785aa003369dfb188,AssignmentRelationship,EA ModelSet
id-04f10f8125b644ab9c075027ec065073,id-0eb337d9489b4731946f26a8b6c6c469,TriggeringRelationship,EA ModelSet
id-58ada6cec1934bd398cbb1d7d72d1dee,id-04f10f8125b644ab9c075027ec065073,AssignmentRelationship,EA ModelSet
id-62cc0cd1010f43138bb702656d802784,id-d3ec7a5e83bb4be3809b06a68f93702e,AccessRelationship,EA ModelSet
id-1d93e8b65f374414abca60111bd50784,id-62cc0cd1010f43138bb702656d802784,AssignmentRelationship,EA ModelSet
id-3fd49faa364749409f3df01e5fce60dc,id-62cc0cd1010f43138bb702656d802784,AssignmentRelationship,EA ModelSet
id-739e4eeacd9c4c42b4e3274d48a6aeb0,id-62cc0cd1010f43138bb702656d802784,AssignmentRelationship,EA ModelSet
id-50136327b60a41db9e76dc339707711a,id-5383cc5335f04fc1aad7bef461259a11,AssignmentRelationship,EA ModelSet
id-26cb6b4747c24e8da09e951511a434b8,id-d90f5c6376de4b58b5104381ca1ee4e4,AssignmentRelationship,EA ModelSet
id-d90f5c6376de4b58b5104381ca1ee4e4,id-62cc0cd1010f43138bb702656d802784,ServingRelationship,EA ModelSet
id-3fd49faa364749409f3df01e5fce60dc,id-24228006122e4ab49975b90198b539fe,AssignmentRelationship,EA ModelSet
id-26cb6b4747c24e8da09e951511a434b8,id-099205e0de124d659db7225c24e2e7ca,AssociationRelationship,EA ModelSet
id-3fd49faa364749409f3df01e5fce60dc,id-62cc0cd1010f43138bb702656d802784,AssignmentRelationship,EA ModelSet
id-d90f5c6376de4b58b5104381ca1ee4e4,id-0eb337d9489b4731946f26a8b6c6c469,ServingRelationship,EA ModelSet
id-00fb6840056b4c97bda97016b06565d0,id-91f0c90eae984d83a5dc49c02c2a7475,AssociationRelationship,EA ModelSet
id-00fb6840056b4c97bda97016b06565d0,id-099205e0de124d659db7225c24e2e7ca,AssociationRelationship,EA ModelSet
id-26cb6b4747c24e8da09e951511a434b8,id-375f0fb96a53457d981fbe5d90357081,CompositionRelationship,EA ModelSet
id-375f0fb96a53457d981fbe5d90357081,id-d90f5c6376de4b58b5104381ca1ee4e4,AssignmentRelationship,EA ModelSet
id-375f0fb96a53457d981fbe5d90357081,id-85f991d1ecdc43f8b64af8bbd9a27c6c,AssignmentRelationship,EA ModelSet
id-85f991d1ecdc43f8b64af8bbd9a27c6c,id-62cc0cd1010f43138bb702656d802784,ServingRelationship,EA ModelSet
id-d90f5c6376de4b58b5104381ca1ee4e4,id-50136327b60a41db9e76dc339707711a,FlowRelationship,EA ModelSet
id-d3ec7a5e83bb4be3809b06a68f93702e,id-108d81b0d77349e9a3a936a5050b9168,CompositionRelationship,EA ModelSet
id-f0910375f50d49efb44871d8ceadb10c,id-0eb337d9489b4731946f26a8b6c6c469,ServingRelationship,EA ModelSet
id-24228006122e4ab49975b90198b539fe,id-3c29dcdea7ef48c7ab4b9d9f37250eea,RealizationRelationship,EA ModelSet
id-67d914aca6284507baf5493eb584c943,id-8d8329f14ace46ccb862035535ab9581,CompositionRelationship,EA ModelSet
id-cc00e69f8e8e42a699b8cb250a5accd4,id-8d8329f14ace46ccb862035535ab9581,SpecializationRelationship,EA ModelSet
id-4c725698f53b4e89a1d1f3541e0b3fce,id-cc00e69f8e8e42a699b8cb250a5accd4,RealizationRelationship,EA ModelSet
id-4c725698f53b4e89a1d1f3541e0b3fce,id-108d81b0d77349e9a3a936a5050b9168,AccessRelationship,EA ModelSet
id-099205e0de124d659db7225c24e2e7ca,id-69cc727bc84d49dba67c0c27a6e5cecf,CompositionRelationship,EA ModelSet
id-91f0c90eae984d83a5dc49c02c2a7475,id-099205e0de124d659db7225c24e2e7ca,AssociationRelationship,EA ModelSet
id-e57158fc841f477e89b34f5aaea76627,id-d14fcc41980b4137bc0e5cb98268f779,TriggeringRelationship,EA ModelSet
id-d14fcc41980b4137bc0e5cb98268f779,id-e57158fc841f477e89b34f5aaea76627,TriggeringRelationship,EA ModelSet
id-d14fcc41980b4137bc0e5cb98268f779,id-5383cc5335f04fc1aad7bef461259a11,TriggeringRelationship,EA ModelSet
id-50136327b60a41db9e76dc339707711a,id-62cc0cd1010f43138bb702656d802784,AssignmentRelationship,EA ModelSet
id-099205e0de124d659db7225c24e2e7ca,id-26cb6b4747c24e8da09e951511a434b8,AssociationRelationship,EA ModelSet
id-8d8329f14ace46ccb862035535ab9581,id-cc00e69f8e8e42a699b8cb250a5accd4,AggregationRelationship,EA ModelSet
id-67d914aca6284507baf5493eb584c943,id-cc00e69f8e8e42a699b8cb250a5accd4,CompositionRelationship,EA ModelSet
id-67d914aca6284507baf5493eb584c943,id-3c29dcdea7ef48c7ab4b9d9f37250eea,CompositionRelationship,EA ModelSet
id-099205e0de124d659db7225c24e2e7ca,id-06e3b1230d0744b5a21b22a8a6ffc487,AssociationRelationship,EA ModelSet
id-06e3b1230d0744b5a21b22a8a6ffc487,id-a3fe8156c3da408ea8a883077e2ee7f4,RealizationRelationship,EA ModelSet
id-06e3b1230d0744b5a21b22a8a6ffc487,id-099205e0de124d659db7225c24e2e7ca,AssociationRelationship,EA ModelSet
id-6da56f81d89447a7b20eb9d441fb9077,id-06e3b1230d0744b5a21b22a8a6ffc487,ServingRelationship,EA ModelSet
id-58ada6cec1934bd398cbb1d7d72d1dee,id-4c725698f53b4e89a1d1f3541e0b3fce,AssignmentRelationship,EA ModelSet
id-69cc727bc84d49dba67c0c27a6e5cecf,id-f0910375f50d49efb44871d8ceadb10c,AssignmentRelationship,EA ModelSet
id-f0910375f50d49efb44871d8ceadb10c,id-4c725698f53b4e89a1d1f3541e0b3fce,ServingRelationship,EA ModelSet
id-5731bc4af5e24e0b9ea6cd5d7622d729,id-f0910375f50d49efb44871d8ceadb10c,AssignmentRelationship,EA ModelSet
id-77bcd129896c48e6930e6991a180af15,id-938a715a019b4f3b919f780e5a3c4c83,AssignmentRelationship,EA ModelSet
id-91f0c90eae984d83a5dc49c02c2a7475,id-77bcd129896c48e6930e6991a180af15,CompositionRelationship,EA ModelSet
id-938a715a019b4f3b919f780e5a3c4c83,id-099205e0de124d659db7225c24e2e7ca,ServingRelationship,EA ModelSet
id-58ada6cec1934bd398cbb1d7d72d1dee,id-4c725698f53b4e89a1d1f3541e0b3fce,AssignmentRelationship,EA ModelSet
id-b691eff892294f9a807f98d69053d8a6,id-8d8329f14ace46ccb862035535ab9581,RealizationRelationship,EA ModelSet
id-938a715a019b4f3b919f780e5a3c4c83,id-b691eff892294f9a807f98d69053d8a6,ServingRelationship,EA ModelSet
id-a3fe8156c3da408ea8a883077e2ee7f4,id-06e3b1230d0744b5a21b22a8a6ffc487,ServingRelationship,EA ModelSet
id-00fb6840056b4c97bda97016b06565d0,id-099205e0de124d659db7225c24e2e7ca,ServingRelationship,EA ModelSet
id-00fb6840056b4c97bda97016b06565d0,id-91f0c90eae984d83a5dc49c02c2a7475,ServingRelationship,EA ModelSet
id-26cb6b4747c24e8da09e951511a434b8,id-099205e0de124d659db7225c24e2e7ca,FlowRelationship,EA ModelSet
id-099205e0de124d659db7225c24e2e7ca,id-26cb6b4747c24e8da09e951511a434b8,FlowRelationship,EA ModelSet
id-91f0c90eae984d83a5dc49c02c2a7475,id-099205e0de124d659db7225c24e2e7ca,FlowRelationship,EA ModelSet
id-099205e0de124d659db7225c24e2e7ca,id-91f0c90eae984d83a5dc49c02c2a7475,FlowRelationship,EA ModelSet
id-06e3b1230d0744b5a21b22a8a6ffc487,id-099205e0de124d659db7225c24e2e7ca,FlowRelationship,EA ModelSet
id-099205e0de124d659db7225c24e2e7ca,id-06e3b1230d0744b5a21b22a8a6ffc487,FlowRelationship,EA ModelSet
id-099205e0de124d659db7225c24e2e7ca,id-5731bc4af5e24e0b9ea6cd5d7622d729,CompositionRelationship,EA ModelSet
id-005134b556e24781b01b7c680f28dd20,id-5731bc4af5e24e0b9ea6cd5d7622d729,ServingRelationship,EA ModelSet
id-236b9a1cbe974511b76e98bdce7d2551,id-5731bc4af5e24e0b9ea6cd5d7622d729,ServingRelationship,EA ModelSet
id-67d914aca6284507baf5493eb584c943,id-d3ec7a5e83bb4be3809b06a68f93702e,CompositionRelationship,EA ModelSet
id-06e3b1230d0744b5a21b22a8a6ffc487,id-995a2200cd2d47679d75f446aa61ab14,AggregationRelationship,EA ModelSet
id-00fb6840056b4c97bda97016b06565d0,id-56865f23f8a040a3a0101620d591cec7,AggregationRelationship,EA ModelSet
id-f58efea06b054d8f9eff16d04a36aea9,id-56865f23f8a040a3a0101620d591cec7,CompositionRelationship,EA ModelSet
id-00fb6840056b4c97bda97016b06565d0,id-f58efea06b054d8f9eff16d04a36aea9,TriggeringRelationship,EA ModelSet
id-f58efea06b054d8f9eff16d04a36aea9,id-00fb6840056b4c97bda97016b06565d0,AssociationRelationship,EA ModelSet
id-f58efea06b054d8f9eff16d04a36aea9,id-099205e0de124d659db7225c24e2e7ca,ServingRelationship,EA ModelSet
id-1a8f994fc091424cb30f93a7724295d4,id-91f0c90eae984d83a5dc49c02c2a7475,ServingRelationship,EA ModelSet
id-1a8f994fc091424cb30f93a7724295d4,id-00fb6840056b4c97bda97016b06565d0,AssociationRelationship,EA ModelSet
b5200a5c,id-9701b58f,AssignmentRelationship,EA ModelSet
e0d49e56,id-19743328,AssociationRelationship,EA ModelSet
e0d49e56,d4b6f0f1,AssociationRelationship,EA ModelSet
id-1c1b3cd1,id-62db0857,AssignmentRelationship,EA ModelSet
id-1c1b3cd1,id-6e4f4c07,AssignmentRelationship,EA ModelSet
id-7418c077,id-52815627,AssignmentRelationship,EA ModelSet
id-7418c077,b0c64641,AssignmentRelationship,EA ModelSet
b0c64641,id-83b101ba,CompositionRelationship,EA ModelSet
id-52815627,fd6dbb81,CompositionRelationship,EA ModelSet
id-7418c077,id-1d6f62df,AssociationRelationship,EA ModelSet
fd6dbb81,id-1d6f62df,AccessRelationship,EA ModelSet
e0d49e56,id-1d6f62df,AssociationRelationship,EA ModelSet
d4b6f0f1,id-83b101ba,ServingRelationship,EA ModelSet
id-6e4f4c07,c7de71a1,CompositionRelationship,EA ModelSet
id-62db0857,id-4578af63,CompositionRelationship,EA ModelSet
id-1c1b3cd1,id-56a782d4,AssociationRelationship,EA ModelSet
id-4578af63,id-56a782d4,AccessRelationship,EA ModelSet
b5200a5c,id-56a782d4,AssociationRelationship,EA ModelSet
id-1c1b3cd1,e0d49e56,RealizationRelationship,EA ModelSet
id-9701b58f,c7de71a1,ServingRelationship,EA ModelSet
id-7418c077,e0d49e56,AggregationRelationship,EA ModelSet
b5200a5c,id-1c1b3cd1,ServingRelationship,EA ModelSet
id-7418c077,id-1d6f62df,AccessRelationship,EA ModelSet
id-1c1b3cd1,id-56a782d4,AccessRelationship,EA ModelSet
id-83b101ba,d4b6f0f1,FlowRelationship,EA ModelSet
c7de71a1,id-9701b58f,FlowRelationship,EA ModelSet
d4b6f0f1,id-6e4f4c07,FlowRelationship,EA ModelSet
Resource-001,Resource-002,AssociationRelationship,EA ModelSet
id-19b5bae40a04499a945f523e9526f016,id-a8c8f618096e41bd8124ecf4c7911d23,AccessRelationship,EA ModelSet
id-a8c3d5cc45fb4a739b43f94cede4b6be,id-f74ff02ab2f04a13ae6d831e57b97309,AssociationRelationship,EA ModelSet
id-20cafc74995a4db7b1128a838ada734f,id-3d133038b5ac402084c4afd756e774f2,RealizationRelationship,EA ModelSet
id-5749a2c48ab34d6592fa6f41eca0709c,id-b40aca6dc22a48319d1943d1b63dc99e,RealizationRelationship,EA ModelSet
id-00df0132f5fa4b12b1d58791fab9adee,id-87aedc2ffb0e44f2b2c8714a49a9d347,AggregationRelationship,EA ModelSet
id-726f1cb5e860499ea8b3ab10318416c0,id-db42089482d54668b6c477dc5d1e482b,AssociationRelationship,EA ModelSet
id-c39db8f3099d46df8f9a4820c5155ee4,id-8a118a0286074b179590fbf85642d306,AccessRelationship,EA ModelSet
id-2d92dfbd1ce04bfbaa0620597f802576,id-61ae749108e1400db5c1e978139a397b,AssociationRelationship,EA ModelSet
id-61ae749108e1400db5c1e978139a397b,id-8a118a0286074b179590fbf85642d306,AccessRelationship,EA ModelSet
id-726f1cb5e860499ea8b3ab10318416c0,id-61ae749108e1400db5c1e978139a397b,AssociationRelationship,EA ModelSet
id-19b5bae40a04499a945f523e9526f016,id-52c4c20f9531405a8d627ae5b8a8e5a2,AccessRelationship,EA ModelSet
id-19b5bae40a04499a945f523e9526f016,id-77655e1ba127464aaac96cd21297cf10,AccessRelationship,EA ModelSet
id-a8c3d5cc45fb4a739b43f94cede4b6be,id-f2a4f6e12db74800932061ccf1d2e7f3,FlowRelationship,EA ModelSet
id-5749a2c48ab34d6592fa6f41eca0709c,id-701f9255327640e98c6df4c39efb2e06,RealizationRelationship,EA ModelSet
id-2d92dfbd1ce04bfbaa0620597f802576,id-db42089482d54668b6c477dc5d1e482b,AssociationRelationship,EA ModelSet
id-20cafc74995a4db7b1128a838ada734f,id-9ab60e6f7ebe485db1349a94da5cd441,CompositionRelationship,EA ModelSet
id-c39db8f3099d46df8f9a4820c5155ee4,id-db42089482d54668b6c477dc5d1e482b,FlowRelationship,EA ModelSet
id-19b5bae40a04499a945f523e9526f016,id-00df0132f5fa4b12b1d58791fab9adee,AccessRelationship,EA ModelSet
id-c4bad18117824b00b643374e564ddf89,id-a8c8f618096e41bd8124ecf4c7911d23,AccessRelationship,EA ModelSet
id-a8c3d5cc45fb4a739b43f94cede4b6be,id-5749a2c48ab34d6592fa6f41eca0709c,AssociationRelationship,EA ModelSet
id-b40ee1acb50840eda92854ca6cf4df2b,id-52c4c20f9531405a8d627ae5b8a8e5a2,AccessRelationship,EA ModelSet
id-2d92dfbd1ce04bfbaa0620597f802576,id-5ce5cc7ca9534a42908d25162087ba9e,RealizationRelationship,EA ModelSet
id-f2a4f6e12db74800932061ccf1d2e7f3,id-3d133038b5ac402084c4afd756e774f2,FlowRelationship,EA ModelSet
id-61ae749108e1400db5c1e978139a397b,id-69351950d7ea407d97c6878312144e78,AccessRelationship,EA ModelSet
id-61ae749108e1400db5c1e978139a397b,id-87aedc2ffb0e44f2b2c8714a49a9d347,AccessRelationship,EA ModelSet
id-db42089482d54668b6c477dc5d1e482b,id-a8c3d5cc45fb4a739b43f94cede4b6be,RealizationRelationship,EA ModelSet
id-a151fe0c4ff9479b96cda4894d987cae,id-0cb33b4b0c93424a8d7c7952d8d16c33,RealizationRelationship,EA ModelSet
id-5749a2c48ab34d6592fa6f41eca0709c,id-22cf2d5946e74338b5a1bcf79871aa33,RealizationRelationship,EA ModelSet
id-2d92dfbd1ce04bfbaa0620597f802576,id-f74ff02ab2f04a13ae6d831e57b97309,RealizationRelationship,EA ModelSet
id-61ae749108e1400db5c1e978139a397b,id-a8c3d5cc45fb4a739b43f94cede4b6be,RealizationRelationship,EA ModelSet
id-88564b3001874b8fb450f2b72de76d4d,id-c433ec1204e04a388a7500f6e3222b0d,TriggeringRelationship,EA ModelSet
id-726f1cb5e860499ea8b3ab10318416c0,id-35606c22096148f1a800517a734cb979,RealizationRelationship,EA ModelSet
id-88564b3001874b8fb450f2b72de76d4d,id-43381c9ab4fb4bbe971d62b941b87c98,RealizationRelationship,EA ModelSet
id-7f127949755848c58a3c157fc77ea209,id-a8c3d5cc45fb4a739b43f94cede4b6be,FlowRelationship,EA ModelSet
id-43381c9ab4fb4bbe971d62b941b87c98,id-7f127949755848c58a3c157fc77ea209,FlowRelationship,EA ModelSet
id-0cb33b4b0c93424a8d7c7952d8d16c33,id-a8c3d5cc45fb4a739b43f94cede4b6be,AssociationRelationship,EA ModelSet
id-20cafc74995a4db7b1128a838ada734f,id-945934e601df404385e1b70a808bc5fc,CompositionRelationship,EA ModelSet
id-844c2ed8ad34495f80a47da77afc0742,id-43381c9ab4fb4bbe971d62b941b87c98,RealizationRelationship,EA ModelSet
id-f74ff02ab2f04a13ae6d831e57b97309,id-bc20c842254d4ee29c261eda27e7e723,RealizationRelationship,EA ModelSet
id-00df0132f5fa4b12b1d58791fab9adee,id-54356f4c009e41e1909739fa2d5f7f13,AggregationRelationship,EA ModelSet
id-61ae749108e1400db5c1e978139a397b,id-00df0132f5fa4b12b1d58791fab9adee,AccessRelationship,EA ModelSet
id-726f1cb5e860499ea8b3ab10318416c0,id-b6d042bb5fa444a7a2d0149473c33073,RealizationRelationship,EA ModelSet
id-c4bad18117824b00b643374e564ddf89,id-463f4136867146dd9edb4e05bbd03ac0,AccessRelationship,EA ModelSet
id-c433ec1204e04a388a7500f6e3222b0d,id-52c4c20f9531405a8d627ae5b8a8e5a2,AccessRelationship,EA ModelSet
id-db42089482d54668b6c477dc5d1e482b,id-9ab60e6f7ebe485db1349a94da5cd441,FlowRelationship,EA ModelSet
id-f74ff02ab2f04a13ae6d831e57b97309,id-743bc4bdeafe42bb8f82eb335c77490e,RealizationRelationship,EA ModelSet
id-726f1cb5e860499ea8b3ab10318416c0,id-aaedb93ce96943f9b25726c017a2f7e5,RealizationRelationship,EA ModelSet
id-a151fe0c4ff9479b96cda4894d987cae,id-00df0132f5fa4b12b1d58791fab9adee,AccessRelationship,EA ModelSet
id-aa70ea946e3844a1b32ed4e490c7ca82,id-61ae749108e1400db5c1e978139a397b,CompositionRelationship,EA ModelSet
id-20cafc74995a4db7b1128a838ada734f,id-aa70ea946e3844a1b32ed4e490c7ca82,TriggeringRelationship,EA ModelSet
id-00df0132f5fa4b12b1d58791fab9adee,id-69351950d7ea407d97c6878312144e78,AggregationRelationship,EA ModelSet
id-b40ee1acb50840eda92854ca6cf4df2b,id-c433ec1204e04a388a7500f6e3222b0d,CompositionRelationship,EA ModelSet
id-88564b3001874b8fb450f2b72de76d4d,id-6adf3707e85247139275736646fef97e,TriggeringRelationship,EA ModelSet
id-61ae749108e1400db5c1e978139a397b,id-54356f4c009e41e1909739fa2d5f7f13,AccessRelationship,EA ModelSet
id-2d92dfbd1ce04bfbaa0620597f802576,id-6e100e389d5144a590801f1ed180c1ac,RealizationRelationship,EA ModelSet
id-e5e1d46ebf9d43f2bba82d8e4cd31f84,id-844c2ed8ad34495f80a47da77afc0742,TriggeringRelationship,EA ModelSet
id-844c2ed8ad34495f80a47da77afc0742,id-77655e1ba127464aaac96cd21297cf10,AccessRelationship,EA ModelSet
id-9ab60e6f7ebe485db1349a94da5cd441,id-61ae749108e1400db5c1e978139a397b,AssociationRelationship,EA ModelSet
id-cf0e48b2ff60495a8ae8a01b7d9621a0,id-3de5371b796a4ccd8cbca8a02bcf2805,CompositionRelationship,EA ModelSet
id-cf0e48b2ff60495a8ae8a01b7d9621a0,id-3171246ddbe74e61a1e19771fb947fc7,CompositionRelationship,EA ModelSet
id-cf0e48b2ff60495a8ae8a01b7d9621a0,id-5ba9feed70ee4281bad294c82298efd4,CompositionRelationship,EA ModelSet
id-cf0e48b2ff60495a8ae8a01b7d9621a0,id-f7027ec27744421c899bcbe43dea8436,CompositionRelationship,EA ModelSet
id-cf0e48b2ff60495a8ae8a01b7d9621a0,id-a175819b897c4963b3db1bdee7df6317,CompositionRelationship,EA ModelSet
id-f7027ec27744421c899bcbe43dea8436,id-e6cd28550e744460a6082147f79e872a,CompositionRelationship,EA ModelSet
id-f7027ec27744421c899bcbe43dea8436,id-990fd8b2661143e9a8a62505f03eea7f,CompositionRelationship,EA ModelSet
id-f7027ec27744421c899bcbe43dea8436,id-22b2ad92374b4e18935540861e8c081e,CompositionRelationship,EA ModelSet
id-a175819b897c4963b3db1bdee7df6317,id-8f400676301645f5a62416182eaf86f1,CompositionRelationship,EA ModelSet
id-a175819b897c4963b3db1bdee7df6317,id-3aa27af1903a45d0928aedc164bb3585,CompositionRelationship,EA ModelSet
id-a175819b897c4963b3db1bdee7df6317,id-9defd5eee2524386989e7eb4645d16db,CompositionRelationship,EA ModelSet
id-a175819b897c4963b3db1bdee7df6317,id-2e36a583fb714ae5aae0056db55ceda6,CompositionRelationship,EA ModelSet
id-3de5371b796a4ccd8cbca8a02bcf2805,id-584f85cb84624ad0a4eba7eb187d5818,CompositionRelationship,EA ModelSet
id-3de5371b796a4ccd8cbca8a02bcf2805,id-ec69d13ff49b4d92a6fd71bbc599cb70,CompositionRelationship,EA ModelSet
id-3de5371b796a4ccd8cbca8a02bcf2805,id-61d96b8063494859b45b6cdf588e0f56,CompositionRelationship,EA ModelSet
id-a175819b897c4963b3db1bdee7df6317,id-9e4d807172454506ab59b13562310647,AssignmentRelationship,EA ModelSet
id-a175819b897c4963b3db1bdee7df6317,id-9677973cd7504818bde039bb85f99814,AssignmentRelationship,EA ModelSet
id-dd7db285bd024953b26ba5411a24f2db,id-b165978e315743259fb9cccbecff1ac4,CompositionRelationship,EA ModelSet
id-dd7db285bd024953b26ba5411a24f2db,id-7814f33ba6574bb788d3a2791e33150c,CompositionRelationship,EA ModelSet
id-dd7db285bd024953b26ba5411a24f2db,id-796e199a1e514fc4b7a4f87efe3bb868,CompositionRelationship,EA ModelSet
id-dd7db285bd024953b26ba5411a24f2db,id-cc7a5f5cb8d9478798e313c425b71578,CompositionRelationship,EA ModelSet
id-c6e761dbb9194bb4bbbc1d4984360a99,id-d67dac45f19440b8bee21dd1d497ee4c,CompositionRelationship,EA ModelSet
id-c6e761dbb9194bb4bbbc1d4984360a99,id-b6b808bd9ea8413eb1b563249e151dbd,CompositionRelationship,EA ModelSet
id-b165978e315743259fb9cccbecff1ac4,id-7814f33ba6574bb788d3a2791e33150c,TriggeringRelationship,EA ModelSet
id-7814f33ba6574bb788d3a2791e33150c,id-796e199a1e514fc4b7a4f87efe3bb868,TriggeringRelationship,EA ModelSet
id-796e199a1e514fc4b7a4f87efe3bb868,id-cc7a5f5cb8d9478798e313c425b71578,TriggeringRelationship,EA ModelSet
id-cc7a5f5cb8d9478798e313c425b71578,id-d67dac45f19440b8bee21dd1d497ee4c,TriggeringRelationship,EA ModelSet
id-d67dac45f19440b8bee21dd1d497ee4c,id-b6b808bd9ea8413eb1b563249e151dbd,TriggeringRelationship,EA ModelSet
id-dd7db285bd024953b26ba5411a24f2db,id-9e4d807172454506ab59b13562310647,RealizationRelationship,EA ModelSet
id-c6e761dbb9194bb4bbbc1d4984360a99,id-9677973cd7504818bde039bb85f99814,RealizationRelationship,EA ModelSet
id-7665c1237cd245519e54b0ca3a3337d3,id-fb83e710d3e84271b8d204ad4b905dbf,AssociationRelationship,EA ModelSet
id-b629ca3dbe454dd49fb37b0ab5de8863,id-fb83e710d3e84271b8d204ad4b905dbf,AssociationRelationship,EA ModelSet
id-9eef760845954f7e9add230643b4b902,id-7665c1237cd245519e54b0ca3a3337d3,AccessRelationship,EA ModelSet
id-9eef760845954f7e9add230643b4b902,id-572463e9accc4275acbe4302ec61d8d4,AccessRelationship,EA ModelSet
id-3909f93c1e4b418eab2114da1e437c86,id-b629ca3dbe454dd49fb37b0ab5de8863,AccessRelationship,EA ModelSet
id-7825729d0bf74e46b06153a15f25e78d,id-b629ca3dbe454dd49fb37b0ab5de8863,AccessRelationship,EA ModelSet
id-3909f93c1e4b418eab2114da1e437c86,id-deb5844b1adb466c807129230ac67c17,AccessRelationship,EA ModelSet
id-7825729d0bf74e46b06153a15f25e78d,id-fa207a399dcc47d98adbb6e6f3dcbb3e,AccessRelationship,EA ModelSet
id-ca2073722f0a4048a08e0c59e42b2d9d,id-572463e9accc4275acbe4302ec61d8d4,AccessRelationship,EA ModelSet
id-ca2073722f0a4048a08e0c59e42b2d9d,id-deb5844b1adb466c807129230ac67c17,AccessRelationship,EA ModelSet
id-ca2073722f0a4048a08e0c59e42b2d9d,id-fa207a399dcc47d98adbb6e6f3dcbb3e,AccessRelationship,EA ModelSet
id-1323619230694797a73777f2ed8b8294,id-9eef760845954f7e9add230643b4b902,CompositionRelationship,EA ModelSet
id-1323619230694797a73777f2ed8b8294,id-7825729d0bf74e46b06153a15f25e78d,CompositionRelationship,EA ModelSet
id-1323619230694797a73777f2ed8b8294,id-3909f93c1e4b418eab2114da1e437c86,CompositionRelationship,EA ModelSet
id-1323619230694797a73777f2ed8b8294,id-b165978e315743259fb9cccbecff1ac4,AssignmentRelationship,EA ModelSet
id-ca2073722f0a4048a08e0c59e42b2d9d,id-7814f33ba6574bb788d3a2791e33150c,AssignmentRelationship,EA ModelSet
id-9eef760845954f7e9add230643b4b902,id-50e1769537984c5c8ce413a90968f883,AssociationRelationship,EA ModelSet
id-ca2073722f0a4048a08e0c59e42b2d9d,id-50e1769537984c5c8ce413a90968f883,AssociationRelationship,EA ModelSet
id-ca2073722f0a4048a08e0c59e42b2d9d,id-9291b7a4ef9e4f828d1cffe5bce4cf93,AccessRelationship,EA ModelSet
id-1180247e194541f2a8598a5afd7e888b,id-9291b7a4ef9e4f828d1cffe5bce4cf93,AccessRelationship,EA ModelSet
id-1180247e194541f2a8598a5afd7e888b,id-fa5567349c2f45628e3f333639337f92,AccessRelationship,EA ModelSet
id-1180247e194541f2a8598a5afd7e888b,id-f109078cd137423b9df5b5ef80190091,AccessRelationship,EA ModelSet
id-1180247e194541f2a8598a5afd7e888b,id-796e199a1e514fc4b7a4f87efe3bb868,AssignmentRelationship,EA ModelSet
id-1180247e194541f2a8598a5afd7e888b,id-e7ab20b8692e4ebaa03b0b9bddf9efbc,AccessRelationship,EA ModelSet
id-2076a2ad28274f5dae183182be0fb005,id-e7ab20b8692e4ebaa03b0b9bddf9efbc,AccessRelationship,EA ModelSet
id-2076a2ad28274f5dae183182be0fb005,id-cc7a5f5cb8d9478798e313c425b71578,AssignmentRelationship,EA ModelSet
id-b86e391fd8c6481688370fe5eddd3dba,id-5d51c680ec7c476482f50afb5fe7bcbd,CompositionRelationship,EA ModelSet
id-b86e391fd8c6481688370fe5eddd3dba,id-e583584921784ed9b9e614aa57398c6a,CompositionRelationship,EA ModelSet
id-2076a2ad28274f5dae183182be0fb005,id-e583584921784ed9b9e614aa57398c6a,AccessRelationship,EA ModelSet
id-bbcb927497704633ad69bc5039d30159,id-e583584921784ed9b9e614aa57398c6a,AccessRelationship,EA ModelSet
id-bbcb927497704633ad69bc5039d30159,id-d67dac45f19440b8bee21dd1d497ee4c,AssignmentRelationship,EA ModelSet
id-50e1769537984c5c8ce413a90968f883,id-b6b808bd9ea8413eb1b563249e151dbd,AssignmentRelationship,EA ModelSet
id-bbcb927497704633ad69bc5039d30159,id-50e1769537984c5c8ce413a90968f883,AssociationRelationship,EA ModelSet
id-2076a2ad28274f5dae183182be0fb005,id-50e1769537984c5c8ce413a90968f883,AssociationRelationship,EA ModelSet
id-1180247e194541f2a8598a5afd7e888b,id-50e1769537984c5c8ce413a90968f883,AssociationRelationship,EA ModelSet
id-2076a2ad28274f5dae183182be0fb005,id-ab98b05b21094d84ac20d544cd8df0f7,CompositionRelationship,EA ModelSet
id-ab98b05b21094d84ac20d544cd8df0f7,id-85983f89ec28443184e79d86857aa808,CompositionRelationship,EA ModelSet
id-ab98b05b21094d84ac20d544cd8df0f7,id-6c1e7f1188614945a67599a1541d092d,CompositionRelationship,EA ModelSet
id-85983f89ec28443184e79d86857aa808,id-6c1e7f1188614945a67599a1541d092d,FlowRelationship,EA ModelSet
id-72c7742dbcb947b0a3e33cb91f9c148a,id-ef70b8e6bfad4bf4a037503c221d589b,AssociationRelationship,EA ModelSet
id-a44710fdd04743a4beb9c28886b1bc28,id-ef70b8e6bfad4bf4a037503c221d589b,AssociationRelationship,EA ModelSet
id-aa3613cac26b4597954637ca2b6efc3f,id-ef70b8e6bfad4bf4a037503c221d589b,AssociationRelationship,EA ModelSet
id-a44710fdd04743a4beb9c28886b1bc28,id-c69a6b191b514c3aa32f979e72aab77f,AssociationRelationship,EA ModelSet
id-72c7742dbcb947b0a3e33cb91f9c148a,id-c69a6b191b514c3aa32f979e72aab77f,AssociationRelationship,EA ModelSet
id-72c7742dbcb947b0a3e33cb91f9c148a,id-bf8cc9a14cfb440d910ab964deeba519,AssociationRelationship,EA ModelSet
id-4b14850974194072b15f56dc157ada89,id-c69a6b191b514c3aa32f979e72aab77f,InfluenceRelationship,EA ModelSet
id-4b14850974194072b15f56dc157ada89,id-bf8cc9a14cfb440d910ab964deeba519,InfluenceRelationship,EA ModelSet
id-8374731247564e948a8a89ed9ced0104,id-bf8cc9a14cfb440d910ab964deeba519,InfluenceRelationship,EA ModelSet
id-5811ba5d5b1a4e2ab3c3d96f693c0cd9,id-bf8cc9a14cfb440d910ab964deeba519,InfluenceRelationship,EA ModelSet
id-aa3613cac26b4597954637ca2b6efc3f,id-064dae36d92b4a82b5af4a26b3b25f6c,AssociationRelationship,EA ModelSet
id-a44710fdd04743a4beb9c28886b1bc28,id-064dae36d92b4a82b5af4a26b3b25f6c,AssociationRelationship,EA ModelSet
id-d8d1de880b3646178b3351fe07cfe863,id-aa3613cac26b4597954637ca2b6efc3f,AssociationRelationship,EA ModelSet
id-beda6bb2881f4dd69c7b92743cd48922,id-d8d1de880b3646178b3351fe07cfe863,AssociationRelationship,EA ModelSet
id-52a39464bdfe4941987bef2876eb4afe,id-aa3613cac26b4597954637ca2b6efc3f,AssociationRelationship,EA ModelSet
id-d8d1de880b3646178b3351fe07cfe863,id-61749eeb109749cfb844cf9e357df348,AssociationRelationship,EA ModelSet
id-1d5440560b504dd9ae81389578aa12ca,id-beda6bb2881f4dd69c7b92743cd48922,AssociationRelationship,EA ModelSet
id-6ca599d6e9af4488aa3ab620e30c637a,id-beda6bb2881f4dd69c7b92743cd48922,AssociationRelationship,EA ModelSet
id-6ca599d6e9af4488aa3ab620e30c637a,id-52a39464bdfe4941987bef2876eb4afe,AssociationRelationship,EA ModelSet
id-28511191f3cc40ba8dc9fa8de959bb0d,id-52a39464bdfe4941987bef2876eb4afe,AssociationRelationship,EA ModelSet
id-e2ae6b7de3e64462822a657f24f9b2ce,id-1d5440560b504dd9ae81389578aa12ca,RealizationRelationship,EA ModelSet
id-e2ae6b7de3e64462822a657f24f9b2ce,id-6ca599d6e9af4488aa3ab620e30c637a,RealizationRelationship,EA ModelSet
id-e2ae6b7de3e64462822a657f24f9b2ce,id-28511191f3cc40ba8dc9fa8de959bb0d,RealizationRelationship,EA ModelSet
id-e2ae6b7de3e64462822a657f24f9b2ce,id-6832971725e546cc9b350b395d2e8b74,AggregationRelationship,EA ModelSet
id-be2f97eb3da54b1ea0dcc2d13b99b945,id-5d51f144f5f4495ca41e25b6b6a276ca,AssociationRelationship,EA ModelSet
id-58efe2cd7cc34ba59453a54b12201e98,id-5d51f144f5f4495ca41e25b6b6a276ca,RealizationRelationship,EA ModelSet
id-58efe2cd7cc34ba59453a54b12201e98,id-e267c42c39e64adc9c141d01a5245f62,CompositionRelationship,EA ModelSet
id-58efe2cd7cc34ba59453a54b12201e98,id-ed5cc8888e1a4d969f683fa0063a2945,CompositionRelationship,EA ModelSet
id-58efe2cd7cc34ba59453a54b12201e98,id-f573099553b347c28e695710203b383b,CompositionRelationship,EA ModelSet
id-58efe2cd7cc34ba59453a54b12201e98,id-c3b87e9a4e5a4683a7d73f49cef908df,CompositionRelationship,EA ModelSet
id-58efe2cd7cc34ba59453a54b12201e98,id-d988b997f20043579647f6f164613255,CompositionRelationship,EA ModelSet
id-58efe2cd7cc34ba59453a54b12201e98,id-22f6af117a7a484faaa3ce22626fc6b7,CompositionRelationship,EA ModelSet
id-88aa7278d80346bb9249d553a51b10e2,id-c3b87e9a4e5a4683a7d73f49cef908df,AssociationRelationship,EA ModelSet
id-2460304fe3ec48f19ef1110ddd09fe1a,id-ed5cc8888e1a4d969f683fa0063a2945,AssociationRelationship,EA ModelSet
id-58efe2cd7cc34ba59453a54b12201e98,id-405cd478d964476bb26f3ee86b092217,AssociationRelationship,EA ModelSet
id-58efe2cd7cc34ba59453a54b12201e98,id-0ad47309f6234b648919bc036fcff6e9,AssociationRelationship,EA ModelSet
id-0ad47309f6234b648919bc036fcff6e9,id-ac56fc01080640c1b789532b6e0be227,CompositionRelationship,EA ModelSet
id-0ad47309f6234b648919bc036fcff6e9,id-175b2ec4748a480d824c15b358825eb3,CompositionRelationship,EA ModelSet
id-0ad47309f6234b648919bc036fcff6e9,id-45bc1e8a1ba8483abb5a5b2411239df9,CompositionRelationship,EA ModelSet
id-0ad47309f6234b648919bc036fcff6e9,id-ce5720fcb9264419bcf6231f8899ce34,CompositionRelationship,EA ModelSet
id-405cd478d964476bb26f3ee86b092217,id-2f12fe21068b47da8199f119a25c157f,CompositionRelationship,EA ModelSet
id-405cd478d964476bb26f3ee86b092217,id-9220e7b77ac4434cba364dbb3c37461e,CompositionRelationship,EA ModelSet
id-405cd478d964476bb26f3ee86b092217,id-fb552612a0a2405580e65c8067cfe842,CompositionRelationship,EA ModelSet
id-405cd478d964476bb26f3ee86b092217,id-7c29f937451a484fa760ced597379eaf,CompositionRelationship,EA ModelSet
id-405cd478d964476bb26f3ee86b092217,id-a0b5d6044e834fe89d827fd9bf1ac609,CompositionRelationship,EA ModelSet
id-405cd478d964476bb26f3ee86b092217,id-7d06d6d53c444978a0b2b9c160ac571f,CompositionRelationship,EA ModelSet
id-9e7acd07e7634e1296db33ad232b91c3,id-58efe2cd7cc34ba59453a54b12201e98,ServingRelationship,EA ModelSet
id-9e7acd07e7634e1296db33ad232b91c3,id-b95ba1be756f438893ea761c75587b2c,CompositionRelationship,EA ModelSet
id-9e7acd07e7634e1296db33ad232b91c3,id-dae1db70bfa64c3f9ed4c605882ac865,CompositionRelationship,EA ModelSet
id-9e7acd07e7634e1296db33ad232b91c3,id-e72b4607cb224bc29129332235fe23c5,CompositionRelationship,EA ModelSet
id-9e7acd07e7634e1296db33ad232b91c3,id-4dad704cc24b4268b0d5b3586c138329,CompositionRelationship,EA ModelSet
id-9e7acd07e7634e1296db33ad232b91c3,id-4fff8ad1d6f14075b61a53c3c8461e85,CompositionRelationship,EA ModelSet
id-9e7acd07e7634e1296db33ad232b91c3,id-96d8271814d443b8ab91a344dc884cd3,CompositionRelationship,EA ModelSet
id-9e7acd07e7634e1296db33ad232b91c3,id-99faee229f7440cdbfce1e5f1b5a03e5,CompositionRelationship,EA ModelSet
id-9e7acd07e7634e1296db33ad232b91c3,id-e4e0d8de20eb4b03a3fdfe79d7911326,CompositionRelationship,EA ModelSet
id-4111fb20391d444dab1cbeaf9f23e20d,id-9e7acd07e7634e1296db33ad232b91c3,RealizationRelationship,EA ModelSet
id-4111fb20391d444dab1cbeaf9f23e20d,id-830a7eecf018461983490796818198ca,CompositionRelationship,EA ModelSet
id-4111fb20391d444dab1cbeaf9f23e20d,id-3c39ed45f65d4511afd47e1590457d9a,CompositionRelationship,EA ModelSet
id-4111fb20391d444dab1cbeaf9f23e20d,id-ac201b79561b41328eab38c4a4441c12,CompositionRelationship,EA ModelSet
id-830a7eecf018461983490796818198ca,id-3c39ed45f65d4511afd47e1590457d9a,AssociationRelationship,EA ModelSet
id-3c39ed45f65d4511afd47e1590457d9a,id-ac201b79561b41328eab38c4a4441c12,AssociationRelationship,EA ModelSet
id-3c39ed45f65d4511afd47e1590457d9a,id-956c1011e50c47e1aeba842b9bb0dcf2,AccessRelationship,EA ModelSet
id-956c1011e50c47e1aeba842b9bb0dcf2,id-0ad47309f6234b648919bc036fcff6e9,RealizationRelationship,EA ModelSet
id-956c1011e50c47e1aeba842b9bb0dcf2,id-405cd478d964476bb26f3ee86b092217,RealizationRelationship,EA ModelSet
id-7bded2d3d88f4302b81adbfe4f691203,id-be2f97eb3da54b1ea0dcc2d13b99b945,ServingRelationship,EA ModelSet
id-cc2e87af006f41db83f19d657791a43b,id-be2f97eb3da54b1ea0dcc2d13b99b945,ServingRelationship,EA ModelSet
id-238ac61d3ec64d16bdc3eaaf7b870dfb,id-be2f97eb3da54b1ea0dcc2d13b99b945,ServingRelationship,EA ModelSet
id-df7e32d2dbc7463589af8456e79f33dd,id-be2f97eb3da54b1ea0dcc2d13b99b945,ServingRelationship,EA ModelSet
id-0fabe589b7e14c488e0f5187361c698b,id-be2f97eb3da54b1ea0dcc2d13b99b945,ServingRelationship,EA ModelSet
id-3de5371b796a4ccd8cbca8a02bcf2805,id-c9434c4f7a6d425fa2503bc9bb82d97b,AssignmentRelationship,EA ModelSet
id-3de5371b796a4ccd8cbca8a02bcf2805,id-e18444d8dade47a8920d4bce5424026e,AssignmentRelationship,EA ModelSet
id-3de5371b796a4ccd8cbca8a02bcf2805,id-e8f5aed7305b4c4883725483011a1929,AssignmentRelationship,EA ModelSet
id-3de5371b796a4ccd8cbca8a02bcf2805,id-cce6d2fe166f4dc9a42dec6874db75df,AssignmentRelationship,EA ModelSet
id-3de5371b796a4ccd8cbca8a02bcf2805,id-5c6cfee2eaf1437387f66dd5791513f2,AssignmentRelationship,EA ModelSet
id-c9434c4f7a6d425fa2503bc9bb82d97b,id-0fabe589b7e14c488e0f5187361c698b,RealizationRelationship,EA ModelSet
id-cce6d2fe166f4dc9a42dec6874db75df,id-df7e32d2dbc7463589af8456e79f33dd,RealizationRelationship,EA ModelSet
id-e18444d8dade47a8920d4bce5424026e,id-238ac61d3ec64d16bdc3eaaf7b870dfb,RealizationRelationship,EA ModelSet
id-e8f5aed7305b4c4883725483011a1929,id-cc2e87af006f41db83f19d657791a43b,RealizationRelationship,EA ModelSet
id-5c6cfee2eaf1437387f66dd5791513f2,id-7bded2d3d88f4302b81adbfe4f691203,RealizationRelationship,EA ModelSet
id-05e4353616b34ba9ad7ed7d30496baf8,id-c9434c4f7a6d425fa2503bc9bb82d97b,ServingRelationship,EA ModelSet
id-05e4353616b34ba9ad7ed7d30496baf8,id-cce6d2fe166f4dc9a42dec6874db75df,ServingRelationship,EA ModelSet
id-f7027ec27744421c899bcbe43dea8436,id-05e4353616b34ba9ad7ed7d30496baf8,AssignmentRelationship,EA ModelSet
id-cce6d2fe166f4dc9a42dec6874db75df,id-1dfa5fc2095b42f4bbf5443678b96dde,FlowRelationship,EA ModelSet
id-1dfa5fc2095b42f4bbf5443678b96dde,id-e18444d8dade47a8920d4bce5424026e,FlowRelationship,EA ModelSet
id-3de5371b796a4ccd8cbca8a02bcf2805,id-1dfa5fc2095b42f4bbf5443678b96dde,AssignmentRelationship,EA ModelSet
id-1dfa5fc2095b42f4bbf5443678b96dde,id-7c22d3e0ebe14366a1aae4fae9a5fe9d,FlowRelationship,EA ModelSet
id-7c22d3e0ebe14366a1aae4fae9a5fe9d,id-1dfa5fc2095b42f4bbf5443678b96dde,FlowRelationship,EA ModelSet
id-a175819b897c4963b3db1bdee7df6317,id-7c22d3e0ebe14366a1aae4fae9a5fe9d,AssignmentRelationship,EA ModelSet
id-f7027ec27744421c899bcbe43dea8436,id-e267c42c39e64adc9c141d01a5245f62,AssignmentRelationship,EA ModelSet
id-a175819b897c4963b3db1bdee7df6317,id-d988b997f20043579647f6f164613255,AssignmentRelationship,EA ModelSet
id-a175819b897c4963b3db1bdee7df6317,id-c3b87e9a4e5a4683a7d73f49cef908df,AssignmentRelationship,EA ModelSet
id-a175819b897c4963b3db1bdee7df6317,id-afaf273263154f07bc6b0066644699a4,AssignmentRelationship,EA ModelSet
id-3de5371b796a4ccd8cbca8a02bcf2805,id-50f310c322324a7385b9ac849613268f,AssignmentRelationship,EA ModelSet
id-3de5371b796a4ccd8cbca8a02bcf2805,id-e7dd67109b7a43e4b01b8a9c190dda73,AssignmentRelationship,EA ModelSet
id-3de5371b796a4ccd8cbca8a02bcf2805,id-1fc36e05008d4447991f3bb1bcb7476d,AssignmentRelationship,EA ModelSet
id-3de5371b796a4ccd8cbca8a02bcf2805,id-25075cf434e54e0d8d281511aab0d6a7,AssignmentRelationship,EA ModelSet
id-e267c42c39e64adc9c141d01a5245f62,id-50f310c322324a7385b9ac849613268f,FlowRelationship,EA ModelSet
id-50f310c322324a7385b9ac849613268f,id-e267c42c39e64adc9c141d01a5245f62,FlowRelationship,EA ModelSet
id-be2f97eb3da54b1ea0dcc2d13b99b945,id-50f310c322324a7385b9ac849613268f,FlowRelationship,EA ModelSet
id-50f310c322324a7385b9ac849613268f,id-be2f97eb3da54b1ea0dcc2d13b99b945,FlowRelationship,EA ModelSet
id-50f310c322324a7385b9ac849613268f,id-e7dd67109b7a43e4b01b8a9c190dda73,FlowRelationship,EA ModelSet
id-e7dd67109b7a43e4b01b8a9c190dda73,id-50f310c322324a7385b9ac849613268f,FlowRelationship,EA ModelSet
id-e7dd67109b7a43e4b01b8a9c190dda73,id-be2f97eb3da54b1ea0dcc2d13b99b945,FlowRelationship,EA ModelSet
id-be2f97eb3da54b1ea0dcc2d13b99b945,id-e7dd67109b7a43e4b01b8a9c190dda73,FlowRelationship,EA ModelSet
id-e7dd67109b7a43e4b01b8a9c190dda73,id-be2f97eb3da54b1ea0dcc2d13b99b945,FlowRelationship,EA ModelSet
id-e7dd67109b7a43e4b01b8a9c190dda73,id-be2f97eb3da54b1ea0dcc2d13b99b945,FlowRelationship,EA ModelSet
id-e7dd67109b7a43e4b01b8a9c190dda73,id-d988b997f20043579647f6f164613255,FlowRelationship,EA ModelSet
id-d988b997f20043579647f6f164613255,id-e7dd67109b7a43e4b01b8a9c190dda73,FlowRelationship,EA ModelSet
id-e7dd67109b7a43e4b01b8a9c190dda73,id-1fc36e05008d4447991f3bb1bcb7476d,FlowRelationship,EA ModelSet
id-e7dd67109b7a43e4b01b8a9c190dda73,id-25075cf434e54e0d8d281511aab0d6a7,FlowRelationship,EA ModelSet
id-25075cf434e54e0d8d281511aab0d6a7,id-e7dd67109b7a43e4b01b8a9c190dda73,FlowRelationship,EA ModelSet
id-25075cf434e54e0d8d281511aab0d6a7,id-be2f97eb3da54b1ea0dcc2d13b99b945,FlowRelationship,EA ModelSet
id-be2f97eb3da54b1ea0dcc2d13b99b945,id-25075cf434e54e0d8d281511aab0d6a7,FlowRelationship,EA ModelSet
id-d988b997f20043579647f6f164613255,id-9677973cd7504818bde039bb85f99814,FlowRelationship,EA ModelSet
id-9677973cd7504818bde039bb85f99814,id-d988b997f20043579647f6f164613255,FlowRelationship,EA ModelSet
id-d988b997f20043579647f6f164613255,id-c3b87e9a4e5a4683a7d73f49cef908df,FlowRelationship,EA ModelSet
id-c3b87e9a4e5a4683a7d73f49cef908df,id-9677973cd7504818bde039bb85f99814,FlowRelationship,EA ModelSet
id-afaf273263154f07bc6b0066644699a4,id-c3b87e9a4e5a4683a7d73f49cef908df,FlowRelationship,EA ModelSet
id-e15e2c38435e43e09932157129209322,id-563d9ffb27064667b99aa2811b6cc4e7,CompositionRelationship,EA ModelSet
id-e15e2c38435e43e09932157129209322,id-f9fcb127787841128cb864387ac754c3,CompositionRelationship,EA ModelSet
id-e15e2c38435e43e09932157129209322,id-8a20c53fd6574147915a8d5c7043c99d,CompositionRelationship,EA ModelSet
id-e15e2c38435e43e09932157129209322,id-5a74d4558ac94f0bace227bb01d3d652,CompositionRelationship,EA ModelSet
id-563d9ffb27064667b99aa2811b6cc4e7,id-f9fcb127787841128cb864387ac754c3,FlowRelationship,EA ModelSet
id-f9fcb127787841128cb864387ac754c3,id-563d9ffb27064667b99aa2811b6cc4e7,FlowRelationship,EA ModelSet
id-563d9ffb27064667b99aa2811b6cc4e7,id-8a20c53fd6574147915a8d5c7043c99d,FlowRelationship,EA ModelSet
id-8a20c53fd6574147915a8d5c7043c99d,id-563d9ffb27064667b99aa2811b6cc4e7,FlowRelationship,EA ModelSet
id-563d9ffb27064667b99aa2811b6cc4e7,id-5a74d4558ac94f0bace227bb01d3d652,FlowRelationship,EA ModelSet
id-5a74d4558ac94f0bace227bb01d3d652,id-563d9ffb27064667b99aa2811b6cc4e7,FlowRelationship,EA ModelSet
id-08833b2896a8483f80d9bba78a877860,id-f148a583851b4fbbbaf28727651c6310,CompositionRelationship,EA ModelSet
id-08833b2896a8483f80d9bba78a877860,id-9a1d90b491af4ad89891d565400bd440,CompositionRelationship,EA ModelSet
id-563d9ffb27064667b99aa2811b6cc4e7,id-f148a583851b4fbbbaf28727651c6310,FlowRelationship,EA ModelSet
id-f148a583851b4fbbbaf28727651c6310,id-563d9ffb27064667b99aa2811b6cc4e7,FlowRelationship,EA ModelSet
id-563d9ffb27064667b99aa2811b6cc4e7,id-9a1d90b491af4ad89891d565400bd440,FlowRelationship,EA ModelSet
id-9a1d90b491af4ad89891d565400bd440,id-563d9ffb27064667b99aa2811b6cc4e7,FlowRelationship,EA ModelSet
id-e15e2c38435e43e09932157129209322,id-48cf08cee98743b5af295ec60b8fbe81,CompositionRelationship,EA ModelSet
id-563d9ffb27064667b99aa2811b6cc4e7,id-48cf08cee98743b5af295ec60b8fbe81,FlowRelationship,EA ModelSet
id-48cf08cee98743b5af295ec60b8fbe81,id-563d9ffb27064667b99aa2811b6cc4e7,FlowRelationship,EA ModelSet
id-e15e2c38435e43e09932157129209322,id-ac201b79561b41328eab38c4a4441c12,CompositionRelationship,EA ModelSet
id-ac201b79561b41328eab38c4a4441c12,id-563d9ffb27064667b99aa2811b6cc4e7,FlowRelationship,EA ModelSet
id-563d9ffb27064667b99aa2811b6cc4e7,id-ac201b79561b41328eab38c4a4441c12,FlowRelationship,EA ModelSet
id-ac201b79561b41328eab38c4a4441c12,id-c712b01f48914866a390d2d5c9ca35a6,CompositionRelationship,EA ModelSet
id-ac201b79561b41328eab38c4a4441c12,id-b304324f00de4509b10abd1ea34d4fa7,CompositionRelationship,EA ModelSet
id-ac201b79561b41328eab38c4a4441c12,id-c2857e67321e4a1799f42457500c370e,CompositionRelationship,EA ModelSet
id-ac201b79561b41328eab38c4a4441c12,id-fca500d812ab4c6f8d63f1f0c62322ff,CompositionRelationship,EA ModelSet
id-e15e2c38435e43e09932157129209322,id-de1d3b1aaabd442f8893fa73c0d4add5,CompositionRelationship,EA ModelSet
id-de1d3b1aaabd442f8893fa73c0d4add5,id-ac201b79561b41328eab38c4a4441c12,FlowRelationship,EA ModelSet
id-ac201b79561b41328eab38c4a4441c12,id-de1d3b1aaabd442f8893fa73c0d4add5,FlowRelationship,EA ModelSet
id-08833b2896a8483f80d9bba78a877860,id-aa60548f8d32460ebc16902c6245d8ac,CompositionRelationship,EA ModelSet
id-08833b2896a8483f80d9bba78a877860,id-674637fb115b40f099b77f252205428f,CompositionRelationship,EA ModelSet
id-08833b2896a8483f80d9bba78a877860,id-6f8730a5e205491999685a8b4a8a60a6,CompositionRelationship,EA ModelSet
id-6f8730a5e205491999685a8b4a8a60a6,id-563d9ffb27064667b99aa2811b6cc4e7,FlowRelationship,EA ModelSet
id-563d9ffb27064667b99aa2811b6cc4e7,id-6f8730a5e205491999685a8b4a8a60a6,FlowRelationship,EA ModelSet
id-674637fb115b40f099b77f252205428f,id-563d9ffb27064667b99aa2811b6cc4e7,FlowRelationship,EA ModelSet
id-563d9ffb27064667b99aa2811b6cc4e7,id-674637fb115b40f099b77f252205428f,FlowRelationship,EA ModelSet
id-aa60548f8d32460ebc16902c6245d8ac,id-563d9ffb27064667b99aa2811b6cc4e7,FlowRelationship,EA ModelSet
id-563d9ffb27064667b99aa2811b6cc4e7,id-aa60548f8d32460ebc16902c6245d8ac,FlowRelationship,EA ModelSet
id-6352f70292fe47408e2203a0135ef116,id-68ed6ffcdc204add81b74aef8a632367,CompositionRelationship,EA ModelSet
id-68ed6ffcdc204add81b74aef8a632367,id-563d9ffb27064667b99aa2811b6cc4e7,FlowRelationship,EA ModelSet
id-563d9ffb27064667b99aa2811b6cc4e7,id-68ed6ffcdc204add81b74aef8a632367,FlowRelationship,EA ModelSet
id-ebd973a1361a4af5a1a2584eabdb7c48,id-e8b9983ee2a14ee5a6b07333743350fb,AssociationRelationship,EA ModelSet
id-ebd973a1361a4af5a1a2584eabdb7c48,id-fddf55dabb1f4b98b5c326f6ad68720a,AssociationRelationship,EA ModelSet
id-e8b9983ee2a14ee5a6b07333743350fb,id-d7cf64b421da4fb0869a42aa483cc8df,CompositionRelationship,EA ModelSet
id-e8b9983ee2a14ee5a6b07333743350fb,id-bb2aed68451046c382e1f51a98287024,CompositionRelationship,EA ModelSet
id-fddf55dabb1f4b98b5c326f6ad68720a,id-30e43c3f19c04ae5ab44ce4b3a1e8988,CompositionRelationship,EA ModelSet
id-d7cf64b421da4fb0869a42aa483cc8df,id-2b37a73f4dbf40f0a1679efba99fbebc,CompositionRelationship,EA ModelSet
id-bb2aed68451046c382e1f51a98287024,id-32fee92ffd8e46abbcbee2745d6cdbb7,CompositionRelationship,EA ModelSet
id-d7cf64b421da4fb0869a42aa483cc8df,id-760f8c39db874cde9e3f0577660d4763,CompositionRelationship,EA ModelSet
id-bb2aed68451046c382e1f51a98287024,id-d1e5a99a6410442f863508f73e665016,CompositionRelationship,EA ModelSet
id-d7cf64b421da4fb0869a42aa483cc8df,id-9f9da16a4a2e4a7fb359bb881eec1892,CompositionRelationship,EA ModelSet
id-bb2aed68451046c382e1f51a98287024,id-8a66050b490a407b8a8ad915ee075119,CompositionRelationship,EA ModelSet
id-fddf55dabb1f4b98b5c326f6ad68720a,id-0e7456ade4e144dcbaf5ffb73ef4f31f,CompositionRelationship,EA ModelSet
id-fddf55dabb1f4b98b5c326f6ad68720a,id-0c69d2c513e747c3b547274ce11f1f73,AssignmentRelationship,EA ModelSet
id-0c69d2c513e747c3b547274ce11f1f73,id-8d6f2b66e79e41a69913872aa2ab1eab,RealizationRelationship,EA ModelSet
id-e8b9983ee2a14ee5a6b07333743350fb,id-40806157dbc14a3bb5f9543c7f092f12,RealizationRelationship,EA ModelSet
id-e8b9983ee2a14ee5a6b07333743350fb,id-6588fe8e56c1484f8e9f3c2556a330c9,RealizationRelationship,EA ModelSet
id-e8b9983ee2a14ee5a6b07333743350fb,id-00e74569c9954cc18ab3ddc1baa06ad0,RealizationRelationship,EA ModelSet
id-f7027ec27744421c899bcbe43dea8436,id-7b92677b1406494486881dce930094db,CompositionRelationship,EA ModelSet
id-f7027ec27744421c899bcbe43dea8436,id-2df6575904af47b0845351bf51b9e7be,AssignmentRelationship,EA ModelSet
id-e7dd67109b7a43e4b01b8a9c190dda73,id-d988b997f20043579647f6f164613255,FlowRelationship,EA ModelSet
id-50f310c322324a7385b9ac849613268f,id-2df6575904af47b0845351bf51b9e7be,FlowRelationship,EA ModelSet
id-2df6575904af47b0845351bf51b9e7be,id-50f310c322324a7385b9ac849613268f,FlowRelationship,EA ModelSet
id-208c7c2fa4b44f5fb874fe65ae5b4467,id-343ded7f9e774bd6b1704c2bc7cdd425,TriggeringRelationship,EA ModelSet
id-343ded7f9e774bd6b1704c2bc7cdd425,id-e205278921ff4819b8e4a1ab7ce36507,TriggeringRelationship,EA ModelSet
id-c8a3c8b028234aecb9d4db0e1ebfa1b6,id-327cba03f10d47b5a35694e1c5c12f00,AggregationRelationship,EA ModelSet
id-c8a3c8b028234aecb9d4db0e1ebfa1b6,id-0ea5a23f44fd4b0199211a31f5e6c070,AggregationRelationship,EA ModelSet
id-0ea5a23f44fd4b0199211a31f5e6c070,id-2f72d072261e491ea69bdfdde326af60,RealizationRelationship,EA ModelSet
id-0ea5a23f44fd4b0199211a31f5e6c070,id-f4d48d87269041a799e059487fc0f9b6,RealizationRelationship,EA ModelSet
id-327cba03f10d47b5a35694e1c5c12f00,id-c2e6ded5179644de993aa09c0b5ffa14,RealizationRelationship,EA ModelSet
id-327cba03f10d47b5a35694e1c5c12f00,id-20a9dfb22aee42efb6bcfb0392772949,RealizationRelationship,EA ModelSet
d36dfb3e,id-7bebd648,AssignmentRelationship,EA ModelSet
d36dfb3e,id-35074d60,CompositionRelationship,EA ModelSet
id-35074d60,bc178d61,CompositionRelationship,EA ModelSet
d36dfb3e,id-1f85ee70,CompositionRelationship,EA ModelSet
id-35074d60,id-7bebd648,AssignmentRelationship,EA ModelSet
id-3c838344,ea31d0b9,ServingRelationship,EA ModelSet
id-7bebd648,ea31d0b9,ServingRelationship,EA ModelSet
id-3c838344,a5068342,AssociationRelationship,EA ModelSet
id-1f85ee70,a5068342,AssociationRelationship,EA ModelSet
id-1f85ee70,bc178d61,TriggeringRelationship,EA ModelSet
id-7884b422,id-3ad5fb66,CompositionRelationship,EA ModelSet
id-7884b422,id-3e31f4f4,CompositionRelationship,EA ModelSet
id-7884b422,id-5df7711b,CompositionRelationship,EA ModelSet
id-7884b422,id-60c70cd0,AssignmentRelationship,EA ModelSet
id-6766176c,id-4146115d,CompositionRelationship,EA ModelSet
id-6766176c,id-3d10532d,CompositionRelationship,EA ModelSet
id-6766176c,ccbab994,CompositionRelationship,EA ModelSet
ccbab994,id-9b4bc5d4,CompositionRelationship,EA ModelSet
ccbab994,efcfabd4,CompositionRelationship,EA ModelSet
id-4146115d,id-3601af1d,AssignmentRelationship,EA ModelSet
id-3d10532d,bc8b52c3,AssignmentRelationship,EA ModelSet
id-3d10532d,id-1c8c10a3,AssignmentRelationship,EA ModelSet
id-3d10532d,id-45a57daf,CompositionRelationship,EA ModelSet
id-3d10532d,a2817d3d,AssignmentRelationship,EA ModelSet
id-3d10532d,b96a0e45,CompositionRelationship,EA ModelSet
id-1d853210,bc8b52c3,ServingRelationship,EA ModelSet
bc8b52c3,id-1d853210,AssociationRelationship,EA ModelSet
bc8b52c3,id-53167625,ServingRelationship,EA ModelSet
id-1c8c10a3,id-53167625,ServingRelationship,EA ModelSet
id-45a57daf,id-53167625,ServingRelationship,EA ModelSet
id-53167625,id-1d853210,AssociationRelationship,EA ModelSet
bc8b52c3,id-6dd5889d,FlowRelationship,EA ModelSet
bc8b52c3,id-6dd5889d,ServingRelationship,EA ModelSet
id-9b4bc5d4,id-6dd5889d,ServingRelationship,EA ModelSet
a657e20f,id-539999f6,AssociationRelationship,EA ModelSet
id-9b4bc5d4,id-539999f6,AssociationRelationship,EA ModelSet
a657e20f,id-3601af1d,AssociationRelationship,EA ModelSet
a657e20f,id-8cd43cc7,AssociationRelationship,EA ModelSet
id-3601af1d,id-8cd43cc7,AssociationRelationship,EA ModelSet
a657e20f,dded037d,AssociationRelationship,EA ModelSet
dded037d,bc8b52c3,AssociationRelationship,EA ModelSet
a657e20f,id-8d3ac1f1,AssociationRelationship,EA ModelSet
id-8d3ac1f1,id-45a57daf,AssociationRelationship,EA ModelSet
id-8d3ac1f1,id-1c8c10a3,AssociationRelationship,EA ModelSet
id-9b4bc5d4,id-53167625,ServingRelationship,EA ModelSet
b96a0e45,b93aa6c5,AssociationRelationship,EA ModelSet
b93aa6c5,id-2e8c2bbe,AssociationRelationship,EA ModelSet
ea31d0b9,id-7bebd648,AssociationRelationship,EA ModelSet
id-3c838344,ea31d0b9,AssociationRelationship,EA ModelSet
ed96ffab,bc178d61,AssociationRelationship,EA ModelSet
ea31d0b9,bc178d61,AssociationRelationship,EA ModelSet
e5bc1a71,id-3e31f4f4,ServingRelationship,EA ModelSet
id-5a0e7d31,id-3e31f4f4,ServingRelationship,EA ModelSet
id-90682112,id-3e57430e,AssignmentRelationship,EA ModelSet
ed96ffab,id-3e57430e,AssociationRelationship,EA ModelSet
id-48b2d0b9,id-39465bf2,AssociationRelationship,EA ModelSet
id-39465bf2,id-3a431b11,AssociationRelationship,EA ModelSet
id-3c262485,id-3a431b11,AssociationRelationship,EA ModelSet
id-39465bf2,b63d23f8,AssociationRelationship,EA ModelSet
id-3c262485,b63d23f8,AssociationRelationship,EA ModelSet
id-3a431b11,id-48b2d0b9,SpecializationRelationship,EA ModelSet
b63d23f8,id-48b2d0b9,SpecializationRelationship,EA ModelSet
id-3a431b11,ed5681f9,AssociationRelationship,EA ModelSet
id-3dcdf40e,id-51e9040e,AssociationRelationship,EA ModelSet
id-51e9040e,e8d8a136,AssociationRelationship,EA ModelSet
id-3a431b11,id-3c262485,AssociationRelationship,EA ModelSet
id-6de51fb1,id-39465bf2,AssociationRelationship,EA ModelSet
id-2e803bc7,id-51e9040e,InfluenceRelationship,EA ModelSet
id-5accbb6f,ed5681f9,AssociationRelationship,EA ModelSet
eb4f4971,id-5accbb6f,SpecializationRelationship,EA ModelSet
b5d4fe4f,id-5accbb6f,SpecializationRelationship,EA ModelSet
id-5accbb6f,id-8cfd5b14,AssociationRelationship,EA ModelSet
e1c23057,id-51e9040e,InfluenceRelationship,EA ModelSet
a469b203,id-51e9040e,InfluenceRelationship,EA ModelSet
id-6dcf3178,id-3c262485,AssociationRelationship,EA ModelSet
id-6dcf3178,b63d23f8,SpecializationRelationship,EA ModelSet
id-6dcf3178,id-6de51fb1,SpecializationRelationship,EA ModelSet
id-47946193,b5d4fe4f,SpecializationRelationship,EA ModelSet
e3bfe7f1,eb4f4971,SpecializationRelationship,EA ModelSet
e3bfe7f1,b5d4fe4f,SpecializationRelationship,EA ModelSet
id-47946193,eb4f4971,SpecializationRelationship,EA ModelSet
id-5accbb6f,b5d4fe4f,CompositionRelationship,EA ModelSet
id-5accbb6f,eb4f4971,CompositionRelationship,EA ModelSet
id-48b2d0b9,id-3a431b11,AggregationRelationship,EA ModelSet
id-48b2d0b9,b63d23f8,AggregationRelationship,EA ModelSet
id-73a6b544,e3bfe7f1,CompositionRelationship,EA ModelSet
id-73a6b544,id-47946193,CompositionRelationship,EA ModelSet
id-73a6b544,eb4f4971,SpecializationRelationship,EA ModelSet
id-73a6b544,b5d4fe4f,SpecializationRelationship,EA ModelSet
id-8920dfa5,eb4f4971,InfluenceRelationship,EA ModelSet
id-85ce7073,b5d4fe4f,InfluenceRelationship,EA ModelSet
id-99aacd15,id-35074d60,CompositionRelationship,EA ModelSet
id-99aacd15,id-53167625,CompositionRelationship,EA ModelSet
id-7bebd648,id-53167625,ServingRelationship,EA ModelSet
bc178d61,id-53167625,ServingRelationship,EA ModelSet
id-9cc78d70,eaf39686,CompositionRelationship,EA ModelSet
id-9cc78d70,id-244952a4,CompositionRelationship,EA ModelSet
id-9cc78d70,id-4d1d78d0,CompositionRelationship,EA ModelSet
id-99aacd15,id-6a08a9ca,CompositionRelationship,EA ModelSet
id-6a08a9ca,id-593ae186,AssignmentRelationship,EA ModelSet
id-0cdfade4,id-53167625,ServingRelationship,EA ModelSet
id-593ae186,id-53167625,ServingRelationship,EA ModelSet
id-6ec8d589,ce899225,ServingRelationship,EA ModelSet
id-9bc21e23,ce899225,ServingRelationship,EA ModelSet
id-9bc21e23,id-7e029838,AccessRelationship,EA ModelSet
a2b0e628,id-6ec8d589,ServingRelationship,EA ModelSet
id-1d853210,a2b0e628,ServingRelationship,EA ModelSet
id-855148ec,id-9482e1a2,AssociationRelationship,EA ModelSet
id-720d6b96,id-72d679c8,ServingRelationship,EA ModelSet
be7aceec,id-72d679c8,ServingRelationship,EA ModelSet
id-720d6b96,ce899225,ServingRelationship,EA ModelSet
be7aceec,ce899225,ServingRelationship,EA ModelSet
id-6ec8d589,f70c4b52,ServingRelationship,EA ModelSet
id-4ff1a9b0,f70c4b52,ServingRelationship,EA ModelSet
b767334c,f70c4b52,ServingRelationship,EA ModelSet
b767334c,ce899225,ServingRelationship,EA ModelSet
c6030e5d,f70c4b52,AssociationRelationship,EA ModelSet
c6030e5d,id-72d679c8,AssociationRelationship,EA ModelSet
id-513e2d8a,f70c4b52,AssociationRelationship,EA ModelSet
a2b0e628,id-28bc5b2a,ServingRelationship,EA ModelSet
id-28bc5b2a,id-6ec8d589,AssociationRelationship,EA ModelSet
id-720d6b96,bbac407c,ServingRelationship,EA ModelSet
id-16435b76,ce899225,ServingRelationship,EA ModelSet
id-16435b76,bbac407c,ServingRelationship,EA ModelSet
id-7934e682,ce899225,ServingRelationship,EA ModelSet
id-7934e682,f70c4b52,ServingRelationship,EA ModelSet
e964d665,id-72d679c8,ServingRelationship,EA ModelSet
e964d665,f70c4b52,ServingRelationship,EA ModelSet
f70c4b52,id-9af9fd45,AssociationRelationship,EA ModelSet
id-720d6b96,f70c4b52,ServingRelationship,EA ModelSet
e99c2320,f70c4b52,ServingRelationship,EA ModelSet
e99c2320,ce899225,ServingRelationship,EA ModelSet
id-361a2453,id-855148ec,ServingRelationship,EA ModelSet
id-361a2453,id-72d679c8,ServingRelationship,EA ModelSet
id-6ec8d589,id-855148ec,ServingRelationship,EA ModelSet
id-45a92058,f70c4b52,ServingRelationship,EA ModelSet
id-45a92058,id-855148ec,ServingRelationship,EA ModelSet
ce899225,id-44a98be3,CompositionRelationship,EA ModelSet
id-44a98be3,id-513e2d8a,AssociationRelationship,EA ModelSet
id-44a98be3,bd31565b,AssociationRelationship,EA ModelSet
id-72d679c8,bd31565b,AssociationRelationship,EA ModelSet
id-18ab89dd,id-72d679c8,TriggeringRelationship,EA ModelSet
id-18ab89dd,ce1576eb,AccessRelationship,EA ModelSet
a2b0e628,ce1576eb,ServingRelationship,EA ModelSet
id-6ec8d589,id-28bc5b2a,AccessRelationship,EA ModelSet
id-b5505e30-9a26-4552-a97e-54f2600fac0e,id-a5e39bde-0f8b-437a-b613-b09ccd160e7a,RealizationRelationship,EA ModelSet
id-02c83d07-d927-47b6-9663-528756bfb954,id-a5e39bde-0f8b-437a-b613-b09ccd160e7a,RealizationRelationship,EA ModelSet
id-a5e39bde-0f8b-437a-b613-b09ccd160e7a,id-0dcf6779-094d-497e-a8cd-af1b6147660b,RealizationRelationship,EA ModelSet
id-5b54e791-9a33-4295-ace9-704daf85fdc6,id-02c83d07-d927-47b6-9663-528756bfb954,AssociationRelationship,EA ModelSet
id-b5505e30-9a26-4552-a97e-54f2600fac0e,id-5b54e791-9a33-4295-ace9-704daf85fdc6,AssociationRelationship,EA ModelSet
id-9cfc01e2-23f5-4082-9613-f59028c2faf0,id-ee2b20b5-b56e-4d41-8c51-43e0e32d125e,AccessRelationship,EA ModelSet
id-9cfc01e2-23f5-4082-9613-f59028c2faf0,id-1f335bfd-a574-4c0b-891c-f30213763a61,AccessRelationship,EA ModelSet
id-9cfc01e2-23f5-4082-9613-f59028c2faf0,id-b9c64d7b-a9ba-4189-bbcc-34cd3412485e,AccessRelationship,EA ModelSet
id-02c83d07-d927-47b6-9663-528756bfb954,id-dbccaed8-60f3-4c1d-873b-118770f3c996,AssociationRelationship,EA ModelSet
id-dbccaed8-60f3-4c1d-873b-118770f3c996,id-7d971ff6-8798-43d7-9e85-1e02d9ec7097,AssignmentRelationship,EA ModelSet
id-5b54e791-9a33-4295-ace9-704daf85fdc6,id-7d971ff6-8798-43d7-9e85-1e02d9ec7097,AssignmentRelationship,EA ModelSet
id-14e8e24e-c1a9-4d16-bb8e-b3184d8357c7,id-7d971ff6-8798-43d7-9e85-1e02d9ec7097,AssignmentRelationship,EA ModelSet
id-14e8e24e-c1a9-4d16-bb8e-b3184d8357c7,id-9cfc01e2-23f5-4082-9613-f59028c2faf0,AssignmentRelationship,EA ModelSet
id-14e8e24e-c1a9-4d16-bb8e-b3184d8357c7,id-b5505e30-9a26-4552-a97e-54f2600fac0e,AssociationRelationship,EA ModelSet
id-9cfc01e2-23f5-4082-9613-f59028c2faf0,id-7d971ff6-8798-43d7-9e85-1e02d9ec7097,AccessRelationship,EA ModelSet
_2_zRIDk7EDm2huZqLV1KEQ,_zF3yMDk7EDm2huZqLV1KEQ,InfluenceRelationship,EA ModelSet
_ANER8Dk8EDm2huZqLV1KEQ,_zF3yMDk7EDm2huZqLV1KEQ,AssociationRelationship,EA ModelSet
_JL84gDk8EDm2huZqLV1KEQ,_zF3yMDk7EDm2huZqLV1KEQ,AssociationRelationship,EA ModelSet
_Z0vPsDk8EDm2huZqLV1KEQ,_JL84gDk8EDm2huZqLV1KEQ,RealizationRelationship,EA ModelSet
_0jhmgDk8EDm2huZqLV1KEQ,_JL84gDk8EDm2huZqLV1KEQ,RealizationRelationship,EA ModelSet
_0jhmgDk8EDm2huZqLV1KEQ,_4Qg1oDk8EDm2huZqLV1KEQ,RealizationRelationship,EA ModelSet
_4Qg1oDk8EDm2huZqLV1KEQ,_53s14Dk8EDm2huZqLV1KEQ,AssociationRelationship,EA ModelSet
_4Qg1oDk8EDm2huZqLV1KEQ,_78G9oDk8EDm2huZqLV1KEQ,FlowRelationship,EA ModelSet
_-R-BwDk8EDm2huZqLV1KEQ,_0jhmgDk8EDm2huZqLV1KEQ,RealizationRelationship,EA ModelSet
_AplZYDk9EDm2huZqLV1KEQ,_-R-BwDk8EDm2huZqLV1KEQ,RealizationRelationship,EA ModelSet
_aZvkwDk9EDm2huZqLV1KEQ,_JL84gDk8EDm2huZqLV1KEQ,SpecializationRelationship,EA ModelSet
_eobLsDk9EDm2huZqLV1KEQ,_JL84gDk8EDm2huZqLV1KEQ,SpecializationRelationship,EA ModelSet
_jr2CQDk9EDm2huZqLV1KEQ,_aZvkwDk9EDm2huZqLV1KEQ,AssociationRelationship,EA ModelSet
_jvcI0Dk9EDm2huZqLV1KEQ,_eobLsDk9EDm2huZqLV1KEQ,AssociationRelationship,EA ModelSet
_0jhmgDk8EDm2huZqLV1KEQ,_qxOwkDk9EDm2huZqLV1KEQ,AggregationRelationship,EA ModelSet
_0jhmgDk8EDm2huZqLV1KEQ,_q0W9EDk9EDm2huZqLV1KEQ,CompositionRelationship,EA ModelSet
_eddiwD4oEDm8dIiv4fCoxg,_J0tykD4nEDm8dIiv4fCoxg,AssociationRelationship,EA ModelSet
_jsNfkD4oEDm8dIiv4fCoxg,_J0tykD4nEDm8dIiv4fCoxg,AssociationRelationship,EA ModelSet
_gPL_ED4oEDm8dIiv4fCoxg,_J0tykD4nEDm8dIiv4fCoxg,AssociationRelationship,EA ModelSet
_ycF0YD4oEDm8dIiv4fCoxg,_J0tykD4nEDm8dIiv4fCoxg,InfluenceRelationship,EA ModelSet
_-mTugD4oEDm8dIiv4fCoxg,_J0tykD4nEDm8dIiv4fCoxg,InfluenceRelationship,EA ModelSet
_Yv70sD4nEDm8dIiv4fCoxg,_J0tykD4nEDm8dIiv4fCoxg,RealizationRelationship,EA ModelSet
_Tvqb8D4rEDm3iLSfooIkcA,_Yv70sD4nEDm8dIiv4fCoxg,ServingRelationship,EA ModelSet
_cHcmQD4rEDm3iLSfooIkcA,_J0tykD4nEDm8dIiv4fCoxg,RealizationRelationship,EA ModelSet
_GHpHED4rEDm3iLSfooIkcA,_cHcmQD4rEDm3iLSfooIkcA,AssociationRelationship,EA ModelSet
_yQ5JoD4rEDm3iLSfooIkcA,_Yv70sD4nEDm8dIiv4fCoxg,AssociationRelationship,EA ModelSet
_-zLiUD4nEDm8dIiv4fCoxg,_J0tykD4nEDm8dIiv4fCoxg,RealizationRelationship,EA ModelSet
_H83G0D4sEDm3iLSfooIkcA,_yQ5JoD4rEDm3iLSfooIkcA,RealizationRelationship,EA ModelSet
_EMCEED4tEDm3iLSfooIkcA,_H83G0D4sEDm3iLSfooIkcA,AssociationRelationship,EA ModelSet
_yu-m0D66EDmkOoIO78SR-A,_H83G0D4sEDm3iLSfooIkcA,AssociationRelationship,EA ModelSet
_Tvqb8D4rEDm3iLSfooIkcA,_-cEgED66EDmkOoIO78SR-A,CompositionRelationship,EA ModelSet
_GHpHED4rEDm3iLSfooIkcA,_Tvqb8D4rEDm3iLSfooIkcA,FlowRelationship,EA ModelSet
_Tvqb8D4rEDm3iLSfooIkcA,_3v6AwELxEDmMkdO1CPtCpw,AssociationRelationship,EA ModelSet
_IYpUoELyEDmMkdO1CPtCpw,_3v6AwELxEDmMkdO1CPtCpw,RealizationRelationship,EA ModelSet
_ffYmsELyEDmMkdO1CPtCpw,_3v6AwELxEDmMkdO1CPtCpw,RealizationRelationship,EA ModelSet
_Tvqb8D4rEDm3iLSfooIkcA,_r04jwELyEDmMkdO1CPtCpw,CompositionRelationship,EA ModelSet
_RvzmYEL0EDmMkdO1CPtCpw,_GHpHED4rEDm3iLSfooIkcA,AssociationRelationship,EA ModelSet
_H83G0D4sEDm3iLSfooIkcA,_L2hCUEL1EDmMkdO1CPtCpw,AssociationRelationship,EA ModelSet
_EMCEED4tEDm3iLSfooIkcA,_Tvqb8D4rEDm3iLSfooIkcA,RealizationRelationship,EA ModelSet
_V5ek8D4nEDm8dIiv4fCoxg,_yQ5JoD4rEDm3iLSfooIkcA,AssociationRelationship,EA ModelSet
_gt430D4pEDm8dIiv4fCoxg,_J0tykD4nEDm8dIiv4fCoxg,InfluenceRelationship,EA ModelSet
_RMe_cD4pEDm8dIiv4fCoxg,_J0tykD4nEDm8dIiv4fCoxg,InfluenceRelationship,EA ModelSet
_GHpHED4rEDm3iLSfooIkcA,_se5pwEL1EDmMkdO1CPtCpw,CompositionRelationship,EA ModelSet
_Yx6ucEPJEDmAf8hQdvXXZw,_J0tykD4nEDm8dIiv4fCoxg,InfluenceRelationship,EA ModelSet
_eliXoEQxEDmu9Zh_CXXd-Q,_-cEgED66EDmkOoIO78SR-A,ServingRelationship,EA ModelSet
_DkD8EEQ2EDmu9Zh_CXXd-Q,_H83G0D4sEDm3iLSfooIkcA,AssociationRelationship,EA ModelSet
_OjyZAEQ2EDmu9Zh_CXXd-Q,_Tvqb8D4rEDm3iLSfooIkcA,AssociationRelationship,EA ModelSet
_ZdLkcEQ2EDmu9Zh_CXXd-Q,_H83G0D4sEDm3iLSfooIkcA,AssociationRelationship,EA ModelSet
i5_84489,i5_85055,RealizationRelationship,EA ModelSet
i5_84489,i5_85099,RealizationRelationship,EA ModelSet
i5_84513,i5_85355,ServingRelationship,EA ModelSet
i5_84627,i5_85355,ServingRelationship,EA ModelSet
i5_84783,i5_85261,ServingRelationship,EA ModelSet
i5_84877,i5_85519,ServingRelationship,EA ModelSet
i5_84513,i5_85683,ServingRelationship,EA ModelSet
i5_84627,i5_85683,ServingRelationship,EA ModelSet
i5_84783,i5_85847,ServingRelationship,EA ModelSet
i5_84783,i5_85187,ServingRelationship,EA ModelSet
i5_84783,i5_85683,ServingRelationship,EA ModelSet
i5_84719,i5_84489,ServingRelationship,EA ModelSet
i5_84971,i5_84489,ServingRelationship,EA ModelSet
i5_85133,i5_84489,ServingRelationship,EA ModelSet
i5_85045,i5_84489,ServingRelationship,EA ModelSet
i5_85187,i5_85133,ServingRelationship,EA ModelSet
i5_85261,i5_85133,ServingRelationship,EA ModelSet
i5_84467,i5_84174,ServingRelationship,EA ModelSet
i5_85355,i5_85045,ServingRelationship,EA ModelSet
i5_84467,i5_84272,ServingRelationship,EA ModelSet
i5_85683,i5_84719,ServingRelationship,EA ModelSet
i5_85519,i5_85133,ServingRelationship,EA ModelSet
i5_85847,i5_85133,ServingRelationship,EA ModelSet
i5_84467,i5_84326,ServingRelationship,EA ModelSet
i5_85143,i5_84971,ServingRelationship,EA ModelSet
i5_85683,i5_87484,TriggeringRelationship,EA ModelSet
i5_87484,i5_85519,TriggeringRelationship,EA ModelSet
i5_85683,i5_87104,TriggeringRelationship,EA ModelSet
i5_87104,i5_85355,TriggeringRelationship,EA ModelSet
i5_85355,i5_87894,TriggeringRelationship,EA ModelSet
i5_87894,i5_85683,TriggeringRelationship,EA ModelSet
i5_85683,i5_86766,TriggeringRelationship,EA ModelSet
i5_86766,i5_85355,TriggeringRelationship,EA ModelSet
i5_85355,i5_87196,TriggeringRelationship,EA ModelSet
i5_87196,i5_85683,TriggeringRelationship,EA ModelSet
i5_85355,i5_88130,TriggeringRelationship,EA ModelSet
i5_88130,i5_85683,TriggeringRelationship,EA ModelSet
i5_85683,i5_87278,TriggeringRelationship,EA ModelSet
i5_87278,i5_86552,TriggeringRelationship,EA ModelSet
i5_86388,i5_88048,TriggeringRelationship,EA ModelSet
i5_88048,i5_85683,TriggeringRelationship,EA ModelSet
i5_85683,i5_87822,TriggeringRelationship,EA ModelSet
i5_87822,i5_85143,TriggeringRelationship,EA ModelSet
i5_85143,i5_87976,TriggeringRelationship,EA ModelSet
i5_87976,i5_85683,TriggeringRelationship,EA ModelSet
i5_85847,i5_87412,TriggeringRelationship,EA ModelSet
i5_87412,i5_86616,TriggeringRelationship,EA ModelSet
i5_85261,i5_87576,TriggeringRelationship,EA ModelSet
i5_87576,i5_85847,TriggeringRelationship,EA ModelSet
i5_86616,i5_87022,TriggeringRelationship,EA ModelSet
i5_87022,i5_85847,TriggeringRelationship,EA ModelSet
i5_85187,i5_88274,TriggeringRelationship,EA ModelSet
i5_88274,i5_86658,TriggeringRelationship,EA ModelSet
i5_85261,i5_87750,TriggeringRelationship,EA ModelSet
i5_87750,i5_85683,TriggeringRelationship,EA ModelSet
i5_85683,i5_87330,TriggeringRelationship,EA ModelSet
i5_87330,i5_85261,TriggeringRelationship,EA ModelSet
i5_85683,i5_86940,TriggeringRelationship,EA ModelSet
i5_86940,i5_86680,TriggeringRelationship,EA ModelSet
i5_85683,i5_86858,TriggeringRelationship,EA ModelSet
i5_86858,i5_85261,TriggeringRelationship,EA ModelSet
i5_86616,i5_87668,TriggeringRelationship,EA ModelSet
i5_87668,i5_85261,TriggeringRelationship,EA ModelSet
i5_85519,i5_88306,TriggeringRelationship,EA ModelSet
i5_88306,i5_85187,TriggeringRelationship,EA ModelSet
i5_85143,i5_88202,TriggeringRelationship,EA ModelSet
i5_88202,i5_86722,TriggeringRelationship,EA ModelSet
i5_85847,i5_88348,TriggeringRelationship,EA ModelSet
i5_88348,i5_85187,TriggeringRelationship,EA ModelSet
i5_89209,i5_90215,AggregationRelationship,EA ModelSet
i5_89209,i5_90263,AggregationRelationship,EA ModelSet
i5_89209,i5_89345,AggregationRelationship,EA ModelSet
i5_90097,i5_89875,AggregationRelationship,EA ModelSet
i5_90097,i5_89767,AggregationRelationship,EA ModelSet
i5_90097,i5_89811,AggregationRelationship,EA ModelSet
i5_89209,i5_89713,AggregationRelationship,EA ModelSet
i5_90239,i5_89115,AggregationRelationship,EA ModelSet
i5_89115,i5_89659,AggregationRelationship,EA ModelSet
i5_83914,i5_83778,FlowRelationship,EA ModelSet
i5_84016,i5_83948,FlowRelationship,EA ModelSet
i5_84016,i5_83836,FlowRelationship,EA ModelSet
i5_83778,i5_84074,FlowRelationship,EA ModelSet
i5_84040,i5_83880,FlowRelationship,EA ModelSet
i5_83880,i5_84040,FlowRelationship,EA ModelSet
i5_83778,i5_84108,FlowRelationship,EA ModelSet
i5_84016,i5_83948,FlowRelationship,EA ModelSet
i5_83802,i5_84016,FlowRelationship,EA ModelSet
i5_83880,i5_83972,FlowRelationship,EA ModelSet
i5_83914,i5_83744,FlowRelationship,EA ModelSet
i5_84016,i5_84040,FlowRelationship,EA ModelSet
i5_83744,i5_83914,FlowRelationship,EA ModelSet
i5_84074,i5_83802,TriggeringRelationship,EA ModelSet
i5_84108,i5_83802,TriggeringRelationship,EA ModelSet
i5_91303,i5_91639,AggregationRelationship,EA ModelSet
i5_91303,i5_91207,AggregationRelationship,EA ModelSet
i5_91231,i5_91519,AggregationRelationship,EA ModelSet
i5_91231,i5_91279,AggregationRelationship,EA ModelSet
i5_90097,i5_90003,AggregationRelationship,EA ModelSet
i5_90097,i5_91351,AggregationRelationship,EA ModelSet
i5_91447,i5_91423,SpecializationRelationship,EA ModelSet
i5_91495,i5_91423,SpecializationRelationship,EA ModelSet
i5_91471,i5_91423,SpecializationRelationship,EA ModelSet
i5_91615,i5_91279,SpecializationRelationship,EA ModelSet
i5_91375,i5_91399,SpecializationRelationship,EA ModelSet
i5_91327,i5_91279,SpecializationRelationship,EA ModelSet
i5_91255,i5_91279,SpecializationRelationship,EA ModelSet
i5_91591,i5_91255,SpecializationRelationship,EA ModelSet
i5_91519,i5_91687,SpecializationRelationship,EA ModelSet
i5_91471,i5_91495,AssociationRelationship,EA ModelSet
i5_91447,i5_91495,AssociationRelationship,EA ModelSet
i5_91231,i5_91543,AssociationRelationship,EA ModelSet
i5_91303,i5_91135,AssociationRelationship,EA ModelSet
i5_91399,i5_91567,AssociationRelationship,EA ModelSet
i5_91687,i5_91375,AssociationRelationship,EA ModelSet
i5_91399,i5_91543,AssociationRelationship,EA ModelSet
i5_91543,i5_91567,AssociationRelationship,EA ModelSet
i5_91231,i5_91567,AssociationRelationship,EA ModelSet
i5_91711,i5_90215,AssociationRelationship,EA ModelSet
i5_91375,i5_90003,AssociationRelationship,EA ModelSet
i5_91279,i5_90003,AssociationRelationship,EA ModelSet
i5_91519,i5_91183,AssociationRelationship,EA ModelSet
i5_91159,i5_91687,AssociationRelationship,EA ModelSet
i5_91375,i5_91735,AssociationRelationship,EA ModelSet
i5_91711,i5_91375,AssociationRelationship,EA ModelSet
i5_91279,i5_91135,AssociationRelationship,EA ModelSet
i5_91399,i5_91447,AssociationRelationship,EA ModelSet
i5_90003,i5_91495,AssociationRelationship,EA ModelSet
i5_91279,i5_91471,AssociationRelationship,EA ModelSet
i5_91351,i5_91495,AssociationRelationship,EA ModelSet
i5_91351,i5_91375,AssociationRelationship,EA ModelSet
i5_91135,i5_91351,AssociationRelationship,EA ModelSet
i5_91231,i5_91663,AssociationRelationship,EA ModelSet
i5_91303,i5_91447,AssociationRelationship,EA ModelSet
i5_91135,i5_91423,AssociationRelationship,EA ModelSet
i5_91231,i5_91471,AssociationRelationship,EA ModelSet
i5_91231,i5_91399,AssociationRelationship,EA ModelSet
i5_91399,i5_91471,AssociationRelationship,EA ModelSet
i5_91399,i5_91495,AssociationRelationship,EA ModelSet
i5_91183,i5_91663,AssociationRelationship,EA ModelSet
i5_91159,i5_91663,AssociationRelationship,EA ModelSet
i5_90097,i5_89875,AggregationRelationship,EA ModelSet
i5_90097,i5_89767,AggregationRelationship,EA ModelSet
i5_90097,i5_89811,AggregationRelationship,EA ModelSet
i5_84272,i5_84174,AssociationRelationship,EA ModelSet
i5_84174,i5_84326,AssociationRelationship,EA ModelSet
i5_84174,i5_84326,AssociationRelationship,EA ModelSet
i5_84272,i5_84326,AssociationRelationship,EA ModelSet
i5_84326,i5_84272,FlowRelationship,EA ModelSet
i5_84326,i5_84174,FlowRelationship,EA ModelSet
i5_84228,i5_84272,FlowRelationship,EA ModelSet
i5_84174,i5_84326,FlowRelationship,EA ModelSet
i5_84174,i5_84326,FlowRelationship,EA ModelSet
i5_84272,i5_84380,FlowRelationship,EA ModelSet
i5_84326,i5_84174,FlowRelationship,EA ModelSet
i5_84380,i5_84228,FlowRelationship,EA ModelSet
i5_84272,i5_84326,FlowRelationship,EA ModelSet
i5_84326,i5_84272,FlowRelationship,EA ModelSet
i5_84513,i5_83744,ServingRelationship,EA ModelSet
i5_84627,i5_83744,ServingRelationship,EA ModelSet
i5_90495,i5_83914,ServingRelationship,EA ModelSet
i5_84513,i5_83914,ServingRelationship,EA ModelSet
i5_84627,i5_83914,ServingRelationship,EA ModelSet
i5_84513,i5_83778,ServingRelationship,EA ModelSet
i5_84627,i5_83778,ServingRelationship,EA ModelSet
i5_84513,i5_83836,ServingRelationship,EA ModelSet
i5_84627,i5_83836,ServingRelationship,EA ModelSet
i5_84877,i5_84040,ServingRelationship,EA ModelSet
i5_84783,i5_84040,ServingRelationship,EA ModelSet
i5_84783,i5_83880,ServingRelationship,EA ModelSet
i5_84877,i5_83880,ServingRelationship,EA ModelSet
i5_84783,i5_83972,ServingRelationship,EA ModelSet
i5_84627,i5_84074,ServingRelationship,EA ModelSet
i5_84627,i5_84108,ServingRelationship,EA ModelSet
i5_84513,i5_84074,ServingRelationship,EA ModelSet
i5_84513,i5_84108,ServingRelationship,EA ModelSet
i5_84627,i5_84040,ServingRelationship,EA ModelSet
i5_84513,i5_84040,ServingRelationship,EA ModelSet
i5_90495,i5_83972,ServingRelationship,EA ModelSet
i5_93658,i5_93688,AggregationRelationship,EA ModelSet
i5_93658,i5_93790,CompositionRelationship,EA ModelSet
i5_93812,i5_93872,RealizationRelationship,EA ModelSet
i5_93872,i5_93718,RealizationRelationship,EA ModelSet
i5_93708,i5_85355,ServingRelationship,EA ModelSet
i5_93698,i5_85519,ServingRelationship,EA ModelSet
i5_93698,i5_85261,ServingRelationship,EA ModelSet
i5_93698,i5_85187,ServingRelationship,EA ModelSet
i5_93698,i5_85847,ServingRelationship,EA ModelSet
i5_93688,i5_86552,ServingRelationship,EA ModelSet
i5_93688,i5_85683,ServingRelationship,EA ModelSet
i5_93688,i5_86388,ServingRelationship,EA ModelSet
i5_93758,i5_93738,SpecializationRelationship,EA ModelSet
i5_93638,i5_93678,AssociationRelationship,EA ModelSet
i5_93638,i5_93862,AssociationRelationship,EA ModelSet
i5_93822,i5_85143,AssociationRelationship,EA ModelSet
i5_93738,i5_93688,AssociationRelationship,EA ModelSet
i5_93832,i5_93812,AssociationRelationship,EA ModelSet
i5_93832,i5_93638,AssociationRelationship,EA ModelSet
i5_93832,i5_93748,AssociationRelationship,EA ModelSet
i5_93832,i5_93668,AssociationRelationship,EA ModelSet
i5_93728,i5_93822,AssociationRelationship,EA ModelSet
i5_93748,i5_93738,AssociationRelationship,EA ModelSet
i5_93748,i5_93790,AssociationRelationship,EA ModelSet
i5_93842,i5_93708,AssociationRelationship,EA ModelSet
i5_93842,i5_93678,AssociationRelationship,EA ModelSet
i5_93852,i5_93698,AssociationRelationship,EA ModelSet
i5_93852,i5_93678,AssociationRelationship,EA ModelSet
i5_93862,i5_93728,AssociationRelationship,EA ModelSet
i5_93648,i5_93832,AssociationRelationship,EA ModelSet
i5_93668,i5_93688,AssociationRelationship,EA ModelSet
id-91ca0103,id-255678c7,TriggeringRelationship,EA ModelSet
id-255678c7,id-3bbfc127,TriggeringRelationship,EA ModelSet
id-3bbfc127,c14e9d42,TriggeringRelationship,EA ModelSet
_xi93cIOoEDejvtqY8HCTDw,_zmo_YYOoEDejvtqY8HCTDw,TriggeringRelationship,EA ModelSet
_ixcHYIOpEDejvtqY8HCTDw,_xi93cIOoEDejvtqY8HCTDw,ServingRelationship,EA ModelSet
_xi93cIOoEDejvtqY8HCTDw,_zmo_YYOoEDejvtqY8HCTDw,ServingRelationship,EA ModelSet
_zmo_YYOoEDejvtqY8HCTDw,_q92vMYOpEDejvtqY8HCTDw,TriggeringRelationship,EA ModelSet
_1rdW0IOoEDejvtqY8HCTDw,_zmo_YYOoEDejvtqY8HCTDw,TriggeringRelationship,EA ModelSet
_1rdW0IOoEDejvtqY8HCTDw,_jvinAYOsEDejvtqY8HCTDw,TriggeringRelationship,EA ModelSet
_jvinAYOsEDejvtqY8HCTDw,_zmo_YYOoEDejvtqY8HCTDw,TriggeringRelationship,EA ModelSet
_jvinAYOsEDejvtqY8HCTDw,_1rdW0IOoEDejvtqY8HCTDw,ServingRelationship,EA ModelSet
_zmo_YYOoEDejvtqY8HCTDw,_jvinAYOsEDejvtqY8HCTDw,TriggeringRelationship,EA ModelSet
_zmo_YYOoEDejvtqY8HCTDw,_jvinAYOsEDejvtqY8HCTDw,ServingRelationship,EA ModelSet
_1rdW0IOoEDejvtqY8HCTDw,_EBz74IOqEDejvtqY8HCTDw,TriggeringRelationship,EA ModelSet
c1c47a8a,f1f3e01e,CompositionRelationship,EA ModelSet
c1c47a8a,id-052b306b,CompositionRelationship,EA ModelSet
id-5d70b441,id-8966ce5b,CompositionRelationship,EA ModelSet
id-5d70b441,f9ae1c73,AssignmentRelationship,EA ModelSet
id-8966ce5b,f9ae1c73,RealizationRelationship,EA ModelSet
id-5d70b441,id-379f28ba,AssignmentRelationship,EA ModelSet
id-379f28ba,id-40f814ff,RealizationRelationship,EA ModelSet
id-8966ce5b,e97a6ca7,CompositionRelationship,EA ModelSet
id-8966ce5b,id-3315658d,CompositionRelationship,EA ModelSet
id-5d70b441,a19fcbc1,AssignmentRelationship,EA ModelSet
a19fcbc1,de81d1c9,RealizationRelationship,EA ModelSet
id-379f28ba,e97a6ca7,RealizationRelationship,EA ModelSet
a19fcbc1,id-3315658d,RealizationRelationship,EA ModelSet
id-5d70b441,d85d5eb3,CompositionRelationship,EA ModelSet
d85d5eb3,id-8966ce5b,CompositionRelationship,EA ModelSet
d85d5eb3,a19fcbc1,AssignmentRelationship,EA ModelSet
d85d5eb3,id-379f28ba,AssignmentRelationship,EA ModelSet
d85d5eb3,f9ae1c73,AssignmentRelationship,EA ModelSet
b4bff7b5,id-3905eed4,CompositionRelationship,EA ModelSet
b4bff7b5,c4ffff56,CompositionRelationship,EA ModelSet
b4bff7b5,id-41664be4,CompositionRelationship,EA ModelSet
id-6f115770,id-29b452e4,CompositionRelationship,EA ModelSet
f48736ec,id-29b452e4,CompositionRelationship,EA ModelSet
id-0cf5b636,id-29b452e4,ServingRelationship,EA ModelSet
id-29b452e4,id-0cf5b636,ServingRelationship,EA ModelSet
b64f702f,c1c47a8a,CompositionRelationship,EA ModelSet
c4ffff56,id-41664be4,CompositionRelationship,EA ModelSet
b4bff7b5,b64f702f,CompositionRelationship,EA ModelSet
b4bff7b5,id-052b306b,CompositionRelationship,EA ModelSet
b4bff7b5,f1f3e01e,CompositionRelationship,EA ModelSet
f48736ec,id-73a543c2,CompositionRelationship,EA ModelSet
id-0ada21f3,id-29b452e4,ServingRelationship,EA ModelSet
id-29b452e4,id-88a66f4c,ServingRelationship,EA ModelSet
id-472ddd8a,id-88a66f4c,AssociationRelationship,EA ModelSet
id-472ddd8a,id-88a66f4c,ServingRelationship,EA ModelSet
e97a6ca7,id-3315658d,CompositionRelationship,EA ModelSet
d85d5eb3,acf5a824,AssignmentRelationship,EA ModelSet
d85d5eb3,id-73cb08f1,AssignmentRelationship,EA ModelSet
acf5a824,id-3315658d,RealizationRelationship,EA ModelSet
id-73cb08f1,id-3315658d,RealizationRelationship,EA ModelSet
acf5a824,de81d1c9,RealizationRelationship,EA ModelSet
id-73cb08f1,de81d1c9,RealizationRelationship,EA ModelSet
id-550f22aa-1940-48d1-a8f9-0d8a92a17326,id-53fe6742-8014-4045-a07f-979e6f113e32,RealizationRelationship,EA ModelSet
b95a4be0-cff3-4e0e-9b9b-97182b522ee7,id-32963a8b-28ed-468c-95e0-0b9706c4246d,CompositionRelationship,EA ModelSet
id-656c0f5d-edfd-4511-bbbd-5b9dc462c8df,id-32963a8b-28ed-468c-95e0-0b9706c4246d,FlowRelationship,EA ModelSet
id-7f1e4286-c576-43e6-b434-deab336990cc,b68ee389-aa3c-4038-a007-a5aa812462ad,CompositionRelationship,EA ModelSet
id-96fd6d5f-be14-4899-a982-e77d14c40a23,id-8ab418bf-b078-4691-a743-f6190fb1c53e,InfluenceRelationship,EA ModelSet
fd7a2441-d3cf-4981-b6d8-30114ea3786e,id-06062430-9a31-4a38-9df4-2b47254a62a8,CompositionRelationship,EA ModelSet
id-5e7b8795-97ab-4374-8d36-26ec9f46c2a7,d8bb289b-e6cc-4ea2-8b6a-fd0ff7d9a45f,CompositionRelationship,EA ModelSet
id-3c3528b3-f627-4fdf-aca3-3e5ae573db54,id-0b655fc5-671d-4a9a-806c-bac772c438c6,RealizationRelationship,EA ModelSet
bf6f80a7-71a4-44c6-8d2f-116093a0093f,e0432483-8b8f-4251-b0c9-afeaefa06cb4,ServingRelationship,EA ModelSet
id-082d5a04-7428-4700-b5c1-8174c74b1d7a,e610ee42-fafb-4419-9e3c-23c965deb662,ServingRelationship,EA ModelSet
id-35bcd37d-07ea-43c3-aa70-aca1e9be2fa8,id-280f6949-3bd4-4409-ba2f-1d871e087c34,CompositionRelationship,EA ModelSet
id-556015fb-3517-4f24-b178-2bd2c4dbf806,id-15030373-f448-4e59-b931-301cdbb82866,CompositionRelationship,EA ModelSet
f9406db6-45f4-4859-bfe6-55909278db6b,bc87d70a-c6ff-477e-b61e-64e398eb18fa,ServingRelationship,EA ModelSet
id-4a34e88a-dd54-4b4a-8e5a-7a2369b7f30b,id-57fa2ae6-0520-47e0-9ad3-a2216a11db8a,ServingRelationship,EA ModelSet
id-7f1e4286-c576-43e6-b434-deab336990cc,id-5199082b-0b2c-42e9-88ab-7b20630716b5,CompositionRelationship,EA ModelSet
id-9a03020f-a96b-4dbe-a899-a90e9174bf4f,id-5431e405-7e8d-4352-9591-1fc8be22b5f1,ServingRelationship,EA ModelSet
id-4a3da6e8-2222-42d6-8dcc-38161e48230b,e392de71-f7b7-4a27-8c77-df41c5ca67fe,RealizationRelationship,EA ModelSet
id-1c000874-1e86-4f7f-85af-3f4444102b5f,id-2e967dc1-a903-4e9a-b492-9b35dfede4c3,InfluenceRelationship,EA ModelSet
id-550f22aa-1940-48d1-a8f9-0d8a92a17326,id-5801bf03-8c04-4e6e-9ef8-3270e34e220d,RealizationRelationship,EA ModelSet
id-556015fb-3517-4f24-b178-2bd2c4dbf806,id-5ba4e0e3-3244-4a1a-a226-74a736328e94,CompositionRelationship,EA ModelSet
id-3e4ea812-87de-4fc6-9bbb-a217e4c34e54,id-9e340a78-6d26-4949-834f-201b384c927d,CompositionRelationship,EA ModelSet
da2fd833-6644-4953-9511-16dff0ef8960,id-25ed3582-4fe6-4ed0-b234-6d1e5571246c,RealizationRelationship,EA ModelSet
id-856d30fe-dc4d-43d2-af46-3d834e29298f,id-9d358405-80db-4827-9760-6fbc55f0fb80,ServingRelationship,EA ModelSet
id-8e986dde-3a00-4815-bc51-5faba777fc07,id-51777f49-9559-4b19-9af2-30db535750c7,RealizationRelationship,EA ModelSet
id-2ff9452a-a32b-479e-8111-55fe24dcb68d,id-8c4cd501-91ed-4350-9d0c-528e3fba546b,RealizationRelationship,EA ModelSet
id-7f5629d2-5dfe-4264-8808-e79494f2e58b,id-017cfd23-eba7-4125-8c63-a8d84a036cf8,RealizationRelationship,EA ModelSet
bebd30a8-bfbc-4dd9-9ca4-8bbc4484ee6d,id-0b655fc5-671d-4a9a-806c-bac772c438c6,RealizationRelationship,EA ModelSet
c6e45c59-9f60-48f3-b1fa-28a93606b807,id-2e36c51c-c814-4602-a5ca-aebfefcb9b65,RealizationRelationship,EA ModelSet
id-55770311-535f-4d8f-9bc8-caca1b9ca985,ab058d42-57ef-401d-b5ea-c6f7622075ee,TriggeringRelationship,EA ModelSet
b0bbc933-cef4-4e48-b4b8-6b6ac7f4af14,b443ffb0-7ee7-4d8e-84bb-06b0b85361e0,AssociationRelationship,EA ModelSet
d85560dc-13a7-4e08-9800-78e484e3d68c,id-2d7f7ba3-049f-4fad-b003-defa16e333d5,AggregationRelationship,EA ModelSet
id-5e4ccd9f-e512-4ebd-b67e-7d5c4fdc201c,id-5a5e55d9-a3ad-4344-adec-bb3b19e75790,CompositionRelationship,EA ModelSet
id-99ab591d-55d6-4757-8aa6-ba7c9cd59dc4,d7c83665-84d3-4e68-8fe1-59b827a13c9e,RealizationRelationship,EA ModelSet
ab058d42-57ef-401d-b5ea-c6f7622075ee,id-55770311-535f-4d8f-9bc8-caca1b9ca985,AssociationRelationship,EA ModelSet
id-410db7c6-f07b-45a8-9f9f-b0089ad3e746,id-091034e3-0f2d-476d-8f5b-ab94733df269,RealizationRelationship,EA ModelSet
id-13793605-150c-420d-a00f-16194c57fd12,db60146c-9848-4c5b-9551-b4e552d7e192,ServingRelationship,EA ModelSet
id-6b8f23ee-af9c-4d2d-bb25-129b7af6075d,id-9652b09e-979e-4d47-a58d-1593c1f431dd,RealizationRelationship,EA ModelSet
bae642e6-2e8b-44c3-b180-1078bc523fb0,a0f953bf-7a94-4ce2-881d-35358be9faf7,CompositionRelationship,EA ModelSet
id-6bcffce8-685f-4fcc-aecd-e5c09431bee2,bac41839-44b2-46bb-84e0-13bfff4aeb68,RealizationRelationship,EA ModelSet
id-8367ab07-a42e-4f8e-99b1-5f71a9c5f9b1,id-92d9a241-4ca1-4cc4-9b49-b82aa4b509fa,CompositionRelationship,EA ModelSet
id-8db9b3c3-6a51-4c61-b34e-50137af1d8c2,dd2ab122-fe46-46cb-9f4f-c05f34356f1e,CompositionRelationship,EA ModelSet
id-1c000874-1e86-4f7f-85af-3f4444102b5f,e6877cfc-2ffb-46b7-ad18-bb0770b8ee17,InfluenceRelationship,EA ModelSet
e610ee42-fafb-4419-9e3c-23c965deb662,id-9a03020f-a96b-4dbe-a899-a90e9174bf4f,ServingRelationship,EA ModelSet
id-8367ab07-a42e-4f8e-99b1-5f71a9c5f9b1,id-4a3da6e8-2222-42d6-8dcc-38161e48230b,FlowRelationship,EA ModelSet
c28810c6-e167-4ef8-8c5e-4c5b7aa180ff,efbb3bcb-9a91-4f6e-a74b-317ccc42344a,AggregationRelationship,EA ModelSet
id-10caf04a-9d3f-41a3-8e71-dfea45e0d9e9,id-6bcffce8-685f-4fcc-aecd-e5c09431bee2,CompositionRelationship,EA ModelSet
id-7e8d8cb0-e9c0-4bfa-b90b-16300ca4e7b4,id-5192c9c9-5ef4-4248-ab6c-10eeb9a7eaaa,InfluenceRelationship,EA ModelSet
dd2ab122-fe46-46cb-9f4f-c05f34356f1e,id-9d9c20fe-5891-4d61-974b-d3652b114fd6,FlowRelationship,EA ModelSet
b95a4be0-cff3-4e0e-9b9b-97182b522ee7,id-7e9d2d26-a49e-4be0-80c5-8deb05a2316c,RealizationRelationship,EA ModelSet
id-938aa0e0-cc4f-4bc2-a9e3-71cb5d575c1d,c5799c62-8402-485d-a782-20d2b6b2e646,RealizationRelationship,EA ModelSet
id-06062430-9a31-4a38-9df4-2b47254a62a8,id-01ab6276-9bac-40bd-a32e-364eba774a94,RealizationRelationship,EA ModelSet
f7a49b7f-ae81-4ac4-94af-f1df0fc8fc2e,id-5ba4e0e3-3244-4a1a-a226-74a736328e94,RealizationRelationship,EA ModelSet
id-70d1aa65-c731-42b5-b337-74246e29aa69,id-961a777d-d721-4575-984e-cc050315a3f7,FlowRelationship,EA ModelSet
id-3279ceee-07f9-4da6-b18a-8b86ea4e3955,id-839e1d11-278f-4bd1-b1b1-68e8b20914d9,CompositionRelationship,EA ModelSet
id-3f243f3d-3a62-4344-9143-dd140d789cf4,id-9f7678b6-4251-48a4-ac7a-1bdce3e26ad2,CompositionRelationship,EA ModelSet
f5ba07b5-3496-4e8b-af7c-386c5ce29edc,id-2c0811b8-4df5-4f7e-b21f-f49eb0172dbd,AssociationRelationship,EA ModelSet
id-1733e79e-2e12-419c-9e53-5b98b2afec8b,ef10522b-0ff1-492e-9931-c9f6237437e1,RealizationRelationship,EA ModelSet
id-1e368ac6-1606-4a2b-90de-a92af96eb902,c0a51946-8d49-4989-a483-7f9d8c59699d,InfluenceRelationship,EA ModelSet
b95a4be0-cff3-4e0e-9b9b-97182b522ee7,id-20520fc8-dcbd-4e81-8b25-cfb6b59fc989,CompositionRelationship,EA ModelSet
id-3f243f3d-3a62-4344-9143-dd140d789cf4,ef10522b-0ff1-492e-9931-c9f6237437e1,CompositionRelationship,EA ModelSet
ed9760b8-ba96-42e3-bb82-a0dc37aeba68,id-4696e4e5-2e78-4f65-9e2e-9a8d7edadeac,RealizationRelationship,EA ModelSet
id-8367ab07-a42e-4f8e-99b1-5f71a9c5f9b1,id-0009c667-2f31-4e02-8ddb-3495a5420b49,CompositionRelationship,EA ModelSet
id-8367ab07-a42e-4f8e-99b1-5f71a9c5f9b1,id-80d82456-90a4-4b7c-9c91-bbc553191916,ServingRelationship,EA ModelSet
id-2601449f-be40-40d3-8b22-91d763f45d9b,e3faacb6-8394-4e54-8b0d-dfc03e5ec3dc,AggregationRelationship,EA ModelSet
id-4a3da6e8-2222-42d6-8dcc-38161e48230b,id-0652b38f-4ed3-4eeb-a2fd-0a0a8eb1d5d0,RealizationRelationship,EA ModelSet
id-938aa0e0-cc4f-4bc2-a9e3-71cb5d575c1d,id-9d06a5fc-0d12-4436-8f60-bb137013e2e0,RealizationRelationship,EA ModelSet
f8f37b9e-58b4-4545-81a7-528c89d0278b,e3c1ea8c-00fa-4eb3-91fe-ca5bd62e89eb,InfluenceRelationship,EA ModelSet
id-7e8d8cb0-e9c0-4bfa-b90b-16300ca4e7b4,id-5a5e55d9-a3ad-4344-adec-bb3b19e75790,InfluenceRelationship,EA ModelSet
efc79ca1-23c7-4bbc-a751-9d1c396a0aee,id-587d56cd-3a9f-4abe-980c-7d6eb51c8996,AggregationRelationship,EA ModelSet
id-938aa0e0-cc4f-4bc2-a9e3-71cb5d575c1d,id-2b3b8c44-43be-4044-8b04-b2f49e05aa82,RealizationRelationship,EA ModelSet
id-8367ab07-a42e-4f8e-99b1-5f71a9c5f9b1,id-2d1ec9a9-de79-4dc4-87b2-a82b46d2eb07,CompositionRelationship,EA ModelSet
id-721921d6-2807-44a3-9d21-9b17e40ea217,d25133a4-1688-4f98-b5a9-edd384846bc9,ServingRelationship,EA ModelSet
id-5e7b8795-97ab-4374-8d36-26ec9f46c2a7,id-12a1cd8c-0e0e-4d4f-a52b-7dfc0d4a5c2d,CompositionRelationship,EA ModelSet
id-15030373-f448-4e59-b931-301cdbb82866,id-3cc660f7-4c63-43a3-903a-9d1a632f90ec,FlowRelationship,EA ModelSet
ac87c847-ac70-40b3-b6ac-952c04bdc6ac,id-8367ab07-a42e-4f8e-99b1-5f71a9c5f9b1,CompositionRelationship,EA ModelSet
c64f9e95-9cce-43f6-9460-674083792256,id-5199082b-0b2c-42e9-88ab-7b20630716b5,ServingRelationship,EA ModelSet
id-8f7ababa-abd6-4285-9ec9-e4a473079ce3,c175e428-21f9-4bd0-9994-4929490ea4a7,FlowRelationship,EA ModelSet
id-8367ab07-a42e-4f8e-99b1-5f71a9c5f9b1,id-0102ccf7-ec66-4973-84c8-75473d0dc81a,CompositionRelationship,EA ModelSet
f9751de5-1c42-4a7b-ba8a-6ce2c2f11496,id-694c9347-5190-412e-9c53-c7f5e7f45f6d,InfluenceRelationship,EA ModelSet
id-7185d1bf-cbf7-4d9d-bb14-3b8e7f5f57ea,id-7e070520-d0c7-4015-a084-d52d2904c3f5,FlowRelationship,EA ModelSet
id-35bcd37d-07ea-43c3-aa70-aca1e9be2fa8,id-2e967dc1-a903-4e9a-b492-9b35dfede4c3,CompositionRelationship,EA ModelSet
id-4beaca27-e508-451d-9229-d4280066abf2,id-8bd9745b-3187-4421-b02d-0a854b5936af,ServingRelationship,EA ModelSet
id-6bcffce8-685f-4fcc-aecd-e5c09431bee2,ce195bcf-9df0-4d59-81e4-d5e0b963772b,ServingRelationship,EA ModelSet
id-701a3ed0-81bc-4dd7-9df5-703d37b7c882,bf7482dc-47a3-4ed6-9ec1-a60d513065f6,FlowRelationship,EA ModelSet
id-8a8beb7b-f15e-4ba0-bf18-a042989de542,id-61acc61e-76f1-458e-b283-9ffa93c55acd,RealizationRelationship,EA ModelSet
c84f0485-fe05-45d2-b42e-72cba916186d,c6e45c59-9f60-48f3-b1fa-28a93606b807,RealizationRelationship,EA ModelSet
id-550f22aa-1940-48d1-a8f9-0d8a92a17326,id-55ed58a7-8f63-42b8-b0b3-384018a31397,RealizationRelationship,EA ModelSet
f76641ec-c434-4a79-b73c-cae091ef6fc9,id-1695d7c1-ea6f-4e96-85ad-cf885a9b9163,RealizationRelationship,EA ModelSet
id-829a22d6-7b7b-4836-9831-fc072cb107b1,id-5431e405-7e8d-4352-9591-1fc8be22b5f1,ServingRelationship,EA ModelSet
id-4125ecf8-14af-4a83-8517-7780324d2fcf,id-617d4bba-94b7-4093-8e22-58743e60af6e,FlowRelationship,EA ModelSet
id-21209184-791c-4ff9-8907-8ff9037009be,id-8973eecd-b4bc-40f8-97d6-8d7320547706,ServingRelationship,EA ModelSet
id-55770311-535f-4d8f-9bc8-caca1b9ca985,c1c14ccc-797e-4ba3-952b-3b1f4a2458d8,AssociationRelationship,EA ModelSet
id-35bcd37d-07ea-43c3-aa70-aca1e9be2fa8,e6877cfc-2ffb-46b7-ad18-bb0770b8ee17,CompositionRelationship,EA ModelSet
b59400ff-135d-41e7-b7e3-9db07aa78475,a09df2b5-7eee-4118-81ad-fa01a47b21db,AccessRelationship,EA ModelSet
id-4a3da6e8-2222-42d6-8dcc-38161e48230b,id-0b17fc08-5bf4-4358-9166-706c761f0cbf,RealizationRelationship,EA ModelSet
b59400ff-135d-41e7-b7e3-9db07aa78475,id-8268ac95-38b1-4d17-b1e8-d3e5c568cf49,FlowRelationship,EA ModelSet
id-6c93c0fa-4a89-4f45-8972-b49ccaae7c4b,id-0cb3f102-6624-4268-a95f-c770643d5312,ServingRelationship,EA ModelSet
id-5e7b8795-97ab-4374-8d36-26ec9f46c2a7,id-5704b38c-90b0-4389-a7d6-2ac221ff7c1b,CompositionRelationship,EA ModelSet
b0bbc933-cef4-4e48-b4b8-6b6ac7f4af14,id-06f7ef4a-c376-4d19-84f6-e2501367a1f3,ServingRelationship,EA ModelSet
id-26af806b-c542-450b-87bd-559a26327ba6,id-61acc61e-76f1-458e-b283-9ffa93c55acd,InfluenceRelationship,EA ModelSet
id-4a3da6e8-2222-42d6-8dcc-38161e48230b,id-34b8a9f4-8ebb-4e74-853c-559fbcf0c2f4,RealizationRelationship,EA ModelSet
id-4474d5fc-b25f-4219-b414-566d136e3711,id-1695d7c1-ea6f-4e96-85ad-cf885a9b9163,RealizationRelationship,EA ModelSet
f051717b-cbc0-4afa-b9a4-7985006a8aa7,id-81e1b85e-e059-4478-8d71-802062b0f157,CompositionRelationship,EA ModelSet
id-082d5a04-7428-4700-b5c1-8174c74b1d7a,id-01ab6276-9bac-40bd-a32e-364eba774a94,ServingRelationship,EA ModelSet
id-2601449f-be40-40d3-8b22-91d763f45d9b,id-50f4c331-9c3c-4c19-8393-5f53d27c1330,AggregationRelationship,EA ModelSet
e610ee42-fafb-4419-9e3c-23c965deb662,id-5431e405-7e8d-4352-9591-1fc8be22b5f1,ServingRelationship,EA ModelSet
id-0102ccf7-ec66-4973-84c8-75473d0dc81a,d80e9cba-39d1-45d7-8dc2-7964afb157ba,RealizationRelationship,EA ModelSet
d85560dc-13a7-4e08-9800-78e484e3d68c,df695c03-28a0-4f4f-81c6-a247f49dfd35,AggregationRelationship,EA ModelSet
id-9b490a3e-7822-419c-9256-233654dfe137,id-694c9347-5190-412e-9c53-c7f5e7f45f6d,CompositionRelationship,EA ModelSet
id-7f1e4286-c576-43e6-b434-deab336990cc,id-8bd9745b-3187-4421-b02d-0a854b5936af,CompositionRelationship,EA ModelSet
id-0009c667-2f31-4e02-8ddb-3495a5420b49,b68ee389-aa3c-4038-a007-a5aa812462ad,ServingRelationship,EA ModelSet
c033d461-6cfe-4a95-99d7-9ffa6158f9f0,id-0923d52b-a526-49ad-b9fc-068614efe63d,RealizationRelationship,EA ModelSet
d25133a4-1688-4f98-b5a9-edd384846bc9,id-721921d6-2807-44a3-9d21-9b17e40ea217,FlowRelationship,EA ModelSet
id-81e1b85e-e059-4478-8d71-802062b0f157,id-860b523d-2724-4cf7-ab8a-674e8a63c8dc,SpecializationRelationship,EA ModelSet
da2fd833-6644-4953-9511-16dff0ef8960,fa7f0324-748e-4a47-bb66-cf0cb7aea1d1,RealizationRelationship,EA ModelSet
id-7f1e4286-c576-43e6-b434-deab336990cc,db60146c-9848-4c5b-9551-b4e552d7e192,CompositionRelationship,EA ModelSet
id-5e7b8795-97ab-4374-8d36-26ec9f46c2a7,id-4a34e88a-dd54-4b4a-8e5a-7a2369b7f30b,CompositionRelationship,EA ModelSet
id-5431e405-7e8d-4352-9591-1fc8be22b5f1,id-12241a45-5c5b-4c6e-bb5a-77f270b9588b,FlowRelationship,EA ModelSet
id-556015fb-3517-4f24-b178-2bd2c4dbf806,id-83ed9fac-3fb1-4f16-adfb-3f945c49f105,CompositionRelationship,EA ModelSet
id-8f2eed35-1c53-4a25-b6ce-1ac02e2750bb,id-32963a8b-28ed-468c-95e0-0b9706c4246d,FlowRelationship,EA ModelSet
id-24bcab5c-3944-46fb-a5ab-387f13fbdeea,id-860b523d-2724-4cf7-ab8a-674e8a63c8dc,RealizationRelationship,EA ModelSet
id-075eb499-6e8e-4720-a2ce-d360b2c578b8,fdf080ec-72d7-4d0d-99f4-ad2055a552b1,ServingRelationship,EA ModelSet
id-747f28ce-3ccb-44b2-b5d1-2f3146f19190,id-75e80655-d95a-4229-9ad5-18c5927ca0cf,CompositionRelationship,EA ModelSet
id-8367ab07-a42e-4f8e-99b1-5f71a9c5f9b1,a7cb7767-7e30-4239-9745-a43559bcd0fe,CompositionRelationship,EA ModelSet
id-9e340a78-6d26-4949-834f-201b384c927d,id-61acc61e-76f1-458e-b283-9ffa93c55acd,InfluenceRelationship,EA ModelSet
id-9b490a3e-7822-419c-9256-233654dfe137,f9751de5-1c42-4a7b-ba8a-6ce2c2f11496,CompositionRelationship,EA ModelSet
id-041b93c1-d741-407c-8599-c9c3a0155557,id-61acc61e-76f1-458e-b283-9ffa93c55acd,RealizationRelationship,EA ModelSet
id-80d82456-90a4-4b7c-9c91-bbc553191916,ce195bcf-9df0-4d59-81e4-d5e0b963772b,ServingRelationship,EA ModelSet
c28810c6-e167-4ef8-8c5e-4c5b7aa180ff,c4c87a67-a728-4285-bfbe-8e3a7c910f33,AggregationRelationship,EA ModelSet
c4c87a67-a728-4285-bfbe-8e3a7c910f33,id-22831483-fee7-47ea-b3cb-488bbc5efebc,RealizationRelationship,EA ModelSet
id-5e7b8795-97ab-4374-8d36-26ec9f46c2a7,id-4beaca27-e508-451d-9229-d4280066abf2,CompositionRelationship,EA ModelSet
id-5115533e-9376-4c3b-a9da-316dd2ee759f,id-989b273b-ff6f-48e1-83a4-9ba30f64d3b3,AggregationRelationship,EA ModelSet
id-9d358405-80db-4827-9760-6fbc55f0fb80,id-21209184-791c-4ff9-8907-8ff9037009be,ServingRelationship,EA ModelSet
id-12a1cd8c-0e0e-4d4f-a52b-7dfc0d4a5c2d,id-44e89f76-be27-4fa5-ab69-61d98d398692,ServingRelationship,EA ModelSet
id-2ff9452a-a32b-479e-8111-55fe24dcb68d,id-4989a669-9cf6-43d9-a120-37fa4427138a,RealizationRelationship,EA ModelSet
fd7a2441-d3cf-4981-b6d8-30114ea3786e,f051717b-cbc0-4afa-b9a4-7985006a8aa7,CompositionRelationship,EA ModelSet
id-8367ab07-a42e-4f8e-99b1-5f71a9c5f9b1,d690b07d-bcde-478e-91c6-624978f65181,CompositionRelationship,EA ModelSet
id-550f22aa-1940-48d1-a8f9-0d8a92a17326,id-1c000874-1e86-4f7f-85af-3f4444102b5f,RealizationRelationship,EA ModelSet
id-0a1e656e-4fbb-4bfb-8bcf-f3c886d7283d,cbc11eb8-fd3b-4aad-bacd-96424250a66c,InfluenceRelationship,EA ModelSet
id-50f4c331-9c3c-4c19-8393-5f53d27c1330,id-0923d52b-a526-49ad-b9fc-068614efe63d,RealizationRelationship,EA ModelSet
id-43a98d4e-4d5f-4f24-aa67-94f6a618cbf6,f76641ec-c434-4a79-b73c-cae091ef6fc9,AggregationRelationship,EA ModelSet
id-43a98d4e-4d5f-4f24-aa67-94f6a618cbf6,fa07c061-2f8e-4018-acfe-fe5389021e3c,AggregationRelationship,EA ModelSet
id-4a3da6e8-2222-42d6-8dcc-38161e48230b,id-6bb19bd0-4a2b-4414-b936-e7f7d99c004b,CompositionRelationship,EA ModelSet
id-8db9b3c3-6a51-4c61-b34e-50137af1d8c2,id-32963a8b-28ed-468c-95e0-0b9706c4246d,CompositionRelationship,EA ModelSet
e550486c-21f3-40e9-9b09-dfc079e2e2f2,id-7f1e4286-c576-43e6-b434-deab336990cc,AssignmentRelationship,EA ModelSet
efc79ca1-23c7-4bbc-a751-9d1c396a0aee,id-9d358405-80db-4827-9760-6fbc55f0fb80,RealizationRelationship,EA ModelSet
id-8db9b3c3-6a51-4c61-b34e-50137af1d8c2,id-8f2eed35-1c53-4a25-b6ce-1ac02e2750bb,CompositionRelationship,EA ModelSet
id-334ee3e0-666a-4843-bfd8-36cdb2d070d4,id-91f2d206-35da-4093-b7ac-cba5961314a6,CompositionRelationship,EA ModelSet
id-34574657-8e1a-46a0-a628-9a4660b06f18,id-8dc5c066-9545-452d-beb0-4c8fa3bcd40b,AssignmentRelationship,EA ModelSet
c033d461-6cfe-4a95-99d7-9ffa6158f9f0,d41034e3-a8cb-4292-84c4-edd6667f78fc,RealizationRelationship,EA ModelSet
id-9d358405-80db-4827-9760-6fbc55f0fb80,id-8dc5c066-9545-452d-beb0-4c8fa3bcd40b,ServingRelationship,EA ModelSet
id-7f1e4286-c576-43e6-b434-deab336990cc,id-4b15da5a-3136-4fab-a9a3-7314aeb21b06,CompositionRelationship,EA ModelSet
id-4a3da6e8-2222-42d6-8dcc-38161e48230b,id-07cba8d1-2bf9-416b-a085-72755d5e4f97,RealizationRelationship,EA ModelSet
d85560dc-13a7-4e08-9800-78e484e3d68c,db425510-c636-49d2-a6c0-9c1e6097c31e,AggregationRelationship,EA ModelSet
id-5f71272f-eeed-49ac-abff-4e0df139201f,b0866332-188d-4b4e-ae1c-7ec13f2c7e2e,CompositionRelationship,EA ModelSet
id-50f4c331-9c3c-4c19-8393-5f53d27c1330,d41034e3-a8cb-4292-84c4-edd6667f78fc,RealizationRelationship,EA ModelSet
id-4a3da6e8-2222-42d6-8dcc-38161e48230b,id-17430215-f291-4363-9b6e-5ffa893cae0d,RealizationRelationship,EA ModelSet
id-8367ab07-a42e-4f8e-99b1-5f71a9c5f9b1,bd608301-b3f8-4265-9d00-5118e4260a6a,CompositionRelationship,EA ModelSet
id-55770311-535f-4d8f-9bc8-caca1b9ca985,b528b137-7fba-4a68-9421-36a820365f04,TriggeringRelationship,EA ModelSet
id-7f5629d2-5dfe-4264-8808-e79494f2e58b,ed63d3f8-32f6-4588-9cfe-eb4e6ff805e9,RealizationRelationship,EA ModelSet
a6c53cec-4be3-45c4-b1ca-129e7fb792da,id-6686eef8-89da-4a55-b852-9d6926fe84c5,AccessRelationship,EA ModelSet
id-3c3528b3-f627-4fdf-aca3-3e5ae573db54,id-6567cdce-f21d-4616-9d6e-3f212243cb41,RealizationRelationship,EA ModelSet
id-02c65748-5a2f-4fe7-a3cf-4dbee1613d95,cbf15b6e-585b-4746-b0c6-b005827f0ccc,FlowRelationship,EA ModelSet
b528b137-7fba-4a68-9421-36a820365f04,c66c7ee3-348b-4f59-998b-adbd0f25801b,AssociationRelationship,EA ModelSet
id-3f243f3d-3a62-4344-9143-dd140d789cf4,id-28e211e6-032b-4d5d-8a68-b9f3021e3de1,CompositionRelationship,EA ModelSet
f8f37b9e-58b4-4545-81a7-528c89d0278b,e6877cfc-2ffb-46b7-ad18-bb0770b8ee17,InfluenceRelationship,EA ModelSet
id-617d4bba-94b7-4093-8e22-58743e60af6e,id-300e6e5a-379d-4574-9959-2ca110f18a8a,FlowRelationship,EA ModelSet
a6c53cec-4be3-45c4-b1ca-129e7fb792da,a09df2b5-7eee-4118-81ad-fa01a47b21db,AccessRelationship,EA ModelSet
b26f2791-5db8-45fa-96b9-5c5e647029f9,id-2f392cfb-4324-4c5d-a03d-5d18d9e80e1d,ServingRelationship,EA ModelSet
id-7185d1bf-cbf7-4d9d-bb14-3b8e7f5f57ea,id-00b2d81c-bc73-44b2-aa3f-2442acb2af76,FlowRelationship,EA ModelSet
c77008af-df10-480b-8c50-c1eb8bbad71d,id-99ab591d-55d6-4757-8aa6-ba7c9cd59dc4,RealizationRelationship,EA ModelSet
id-84c70a8f-d421-45ba-93dc-893052524e62,id-4a3da6e8-2222-42d6-8dcc-38161e48230b,AssociationRelationship,EA ModelSet
id-8367ab07-a42e-4f8e-99b1-5f71a9c5f9b1,id-46e0babc-8610-4b04-83ad-c31fc2617811,CompositionRelationship,EA ModelSet
id-2ff9452a-a32b-479e-8111-55fe24dcb68d,id-1695d7c1-ea6f-4e96-85ad-cf885a9b9163,RealizationRelationship,EA ModelSet
b59400ff-135d-41e7-b7e3-9db07aa78475,id-998de5c1-c1af-488d-82ed-980db111eb9f,AccessRelationship,EA ModelSet
id-32963a8b-28ed-468c-95e0-0b9706c4246d,b0866332-188d-4b4e-ae1c-7ec13f2c7e2e,FlowRelationship,EA ModelSet
id-877a0821-22b0-4028-9cff-9bc44aaf759b,id-8ab418bf-b078-4691-a743-f6190fb1c53e,RealizationRelationship,EA ModelSet
id-7e8d8cb0-e9c0-4bfa-b90b-16300ca4e7b4,id-35fdceb3-907a-4500-b0a6-c38e5338e0b0,InfluenceRelationship,EA ModelSet
id-83ed9fac-3fb1-4f16-adfb-3f945c49f105,c64f9e95-9cce-43f6-9460-674083792256,ServingRelationship,EA ModelSet
d85560dc-13a7-4e08-9800-78e484e3d68c,id-8b0ccc57-4c1b-4aea-80ad-1eda9ee0b704,AggregationRelationship,EA ModelSet
b034ce92-0d95-46d3-ba63-f6208cf40b86,id-24bcab5c-3944-46fb-a5ab-387f13fbdeea,ServingRelationship,EA ModelSet
id-747f28ce-3ccb-44b2-b5d1-2f3146f19190,id-10543a4b-65a1-448f-9c36-571fb29c282d,CompositionRelationship,EA ModelSet
efc79ca1-23c7-4bbc-a751-9d1c396a0aee,id-5431e405-7e8d-4352-9591-1fc8be22b5f1,RealizationRelationship,EA ModelSet
id-7eb01ce7-ecc9-437a-9749-859480fabeba,id-0bed9e43-751a-4e58-b3c6-caf94e528ef6,InfluenceRelationship,EA ModelSet
id-556015fb-3517-4f24-b178-2bd2c4dbf806,id-3cc660f7-4c63-43a3-903a-9d1a632f90ec,RealizationRelationship,EA ModelSet
id-4a3da6e8-2222-42d6-8dcc-38161e48230b,a546531d-c00f-40ae-bb56-23789073f5b2,CompositionRelationship,EA ModelSet
f051717b-cbc0-4afa-b9a4-7985006a8aa7,ea1f3c38-d0dc-4af7-a038-e89dea7ab5d2,CompositionRelationship,EA ModelSet
id-860b523d-2724-4cf7-ab8a-674e8a63c8dc,id-8f7ababa-abd6-4285-9ec9-e4a473079ce3,ServingRelationship,EA ModelSet
id-989b273b-ff6f-48e1-83a4-9ba30f64d3b3,c6e45c59-9f60-48f3-b1fa-28a93606b807,RealizationRelationship,EA ModelSet
b59400ff-135d-41e7-b7e3-9db07aa78475,id-2914d657-efe3-41bc-a556-1066870cfec5,ServingRelationship,EA ModelSet
id-8367ab07-a42e-4f8e-99b1-5f71a9c5f9b1,id-13793605-150c-420d-a00f-16194c57fd12,CompositionRelationship,EA ModelSet
id-7e9d2d26-a49e-4be0-80c5-8deb05a2316c,af287235-ab12-4a1a-ba2a-677c805fd43e,ServingRelationship,EA ModelSet
id-83ed9fac-3fb1-4f16-adfb-3f945c49f105,id-6c0b24ff-0b33-405f-b173-d7ee97ad5d41,ServingRelationship,EA ModelSet
a3bfc6e4-57a9-4d39-a4c5-d0ce28797b4f,id-3a7a475f-06ce-40e3-887b-18a3bc9f0584,FlowRelationship,EA ModelSet
fd7a2441-d3cf-4981-b6d8-30114ea3786e,id-33b966ce-d8cd-421c-8a91-b8e4ba026455,CompositionRelationship,EA ModelSet
id-5e7b8795-97ab-4374-8d36-26ec9f46c2a7,f9406db6-45f4-4859-bfe6-55909278db6b,CompositionRelationship,EA ModelSet
id-747f28ce-3ccb-44b2-b5d1-2f3146f19190,id-0ce80e47-3a77-47ba-96eb-9ba991191783,CompositionRelationship,EA ModelSet
b65e5ed0-44b1-4b20-8dbb-f06a3d765042,ed9760b8-ba96-42e3-bb82-a0dc37aeba68,AggregationRelationship,EA ModelSet
id-5e4ccd9f-e512-4ebd-b67e-7d5c4fdc201c,id-7e8d8cb0-e9c0-4bfa-b90b-16300ca4e7b4,CompositionRelationship,EA ModelSet
id-7eb01ce7-ecc9-437a-9749-859480fabeba,e3c1ea8c-00fa-4eb3-91fe-ca5bd62e89eb,InfluenceRelationship,EA ModelSet
id-330b25a2-9dea-4d2a-aee4-03abc5f73b69,id-4696e4e5-2e78-4f65-9e2e-9a8d7edadeac,RealizationRelationship,EA ModelSet
id-7f1e4286-c576-43e6-b434-deab336990cc,id-4da01b94-50cd-45fb-9997-633815c78233,CompositionRelationship,EA ModelSet
d7364541-61f2-4122-b1a6-b82b2276d31e,id-2e36c51c-c814-4602-a5ca-aebfefcb9b65,RealizationRelationship,EA ModelSet
id-5ba4e0e3-3244-4a1a-a226-74a736328e94,c64f9e95-9cce-43f6-9460-674083792256,ServingRelationship,EA ModelSet
a6c53cec-4be3-45c4-b1ca-129e7fb792da,id-998de5c1-c1af-488d-82ed-980db111eb9f,AccessRelationship,EA ModelSet
b99d5b73-23d3-4155-8607-f1b6513481f0,id-1695d7c1-ea6f-4e96-85ad-cf885a9b9163,RealizationRelationship,EA ModelSet
e610ee42-fafb-4419-9e3c-23c965deb662,id-9d358405-80db-4827-9760-6fbc55f0fb80,ServingRelationship,EA ModelSet
id-556015fb-3517-4f24-b178-2bd2c4dbf806,c64f9e95-9cce-43f6-9460-674083792256,RealizationRelationship,EA ModelSet
f4319472-f199-4e1a-a010-929bd16707e3,id-1340a64c-aa14-47b5-b5b8-39a7c9251b88,FlowRelationship,EA ModelSet
id-02bf4a42-e2be-4be7-ab45-363616ec52a3,bebd30a8-bfbc-4dd9-9ca4-8bbc4484ee6d,AggregationRelationship,EA ModelSet
c175e428-21f9-4bd0-9994-4929490ea4a7,bac41839-44b2-46bb-84e0-13bfff4aeb68,FlowRelationship,EA ModelSet
e3c1ea8c-00fa-4eb3-91fe-ca5bd62e89eb,id-280f6949-3bd4-4409-ba2f-1d871e087c34,InfluenceRelationship,EA ModelSet
bae642e6-2e8b-44c3-b180-1078bc523fb0,id-8a8beb7b-f15e-4ba0-bf18-a042989de542,CompositionRelationship,EA ModelSet
id-440ae224-4ee5-4ae9-8651-8371d3953fa1,id-51777f49-9559-4b19-9af2-30db535750c7,RealizationRelationship,EA ModelSet
id-2ff9452a-a32b-479e-8111-55fe24dcb68d,b7c6840c-d9b2-4da7-87c3-fb6c78324681,RealizationRelationship,EA ModelSet
id-7f1e4286-c576-43e6-b434-deab336990cc,c2e18c46-7360-4f68-b15a-658cfaf7d676,CompositionRelationship,EA ModelSet
bfd594d7-f1db-44cd-ad0d-786bcafec7f4,id-2d32ea1f-c2f9-4716-8fcd-8f5d2fd0353e,RealizationRelationship,EA ModelSet
id-7f5629d2-5dfe-4264-8808-e79494f2e58b,id-8e5d9d2f-da9c-4553-88bc-a6d398c023f4,RealizationRelationship,EA ModelSet
id-7e9d2d26-a49e-4be0-80c5-8deb05a2316c,id-289fc7de-96d3-456f-90b3-252e2037ea89,AccessRelationship,EA ModelSet
id-3f243f3d-3a62-4344-9143-dd140d789cf4,id-8ab418bf-b078-4691-a743-f6190fb1c53e,CompositionRelationship,EA ModelSet
id-5e7b8795-97ab-4374-8d36-26ec9f46c2a7,id-80d82456-90a4-4b7c-9c91-bbc553191916,ServingRelationship,EA ModelSet
id-35bcd37d-07ea-43c3-aa70-aca1e9be2fa8,id-2bb2e830-9282-44ca-8c9a-2867e2f6a669,CompositionRelationship,EA ModelSet
id-71d5dc97-9934-4459-8037-1d43d51abc1c,id-280f6949-3bd4-4409-ba2f-1d871e087c34,InfluenceRelationship,EA ModelSet
bd3f3f26-4365-4e2b-ae40-0149e20de91d,id-0bed9e43-751a-4e58-b3c6-caf94e528ef6,InfluenceRelationship,EA ModelSet
b443ffb0-7ee7-4d8e-84bb-06b0b85361e0,c2e18c46-7360-4f68-b15a-658cfaf7d676,ServingRelationship,EA ModelSet
c77008af-df10-480b-8c50-c1eb8bbad71d,id-265bd79d-c783-4793-a724-b1d50b407cc6,RealizationRelationship,EA ModelSet
c66c7ee3-348b-4f59-998b-adbd0f25801b,id-55770311-535f-4d8f-9bc8-caca1b9ca985,FlowRelationship,EA ModelSet
id-556015fb-3517-4f24-b178-2bd2c4dbf806,f7a49b7f-ae81-4ac4-94af-f1df0fc8fc2e,RealizationRelationship,EA ModelSet
efc79ca1-23c7-4bbc-a751-9d1c396a0aee,ce195bcf-9df0-4d59-81e4-d5e0b963772b,ServingRelationship,EA ModelSet
id-55770311-535f-4d8f-9bc8-caca1b9ca985,id-4d170df5-c85b-492b-8681-9cb634f7b491,FlowRelationship,EA ModelSet
id-4a3da6e8-2222-42d6-8dcc-38161e48230b,id-03fae33e-cc09-4873-a613-fbcbea8d2713,CompositionRelationship,EA ModelSet
id-7f1e4286-c576-43e6-b434-deab336990cc,id-57fa2ae6-0520-47e0-9ad3-a2216a11db8a,CompositionRelationship,EA ModelSet
id-382bee08-8d02-4fcb-9f83-aafa2bba184d,id-02e84828-50a5-4a4a-821b-4297b4b9e203,CompositionRelationship,EA ModelSet
id-617d4bba-94b7-4093-8e22-58743e60af6e,id-297f4c02-be13-43f2-b5e8-40a9749f58a2,FlowRelationship,EA ModelSet
f92c0304-fd19-4bd0-85ea-7cf86084c90b,id-82e6536e-9d39-43c8-9a89-0af5066d18b8,ServingRelationship,EA ModelSet
id-55770311-535f-4d8f-9bc8-caca1b9ca985,id-5e7b8795-97ab-4374-8d36-26ec9f46c2a7,AssociationRelationship,EA ModelSet
id-3279ceee-07f9-4da6-b18a-8b86ea4e3955,cbc11eb8-fd3b-4aad-bacd-96424250a66c,CompositionRelationship,EA ModelSet
id-839e1d11-278f-4bd1-b1b1-68e8b20914d9,id-28553d53-8f80-4257-8c9c-4f3f732f682b,InfluenceRelationship,EA ModelSet
id-7f1e4286-c576-43e6-b434-deab336990cc,fdf080ec-72d7-4d0d-99f4-ad2055a552b1,CompositionRelationship,EA ModelSet
id-6bcffce8-685f-4fcc-aecd-e5c09431bee2,id-860b523d-2724-4cf7-ab8a-674e8a63c8dc,CompositionRelationship,EA ModelSet
id-9edd4c9b-21f0-448b-8dda-2d73d990e948,cbf15b6e-585b-4746-b0c6-b005827f0ccc,CompositionRelationship,EA ModelSet
e610ee42-fafb-4419-9e3c-23c965deb662,id-829a22d6-7b7b-4836-9831-fc072cb107b1,TriggeringRelationship,EA ModelSet
ac246e94-86b3-4253-91e6-134038c87c27,e610ee42-fafb-4419-9e3c-23c965deb662,CompositionRelationship,EA ModelSet
id-81e1b85e-e059-4478-8d71-802062b0f157,bd3d47bc-56b3-4936-b785-60bed620905a,FlowRelationship,EA ModelSet
ea9e25e1-7dc5-41a5-9b19-f1084e5916f9,id-8dc5c066-9545-452d-beb0-4c8fa3bcd40b,AssignmentRelationship,EA ModelSet
id-1acbadf7-d996-4d12-bc7b-9993b12cf235,id-9d358405-80db-4827-9760-6fbc55f0fb80,ServingRelationship,EA ModelSet
id-556015fb-3517-4f24-b178-2bd2c4dbf806,id-907c5d6d-5f4e-4648-8a76-286959059265,RealizationRelationship,EA ModelSet
d690b07d-bcde-478e-91c6-624978f65181,id-0da42032-98f4-4ffb-8cc8-7a74f980b426,ServingRelationship,EA ModelSet
id-83ed9fac-3fb1-4f16-adfb-3f945c49f105,b443ffb0-7ee7-4d8e-84bb-06b0b85361e0,ServingRelationship,EA ModelSet
id-7f1e4286-c576-43e6-b434-deab336990cc,id-2f392cfb-4324-4c5d-a03d-5d18d9e80e1d,CompositionRelationship,EA ModelSet
id-50389d81-d9c3-4364-89ba-303dd9dae9c1,id-091034e3-0f2d-476d-8f5b-ab94733df269,RealizationRelationship,EA ModelSet
id-43a98d4e-4d5f-4f24-aa67-94f6a618cbf6,b99d5b73-23d3-4155-8607-f1b6513481f0,AggregationRelationship,EA ModelSet
id-3c3528b3-f627-4fdf-aca3-3e5ae573db54,df84a0ef-8ec5-4dd0-a3b7-22ac892d9c64,RealizationRelationship,EA ModelSet
bac41839-44b2-46bb-84e0-13bfff4aeb68,cbf15b6e-585b-4746-b0c6-b005827f0ccc,FlowRelationship,EA ModelSet
id-84c70a8f-d421-45ba-93dc-893052524e62,ac246e94-86b3-4253-91e6-134038c87c27,AssociationRelationship,EA ModelSet
id-7e9d2d26-a49e-4be0-80c5-8deb05a2316c,a4503195-0b59-4e26-9370-31ccb56a6950,AccessRelationship,EA ModelSet
id-938aa0e0-cc4f-4bc2-a9e3-71cb5d575c1d,id-02e84828-50a5-4a4a-821b-4297b4b9e203,RealizationRelationship,EA ModelSet
id-7f1e4286-c576-43e6-b434-deab336990cc,d80e9cba-39d1-45d7-8dc2-7964afb157ba,AccessRelationship,EA ModelSet
f8f37b9e-58b4-4545-81a7-528c89d0278b,id-0bed9e43-751a-4e58-b3c6-caf94e528ef6,InfluenceRelationship,EA ModelSet
id-556015fb-3517-4f24-b178-2bd2c4dbf806,id-90131900-483e-4fb1-a44c-0465398e0d54,RealizationRelationship,EA ModelSet
id-440ae224-4ee5-4ae9-8651-8371d3953fa1,d7364541-61f2-4122-b1a6-b82b2276d31e,RealizationRelationship,EA ModelSet
id-2ff9452a-a32b-479e-8111-55fe24dcb68d,ffcff01f-8046-4b7c-a430-3654675d5650,RealizationRelationship,EA ModelSet
ac246e94-86b3-4253-91e6-134038c87c27,id-8dc5c066-9545-452d-beb0-4c8fa3bcd40b,ServingRelationship,EA ModelSet
ed9760b8-ba96-42e3-bb82-a0dc37aeba68,id-265bd79d-c783-4793-a724-b1d50b407cc6,RealizationRelationship,EA ModelSet
id-64dbb3c0-6406-4615-8ca2-691ce0912734,id-5431e405-7e8d-4352-9591-1fc8be22b5f1,FlowRelationship,EA ModelSet
dd2ab122-fe46-46cb-9f4f-c05f34356f1e,id-740fbe6e-17a1-435a-bf76-64dc65ce5e5c,FlowRelationship,EA ModelSet
id-556015fb-3517-4f24-b178-2bd2c4dbf806,b443ffb0-7ee7-4d8e-84bb-06b0b85361e0,RealizationRelationship,EA ModelSet
id-860b523d-2724-4cf7-ab8a-674e8a63c8dc,id-81e1b85e-e059-4478-8d71-802062b0f157,ServingRelationship,EA ModelSet
id-92aed35b-d7ee-4fd3-a63d-aba13be1928a,id-00b2d81c-bc73-44b2-aa3f-2442acb2af76,CompositionRelationship,EA ModelSet
id-9b490a3e-7822-419c-9256-233654dfe137,id-1e368ac6-1606-4a2b-90de-a92af96eb902,CompositionRelationship,EA ModelSet
id-06f7ef4a-c376-4d19-84f6-e2501367a1f3,id-04ea87b4-64f4-4149-b985-364f87e44241,ServingRelationship,EA ModelSet
id-7f1e4286-c576-43e6-b434-deab336990cc,id-7664c316-5702-40be-8fed-dfaff2393d2a,CompositionRelationship,EA ModelSet
id-00b2d81c-bc73-44b2-aa3f-2442acb2af76,ff0a644c-93ee-422d-bd2e-23c6d77a6e34,FlowRelationship,EA ModelSet
id-50389d81-d9c3-4364-89ba-303dd9dae9c1,id-9652b09e-979e-4d47-a58d-1593c1f431dd,RealizationRelationship,EA ModelSet
efbb3bcb-9a91-4f6e-a74b-317ccc42344a,id-22831483-fee7-47ea-b3cb-488bbc5efebc,RealizationRelationship,EA ModelSet
id-4a3da6e8-2222-42d6-8dcc-38161e48230b,id-6bcffce8-685f-4fcc-aecd-e5c09431bee2,FlowRelationship,EA ModelSet
id-5431e405-7e8d-4352-9591-1fc8be22b5f1,id-64ddb7ad-befb-4bd5-b43c-f48818fba5a9,FlowRelationship,EA ModelSet
ac246e94-86b3-4253-91e6-134038c87c27,efc79ca1-23c7-4bbc-a751-9d1c396a0aee,AssociationRelationship,EA ModelSet
id-556015fb-3517-4f24-b178-2bd2c4dbf806,id-0b72a77d-25fa-4bea-a640-260b8e04d449,CompositionRelationship,EA ModelSet
f8f37b9e-58b4-4545-81a7-528c89d0278b,id-2e967dc1-a903-4e9a-b492-9b35dfede4c3,InfluenceRelationship,EA ModelSet
id-8268ac95-38b1-4d17-b1e8-d3e5c568cf49,id-9d358405-80db-4827-9760-6fbc55f0fb80,FlowRelationship,EA ModelSet
id-8dc5c066-9545-452d-beb0-4c8fa3bcd40b,efc79ca1-23c7-4bbc-a751-9d1c396a0aee,FlowRelationship,EA ModelSet
id-587d56cd-3a9f-4abe-980c-7d6eb51c8996,id-9d358405-80db-4827-9760-6fbc55f0fb80,ServingRelationship,EA ModelSet
id-2bb2e830-9282-44ca-8c9a-2867e2f6a669,id-0bed9e43-751a-4e58-b3c6-caf94e528ef6,AggregationRelationship,EA ModelSet
id-6ac1c17c-e350-4d0a-bb2e-6b3575335937,f4319472-f199-4e1a-a010-929bd16707e3,AggregationRelationship,EA ModelSet
id-7f1e4286-c576-43e6-b434-deab336990cc,id-7f326318-c356-42ab-b0af-7ea295fc32bd,CompositionRelationship,EA ModelSet
id-3de3db9b-e36c-46f4-8189-82cc2ef7833c,id-0b17fc08-5bf4-4358-9166-706c761f0cbf,AssociationRelationship,EA ModelSet
c7d256e4-951a-4a83-9017-1cfb9d957dad,id-3d6d07be-2c5f-4d9e-a6ae-e0b93f3f4b29,AssignmentRelationship,EA ModelSet
d8bb289b-e6cc-4ea2-8b6a-fd0ff7d9a45f,aa6c2de8-3b39-449d-bd38-60fd3c9d1320,ServingRelationship,EA ModelSet
id-3d6d07be-2c5f-4d9e-a6ae-e0b93f3f4b29,id-80d82456-90a4-4b7c-9c91-bbc553191916,AssignmentRelationship,EA ModelSet
id-578d4779-055d-4bac-a7d5-52b23f88da62,id-701a3ed0-81bc-4dd7-9df5-703d37b7c882,FlowRelationship,EA ModelSet
b95a4be0-cff3-4e0e-9b9b-97182b522ee7,af287235-ab12-4a1a-ba2a-677c805fd43e,CompositionRelationship,EA ModelSet
id-382bee08-8d02-4fcb-9f83-aafa2bba184d,df84a0ef-8ec5-4dd0-a3b7-22ac892d9c64,CompositionRelationship,EA ModelSet
id-6bcffce8-685f-4fcc-aecd-e5c09431bee2,e550486c-21f3-40e9-9b09-dfc079e2e2f2,FlowRelationship,EA ModelSet
id-7f1e4286-c576-43e6-b434-deab336990cc,a8578a36-5301-4662-a88e-d1a22f34d5c0,CompositionRelationship,EA ModelSet
id-556015fb-3517-4f24-b178-2bd2c4dbf806,id-825e6029-02c3-4746-8d63-7621a00871a2,RealizationRelationship,EA ModelSet
id-7f1e4286-c576-43e6-b434-deab336990cc,id-340f69b5-71fc-4d09-95d4-6e35c551ada5,CompositionRelationship,EA ModelSet
id-5e7b8795-97ab-4374-8d36-26ec9f46c2a7,id-6c93c0fa-4a89-4f45-8972-b49ccaae7c4b,CompositionRelationship,EA ModelSet
da2fd833-6644-4953-9511-16dff0ef8960,id-5a573212-6f1f-4fc1-a1aa-7869b1eba7dc,RealizationRelationship,EA ModelSet
id-8526cab5-e09e-444f-abdb-53d3a60f5942,id-5a536619-5fd3-497a-9194-601c13f778a0,ServingRelationship,EA ModelSet
id-24bcab5c-3944-46fb-a5ab-387f13fbdeea,a52c1e80-c62f-49a0-94c0-e76bd9f502a5,RealizationRelationship,EA ModelSet
id-8db9b3c3-6a51-4c61-b34e-50137af1d8c2,id-656c0f5d-edfd-4511-bbbd-5b9dc462c8df,CompositionRelationship,EA ModelSet
id-7e9d2d26-a49e-4be0-80c5-8deb05a2316c,id-32963a8b-28ed-468c-95e0-0b9706c4246d,ServingRelationship,EA ModelSet
id-6bcffce8-685f-4fcc-aecd-e5c09431bee2,b034ce92-0d95-46d3-ba63-f6208cf40b86,RealizationRelationship,EA ModelSet
fb09ef65-867e-4c89-9b1d-7a474d0f9b2a,id-69c09475-ca0b-4de1-a99f-ed9f229706f3,RealizationRelationship,EA ModelSet
id-938aa0e0-cc4f-4bc2-a9e3-71cb5d575c1d,id-22831483-fee7-47ea-b3cb-488bbc5efebc,RealizationRelationship,EA ModelSet
ac246e94-86b3-4253-91e6-134038c87c27,id-9a03020f-a96b-4dbe-a899-a90e9174bf4f,CompositionRelationship,EA ModelSet
id-8e986dde-3a00-4815-bc51-5faba777fc07,d7364541-61f2-4122-b1a6-b82b2276d31e,RealizationRelationship,EA ModelSet
id-617d4bba-94b7-4093-8e22-58743e60af6e,id-860b523d-2724-4cf7-ab8a-674e8a63c8dc,SpecializationRelationship,EA ModelSet
id-45a33108-6185-4c75-b325-59a90cf51a3f,id-1695d7c1-ea6f-4e96-85ad-cf885a9b9163,RealizationRelationship,EA ModelSet
id-9b490a3e-7822-419c-9256-233654dfe137,c0a51946-8d49-4989-a483-7f9d8c59699d,CompositionRelationship,EA ModelSet
ac87c847-ac70-40b3-b6ac-952c04bdc6ac,id-5e7b8795-97ab-4374-8d36-26ec9f46c2a7,CompositionRelationship,EA ModelSet
id-84421c42-2dcd-4c43-897e-263e77319d97,b99c5be0-d67b-4ffa-874a-5c8bf6a16577,AggregationRelationship,EA ModelSet
id-7f5629d2-5dfe-4264-8808-e79494f2e58b,id-8c4cd501-91ed-4350-9d0c-528e3fba546b,RealizationRelationship,EA ModelSet
id-8367ab07-a42e-4f8e-99b1-5f71a9c5f9b1,id-5e7b8795-97ab-4374-8d36-26ec9f46c2a7,AssociationRelationship,EA ModelSet
id-96fd6d5f-be14-4899-a982-e77d14c40a23,ef10522b-0ff1-492e-9931-c9f6237437e1,InfluenceRelationship,EA ModelSet
id-556015fb-3517-4f24-b178-2bd2c4dbf806,id-75f23b55-bb49-4356-af64-5a4192fe9512,RealizationRelationship,EA ModelSet
id-75f23b55-bb49-4356-af64-5a4192fe9512,id-721921d6-2807-44a3-9d21-9b17e40ea217,RealizationRelationship,EA ModelSet
id-0ce80e47-3a77-47ba-96eb-9ba991191783,c0a51946-8d49-4989-a483-7f9d8c59699d,RealizationRelationship,EA ModelSet
id-860b523d-2724-4cf7-ab8a-674e8a63c8dc,bac41839-44b2-46bb-84e0-13bfff4aeb68,ServingRelationship,EA ModelSet
id-265bd79d-c783-4793-a724-b1d50b407cc6,d7c83665-84d3-4e68-8fe1-59b827a13c9e,RealizationRelationship,EA ModelSet
da2fd833-6644-4953-9511-16dff0ef8960,id-05d9677c-5d56-436b-9588-2d2abcf77589,RealizationRelationship,EA ModelSet
id-7f1e4286-c576-43e6-b434-deab336990cc,id-5a536619-5fd3-497a-9194-601c13f778a0,CompositionRelationship,EA ModelSet
id-6bb19bd0-4a2b-4414-b936-e7f7d99c004b,id-68aa7599-b3a6-46b6-b20e-73d4febcfcbf,ServingRelationship,EA ModelSet
id-7f1e4286-c576-43e6-b434-deab336990cc,ea3a8a01-38a0-4dfc-9cac-1a203d95fd95,CompositionRelationship,EA ModelSet
id-2b38a401-f174-4a52-919c-33d5fc0911c1,c033d461-6cfe-4a95-99d7-9ffa6158f9f0,AggregationRelationship,EA ModelSet
id-15030373-f448-4e59-b931-301cdbb82866,id-289fc7de-96d3-456f-90b3-252e2037ea89,AccessRelationship,EA ModelSet
id-938aa0e0-cc4f-4bc2-a9e3-71cb5d575c1d,a1b589c5-1c30-469c-aa2e-077a7124b4da,RealizationRelationship,EA ModelSet
id-6bcffce8-685f-4fcc-aecd-e5c09431bee2,id-39ee352c-ec90-4101-865b-f3d65657bb26,CompositionRelationship,EA ModelSet
id-84c70a8f-d421-45ba-93dc-893052524e62,id-10caf04a-9d3f-41a3-8e71-dfea45e0d9e9,AssociationRelationship,EA ModelSet
id-4a3da6e8-2222-42d6-8dcc-38161e48230b,c03fb8c4-ac90-42ea-ae90-f79e90a0ddfc,RealizationRelationship,EA ModelSet
ac246e94-86b3-4253-91e6-134038c87c27,id-829a22d6-7b7b-4836-9831-fc072cb107b1,CompositionRelationship,EA ModelSet
id-30767c9f-3546-4d41-ae50-2d422904f4da,a3bfc6e4-57a9-4d39-a4c5-d0ce28797b4f,CompositionRelationship,EA ModelSet
id-6bcffce8-685f-4fcc-aecd-e5c09431bee2,id-24bcab5c-3944-46fb-a5ab-387f13fbdeea,RealizationRelationship,EA ModelSet
id-3cc660f7-4c63-43a3-903a-9d1a632f90ec,id-81e645ca-6504-4140-873e-ebce40e07b33,AccessRelationship,EA ModelSet
b034ce92-0d95-46d3-ba63-f6208cf40b86,id-4c7ef5f3-9062-4f7c-be24-99d956b1541b,ServingRelationship,EA ModelSet
id-3cc660f7-4c63-43a3-903a-9d1a632f90ec,f7a49b7f-ae81-4ac4-94af-f1df0fc8fc2e,ServingRelationship,EA ModelSet
id-92d9a241-4ca1-4cc4-9b49-b82aa4b509fa,e4ddac33-8528-4e50-998c-922ba361f1b5,ServingRelationship,EA ModelSet
fa07c061-2f8e-4018-acfe-fe5389021e3c,id-4989a669-9cf6-43d9-a120-37fa4427138a,RealizationRelationship,EA ModelSet
id-5e7b8795-97ab-4374-8d36-26ec9f46c2a7,b4bffb8d-ac73-443f-8b46-ec52620ddcf3,CompositionRelationship,EA ModelSet
id-2914d657-efe3-41bc-a556-1066870cfec5,id-3d6d07be-2c5f-4d9e-a6ae-e0b93f3f4b29,ServingRelationship,EA ModelSet
f4319472-f199-4e1a-a010-929bd16707e3,id-70d1aa65-c731-42b5-b337-74246e29aa69,FlowRelationship,EA ModelSet
bae642e6-2e8b-44c3-b180-1078bc523fb0,id-041b93c1-d741-407c-8599-c9c3a0155557,CompositionRelationship,EA ModelSet
id-5ba4e0e3-3244-4a1a-a226-74a736328e94,b443ffb0-7ee7-4d8e-84bb-06b0b85361e0,ServingRelationship,EA ModelSet
id-3e4ea812-87de-4fc6-9bbb-a217e4c34e54,id-61acc61e-76f1-458e-b283-9ffa93c55acd,CompositionRelationship,EA ModelSet
id-64dbb3c0-6406-4615-8ca2-691ce0912734,id-9d358405-80db-4827-9760-6fbc55f0fb80,ServingRelationship,EA ModelSet
id-927b3bf8-2f99-40be-ba4f-0e812b1bdb12,e3ff8c95-2cf7-4af9-af6a-ed58f77eb391,RealizationRelationship,EA ModelSet
c28810c6-e167-4ef8-8c5e-4c5b7aa180ff,id-45a33108-6185-4c75-b325-59a90cf51a3f,AggregationRelationship,EA ModelSet
id-91e1539c-0f4d-42b0-8e8f-cbf8d5b3b800,id-8dc5c066-9545-452d-beb0-4c8fa3bcd40b,AssignmentRelationship,EA ModelSet
id-5e7b8795-97ab-4374-8d36-26ec9f46c2a7,id-0b1e6407-6306-435f-89a7-e4e1d56361df,CompositionRelationship,EA ModelSet
id-4a3da6e8-2222-42d6-8dcc-38161e48230b,id-401a9341-d7e7-4417-9c63-591b0005c23a,RealizationRelationship,EA ModelSet
b65e5ed0-44b1-4b20-8dbb-f06a3d765042,id-440ae224-4ee5-4ae9-8651-8371d3953fa1,AggregationRelationship,EA ModelSet
id-829a22d6-7b7b-4836-9831-fc072cb107b1,id-9d358405-80db-4827-9760-6fbc55f0fb80,ServingRelationship,EA ModelSet
id-9a03020f-a96b-4dbe-a899-a90e9174bf4f,id-9d358405-80db-4827-9760-6fbc55f0fb80,ServingRelationship,EA ModelSet
ac87c847-ac70-40b3-b6ac-952c04bdc6ac,id-556015fb-3517-4f24-b178-2bd2c4dbf806,CompositionRelationship,EA ModelSet
id-3279ceee-07f9-4da6-b18a-8b86ea4e3955,id-0a1e656e-4fbb-4bfb-8bcf-f3c886d7283d,CompositionRelationship,EA ModelSet
id-96fd6d5f-be14-4899-a982-e77d14c40a23,id-9f7678b6-4251-48a4-ac7a-1bdce3e26ad2,InfluenceRelationship,EA ModelSet
id-50a47b1b-ffde-4ff8-bdb2-b52c7aea4890,id-1733e79e-2e12-419c-9e53-5b98b2afec8b,CompositionRelationship,EA ModelSet
id-1c000874-1e86-4f7f-85af-3f4444102b5f,id-0bed9e43-751a-4e58-b3c6-caf94e528ef6,InfluenceRelationship,EA ModelSet
b95a4be0-cff3-4e0e-9b9b-97182b522ee7,id-9a0e7722-7d5e-483e-9465-2d255e61fb67,CompositionRelationship,EA ModelSet
a7cb7767-7e30-4239-9745-a43559bcd0fe,id-7f326318-c356-42ab-b0af-7ea295fc32bd,ServingRelationship,EA ModelSet
id-2b38a401-f174-4a52-919c-33d5fc0911c1,id-3eafedb2-e6c7-4bcd-b648-22ccfeaf83b2,AggregationRelationship,EA ModelSet
id-1c000874-1e86-4f7f-85af-3f4444102b5f,e3c1ea8c-00fa-4eb3-91fe-ca5bd62e89eb,InfluenceRelationship,EA ModelSet
id-550f22aa-1940-48d1-a8f9-0d8a92a17326,f8f37b9e-58b4-4545-81a7-528c89d0278b,RealizationRelationship,EA ModelSet
b95a4be0-cff3-4e0e-9b9b-97182b522ee7,id-289fc7de-96d3-456f-90b3-252e2037ea89,CompositionRelationship,EA ModelSet
id-6bcffce8-685f-4fcc-aecd-e5c09431bee2,a52c1e80-c62f-49a0-94c0-e76bd9f502a5,CompositionRelationship,EA ModelSet
b99d5b73-23d3-4155-8607-f1b6513481f0,id-0b655fc5-671d-4a9a-806c-bac772c438c6,RealizationRelationship,EA ModelSet
b4bffb8d-ac73-443f-8b46-ec52620ddcf3,id-6819fb45-2c5a-4e68-b2e5-30c78ca4f9fe,ServingRelationship,EA ModelSet
id-7f1e4286-c576-43e6-b434-deab336990cc,id-6819fb45-2c5a-4e68-b2e5-30c78ca4f9fe,CompositionRelationship,EA ModelSet
f4319472-f199-4e1a-a010-929bd16707e3,id-2c0811b8-4df5-4f7e-b21f-f49eb0172dbd,AssociationRelationship,EA ModelSet
id-0b1e6407-6306-435f-89a7-e4e1d56361df,id-4b15da5a-3136-4fab-a9a3-7314aeb21b06,ServingRelationship,EA ModelSet
id-75e80655-d95a-4229-9ad5-18c5927ca0cf,cbc11eb8-fd3b-4aad-bacd-96424250a66c,RealizationRelationship,EA ModelSet
daac5476-c714-43be-b9d8-238811e43658,bac41839-44b2-46bb-84e0-13bfff4aeb68,CompositionRelationship,EA ModelSet
id-5704b38c-90b0-4389-a7d6-2ac221ff7c1b,id-340f69b5-71fc-4d09-95d4-6e35c551ada5,ServingRelationship,EA ModelSet
id-06062430-9a31-4a38-9df4-2b47254a62a8,id-082d5a04-7428-4700-b5c1-8174c74b1d7a,CompositionRelationship,EA ModelSet
id-002a03ed-354b-484a-b369-dc81eaf7933d,e550486c-21f3-40e9-9b09-dfc079e2e2f2,AssignmentRelationship,EA ModelSet
id-4a3da6e8-2222-42d6-8dcc-38161e48230b,ce195bcf-9df0-4d59-81e4-d5e0b963772b,ServingRelationship,EA ModelSet
id-81e1b85e-e059-4478-8d71-802062b0f157,cbf15b6e-585b-4746-b0c6-b005827f0ccc,FlowRelationship,EA ModelSet
id-9d358405-80db-4827-9760-6fbc55f0fb80,id-32963a8b-28ed-468c-95e0-0b9706c4246d,FlowRelationship,EA ModelSet
id-550f22aa-1940-48d1-a8f9-0d8a92a17326,bd3f3f26-4365-4e2b-ae40-0149e20de91d,RealizationRelationship,EA ModelSet
id-5115533e-9376-4c3b-a9da-316dd2ee759f,c77008af-df10-480b-8c50-c1eb8bbad71d,AggregationRelationship,EA ModelSet
id-1179c378-e8c8-416d-a13a-eef8ba620c67,id-15030373-f448-4e59-b931-301cdbb82866,AssignmentRelationship,EA ModelSet
id-87868975-4cef-414e-a63b-2e38149a1949,id-0b655fc5-671d-4a9a-806c-bac772c438c6,RealizationRelationship,EA ModelSet
id-7f1e4286-c576-43e6-b434-deab336990cc,e0432483-8b8f-4251-b0c9-afeaefa06cb4,CompositionRelationship,EA ModelSet
id-8367ab07-a42e-4f8e-99b1-5f71a9c5f9b1,id-4af3cfd5-f5b2-4120-b805-143e5c4fda93,CompositionRelationship,EA ModelSet
id-5e4ccd9f-e512-4ebd-b67e-7d5c4fdc201c,id-35fdceb3-907a-4500-b0a6-c38e5338e0b0,CompositionRelationship,EA ModelSet
id-4af3cfd5-f5b2-4120-b805-143e5c4fda93,a8578a36-5301-4662-a88e-d1a22f34d5c0,ServingRelationship,EA ModelSet
id-7f5629d2-5dfe-4264-8808-e79494f2e58b,df84a0ef-8ec5-4dd0-a3b7-22ac892d9c64,RealizationRelationship,EA ModelSet
b0866332-188d-4b4e-ae1c-7ec13f2c7e2e,dd2ab122-fe46-46cb-9f4f-c05f34356f1e,FlowRelationship,EA ModelSet
id-55ed58a7-8f63-42b8-b0b3-384018a31397,id-71d5dc97-9934-4459-8037-1d43d51abc1c,InfluenceRelationship,EA ModelSet
b95a4be0-cff3-4e0e-9b9b-97182b522ee7,id-8f2eed35-1c53-4a25-b6ce-1ac02e2750bb,RealizationRelationship,EA ModelSet
id-7f1e4286-c576-43e6-b434-deab336990cc,id-06f7ef4a-c376-4d19-84f6-e2501367a1f3,CompositionRelationship,EA ModelSet
fd7a2441-d3cf-4981-b6d8-30114ea3786e,id-9edd4c9b-21f0-448b-8dda-2d73d990e948,CompositionRelationship,EA ModelSet
id-3de3db9b-e36c-46f4-8189-82cc2ef7833c,bac41839-44b2-46bb-84e0-13bfff4aeb68,FlowRelationship,EA ModelSet
bd3f3f26-4365-4e2b-ae40-0149e20de91d,id-2e967dc1-a903-4e9a-b492-9b35dfede4c3,InfluenceRelationship,EA ModelSet
id-18d18015-41d1-44a6-bc65-81a3680ba568,bd3d47bc-56b3-4936-b785-60bed620905a,AggregationRelationship,EA ModelSet
id-3279ceee-07f9-4da6-b18a-8b86ea4e3955,id-28553d53-8f80-4257-8c9c-4f3f732f682b,CompositionRelationship,EA ModelSet
id-91f2d206-35da-4093-b7ac-cba5961314a6,id-7185d1bf-cbf7-4d9d-bb14-3b8e7f5f57ea,FlowRelationship,EA ModelSet
efc79ca1-23c7-4bbc-a751-9d1c396a0aee,id-64ddb7ad-befb-4bd5-b43c-f48818fba5a9,RealizationRelationship,EA ModelSet
id-02bf4a42-e2be-4be7-ab45-363616ec52a3,id-87868975-4cef-414e-a63b-2e38149a1949,AggregationRelationship,EA ModelSet
id-3f243f3d-3a62-4344-9143-dd140d789cf4,id-96fd6d5f-be14-4899-a982-e77d14c40a23,CompositionRelationship,EA ModelSet
bac41839-44b2-46bb-84e0-13bfff4aeb68,c175e428-21f9-4bd0-9994-4929490ea4a7,FlowRelationship,EA ModelSet
id-721921d6-2807-44a3-9d21-9b17e40ea217,id-75f23b55-bb49-4356-af64-5a4192fe9512,FlowRelationship,EA ModelSet
id-50a47b1b-ffde-4ff8-bdb2-b52c7aea4890,id-877a0821-22b0-4028-9cff-9bc44aaf759b,CompositionRelationship,EA ModelSet
id-4a3da6e8-2222-42d6-8dcc-38161e48230b,id-063ba168-1484-4b51-8c2d-9cda0df8ba11,RealizationRelationship,EA ModelSet
efc79ca1-23c7-4bbc-a751-9d1c396a0aee,id-81d8422d-9a7d-4e3a-9846-169ba9ea980d,RealizationRelationship,EA ModelSet
id-8367ab07-a42e-4f8e-99b1-5f71a9c5f9b1,bf6f80a7-71a4-44c6-8d2f-116093a0093f,CompositionRelationship,EA ModelSet
id-10543a4b-65a1-448f-9c36-571fb29c282d,id-28553d53-8f80-4257-8c9c-4f3f732f682b,RealizationRelationship,EA ModelSet
id-3a7a475f-06ce-40e3-887b-18a3bc9f0584,id-67f35b34-2f00-4ae7-aa30-0b4fa1465fc5,FlowRelationship,EA ModelSet
id-43a98d4e-4d5f-4f24-aa67-94f6a618cbf6,id-4474d5fc-b25f-4219-b414-566d136e3711,AggregationRelationship,EA ModelSet
id-556015fb-3517-4f24-b178-2bd2c4dbf806,id-1179c378-e8c8-416d-a13a-eef8ba620c67,RealizationRelationship,EA ModelSet
id-7f1e4286-c576-43e6-b434-deab336990cc,e4ddac33-8528-4e50-998c-922ba361f1b5,CompositionRelationship,EA ModelSet
bd3f3f26-4365-4e2b-ae40-0149e20de91d,e3c1ea8c-00fa-4eb3-91fe-ca5bd62e89eb,InfluenceRelationship,EA ModelSet
id-90131900-483e-4fb1-a44c-0465398e0d54,id-15030373-f448-4e59-b931-301cdbb82866,FlowRelationship,EA ModelSet
id-10543a4b-65a1-448f-9c36-571fb29c282d,id-694c9347-5190-412e-9c53-c7f5e7f45f6d,RealizationRelationship,EA ModelSet
id-7eb01ce7-ecc9-437a-9749-859480fabeba,id-280f6949-3bd4-4409-ba2f-1d871e087c34,InfluenceRelationship,EA ModelSet
id-84c70a8f-d421-45ba-93dc-893052524e62,efc79ca1-23c7-4bbc-a751-9d1c396a0aee,AssociationRelationship,EA ModelSet
id-587d56cd-3a9f-4abe-980c-7d6eb51c8996,id-5431e405-7e8d-4352-9591-1fc8be22b5f1,FlowRelationship,EA ModelSet
id-7f1e4286-c576-43e6-b434-deab336990cc,bc87d70a-c6ff-477e-b61e-64e398eb18fa,CompositionRelationship,EA ModelSet
id-68aa7599-b3a6-46b6-b20e-73d4febcfcbf,f5ba07b5-3496-4e8b-af7c-386c5ce29edc,FlowRelationship,EA ModelSet
id-5f71272f-eeed-49ac-abff-4e0df139201f,id-8db9b3c3-6a51-4c61-b34e-50137af1d8c2,CompositionRelationship,EA ModelSet
id-1acbadf7-d996-4d12-bc7b-9993b12cf235,id-7e9d2d26-a49e-4be0-80c5-8deb05a2316c,AssociationRelationship,EA ModelSet
id-6bcffce8-685f-4fcc-aecd-e5c09431bee2,daac5476-c714-43be-b9d8-238811e43658,CompositionRelationship,EA ModelSet
id-556015fb-3517-4f24-b178-2bd2c4dbf806,d25133a4-1688-4f98-b5a9-edd384846bc9,RealizationRelationship,EA ModelSet
id-2bb2e830-9282-44ca-8c9a-2867e2f6a669,e3c1ea8c-00fa-4eb3-91fe-ca5bd62e89eb,AggregationRelationship,EA ModelSet
id-96fd6d5f-be14-4899-a982-e77d14c40a23,id-28e211e6-032b-4d5d-8a68-b9f3021e3de1,InfluenceRelationship,EA ModelSet
id-5f71272f-eeed-49ac-abff-4e0df139201f,id-9d9c20fe-5891-4d61-974b-d3652b114fd6,CompositionRelationship,EA ModelSet
id-556015fb-3517-4f24-b178-2bd2c4dbf806,id-7f1e4286-c576-43e6-b434-deab336990cc,ServingRelationship,EA ModelSet
bd608301-b3f8-4265-9d00-5118e4260a6a,id-7664c316-5702-40be-8fed-dfaff2393d2a,ServingRelationship,EA ModelSet
ce195bcf-9df0-4d59-81e4-d5e0b963772b,id-21209184-791c-4ff9-8907-8ff9037009be,CompositionRelationship,EA ModelSet
a6c53cec-4be3-45c4-b1ca-129e7fb792da,id-81d8422d-9a7d-4e3a-9846-169ba9ea980d,ServingRelationship,EA ModelSet
ce195bcf-9df0-4d59-81e4-d5e0b963772b,id-06f7ef4a-c376-4d19-84f6-e2501367a1f3,AggregationRelationship,EA ModelSet
efc79ca1-23c7-4bbc-a751-9d1c396a0aee,id-12241a45-5c5b-4c6e-bb5a-77f270b9588b,RealizationRelationship,EA ModelSet
fb09ef65-867e-4c89-9b1d-7a474d0f9b2a,id-28e211e6-032b-4d5d-8a68-b9f3021e3de1,RealizationRelationship,EA ModelSet
d8bb289b-e6cc-4ea2-8b6a-fd0ff7d9a45f,id-0b72a77d-25fa-4bea-a640-260b8e04d449,AssociationRelationship,EA ModelSet
id-5115533e-9376-4c3b-a9da-316dd2ee759f,id-8e986dde-3a00-4815-bc51-5faba777fc07,AggregationRelationship,EA ModelSet
id-53fe6742-8014-4045-a07f-979e6f113e32,id-0bed9e43-751a-4e58-b3c6-caf94e528ef6,InfluenceRelationship,EA ModelSet
id-907c5d6d-5f4e-4648-8a76-286959059265,id-0b72a77d-25fa-4bea-a640-260b8e04d449,RealizationRelationship,EA ModelSet
id-3279ceee-07f9-4da6-b18a-8b86ea4e3955,id-1ecaba46-82d3-4312-9a30-cde49292fd5d,CompositionRelationship,EA ModelSet
id-45a33108-6185-4c75-b325-59a90cf51a3f,id-4989a669-9cf6-43d9-a120-37fa4427138a,RealizationRelationship,EA ModelSet
a0f953bf-7a94-4ce2-881d-35358be9faf7,id-9f7678b6-4251-48a4-ac7a-1bdce3e26ad2,RealizationRelationship,EA ModelSet
id-8db9b3c3-6a51-4c61-b34e-50137af1d8c2,id-740fbe6e-17a1-435a-bf76-64dc65ce5e5c,CompositionRelationship,EA ModelSet
id-4696e4e5-2e78-4f65-9e2e-9a8d7edadeac,d7c83665-84d3-4e68-8fe1-59b827a13c9e,RealizationRelationship,EA ModelSet
id-10caf04a-9d3f-41a3-8e71-dfea45e0d9e9,efc79ca1-23c7-4bbc-a751-9d1c396a0aee,CompositionRelationship,EA ModelSet
id-2d1ec9a9-de79-4dc4-87b2-a82b46d2eb07,ea3a8a01-38a0-4dfc-9cac-1a203d95fd95,ServingRelationship,EA ModelSet
id-3a7a475f-06ce-40e3-887b-18a3bc9f0584,id-00b2d81c-bc73-44b2-aa3f-2442acb2af76,FlowRelationship,EA ModelSet
id-10caf04a-9d3f-41a3-8e71-dfea45e0d9e9,id-4a3da6e8-2222-42d6-8dcc-38161e48230b,CompositionRelationship,EA ModelSet
f5ba07b5-3496-4e8b-af7c-386c5ce29edc,f7329809-a561-417d-979f-1cbeb69c216c,AssociationRelationship,EA ModelSet
id-92aed35b-d7ee-4fd3-a63d-aba13be1928a,id-3a7a475f-06ce-40e3-887b-18a3bc9f0584,CompositionRelationship,EA ModelSet
id-5e7b8795-97ab-4374-8d36-26ec9f46c2a7,id-075eb499-6e8e-4720-a2ce-d360b2c578b8,CompositionRelationship,EA ModelSet
id-8367ab07-a42e-4f8e-99b1-5f71a9c5f9b1,id-8526cab5-e09e-444f-abdb-53d3a60f5942,CompositionRelationship,EA ModelSet
id-6c0b24ff-0b33-405f-b173-d7ee97ad5d41,id-091034e3-0f2d-476d-8f5b-ab94733df269,RealizationRelationship,EA ModelSet
id-3c3528b3-f627-4fdf-aca3-3e5ae573db54,id-36b5e88c-6cf6-4473-918d-1d286a10175d,RealizationRelationship,EA ModelSet
id-4a3da6e8-2222-42d6-8dcc-38161e48230b,id-021f1ecf-0b63-41c6-ad01-b09be3a3bba6,RealizationRelationship,EA ModelSet
id-3c3528b3-f627-4fdf-aca3-3e5ae573db54,id-8c4cd501-91ed-4350-9d0c-528e3fba546b,RealizationRelationship,EA ModelSet
id-330b25a2-9dea-4d2a-aee4-03abc5f73b69,id-99ab591d-55d6-4757-8aa6-ba7c9cd59dc4,RealizationRelationship,EA ModelSet
id-7f1e4286-c576-43e6-b434-deab336990cc,aa6c2de8-3b39-449d-bd38-60fd3c9d1320,CompositionRelationship,EA ModelSet
id-5e7b8795-97ab-4374-8d36-26ec9f46c2a7,id-7f1e4286-c576-43e6-b434-deab336990cc,ServingRelationship,EA ModelSet
id-5115533e-9376-4c3b-a9da-316dd2ee759f,id-330b25a2-9dea-4d2a-aee4-03abc5f73b69,AggregationRelationship,EA ModelSet
id-784bc845-5011-4ff2-87f4-1155a0aff190,id-21aaad2e-58fc-497e-83fd-5afc56766564,ServingRelationship,EA ModelSet
id-5e7b8795-97ab-4374-8d36-26ec9f46c2a7,b26f2791-5db8-45fa-96b9-5c5e647029f9,CompositionRelationship,EA ModelSet
id-7e9d2d26-a49e-4be0-80c5-8deb05a2316c,id-9a0e7722-7d5e-483e-9465-2d255e61fb67,AccessRelationship,EA ModelSet
b65e5ed0-44b1-4b20-8dbb-f06a3d765042,c84f0485-fe05-45d2-b42e-72cba916186d,AggregationRelationship,EA ModelSet
id-9b490a3e-7822-419c-9256-233654dfe137,id-69c09475-ca0b-4de1-a99f-ed9f229706f3,CompositionRelationship,EA ModelSet
id-51777f49-9559-4b19-9af2-30db535750c7,id-2e36c51c-c814-4602-a5ca-aebfefcb9b65,RealizationRelationship,EA ModelSet
id-4c7ef5f3-9062-4f7c-be24-99d956b1541b,a52c1e80-c62f-49a0-94c0-e76bd9f502a5,RealizationRelationship,EA ModelSet
id-382bee08-8d02-4fcb-9f83-aafa2bba184d,a1b589c5-1c30-469c-aa2e-077a7124b4da,CompositionRelationship,EA ModelSet
id-1e368ac6-1606-4a2b-90de-a92af96eb902,id-69c09475-ca0b-4de1-a99f-ed9f229706f3,InfluenceRelationship,EA ModelSet
a52c1e80-c62f-49a0-94c0-e76bd9f502a5,bac41839-44b2-46bb-84e0-13bfff4aeb68,ServingRelationship,EA ModelSet
id-550f22aa-1940-48d1-a8f9-0d8a92a17326,id-7eb01ce7-ecc9-437a-9749-859480fabeba,RealizationRelationship,EA ModelSet
id-4a3da6e8-2222-42d6-8dcc-38161e48230b,id-856d30fe-dc4d-43d2-af46-3d834e29298f,CompositionRelationship,EA ModelSet
id-84c70a8f-d421-45ba-93dc-893052524e62,ac87c847-ac70-40b3-b6ac-952c04bdc6ac,AssociationRelationship,EA ModelSet
id-938aa0e0-cc4f-4bc2-a9e3-71cb5d575c1d,d41034e3-a8cb-4292-84c4-edd6667f78fc,RealizationRelationship,EA ModelSet
id-825e6029-02c3-4746-8d63-7621a00871a2,id-721921d6-2807-44a3-9d21-9b17e40ea217,FlowRelationship,EA ModelSet
b59400ff-135d-41e7-b7e3-9db07aa78475,id-6686eef8-89da-4a55-b852-9d6926fe84c5,AccessRelationship,EA ModelSet
id-80d82456-90a4-4b7c-9c91-bbc553191916,id-7f1e4286-c576-43e6-b434-deab336990cc,ServingRelationship,EA ModelSet
id-556015fb-3517-4f24-b178-2bd2c4dbf806,id-721921d6-2807-44a3-9d21-9b17e40ea217,CompositionRelationship,EA ModelSet
ac246e94-86b3-4253-91e6-134038c87c27,id-4a3da6e8-2222-42d6-8dcc-38161e48230b,AssociationRelationship,EA ModelSet
d85560dc-13a7-4e08-9800-78e484e3d68c,a3994333-7b02-4dd9-a209-c1758ec4ebff,AggregationRelationship,EA ModelSet
b59400ff-135d-41e7-b7e3-9db07aa78475,id-81d8422d-9a7d-4e3a-9846-169ba9ea980d,ServingRelationship,EA ModelSet
f7a49b7f-ae81-4ac4-94af-f1df0fc8fc2e,id-83ed9fac-3fb1-4f16-adfb-3f945c49f105,RealizationRelationship,EA ModelSet
c175e428-21f9-4bd0-9994-4929490ea4a7,id-8f7ababa-abd6-4285-9ec9-e4a473079ce3,FlowRelationship,EA ModelSet
id-75f23b55-bb49-4356-af64-5a4192fe9512,id-81e645ca-6504-4140-873e-ebce40e07b33,AccessRelationship,EA ModelSet
id-2914d657-efe3-41bc-a556-1066870cfec5,e550486c-21f3-40e9-9b09-dfc079e2e2f2,ServingRelationship,EA ModelSet
id-7f1e4286-c576-43e6-b434-deab336990cc,id-21aaad2e-58fc-497e-83fd-5afc56766564,CompositionRelationship,EA ModelSet
id-10caf04a-9d3f-41a3-8e71-dfea45e0d9e9,ac246e94-86b3-4253-91e6-134038c87c27,CompositionRelationship,EA ModelSet
ac246e94-86b3-4253-91e6-134038c87c27,id-1acbadf7-d996-4d12-bc7b-9993b12cf235,CompositionRelationship,EA ModelSet
id-84c70a8f-d421-45ba-93dc-893052524e62,id-6bcffce8-685f-4fcc-aecd-e5c09431bee2,AssociationRelationship,EA ModelSet
id-1acbadf7-d996-4d12-bc7b-9993b12cf235,e71a304d-2847-4038-8173-00e4454ba081,AssociationRelationship,EA ModelSet
id-382bee08-8d02-4fcb-9f83-aafa2bba184d,id-2b3b8c44-43be-4044-8b04-b2f49e05aa82,CompositionRelationship,EA ModelSet
id-5801bf03-8c04-4e6e-9ef8-3270e34e220d,id-280f6949-3bd4-4409-ba2f-1d871e087c34,InfluenceRelationship,EA ModelSet
id-6bcffce8-685f-4fcc-aecd-e5c09431bee2,id-4c7ef5f3-9062-4f7c-be24-99d956b1541b,RealizationRelationship,EA ModelSet
id-938aa0e0-cc4f-4bc2-a9e3-71cb5d575c1d,id-0923d52b-a526-49ad-b9fc-068614efe63d,RealizationRelationship,EA ModelSet
id-7f1e4286-c576-43e6-b434-deab336990cc,id-44e89f76-be27-4fa5-ab69-61d98d398692,CompositionRelationship,EA ModelSet
daac5476-c714-43be-b9d8-238811e43658,id-8f7ababa-abd6-4285-9ec9-e4a473079ce3,CompositionRelationship,EA ModelSet
id-4a3da6e8-2222-42d6-8dcc-38161e48230b,id-84b6322d-ea18-4c0b-a240-a655b0a3e272,CompositionRelationship,EA ModelSet
c84f0485-fe05-45d2-b42e-72cba916186d,id-51777f49-9559-4b19-9af2-30db535750c7,RealizationRelationship,EA ModelSet
id-1ecaba46-82d3-4312-9a30-cde49292fd5d,cbc11eb8-fd3b-4aad-bacd-96424250a66c,InfluenceRelationship,EA ModelSet
id-382bee08-8d02-4fcb-9f83-aafa2bba184d,id-8c4cd501-91ed-4350-9d0c-528e3fba546b,CompositionRelationship,EA ModelSet
ac246e94-86b3-4253-91e6-134038c87c27,ce195bcf-9df0-4d59-81e4-d5e0b963772b,ServingRelationship,EA ModelSet
id-55770311-535f-4d8f-9bc8-caca1b9ca985,f2a8c673-49f5-4c02-870d-c62972584132,RealizationRelationship,EA ModelSet
id-55770311-535f-4d8f-9bc8-caca1b9ca985,id-20b1a230-9fc8-44eb-a47a-fc2d96832748,RealizationRelationship,EA ModelSet
id-8367ab07-a42e-4f8e-99b1-5f71a9c5f9b1,f92c0304-fd19-4bd0-85ea-7cf86084c90b,CompositionRelationship,EA ModelSet
id-721921d6-2807-44a3-9d21-9b17e40ea217,id-825e6029-02c3-4746-8d63-7621a00871a2,ServingRelationship,EA ModelSet
id-68aa7599-b3a6-46b6-b20e-73d4febcfcbf,id-06f7ef4a-c376-4d19-84f6-e2501367a1f3,ServingRelationship,EA ModelSet
id-4c7ef5f3-9062-4f7c-be24-99d956b1541b,id-860b523d-2724-4cf7-ab8a-674e8a63c8dc,RealizationRelationship,EA ModelSet
id-5e7b8795-97ab-4374-8d36-26ec9f46c2a7,b0bbc933-cef4-4e48-b4b8-6b6ac7f4af14,CompositionRelationship,EA ModelSet
cbf15b6e-585b-4746-b0c6-b005827f0ccc,id-10ac06c5-c885-4daa-af9d-4529971b2fa8,FlowRelationship,EA ModelSet
id-8367ab07-a42e-4f8e-99b1-5f71a9c5f9b1,id-784bc845-5011-4ff2-87f4-1155a0aff190,CompositionRelationship,EA ModelSet
id-556015fb-3517-4f24-b178-2bd2c4dbf806,id-81e645ca-6504-4140-873e-ebce40e07b33,CompositionRelationship,EA ModelSet
id-7f1e4286-c576-43e6-b434-deab336990cc,id-82e6536e-9d39-43c8-9a89-0af5066d18b8,CompositionRelationship,EA ModelSet
id-3279ceee-07f9-4da6-b18a-8b86ea4e3955,b25f8007-e731-484e-b498-4a444280de91,CompositionRelationship,EA ModelSet
f4319472-f199-4e1a-a010-929bd16707e3,id-81e1b85e-e059-4478-8d71-802062b0f157,FlowRelationship,EA ModelSet
e3faacb6-8394-4e54-8b0d-dfc03e5ec3dc,id-0b655fc5-671d-4a9a-806c-bac772c438c6,RealizationRelationship,EA ModelSet
id-43a98d4e-4d5f-4f24-aa67-94f6a618cbf6,id-509271b6-6e5a-439c-8dfa-184aa5d0dcc3,AggregationRelationship,EA ModelSet
efc79ca1-23c7-4bbc-a751-9d1c396a0aee,id-4a3da6e8-2222-42d6-8dcc-38161e48230b,FlowRelationship,EA ModelSet
id-50a47b1b-ffde-4ff8-bdb2-b52c7aea4890,fb09ef65-867e-4c89-9b1d-7a474d0f9b2a,CompositionRelationship,EA ModelSet
id-46e0babc-8610-4b04-83ad-c31fc2617811,id-4da01b94-50cd-45fb-9997-633815c78233,ServingRelationship,EA ModelSet
id-7f1e4286-c576-43e6-b434-deab336990cc,id-0da42032-98f4-4ffb-8cc8-7a74f980b426,CompositionRelationship,EA ModelSet
id-5e4ccd9f-e512-4ebd-b67e-7d5c4fdc201c,id-5192c9c9-5ef4-4248-ab6c-10eeb9a7eaaa,CompositionRelationship,EA ModelSet
id-334ee3e0-666a-4843-bfd8-36cdb2d070d4,id-7185d1bf-cbf7-4d9d-bb14-3b8e7f5f57ea,CompositionRelationship,EA ModelSet
id-5e7b8795-97ab-4374-8d36-26ec9f46c2a7,id-4a3da6e8-2222-42d6-8dcc-38161e48230b,FlowRelationship,EA ModelSet
id-3e4ea812-87de-4fc6-9bbb-a217e4c34e54,id-26af806b-c542-450b-87bd-559a26327ba6,CompositionRelationship,EA ModelSet
id-7f1e4286-c576-43e6-b434-deab336990cc,id-0cb3f102-6624-4268-a95f-c770643d5312,CompositionRelationship,EA ModelSet
id-7e9d2d26-a49e-4be0-80c5-8deb05a2316c,id-20520fc8-dcbd-4e81-8b25-cfb6b59fc989,AccessRelationship,EA ModelSet
b95a4be0-cff3-4e0e-9b9b-97182b522ee7,a4503195-0b59-4e26-9370-31ccb56a6950,CompositionRelationship,EA ModelSet
a52c1e80-c62f-49a0-94c0-e76bd9f502a5,id-8f7ababa-abd6-4285-9ec9-e4a473079ce3,ServingRelationship,EA ModelSet
efc79ca1-23c7-4bbc-a751-9d1c396a0aee,id-64dbb3c0-6406-4615-8ca2-691ce0912734,AggregationRelationship,EA ModelSet
_obAZ8LTAEDi2urmXF7nNIw,_drdHALTAEDi2urmXF7nNIw,AssociationRelationship,EA ModelSet
_rp27kLTAEDi2urmXF7nNIw,_drdHALTAEDi2urmXF7nNIw,TriggeringRelationship,EA ModelSet
_fzxeYLTAEDi2urmXF7nNIw,_drdHALTAEDi2urmXF7nNIw,AssociationRelationship,EA ModelSet
_drdHALTAEDi2urmXF7nNIw,_3QkgALTAEDi2urmXF7nNIw,TriggeringRelationship,EA ModelSet
_obAZ8LTAEDi2urmXF7nNIw,_3QkgALTAEDi2urmXF7nNIw,AssociationRelationship,EA ModelSet
_vEhroLTAEDi2urmXF7nNIw,_rp27kLTAEDi2urmXF7nNIw,AssociationRelationship,EA ModelSet
_fzxeYLTAEDi2urmXF7nNIw,_rp27kLTAEDi2urmXF7nNIw,AssociationRelationship,EA ModelSet
_3QkgALTAEDi2urmXF7nNIw,_SzFkYLTCEDi2urmXF7nNIw,TriggeringRelationship,EA ModelSet
_VLdxALTCEDi2urmXF7nNIw,_SzFkYLTCEDi2urmXF7nNIw,AssociationRelationship,EA ModelSet
_SzFkYLTCEDi2urmXF7nNIw,_odVqULTCEDi2urmXF7nNIw,TriggeringRelationship,EA ModelSet
_t0ulwLTCEDi2urmXF7nNIw,_odVqULTCEDi2urmXF7nNIw,AssociationRelationship,EA ModelSet
_SzFkYLTCEDi2urmXF7nNIw,_t0ulwLTCEDi2urmXF7nNIw,AssociationRelationship,EA ModelSet
_BWzeQLTDEDi2urmXF7nNIw,_96z4gLTCEDi2urmXF7nNIw,AssociationRelationship,EA ModelSet
_odVqULTCEDi2urmXF7nNIw,_96z4gLTCEDi2urmXF7nNIw,TriggeringRelationship,EA ModelSet
_odVqULTCEDi2urmXF7nNIw,_0CAnYLTCEDi2urmXF7nNIw,TriggeringRelationship,EA ModelSet
_96z4gLTCEDi2urmXF7nNIw,_MjKpALTDEDi2urmXF7nNIw,TriggeringRelationship,EA ModelSet
_BWzeQLTDEDi2urmXF7nNIw,_MjKpALTDEDi2urmXF7nNIw,AssociationRelationship,EA ModelSet
_0CAnYLTCEDi2urmXF7nNIw,_PF8HwLTDEDi2urmXF7nNIw,TriggeringRelationship,EA ModelSet
_SzFkYLTCEDi2urmXF7nNIw,_fe_Z0LTDEDi2urmXF7nNIw,AssociationRelationship,EA ModelSet
_0CAnYLTCEDi2urmXF7nNIw,_BWzeQLTDEDi2urmXF7nNIw,AssociationRelationship,EA ModelSet
_BWzeQLTDEDi2urmXF7nNIw,_PF8HwLTDEDi2urmXF7nNIw,AssociationRelationship,EA ModelSet
_0CAnYLTCEDi2urmXF7nNIw,_q6wdELTEEDi2urmXF7nNIw,TriggeringRelationship,EA ModelSet
_wpCOgLTEEDi2urmXF7nNIw,_q6wdELTEEDi2urmXF7nNIw,AssociationRelationship,EA ModelSet
_GSbFkW8PEDeAXN35aHrQDw,_FcoGAG8PEDeAXN35aHrQDw,FlowRelationship,EA ModelSet
_FcoGAG8PEDeAXN35aHrQDw,_j4OFwG8PEDeAXN35aHrQDw,FlowRelationship,EA ModelSet
_O1igsW8QEDeAXN35aHrQDw,_FcoGAG8PEDeAXN35aHrQDw,FlowRelationship,EA ModelSet
_FcoGAG8PEDeAXN35aHrQDw,_j4OFwG8PEDeAXN35aHrQDw,FlowRelationship,EA ModelSet
_j4OFwG8PEDeAXN35aHrQDw,_oKYCAW8QEDeAXN35aHrQDw,FlowRelationship,EA ModelSet
_FcoGAG8PEDeAXN35aHrQDw,_-5NxcG8QEDeAXN35aHrQDw,FlowRelationship,EA ModelSet
_-5NxcG8QEDeAXN35aHrQDw,_oKYCAW8QEDeAXN35aHrQDw,FlowRelationship,EA ModelSet
_4LiN8W8PEDeAXN35aHrQDw,_GSbFkW8PEDeAXN35aHrQDw,FlowRelationship,EA ModelSet
_j4OFwG8PEDeAXN35aHrQDw,_fjzbgG8VEDeAXN35aHrQDw,FlowRelationship,EA ModelSet
_oKYCAW8QEDeAXN35aHrQDw,_FcoGAG8PEDeAXN35aHrQDw,FlowRelationship,EA ModelSet
_-5NxcG8QEDeAXN35aHrQDw,_FcoGAG8PEDeAXN35aHrQDw,FlowRelationship,EA ModelSet
id-000ee142,id-52d80bdb,AssociationRelationship,EA ModelSet
id-6bdd9f75,id-74f145bb,ServingRelationship,EA ModelSet
id-6a1f070a,id-6bdd9f75,AssociationRelationship,EA ModelSet
id-57f4827c,id-52d80bdb,CompositionRelationship,EA ModelSet
id-57f4827c,id-54b61939,CompositionRelationship,EA ModelSet
id-52d80bdb,id-51e6b2c2,AccessRelationship,EA ModelSet
id-54b61939,id-51e6b2c2,AccessRelationship,EA ModelSet
id-52d80bdb,id-54b61939,ServingRelationship,EA ModelSet
id-7b118367,id-1e1bef2f,RealizationRelationship,EA ModelSet
id-74f145bb,id-324d5e24,CompositionRelationship,EA ModelSet
id-57f4827c,id-82089b81,CompositionRelationship,EA ModelSet
id-54b61939,id-82089b81,ServingRelationship,EA ModelSet
id-82089b81,id-51e6b2c2,AccessRelationship,EA ModelSet
id-82089b81,id-324d5e24,ServingRelationship,EA ModelSet
id-51e6b2c2,id-7b118367,SpecializationRelationship,EA ModelSet
id-000ee142,id-0e407361,ServingRelationship,EA ModelSet
id-0e407361,id-57f4827c,FlowRelationship,EA ModelSet
id-0e407361,id-74f145bb,AssociationRelationship,EA ModelSet
id-0e407361,id-57f4827c,AssociationRelationship,EA ModelSet
b13318ec,f59f4a36,AggregationRelationship,EA ModelSet
b13318ec,adb89810,AggregationRelationship,EA ModelSet
id-57f4827c,b13318ec,AccessRelationship,EA ModelSet
id-54b61939,b13318ec,AccessRelationship,EA ModelSet
id-324d5e24,b13318ec,AccessRelationship,EA ModelSet
id-57f4827c,b55f38be,ServingRelationship,EA ModelSet
id-74f145bb,b55f38be,ServingRelationship,EA ModelSet
f59f4a36,id-7b118367,SpecializationRelationship,EA ModelSet
id-74f145bb,id-4962aa9b,CompositionRelationship,EA ModelSet
b55f38be,ade3f290,CompositionRelationship,EA ModelSet
f9a75ab9,id-22dcd5a5,CompositionRelationship,EA ModelSet
f9a75ab9,b55f38be,ServingRelationship,EA ModelSet
id-324d5e24,id-4962aa9b,ServingRelationship,EA ModelSet
f9a75ab9,e547105e,CompositionRelationship,EA ModelSet
e547105e,id-22dcd5a5,ServingRelationship,EA ModelSet
id-324d5e24,e547105e,ServingRelationship,EA ModelSet
id-57f4827c,id-9932cbc3,CompositionRelationship,EA ModelSet
id-54b61939,id-9932cbc3,ServingRelationship,EA ModelSet
b55f38be,f7c21ddf,CompositionRelationship,EA ModelSet
f7c21ddf,adb89810,AccessRelationship,EA ModelSet
id-7c9461f1,id-6f0eb5ca,CompositionRelationship,EA ModelSet
id-7c9461f1,id-1008bec3,CompositionRelationship,EA ModelSet
id-1008bec3,id-6f0eb5ca,AssociationRelationship,EA ModelSet
id-7c9461f1,id-87efb135,CompositionRelationship,EA ModelSet
id-1008bec3,id-87efb135,ServingRelationship,EA ModelSet
id-87efb135,id-6f0eb5ca,AssociationRelationship,EA ModelSet
e547105e,id-6f0eb5ca,ServingRelationship,EA ModelSet
id-87efb135,id-86b87e81,AccessRelationship,EA ModelSet
id-87efb135,id-2964b312,ServingRelationship,EA ModelSet
id-7e61e7aa,id-86b87e81,RealizationRelationship,EA ModelSet
id-405c42a06ab948eea967fe7dd9a34a89,id-499a0c6808924bf789e0c3c78a2a7ed4,AssignmentRelationship,EA ModelSet
id-7cd3e4d666734d7db42f46ec8dcc9fbb,id-6308c5a576c64a38bd3f4fca4b56d6b1,CompositionRelationship,EA ModelSet
id-7cd3e4d666734d7db42f46ec8dcc9fbb,id-425c673a022f4662941015db655f503e,CompositionRelationship,EA ModelSet
id-7cd3e4d666734d7db42f46ec8dcc9fbb,id-527afc36056d446a8c8e2bd7ba807223,CompositionRelationship,EA ModelSet
id-7cd3e4d666734d7db42f46ec8dcc9fbb,id-ce4b17914ae644d2af34d2921eb5f556,CompositionRelationship,EA ModelSet
id-ce4b17914ae644d2af34d2921eb5f556,id-527afc36056d446a8c8e2bd7ba807223,RealizationRelationship,EA ModelSet
id-6308c5a576c64a38bd3f4fca4b56d6b1,id-ce4b17914ae644d2af34d2921eb5f556,AssignmentRelationship,EA ModelSet
id-6308c5a576c64a38bd3f4fca4b56d6b1,id-425c673a022f4662941015db655f503e,CompositionRelationship,EA ModelSet
id-425c673a022f4662941015db655f503e,id-527afc36056d446a8c8e2bd7ba807223,AssociationRelationship,EA ModelSet
id-425c673a022f4662941015db655f503e,id-405c42a06ab948eea967fe7dd9a34a89,ServingRelationship,EA ModelSet
id-499a0c6808924bf789e0c3c78a2a7ed4,id-3be9d5756c154a34a602aacf626b26a3,CompositionRelationship,EA ModelSet
id-499a0c6808924bf789e0c3c78a2a7ed4,id-50b888d408084381afd53c53c06b4dad,CompositionRelationship,EA ModelSet
id-499a0c6808924bf789e0c3c78a2a7ed4,id-3f8772030ae84038a1985429e6b9e5f7,CompositionRelationship,EA ModelSet
id-ad8500bc4fa44a96bfbff93b9854d1bc,id-d8c74a6a6bbc4d71899d1422d84370ae,CompositionRelationship,EA ModelSet
id-1a199d2642474268aa65907306ca427f,id-b89f7bc7dab04c119884cdb49d324cb8,AssociationRelationship,EA ModelSet
id-d8c74a6a6bbc4d71899d1422d84370ae,id-1a199d2642474268aa65907306ca427f,CompositionRelationship,EA ModelSet
id-ad8500bc4fa44a96bfbff93b9854d1bc,id-3c14c3c766f04936ad9d70cefb44bc3d,CompositionRelationship,EA ModelSet
id-3c14c3c766f04936ad9d70cefb44bc3d,id-b89f7bc7dab04c119884cdb49d324cb8,RealizationRelationship,EA ModelSet
id-ad8500bc4fa44a96bfbff93b9854d1bc,id-b89f7bc7dab04c119884cdb49d324cb8,CompositionRelationship,EA ModelSet
id-d8c74a6a6bbc4d71899d1422d84370ae,id-3c14c3c766f04936ad9d70cefb44bc3d,AssignmentRelationship,EA ModelSet
id-ad8500bc4fa44a96bfbff93b9854d1bc,id-1a199d2642474268aa65907306ca427f,CompositionRelationship,EA ModelSet
id-ce4b17914ae644d2af34d2921eb5f556,id-a03a7444b0f3499d950d5e9332a2ca58,CompositionRelationship,EA ModelSet
id-ce4b17914ae644d2af34d2921eb5f556,id-c40bafde6ea54cab9142e6a40a0bcc62,CompositionRelationship,EA ModelSet
id-ce4b17914ae644d2af34d2921eb5f556,id-7e064d9a274a432bbca4f9107d67d92a,CompositionRelationship,EA ModelSet
id-ad8500bc4fa44a96bfbff93b9854d1bc,id-10a0bb1a6f5a42da8bd22528b1be71bb,CompositionRelationship,EA ModelSet
id-3c14c3c766f04936ad9d70cefb44bc3d,id-10a0bb1a6f5a42da8bd22528b1be71bb,AccessRelationship,EA ModelSet
id-b89f7bc7dab04c119884cdb49d324cb8,id-ce4b17914ae644d2af34d2921eb5f556,ServingRelationship,EA ModelSet
id-3c14c3c766f04936ad9d70cefb44bc3d,id-b7b471db2e7b4468a7560329dc020ba8,CompositionRelationship,EA ModelSet
id-3c14c3c766f04936ad9d70cefb44bc3d,id-1e212a46a3f24dfe8537ff79396595f8,CompositionRelationship,EA ModelSet
id-1a199d2642474268aa65907306ca427f,id-6308c5a576c64a38bd3f4fca4b56d6b1,ServingRelationship,EA ModelSet
id-d55363c775c640d8b8075e292fc6b0a9,id-d2d1a9dd12d84ac580e61636b8be332b,ServingRelationship,EA ModelSet
id-a494c547b12744f491fa5a8f76b06387,id-bc04ea944b58416fab44296dca6fa431,CompositionRelationship,EA ModelSet
id-827a7e5abc0a4636b7b322452d03d2f4,id-3bd02cb69c874e768e33f79aebef2a33,CompositionRelationship,EA ModelSet
id-aa549355fce24e609e8801311e0f62b2,id-9a28ad79bb2a4a34bd42419090201f62,ServingRelationship,EA ModelSet
id-1cc787a0903a4aceba3f3c383750720f,id-fe5e37f1380047ec8645fe561bbcf710,CompositionRelationship,EA ModelSet
id-9cb7a34d4ddc49948957faaec5bbdaa0,id-aa549355fce24e609e8801311e0f62b2,CompositionRelationship,EA ModelSet
id-aa549355fce24e609e8801311e0f62b2,id-fe5e37f1380047ec8645fe561bbcf710,AssociationRelationship,EA ModelSet
id-95b636fcf6774f9998b89c9eaf04b0e1,id-bc04ea944b58416fab44296dca6fa431,CompositionRelationship,EA ModelSet
id-bc04ea944b58416fab44296dca6fa431,id-9cb7a34d4ddc49948957faaec5bbdaa0,ServingRelationship,EA ModelSet
id-827a7e5abc0a4636b7b322452d03d2f4,id-a23c837fa2364787be897df7496c5914,CompositionRelationship,EA ModelSet
id-1cc787a0903a4aceba3f3c383750720f,id-9cb7a34d4ddc49948957faaec5bbdaa0,CompositionRelationship,EA ModelSet
id-bc04ea944b58416fab44296dca6fa431,id-d55363c775c640d8b8075e292fc6b0a9,AssociationRelationship,EA ModelSet
id-9a28ad79bb2a4a34bd42419090201f62,id-827a7e5abc0a4636b7b322452d03d2f4,AssignmentRelationship,EA ModelSet
id-6860dea694684c4991058650d934d1e5,id-8db75558f1fa4c68bde866ad2a35e765,CompositionRelationship,EA ModelSet
id-6860dea694684c4991058650d934d1e5,id-d55363c775c640d8b8075e292fc6b0a9,RealizationRelationship,EA ModelSet
id-1cc787a0903a4aceba3f3c383750720f,id-aa549355fce24e609e8801311e0f62b2,CompositionRelationship,EA ModelSet
id-9cb7a34d4ddc49948957faaec5bbdaa0,id-d2d1a9dd12d84ac580e61636b8be332b,AssignmentRelationship,EA ModelSet
id-d2d1a9dd12d84ac580e61636b8be332b,id-fe5e37f1380047ec8645fe561bbcf710,RealizationRelationship,EA ModelSet
id-a494c547b12744f491fa5a8f76b06387,id-ad0c0c5b4209462dbb83d9a5d062519c,CompositionRelationship,EA ModelSet
id-95b636fcf6774f9998b89c9eaf04b0e1,id-6860dea694684c4991058650d934d1e5,AssignmentRelationship,EA ModelSet
id-d2d1a9dd12d84ac580e61636b8be332b,id-8cd77d6c3fc24231b0e1d58b91e738ea,CompositionRelationship,EA ModelSet
id-d2d1a9dd12d84ac580e61636b8be332b,id-cdfedf41385e42509881101f9733f618,CompositionRelationship,EA ModelSet
id-6860dea694684c4991058650d934d1e5,id-ad0c0c5b4209462dbb83d9a5d062519c,AccessRelationship,EA ModelSet
id-a494c547b12744f491fa5a8f76b06387,id-d55363c775c640d8b8075e292fc6b0a9,CompositionRelationship,EA ModelSet
id-a494c547b12744f491fa5a8f76b06387,id-6860dea694684c4991058650d934d1e5,CompositionRelationship,EA ModelSet
id-1cc787a0903a4aceba3f3c383750720f,id-d2d1a9dd12d84ac580e61636b8be332b,CompositionRelationship,EA ModelSet
id-6860dea694684c4991058650d934d1e5,id-6e6d1c363b0a4c1d9a2a91f39f0ef194,CompositionRelationship,EA ModelSet
id-a494c547b12744f491fa5a8f76b06387,id-95b636fcf6774f9998b89c9eaf04b0e1,CompositionRelationship,EA ModelSet
id-ab2737f69cc24d6fbff3d784938e2d16,id-2375e8a3f19f492781f55a1a668ea8c9,CompositionRelationship,EA ModelSet
id-15216f0135744fbea8d46d301eea373c,id-a4e2ca0fa5ec4c0bad6449ffd2c2619e,CompositionRelationship,EA ModelSet
id-15216f0135744fbea8d46d301eea373c,id-ab2737f69cc24d6fbff3d784938e2d16,CompositionRelationship,EA ModelSet
id-ab2737f69cc24d6fbff3d784938e2d16,id-7d9519d67d0941dcbe2f4980b55c0242,AssignmentRelationship,EA ModelSet
id-15216f0135744fbea8d46d301eea373c,id-2375e8a3f19f492781f55a1a668ea8c9,CompositionRelationship,EA ModelSet
id-2375e8a3f19f492781f55a1a668ea8c9,id-a4e2ca0fa5ec4c0bad6449ffd2c2619e,AssociationRelationship,EA ModelSet
id-2c1342d00cd44aa38e355637cd9c0a4e,id-c355359df91c4223a6316c8ae9f6a9a6,CompositionRelationship,EA ModelSet
id-2375e8a3f19f492781f55a1a668ea8c9,id-3432af7e3a2c4e6293184ba2ba4ceaf4,ServingRelationship,EA ModelSet
id-3432af7e3a2c4e6293184ba2ba4ceaf4,id-2c1342d00cd44aa38e355637cd9c0a4e,AssignmentRelationship,EA ModelSet
id-7d9519d67d0941dcbe2f4980b55c0242,id-2c946b4504ba47c18a660bcf9cbe9e78,CompositionRelationship,EA ModelSet
id-15216f0135744fbea8d46d301eea373c,id-7d9519d67d0941dcbe2f4980b55c0242,CompositionRelationship,EA ModelSet
id-7d9519d67d0941dcbe2f4980b55c0242,id-ce0032177bcd4ba5b4413d92897ca02b,CompositionRelationship,EA ModelSet
id-7d9519d67d0941dcbe2f4980b55c0242,id-a4e2ca0fa5ec4c0bad6449ffd2c2619e,RealizationRelationship,EA ModelSet
id-2c1342d00cd44aa38e355637cd9c0a4e,id-7f909a3544f0452d8f72d90d72398ecf,CompositionRelationship,EA ModelSet
_5FTC8v3_Eeuj5cUC8m1erQ,_5FTC7v3_Eeuj5cUC8m1erQ,TriggeringRelationship,EA ModelSet
_5FTC-v3_Eeuj5cUC8m1erQ,_5FTDFP3_Eeuj5cUC8m1erQ,AssociationRelationship,EA ModelSet
_5FTC8v3_Eeuj5cUC8m1erQ,_5FTC6v3_Eeuj5cUC8m1erQ,AssociationRelationship,EA ModelSet
_5FTC8v3_Eeuj5cUC8m1erQ,_5FTDDv3_Eeuj5cUC8m1erQ,AssociationRelationship,EA ModelSet
_5FTC7v3_Eeuj5cUC8m1erQ,_5FTC9v3_Eeuj5cUC8m1erQ,TriggeringRelationship,EA ModelSet
_5FTC7v3_Eeuj5cUC8m1erQ,_5FTDEP3_Eeuj5cUC8m1erQ,AssociationRelationship,EA ModelSet
_5FTC9v3_Eeuj5cUC8m1erQ,_5FTDEv3_Eeuj5cUC8m1erQ,AssociationRelationship,EA ModelSet
_5FTC9v3_Eeuj5cUC8m1erQ,_5FTC-v3_Eeuj5cUC8m1erQ,TriggeringRelationship,EA ModelSet
_5FTDCv3_Eeuj5cUC8m1erQ,_5FTC7P3_Eeuj5cUC8m1erQ,FlowRelationship,EA ModelSet
_5FTDDP3_Eeuj5cUC8m1erQ,_5FTDCv3_Eeuj5cUC8m1erQ,AssociationRelationship,EA ModelSet
_5FTC6v3_Eeuj5cUC8m1erQ,_5FTC7v3_Eeuj5cUC8m1erQ,AssociationRelationship,EA ModelSet
_5FTC6v3_Eeuj5cUC8m1erQ,_5FTC9v3_Eeuj5cUC8m1erQ,AssociationRelationship,EA ModelSet
_5FTC6v3_Eeuj5cUC8m1erQ,_5FTC-v3_Eeuj5cUC8m1erQ,AssociationRelationship,EA ModelSet
_5FTC7P3_Eeuj5cUC8m1erQ,_5FTDFv3_Eeuj5cUC8m1erQ,FlowRelationship,EA ModelSet
_2Irb4Dk7EDmFiJEIoglqUQ,_nPpLEDk7EDmFiJEIoglqUQ,InfluenceRelationship,EA ModelSet
_-gxvQDk7EDmFiJEIoglqUQ,_nPpLEDk7EDmFiJEIoglqUQ,AssociationRelationship,EA ModelSet
_HbXEoDk8EDmFiJEIoglqUQ,_nPpLEDk7EDmFiJEIoglqUQ,AssociationRelationship,EA ModelSet
_Uc0IwDk8EDmFiJEIoglqUQ,_HbXEoDk8EDmFiJEIoglqUQ,RealizationRelationship,EA ModelSet
_mBA_UDk8EDmFiJEIoglqUQ,_HbXEoDk8EDmFiJEIoglqUQ,RealizationRelationship,EA ModelSet
_mBA_UDk8EDmFiJEIoglqUQ,_sr5i8Dk8EDmFiJEIoglqUQ,RealizationRelationship,EA ModelSet
_sr5i8Dk8EDmFiJEIoglqUQ,_uxJYMDk8EDmFiJEIoglqUQ,FlowRelationship,EA ModelSet
_zWrY4Dk8EDmFiJEIoglqUQ,_sr5i8Dk8EDmFiJEIoglqUQ,AssociationRelationship,EA ModelSet
_3AcU4Dk8EDmFiJEIoglqUQ,_mBA_UDk8EDmFiJEIoglqUQ,RealizationRelationship,EA ModelSet
_-lv5YDk8EDmFiJEIoglqUQ,_3AcU4Dk8EDmFiJEIoglqUQ,RealizationRelationship,EA ModelSet
_J6oG8Dk9EDmFiJEIoglqUQ,_HbXEoDk8EDmFiJEIoglqUQ,SpecializationRelationship,EA ModelSet
_UQw0UDk9EDmFiJEIoglqUQ,_HbXEoDk8EDmFiJEIoglqUQ,SpecializationRelationship,EA ModelSet
_ZfPEUDk9EDmFiJEIoglqUQ,_J6oG8Dk9EDmFiJEIoglqUQ,AssociationRelationship,EA ModelSet
_gwj84Dk9EDmFiJEIoglqUQ,_UQw0UDk9EDmFiJEIoglqUQ,AssociationRelationship,EA ModelSet
_mBA_UDk8EDmFiJEIoglqUQ,_lczpkDk9EDmFiJEIoglqUQ,AggregationRelationship,EA ModelSet
_mBA_UDk8EDmFiJEIoglqUQ,_oUgPcDk9EDmFiJEIoglqUQ,CompositionRelationship,EA ModelSet
_dtDLwDlBEDmFiJEIoglqUQ,_l4otIDlBEDmFiJEIoglqUQ,RealizationRelationship,EA ModelSet
_dtDLwDlBEDmFiJEIoglqUQ,_1FYkIDlBEDmFiJEIoglqUQ,RealizationRelationship,EA ModelSet
_dtDLwDlBEDmFiJEIoglqUQ,_6GHTEDlBEDmFiJEIoglqUQ,RealizationRelationship,EA ModelSet
_dtDLwDlBEDmFiJEIoglqUQ,_ASLzwDlCEDmFiJEIoglqUQ,RealizationRelationship,EA ModelSet
_lmGWMDlCEDmFiJEIoglqUQ,_fK8QoDlCEDmFiJEIoglqUQ,SpecializationRelationship,EA ModelSet
_sAMr0DlCEDmFiJEIoglqUQ,_fK8QoDlCEDmFiJEIoglqUQ,SpecializationRelationship,EA ModelSet
_9zu-4DlCEDmFiJEIoglqUQ,_5wLC0DlCEDmFiJEIoglqUQ,SpecializationRelationship,EA ModelSet
_AfeMYDlDEDmFiJEIoglqUQ,_5wLC0DlCEDmFiJEIoglqUQ,SpecializationRelationship,EA ModelSet
_l4otIDlBEDmFiJEIoglqUQ,_Ta8X4DlDEDmFiJEIoglqUQ,FlowRelationship,EA ModelSet
_Ta8X4DlDEDmFiJEIoglqUQ,_l4otIDlBEDmFiJEIoglqUQ,FlowRelationship,EA ModelSet
_Ta8X4DlDEDmFiJEIoglqUQ,_A9Op8DlEEDmFiJEIoglqUQ,CompositionRelationship,EA ModelSet
_Ta8X4DlDEDmFiJEIoglqUQ,_I8tpADlEEDmFiJEIoglqUQ,CompositionRelationship,EA ModelSet
_Ta8X4DlDEDmFiJEIoglqUQ,_MX0d8DlEEDmFiJEIoglqUQ,AggregationRelationship,EA ModelSet
_MX0d8DlEEDmFiJEIoglqUQ,_kzydkDlEEDmFiJEIoglqUQ,RealizationRelationship,EA ModelSet
_MX0d8DlEEDmFiJEIoglqUQ,_wt0moDlEEDmFiJEIoglqUQ,RealizationRelationship,EA ModelSet
_MX0d8DlEEDmFiJEIoglqUQ,_6xZkYDlEEDmFiJEIoglqUQ,RealizationRelationship,EA ModelSet
_6xZkYDlEEDmFiJEIoglqUQ,_kzydkDlEEDmFiJEIoglqUQ,FlowRelationship,EA ModelSet
_kzydkDlEEDmFiJEIoglqUQ,_O_w7IDlFEDmFiJEIoglqUQ,RealizationRelationship,EA ModelSet
_wt0moDlEEDmFiJEIoglqUQ,_WdYjQDlFEDmFiJEIoglqUQ,RealizationRelationship,EA ModelSet
_WdYjQDlFEDmFiJEIoglqUQ,_nPpLEDk7EDmFiJEIoglqUQ,AssociationRelationship,EA ModelSet
_O_w7IDlFEDmFiJEIoglqUQ,_nPpLEDk7EDmFiJEIoglqUQ,AssociationRelationship,EA ModelSet
_kzydkDlEEDmFiJEIoglqUQ,_Mwi1EDlGEDmFiJEIoglqUQ,RealizationRelationship,EA ModelSet
_5wLC0DlCEDmFiJEIoglqUQ,_WAbFADlGEDmFiJEIoglqUQ,RealizationRelationship,EA ModelSet
_Mwi1EDlGEDmFiJEIoglqUQ,_cNiukDlGEDmFiJEIoglqUQ,FlowRelationship,EA ModelSet
_WAbFADlGEDmFiJEIoglqUQ,_cNiukDlGEDmFiJEIoglqUQ,RealizationRelationship,EA ModelSet
_cNiukDlGEDmFiJEIoglqUQ,_j2tfYDlGEDmFiJEIoglqUQ,FlowRelationship,EA ModelSet
_cNiukDlGEDmFiJEIoglqUQ,_oFBS4DlGEDmFiJEIoglqUQ,FlowRelationship,EA ModelSet
_LrXgQDlHEDmFiJEIoglqUQ,_LrO9YDlHEDmFiJEIoglqUQ,RealizationRelationship,EA ModelSet
_LrXgQDlHEDmFiJEIoglqUQ,_LrTO0DlHEDmFiJEIoglqUQ,RealizationRelationship,EA ModelSet
_LrXgQDlHEDmFiJEIoglqUQ,_LrVrEDlHEDmFiJEIoglqUQ,RealizationRelationship,EA ModelSet
_LrXgQDlHEDmFiJEIoglqUQ,_LrbKoDlHEDmFiJEIoglqUQ,RealizationRelationship,EA ModelSet
_LrgqMTlHEDmFiJEIoglqUQ,_LrfcEDlHEDmFiJEIoglqUQ,SpecializationRelationship,EA ModelSet
_Lrh4UDlHEDmFiJEIoglqUQ,_LrfcEDlHEDmFiJEIoglqUQ,SpecializationRelationship,EA ModelSet
_LrifYDlHEDmFiJEIoglqUQ,_LrjGcTlHEDmFiJEIoglqUQ,SpecializationRelationship,EA ModelSet
_LrjtgDlHEDmFiJEIoglqUQ,_LrjGcTlHEDmFiJEIoglqUQ,SpecializationRelationship,EA ModelSet
_QcXxIDlHEDmFiJEIoglqUQ,_QcVU4DlHEDmFiJEIoglqUQ,RealizationRelationship,EA ModelSet
_QcXxIDlHEDmFiJEIoglqUQ,_QcV78TlHEDmFiJEIoglqUQ,RealizationRelationship,EA ModelSet
_QcXxIDlHEDmFiJEIoglqUQ,_QcWjATlHEDmFiJEIoglqUQ,RealizationRelationship,EA ModelSet
_QcXxIDlHEDmFiJEIoglqUQ,_QcWjAzlHEDmFiJEIoglqUQ,RealizationRelationship,EA ModelSet
_QcYYMzlHEDmFiJEIoglqUQ,_QcYYMTlHEDmFiJEIoglqUQ,SpecializationRelationship,EA ModelSet
_QcZmUDlHEDmFiJEIoglqUQ,_QcYYMTlHEDmFiJEIoglqUQ,SpecializationRelationship,EA ModelSet
_QcaNYTlHEDmFiJEIoglqUQ,_Qca0cTlHEDmFiJEIoglqUQ,SpecializationRelationship,EA ModelSet
_QcbbgDlHEDmFiJEIoglqUQ,_Qca0cTlHEDmFiJEIoglqUQ,SpecializationRelationship,EA ModelSet
_RX7acDlHEDmFiJEIoglqUQ,_RX5lQDlHEDmFiJEIoglqUQ,RealizationRelationship,EA ModelSet
_RX7acDlHEDmFiJEIoglqUQ,_RX6MUDlHEDmFiJEIoglqUQ,RealizationRelationship,EA ModelSet
_RX7acDlHEDmFiJEIoglqUQ,_RX6zYTlHEDmFiJEIoglqUQ,RealizationRelationship,EA ModelSet
_RX7acDlHEDmFiJEIoglqUQ,_RX6zYzlHEDmFiJEIoglqUQ,RealizationRelationship,EA ModelSet
_RX8BgTlHEDmFiJEIoglqUQ,_RX7adDlHEDmFiJEIoglqUQ,SpecializationRelationship,EA ModelSet
_RX8okTlHEDmFiJEIoglqUQ,_RX7adDlHEDmFiJEIoglqUQ,SpecializationRelationship,EA ModelSet
_RX8okzlHEDmFiJEIoglqUQ,_RX8olTlHEDmFiJEIoglqUQ,SpecializationRelationship,EA ModelSet
_RX8olzlHEDmFiJEIoglqUQ,_RX8olTlHEDmFiJEIoglqUQ,SpecializationRelationship,EA ModelSet
_TJZYEDlHEDmFiJEIoglqUQ,_TJW70DlHEDmFiJEIoglqUQ,RealizationRelationship,EA ModelSet
_TJZYEDlHEDmFiJEIoglqUQ,_TJXi4DlHEDmFiJEIoglqUQ,RealizationRelationship,EA ModelSet
_TJZYEDlHEDmFiJEIoglqUQ,_TJYJ8TlHEDmFiJEIoglqUQ,RealizationRelationship,EA ModelSet
_TJZYEDlHEDmFiJEIoglqUQ,_TJYxATlHEDmFiJEIoglqUQ,RealizationRelationship,EA ModelSet
_TJZ_IjlHEDmFiJEIoglqUQ,_TJZ_IDlHEDmFiJEIoglqUQ,SpecializationRelationship,EA ModelSet
_TJZ_JDlHEDmFiJEIoglqUQ,_TJZ_IDlHEDmFiJEIoglqUQ,SpecializationRelationship,EA ModelSet
_TJamMTlHEDmFiJEIoglqUQ,_TJamMzlHEDmFiJEIoglqUQ,SpecializationRelationship,EA ModelSet
_TJbNQDlHEDmFiJEIoglqUQ,_TJamMzlHEDmFiJEIoglqUQ,SpecializationRelationship,EA ModelSet
_Ug7yxTlHEDmFiJEIoglqUQ,_Ug7LsDlHEDmFiJEIoglqUQ,RealizationRelationship,EA ModelSet
_Ug7yxTlHEDmFiJEIoglqUQ,_Ug7LsjlHEDmFiJEIoglqUQ,RealizationRelationship,EA ModelSet
_Ug7yxTlHEDmFiJEIoglqUQ,_Ug7ywTlHEDmFiJEIoglqUQ,RealizationRelationship,EA ModelSet
_Ug7yxTlHEDmFiJEIoglqUQ,_Ug7ywzlHEDmFiJEIoglqUQ,RealizationRelationship,EA ModelSet
_Ug-PATlHEDmFiJEIoglqUQ,_Ug9n8DlHEDmFiJEIoglqUQ,SpecializationRelationship,EA ModelSet
_Ug-2EDlHEDmFiJEIoglqUQ,_Ug9n8DlHEDmFiJEIoglqUQ,SpecializationRelationship,EA ModelSet
_Ug-2EjlHEDmFiJEIoglqUQ,_Ug-2FDlHEDmFiJEIoglqUQ,SpecializationRelationship,EA ModelSet
_UhAEMDlHEDmFiJEIoglqUQ,_Ug-2FDlHEDmFiJEIoglqUQ,SpecializationRelationship,EA ModelSet
_WHBm0zlHEDmFiJEIoglqUQ,_WHAYsDlHEDmFiJEIoglqUQ,RealizationRelationship,EA ModelSet
_WHBm0zlHEDmFiJEIoglqUQ,_WHAYsjlHEDmFiJEIoglqUQ,RealizationRelationship,EA ModelSet
_WHBm0zlHEDmFiJEIoglqUQ,_WHA_wTlHEDmFiJEIoglqUQ,RealizationRelationship,EA ModelSet
_WHBm0zlHEDmFiJEIoglqUQ,_WHBm0TlHEDmFiJEIoglqUQ,RealizationRelationship,EA ModelSet
_WHCN4zlHEDmFiJEIoglqUQ,_WHCN4TlHEDmFiJEIoglqUQ,SpecializationRelationship,EA ModelSet
_WHC08TlHEDmFiJEIoglqUQ,_WHCN4TlHEDmFiJEIoglqUQ,SpecializationRelationship,EA ModelSet
_WHC08zlHEDmFiJEIoglqUQ,_WHC09TlHEDmFiJEIoglqUQ,SpecializationRelationship,EA ModelSet
_WHDcATlHEDmFiJEIoglqUQ,_WHC09TlHEDmFiJEIoglqUQ,SpecializationRelationship,EA ModelSet
_fK8QoDlCEDmFiJEIoglqUQ,_xZddQDlHEDmFiJEIoglqUQ,RealizationRelationship,EA ModelSet
_xZddQDlHEDmFiJEIoglqUQ,_AftqsDlIEDmFiJEIoglqUQ,CompositionRelationship,EA ModelSet
_oWF_UDlHEDmFiJEIoglqUQ,_RLTeQDlIEDmFiJEIoglqUQ,RealizationRelationship,EA ModelSet
_RLTeQDlIEDmFiJEIoglqUQ,_xZddQDlHEDmFiJEIoglqUQ,FlowRelationship,EA ModelSet
_RSbBoDlCEDmFiJEIoglqUQ,_RLTeQDlIEDmFiJEIoglqUQ,AssociationRelationship,EA ModelSet
_xZddQDlHEDmFiJEIoglqUQ,_8gHBkDlHEDmFiJEIoglqUQ,AggregationRelationship,EA ModelSet
_ASLzwDlCEDmFiJEIoglqUQ,_MX0d8DlEEDmFiJEIoglqUQ,FlowRelationship,EA ModelSet
_6GHTEDlBEDmFiJEIoglqUQ,_MX0d8DlEEDmFiJEIoglqUQ,FlowRelationship,EA ModelSet
_4eVt4DlKEDmFiJEIoglqUQ,_wt0moDlEEDmFiJEIoglqUQ,SpecializationRelationship,EA ModelSet
_796zIDlKEDmFiJEIoglqUQ,_wt0moDlEEDmFiJEIoglqUQ,SpecializationRelationship,EA ModelSet
_ASLzwDlCEDmFiJEIoglqUQ,_20iuMDn9EDmuL_NShVMM0g,RealizationRelationship,EA ModelSet
_20iuMDn9EDmuL_NShVMM0g,_8gHBkDlHEDmFiJEIoglqUQ,AggregationRelationship,EA ModelSet
_AftqsDlIEDmFiJEIoglqUQ,_Mwi1EDlGEDmFiJEIoglqUQ,RealizationRelationship,EA ModelSet
_20iuMDn9EDmuL_NShVMM0g,_oWF_UDlHEDmFiJEIoglqUQ,AggregationRelationship,EA ModelSet
_oWF_UDlHEDmFiJEIoglqUQ,_8gHBkDlHEDmFiJEIoglqUQ,FlowRelationship,EA ModelSet
_cNiukDlGEDmFiJEIoglqUQ,_gLeaIDn-EDmuL_NShVMM0g,FlowRelationship,EA ModelSet
_xmquYCP0EDmp9P2HjBhpbQ,_x-Fd8CP2EDmp9P2HjBhpbQ,AssociationRelationship,EA ModelSet
_unVPcCP0EDmp9P2HjBhpbQ,_PHHpoCP3EDmp9P2HjBhpbQ,AssociationRelationship,EA ModelSet
_wf_aMCP0EDmp9P2HjBhpbQ,_sB79sCP4EDmp9P2HjBhpbQ,AssociationRelationship,EA ModelSet
_uaABQCP4EDmp9P2HjBhpbQ,_ja1hcCOqEDmp9P2HjBhpbQ,AssociationRelationship,EA ModelSet
_sB79sCP4EDmp9P2HjBhpbQ,_unVPcCP0EDmp9P2HjBhpbQ,AssociationRelationship,EA ModelSet
_sB79sCP4EDmp9P2HjBhpbQ,_xmquYCP0EDmp9P2HjBhpbQ,AssociationRelationship,EA ModelSet
_sB79sCP4EDmp9P2HjBhpbQ,_y6ixECP0EDmp9P2HjBhpbQ,AssociationRelationship,EA ModelSet
_sB79sCP4EDmp9P2HjBhpbQ,_-RZ7oCP0EDmp9P2HjBhpbQ,AssociationRelationship,EA ModelSet
_TTq2sCQEEDm8HZTkGaDkxQ,_sB79sCP4EDmp9P2HjBhpbQ,AssociationRelationship,EA ModelSet
_TTq2sCQEEDm8HZTkGaDkxQ,_db_KgCQEEDm8HZTkGaDkxQ,AssociationRelationship,EA ModelSet
_db_KgCQEEDm8HZTkGaDkxQ,_jXQ2ICQEEDm8HZTkGaDkxQ,AssociationRelationship,EA ModelSet
_TTq2sCQEEDm8HZTkGaDkxQ,_uaABQCP4EDmp9P2HjBhpbQ,AssociationRelationship,EA ModelSet
_db_KgCQEEDm8HZTkGaDkxQ,_uaABQCP4EDmp9P2HjBhpbQ,AssociationRelationship,EA ModelSet
_jXQ2ICQEEDm8HZTkGaDkxQ,_uaABQCP4EDmp9P2HjBhpbQ,AssociationRelationship,EA ModelSet
_qd6TQCQFEDm8HZTkGaDkxQ,_sIipECQFEDm8HZTkGaDkxQ,AssociationRelationship,EA ModelSet
_sIipECQFEDm8HZTkGaDkxQ,_ja1hcCOqEDmp9P2HjBhpbQ,AssociationRelationship,EA ModelSet
_h-9ZUCOqEDmp9P2HjBhpbQ,_h5uXkCP4EDmp9P2HjBhpbQ,AssociationRelationship,EA ModelSet
_kpbfECP4EDmp9P2HjBhpbQ,_wf_aMCP0EDmp9P2HjBhpbQ,AssociationRelationship,EA ModelSet
_mlsy8CQCEDm8HZTkGaDkxQ,_kpbfECP4EDmp9P2HjBhpbQ,AssociationRelationship,EA ModelSet
_p0UEACQCEDm8HZTkGaDkxQ,_kpbfECP4EDmp9P2HjBhpbQ,AssociationRelationship,EA ModelSet
_tG2LwCQCEDm8HZTkGaDkxQ,_kpbfECP4EDmp9P2HjBhpbQ,AssociationRelationship,EA ModelSet
_h5uXkCP4EDmp9P2HjBhpbQ,_mlsy8CQCEDm8HZTkGaDkxQ,AssociationRelationship,EA ModelSet
_mlsy8CQCEDm8HZTkGaDkxQ,_p0UEACQCEDm8HZTkGaDkxQ,AssociationRelationship,EA ModelSet
_p0UEACQCEDm8HZTkGaDkxQ,_tG2LwCQCEDm8HZTkGaDkxQ,AssociationRelationship,EA ModelSet
_h5uXkCP4EDmp9P2HjBhpbQ,_kpbfECP4EDmp9P2HjBhpbQ,AssociationRelationship,EA ModelSet
_x-Fd8CP2EDmp9P2HjBhpbQ,_y6ixECP0EDmp9P2HjBhpbQ,AssociationRelationship,EA ModelSet
_GvBWQCP3EDmp9P2HjBhpbQ,_h-9ZUCOqEDmp9P2HjBhpbQ,AssociationRelationship,EA ModelSet
_MsahwCP3EDmp9P2HjBhpbQ,_x-Fd8CP2EDmp9P2HjBhpbQ,AssociationRelationship,EA ModelSet
_MsahwCP3EDmp9P2HjBhpbQ,_PHHpoCP3EDmp9P2HjBhpbQ,AssociationRelationship,EA ModelSet
_PHHpoCP3EDmp9P2HjBhpbQ,_wf_aMCP0EDmp9P2HjBhpbQ,AssociationRelationship,EA ModelSet
_irlHwCP3EDmp9P2HjBhpbQ,_kEiewCP3EDmp9P2HjBhpbQ,AssociationRelationship,EA ModelSet
_kEiewCP3EDmp9P2HjBhpbQ,_wf_aMCP0EDmp9P2HjBhpbQ,AssociationRelationship,EA ModelSet
_USr6ICP4EDmp9P2HjBhpbQ,_GvBWQCP3EDmp9P2HjBhpbQ,AssociationRelationship,EA ModelSet
_bdJVsCP4EDmp9P2HjBhpbQ,_c2PPkCP4EDmp9P2HjBhpbQ,AssociationRelationship,EA ModelSet
_c2PPkCP4EDmp9P2HjBhpbQ,_h-9ZUCOqEDmp9P2HjBhpbQ,AssociationRelationship,EA ModelSet
bda0aa0d,id-9f783976,CompositionRelationship,EA ModelSet
bda0aa0d,e2a11390,CompositionRelationship,EA ModelSet
bda0aa0d,id-18b01dd8,CompositionRelationship,EA ModelSet
bda0aa0d,id-3f9d2fb7,CompositionRelationship,EA ModelSet
bda0aa0d,b75ce66c,CompositionRelationship,EA ModelSet
a29bac60,id-5cb5a2dc,CompositionRelationship,EA ModelSet
a29bac60,e0421bf6,CompositionRelationship,EA ModelSet
a29bac60,id-485e08f7,CompositionRelationship,EA ModelSet
id-978c6331,id-62416aba,FlowRelationship,EA ModelSet
bda0aa0d,id-62416aba,AssociationRelationship,EA ModelSet
id-62416aba,b80da905,CompositionRelationship,EA ModelSet
id-62416aba,c7214f66,CompositionRelationship,EA ModelSet
id-62416aba,id-368ac454,CompositionRelationship,EA ModelSet
id-37c9e605,id-62416aba,ServingRelationship,EA ModelSet
id-37c9e605,id-37c60a8c,ServingRelationship,EA ModelSet
id-37c60a8c,a29bac60,AssociationRelationship,EA ModelSet
id-37c60a8c,b7c91763,CompositionRelationship,EA ModelSet
id-978c6331,id-37c60a8c,FlowRelationship,EA ModelSet
id-978c6331,id-37c9e605,FlowRelationship,EA ModelSet
add89549,id-62416aba,AssignmentRelationship,EA ModelSet
add89549,id-978c6331,TriggeringRelationship,EA ModelSet
add89549,fe62888a,AssignmentRelationship,EA ModelSet
id-721a92ff,id-4dbf1be8,CompositionRelationship,EA ModelSet
id-616d7129,add89549,FlowRelationship,EA ModelSet
f08de984,eac12f97,SpecializationRelationship,EA ModelSet
id-8a03d2d5,eac12f97,SpecializationRelationship,EA ModelSet
bc34587d,eac12f97,SpecializationRelationship,EA ModelSet
id-561ad9a2,eac12f97,SpecializationRelationship,EA ModelSet
id-7a5e7c12,eac12f97,SpecializationRelationship,EA ModelSet
eac12f97,id-13607afb,TriggeringRelationship,EA ModelSet
id-13607afb,id-76aaba18,CompositionRelationship,EA ModelSet
id-13607afb,id-38634daa,CompositionRelationship,EA ModelSet
id-13607afb,id-85b1a746,CompositionRelationship,EA ModelSet
id-85b1a746,id-2dcebf5c,AssociationRelationship,EA ModelSet
id-13607afb,id-91299eaf,CompositionRelationship,EA ModelSet
id-13607afb,id-738452bd,CompositionRelationship,EA ModelSet
id-76aaba18,id-38634daa,TriggeringRelationship,EA ModelSet
id-91299eaf,id-38634daa,TriggeringRelationship,EA ModelSet
id-38634daa,id-85b1a746,TriggeringRelationship,EA ModelSet
id-738452bd,id-85b1a746,TriggeringRelationship,EA ModelSet
id-13607afb,id-7d2acee8,CompositionRelationship,EA ModelSet
id-38634daa,id-7d2acee8,TriggeringRelationship,EA ModelSet
id-738452bd,id-7d2acee8,TriggeringRelationship,EA ModelSet
id-7d2acee8,id-85b1a746,TriggeringRelationship,EA ModelSet
a21ed30e,id-978c6331,TriggeringRelationship,EA ModelSet
id-520f8ee9,a21ed30e,AssociationRelationship,EA ModelSet
a21ed30e,id-07ab1dec,TriggeringRelationship,EA ModelSet
id-07ab1dec,id-1d36f3b5,TriggeringRelationship,EA ModelSet
id-1d36f3b5,id-3edb29cd,TriggeringRelationship,EA ModelSet
id-1d36f3b5,id-75cea3b2,CompositionRelationship,EA ModelSet
id-75cea3b2,id-6b8eecdb,CompositionRelationship,EA ModelSet
id-75cea3b2,ee310135,CompositionRelationship,EA ModelSet
id-6b8eecdb,ee310135,TriggeringRelationship,EA ModelSet
id-1d36f3b5,id-7c4bd915,CompositionRelationship,EA ModelSet
id-7c4bd915,id-2965925a,CompositionRelationship,EA ModelSet
id-7c4bd915,f9d73313,CompositionRelationship,EA ModelSet
id-2965925a,f9d73313,TriggeringRelationship,EA ModelSet
id-1d36f3b5,id-034ed501,CompositionRelationship,EA ModelSet
id-034ed501,id-75cea3b2,CompositionRelationship,EA ModelSet
id-034ed501,id-60990ebd,CompositionRelationship,EA ModelSet
id-034ed501,id-7bf89b59,CompositionRelationship,EA ModelSet
id-75cea3b2,id-60990ebd,TriggeringRelationship,EA ModelSet
id-60990ebd,id-7bf89b59,TriggeringRelationship,EA ModelSet
id-1d36f3b5,id-1d4fc2cb,CompositionRelationship,EA ModelSet
id-1d36f3b5,ef9acb01,CompositionRelationship,EA ModelSet
ef9acb01,id-75cea3b2,CompositionRelationship,EA ModelSet
ef9acb01,id-60990ebd,CompositionRelationship,EA ModelSet
id-034ed501,ef9acb01,CompositionRelationship,EA ModelSet
ef9acb01,id-7bf89b59,TriggeringRelationship,EA ModelSet
id-1d4fc2cb,ef9acb01,CompositionRelationship,EA ModelSet
id-1d4fc2cb,id-38958b33,CompositionRelationship,EA ModelSet
ef9acb01,id-38958b33,TriggeringRelationship,EA ModelSet
id-1d36f3b5,id-4a4002be,CompositionRelationship,EA ModelSet
id-4a4002be,b13be432,CompositionRelationship,EA ModelSet
id-4a4002be,id-32d1c70c,CompositionRelationship,EA ModelSet
id-4a4002be,id-034ed501,CompositionRelationship,EA ModelSet
b13be432,id-034ed501,TriggeringRelationship,EA ModelSet
id-32d1c70c,id-034ed501,TriggeringRelationship,EA ModelSet
id-4a4002be,eb9e2266,CompositionRelationship,EA ModelSet
id-034ed501,eb9e2266,TriggeringRelationship,EA ModelSet
id-288a1950,adf8f973,AssignmentRelationship,EA ModelSet
id-3502aa1d,id-288a1950,ServingRelationship,EA ModelSet
id-288a1950,id-5c5e9c4d,ServingRelationship,EA ModelSet
id-5c5e9c4d,a5672327,CompositionRelationship,EA ModelSet
id-3b54763c,b20aa0ab,AssignmentRelationship,EA ModelSet
id-3b54763c,id-5c5e9c4d,ServingRelationship,EA ModelSet
id-1f423739,id-3b54763c,ServingRelationship,EA ModelSet
id-5c5e9c4d,ce687eac,CompositionRelationship,EA ModelSet
id-8974e93e,id-1f423739,ServingRelationship,EA ModelSet
id-8974e93e,id-3502aa1d,ServingRelationship,EA ModelSet
a5672327,id-9cce3ebf,AssignmentRelationship,EA ModelSet
a5672327,id-410fa20d,AssignmentRelationship,EA ModelSet
id-5c5e9c4d,id-616d7129,CompositionRelationship,EA ModelSet
id-616d7129,id-9f835ad9,FlowRelationship,EA ModelSet
c3e63403,id-57ac8972,AssignmentRelationship,EA ModelSet
c3e63403,id-40b8f964,AssignmentRelationship,EA ModelSet
id-9f835ad9,c3e63403,FlowRelationship,EA ModelSet
c3e63403,id-8974e93e,FlowRelationship,EA ModelSet
f48f1186,ce687eac,FlowRelationship,EA ModelSet
ce687eac,id-616d7129,FlowRelationship,EA ModelSet
id-616d7129,ce687eac,FlowRelationship,EA ModelSet
ce687eac,id-37f21007,FlowRelationship,EA ModelSet
id-37f21007,id-616d7129,FlowRelationship,EA ModelSet
id-616d7129,id-37f21007,FlowRelationship,EA ModelSet
id-37f21007,d433ecf6,AssignmentRelationship,EA ModelSet
id-37f21007,id-48e3c3fe,AssignmentRelationship,EA ModelSet
a52e9d05,id-768ab3cf,AssociationRelationship,EA ModelSet
id-768ab3cf,aac85a21,AssociationRelationship,EA ModelSet
id-824e1657,d90290f8,CompositionRelationship,EA ModelSet
id-824e1657,id-6ec68dd1,CompositionRelationship,EA ModelSet
_UQpIkJQ2EDiXKu-Wfz0UlA,_3wN_kJQ2EDiXKu-Wfz0UlA,CompositionRelationship,EA ModelSet
_UQpIkJQ2EDiXKu-Wfz0UlA,__Tm4gJQ2EDiXKu-Wfz0UlA,AggregationRelationship,EA ModelSet
_UQpIkJQ2EDiXKu-Wfz0UlA,_LAvOAJQ3EDiXKu-Wfz0UlA,CompositionRelationship,EA ModelSet
_UQpIkJQ2EDiXKu-Wfz0UlA,_Ry3CEZQ3EDiXKu-Wfz0UlA,CompositionRelationship,EA ModelSet
_UQpIkJQ2EDiXKu-Wfz0UlA,_jq0iIZQ3EDiXKu-Wfz0UlA,CompositionRelationship,EA ModelSet
_UQpIkJQ2EDiXKu-Wfz0UlA,_toGDkJQ3EDiXKu-Wfz0UlA,AggregationRelationship,EA ModelSet
_UQpIkJQ2EDiXKu-Wfz0UlA,_I5ZRkZQ4EDiXKu-Wfz0UlA,CompositionRelationship,EA ModelSet
_d7ekQJQ4EDiXKu-Wfz0UlA,_oImVAZQ3EDiXKu-Wfz0UlA,AssignmentRelationship,EA ModelSet
_pUxXwJQ4EDiXKu-Wfz0UlA,_toGDkJQ3EDiXKu-Wfz0UlA,AssignmentRelationship,EA ModelSet
_tK5UwZQ4EDiXKu-Wfz0UlA,_I5ZRkZQ4EDiXKu-Wfz0UlA,AssignmentRelationship,EA ModelSet
_yT4n0JQ4EDiXKu-Wfz0UlA,_Ry3CEZQ3EDiXKu-Wfz0UlA,AssignmentRelationship,EA ModelSet
_6hzrgZQ4EDiXKu-Wfz0UlA,_7t_x0JQ4EDiXKu-Wfz0UlA,AssignmentRelationship,EA ModelSet
_CnSk4ZQ5EDiXKu-Wfz0UlA,_yT4n0JQ4EDiXKu-Wfz0UlA,AssignmentRelationship,EA ModelSet
_CnSk4ZQ5EDiXKu-Wfz0UlA,_d7ekQJQ4EDiXKu-Wfz0UlA,AssignmentRelationship,EA ModelSet
_I84N8JQ5EDiXKu-Wfz0UlA,_d7ekQJQ4EDiXKu-Wfz0UlA,AssignmentRelationship,EA ModelSet
_I84N8JQ5EDiXKu-Wfz0UlA,_tK5UwZQ4EDiXKu-Wfz0UlA,AssignmentRelationship,EA ModelSet
_QT5e0JQ5EDiXKu-Wfz0UlA,_pUxXwJQ4EDiXKu-Wfz0UlA,AssignmentRelationship,EA ModelSet
_pLBwcJQ5EDiXKu-Wfz0UlA,_jq0iIZQ3EDiXKu-Wfz0UlA,RealizationRelationship,EA ModelSet
_tb8MAJQ5EDiXKu-Wfz0UlA,_jq0iIZQ3EDiXKu-Wfz0UlA,RealizationRelationship,EA ModelSet
_QhlqoZQ7EDiXKu-Wfz0UlA,_UQpIkJQ2EDiXKu-Wfz0UlA,AssociationRelationship,EA ModelSet
_QhlqoZQ7EDiXKu-Wfz0UlA,_UiIH4JQ7EDiXKu-Wfz0UlA,SpecializationRelationship,EA ModelSet
_QhlqoZQ7EDiXKu-Wfz0UlA,_YuW3wJQ7EDiXKu-Wfz0UlA,SpecializationRelationship,EA ModelSet
_QhlqoZQ7EDiXKu-Wfz0UlA,_bHxmMZQ7EDiXKu-Wfz0UlA,SpecializationRelationship,EA ModelSet
_nnhEYJQ7EDiXKu-Wfz0UlA,_UiIH4JQ7EDiXKu-Wfz0UlA,AssignmentRelationship,EA ModelSet
_q-WdUJQ7EDiXKu-Wfz0UlA,_YuW3wJQ7EDiXKu-Wfz0UlA,AssignmentRelationship,EA ModelSet
_q-WdUJQ7EDiXKu-Wfz0UlA,_bHxmMZQ7EDiXKu-Wfz0UlA,AssignmentRelationship,EA ModelSet
id-2446d3d5,id-64a79f63,AssociationRelationship,EA ModelSet
id-64a79f63,id-32902710,AssociationRelationship,EA ModelSet
id-32902710,id-7a29ffde,AssociationRelationship,EA ModelSet
id-1ba8e530,id-1daf585e,RealizationRelationship,EA ModelSet
d6fb7007,f5e0e82e,RealizationRelationship,EA ModelSet
id-73199b04,id-1ba8e530,ServingRelationship,EA ModelSet
id-73199b04,d6fb7007,ServingRelationship,EA ModelSet
id-1ba8e530,f5e0e82e,ServingRelationship,EA ModelSet
id-1ba8e530,addb65b7,AssignmentRelationship,EA ModelSet
id-1ba8e530,id-095555a0,AssignmentRelationship,EA ModelSet
id-1ba8e530,id-4a1f59c2,AssignmentRelationship,EA ModelSet
d6fb7007,a938d77f,AssignmentRelationship,EA ModelSet
id-862bac64,id-26464b9f,AssociationRelationship,EA ModelSet
id-97b895df,id-9c2009af,AssociationRelationship,EA ModelSet
id-97b895df,id-5fe6b69a,AccessRelationship,EA ModelSet
id-97b895df,id-16d07cdb,AccessRelationship,EA ModelSet
id-68728466,id-2f338130,AssociationRelationship,EA ModelSet
id-68728466,id-9c2009af,AssociationRelationship,EA ModelSet
id-97b895df,d2868d6b,FlowRelationship,EA ModelSet
id-68728466,d2868d6b,FlowRelationship,EA ModelSet
id-97b895df,id-862bac64,AccessRelationship,EA ModelSet
id-862bac64,f5e0e82e,AssociationRelationship,EA ModelSet
id-54a5b646020c4516bb900f20a8d07c93,id-da18e7bccda7412781beb5b6bf46da3f,RealizationRelationship,EA ModelSet
id-0b4d5970e38e4cf594102fc99059f472,id-da18e7bccda7412781beb5b6bf46da3f,TriggeringRelationship,EA ModelSet
id-6b584cc42f694b1fb44f4ce27eb7c733,id-da18e7bccda7412781beb5b6bf46da3f,TriggeringRelationship,EA ModelSet
id-54a5b646020c4516bb900f20a8d07c93,id-8410ab580e6c4ee99b3060de8257e520,RealizationRelationship,EA ModelSet
id-6b584cc42f694b1fb44f4ce27eb7c733,id-8410ab580e6c4ee99b3060de8257e520,TriggeringRelationship,EA ModelSet
id-ea11d862a08f454cae995076442f6978,id-6b584cc42f694b1fb44f4ce27eb7c733,RealizationRelationship,EA ModelSet
id-0b4d5970e38e4cf594102fc99059f472,id-6b584cc42f694b1fb44f4ce27eb7c733,TriggeringRelationship,EA ModelSet
id-cb5386f340f7407d934c7bc07f65ae8e,id-54a5b646020c4516bb900f20a8d07c93,CompositionRelationship,EA ModelSet
id-cb5386f340f7407d934c7bc07f65ae8e,id-1f4b03767704404dbfa891248092060d,CompositionRelationship,EA ModelSet
id-ea11d862a08f454cae995076442f6978,id-8a44ab179afe4f7e967ea8b65ab47021,RealizationRelationship,EA ModelSet
id-6b584cc42f694b1fb44f4ce27eb7c733,id-8a44ab179afe4f7e967ea8b65ab47021,ServingRelationship,EA ModelSet
id-f537581417a34c168b31c83ee4868a16,id-6b584cc42f694b1fb44f4ce27eb7c733,TriggeringRelationship,EA ModelSet
id-54a5b646020c4516bb900f20a8d07c93,id-a16ad56a2dab4a2cb2c70524abefa00d,RealizationRelationship,EA ModelSet
id-1f4b03767704404dbfa891248092060d,id-f26ff1f6b19b4530828382d70a2e1a61,RealizationRelationship,EA ModelSet
id-9e09e69993d446b78dcb3beaee94870e,id-a16ad56a2dab4a2cb2c70524abefa00d,TriggeringRelationship,EA ModelSet
id-1f4b03767704404dbfa891248092060d,id-8410ab580e6c4ee99b3060de8257e520,RealizationRelationship,EA ModelSet
id-a16ad56a2dab4a2cb2c70524abefa00d,id-9ece09533ea544eaa616927a9353a479,CompositionRelationship,EA ModelSet
id-a16ad56a2dab4a2cb2c70524abefa00d,id-f6fe91b03fd94dc1ba40da0e6574225d,CompositionRelationship,EA ModelSet
id-ea11d862a08f454cae995076442f6978,id-8410ab580e6c4ee99b3060de8257e520,RealizationRelationship,EA ModelSet
id-54a5b646020c4516bb900f20a8d07c93,id-1728e0384f0f4c68a3d582ee0a295e78,RealizationRelationship,EA ModelSet
id-1f4b03767704404dbfa891248092060d,id-1728e0384f0f4c68a3d582ee0a295e78,RealizationRelationship,EA ModelSet
id-54a5b646020c4516bb900f20a8d07c93,id-da64b23ccfcf4620a5f801343eab2ac5,AccessRelationship,EA ModelSet
id-0b008e01298846d992412e58b132e0b8,id-d3bea7e1d5e542139df1ca3e9135ad70,AssociationRelationship,EA ModelSet
id-9651eea0f11c4e7b8bde14dd32ea4672,id-d3bea7e1d5e542139df1ca3e9135ad70,AssociationRelationship,EA ModelSet
id-d3bea7e1d5e542139df1ca3e9135ad70,id-40706d89293c4f8d8176f5aef1f13896,AssociationRelationship,EA ModelSet
id-1728e0384f0f4c68a3d582ee0a295e78,id-da64b23ccfcf4620a5f801343eab2ac5,AssociationRelationship,EA ModelSet
id-cb5386f340f7407d934c7bc07f65ae8e,id-c3f45b2859f24f15822fde9cc406e2ea,CompositionRelationship,EA ModelSet
id-cb5386f340f7407d934c7bc07f65ae8e,id-088c16c90d7143ecb41edb5d01d31f6e,CompositionRelationship,EA ModelSet
id-8e0214b9ed1442eeaeaaf64bc0fc315b,id-2f4db57a681444f684534ddfeb7f262f,CompositionRelationship,EA ModelSet
id-c3f45b2859f24f15822fde9cc406e2ea,id-c9ff6f40b69848eca250c197efda7ee7,RealizationRelationship,EA ModelSet
id-c9ff6f40b69848eca250c197efda7ee7,id-0d92545085bb4e24bd8577807da919bf,AssociationRelationship,EA ModelSet
id-088c16c90d7143ecb41edb5d01d31f6e,id-87fb8fc7c959458e8eb261629ef2afbd,RealizationRelationship,EA ModelSet
id-088c16c90d7143ecb41edb5d01d31f6e,id-b6c377b0aa8c4f43af96720907402eb6,CompositionRelationship,EA ModelSet
id-cb5386f340f7407d934c7bc07f65ae8e,id-e7995c286c9d4c2c82b045b94d6d2ff5,CompositionRelationship,EA ModelSet
id-e7995c286c9d4c2c82b045b94d6d2ff5,id-088c16c90d7143ecb41edb5d01d31f6e,AssociationRelationship,EA ModelSet
id-cb5386f340f7407d934c7bc07f65ae8e,id-896fb58d0ef94d47986b3ddb7d26031e,CompositionRelationship,EA ModelSet
id-cb5386f340f7407d934c7bc07f65ae8e,id-ffeb42d2781a471facdf727dfecb81e5,CompositionRelationship,EA ModelSet
id-ffeb42d2781a471facdf727dfecb81e5,id-1f4b03767704404dbfa891248092060d,AssociationRelationship,EA ModelSet
id-896fb58d0ef94d47986b3ddb7d26031e,id-208f95292f3a46aca2bff2a9b93d64b0,TriggeringRelationship,EA ModelSet
id-326cecf435ac4de884311b099fec7bf4,id-896fb58d0ef94d47986b3ddb7d26031e,TriggeringRelationship,EA ModelSet
id-b6a6cd81728e492a9d4a7b8cc1043c7b,id-208f95292f3a46aca2bff2a9b93d64b0,TriggeringRelationship,EA ModelSet
id-5a673e264b444b11b51d16720ca340a7,id-b6a6cd81728e492a9d4a7b8cc1043c7b,TriggeringRelationship,EA ModelSet
id-cb5386f340f7407d934c7bc07f65ae8e,id-326cecf435ac4de884311b099fec7bf4,CompositionRelationship,EA ModelSet
id-088c16c90d7143ecb41edb5d01d31f6e,id-326cecf435ac4de884311b099fec7bf4,TriggeringRelationship,EA ModelSet
id-54a5b646020c4516bb900f20a8d07c93,id-326cecf435ac4de884311b099fec7bf4,TriggeringRelationship,EA ModelSet
id-1f4b03767704404dbfa891248092060d,id-326cecf435ac4de884311b099fec7bf4,TriggeringRelationship,EA ModelSet
id-c3f45b2859f24f15822fde9cc406e2ea,id-326cecf435ac4de884311b099fec7bf4,TriggeringRelationship,EA ModelSet
id-0007ab60274f4d4194864f146097c2b8,id-25d73db252e0434fbe05658150fa72ab,TriggeringRelationship,EA ModelSet
id-b0f641f981ed4ac9b7b8fefa91f2feb7,id-25d73db252e0434fbe05658150fa72ab,TriggeringRelationship,EA ModelSet
id-6e51c2de99104ed49243dbc37606e1fc,id-25d73db252e0434fbe05658150fa72ab,TriggeringRelationship,EA ModelSet
id-ec0efecc39ec4a7290e18ae8bb0f5102,id-25d73db252e0434fbe05658150fa72ab,TriggeringRelationship,EA ModelSet
id-2c3d1ba42ca1499ebfd2811081e56442,id-25d73db252e0434fbe05658150fa72ab,TriggeringRelationship,EA ModelSet
id-ecb50207e1bd45ddaf6df93cd8e4b49c,id-74ed460b16804094a9cb6c994607d241,RealizationRelationship,EA ModelSet
id-208f95292f3a46aca2bff2a9b93d64b0,id-2f4db57a681444f684534ddfeb7f262f,TriggeringRelationship,EA ModelSet
id-2d70179cb18942b3b46efe1b7d6b2266,id-5a673e264b444b11b51d16720ca340a7,TriggeringRelationship,EA ModelSet
id-ea11d862a08f454cae995076442f6978,id-5a673e264b444b11b51d16720ca340a7,TriggeringRelationship,EA ModelSet
id-ecb50207e1bd45ddaf6df93cd8e4b49c,id-5a673e264b444b11b51d16720ca340a7,TriggeringRelationship,EA ModelSet
id-09606155d41843948dbd564cd6aead40,id-5a673e264b444b11b51d16720ca340a7,TriggeringRelationship,EA ModelSet
id-25d73db252e0434fbe05658150fa72ab,id-b6a6cd81728e492a9d4a7b8cc1043c7b,TriggeringRelationship,EA ModelSet
id-ea11d862a08f454cae995076442f6978,id-0b8ff64733cb46638e04aa68d6b1c523,RealizationRelationship,EA ModelSet
id-ea11d862a08f454cae995076442f6978,id-db7db0f5af0744e0ad2339e254e4969b,RealizationRelationship,EA ModelSet
id-774b94900b8b42b787a2693f26f83156,id-25d73db252e0434fbe05658150fa72ab,RealizationRelationship,EA ModelSet
id-774b94900b8b42b787a2693f26f83156,id-ec0efecc39ec4a7290e18ae8bb0f5102,AggregationRelationship,EA ModelSet
id-774b94900b8b42b787a2693f26f83156,id-b0f641f981ed4ac9b7b8fefa91f2feb7,AggregationRelationship,EA ModelSet
id-774b94900b8b42b787a2693f26f83156,id-5a673e264b444b11b51d16720ca340a7,RealizationRelationship,EA ModelSet
id-774b94900b8b42b787a2693f26f83156,id-b6a6cd81728e492a9d4a7b8cc1043c7b,AggregationRelationship,EA ModelSet
id-774b94900b8b42b787a2693f26f83156,id-09606155d41843948dbd564cd6aead40,AggregationRelationship,EA ModelSet
id-774b94900b8b42b787a2693f26f83156,id-0007ab60274f4d4194864f146097c2b8,AggregationRelationship,EA ModelSet
id-774b94900b8b42b787a2693f26f83156,id-2d70179cb18942b3b46efe1b7d6b2266,AggregationRelationship,EA ModelSet
id-774b94900b8b42b787a2693f26f83156,id-2c3d1ba42ca1499ebfd2811081e56442,AggregationRelationship,EA ModelSet
id-774b94900b8b42b787a2693f26f83156,id-ecb50207e1bd45ddaf6df93cd8e4b49c,AggregationRelationship,EA ModelSet
id-774b94900b8b42b787a2693f26f83156,id-6e51c2de99104ed49243dbc37606e1fc,AggregationRelationship,EA ModelSet
id-774b94900b8b42b787a2693f26f83156,id-ea11d862a08f454cae995076442f6978,AggregationRelationship,EA ModelSet
id-ea11d862a08f454cae995076442f6978,id-002a98292a244ed8990f6bd7a2c17dda,RealizationRelationship,EA ModelSet
id-54a5b646020c4516bb900f20a8d07c93,id-002a98292a244ed8990f6bd7a2c17dda,RealizationRelationship,EA ModelSet
id-1f4b03767704404dbfa891248092060d,id-002a98292a244ed8990f6bd7a2c17dda,RealizationRelationship,EA ModelSet
id-c3f45b2859f24f15822fde9cc406e2ea,id-002a98292a244ed8990f6bd7a2c17dda,RealizationRelationship,EA ModelSet
id-8e0214b9ed1442eeaeaaf64bc0fc315b,id-f14fd629e571453bbdf8318742155cb0,CompositionRelationship,EA ModelSet
id-2f4db57a681444f684534ddfeb7f262f,id-f14fd629e571453bbdf8318742155cb0,AssociationRelationship,EA ModelSet
id-8e0214b9ed1442eeaeaaf64bc0fc315b,id-9a8eafb3042c48809b0469e832faf41c,CompositionRelationship,EA ModelSet
id-8e0214b9ed1442eeaeaaf64bc0fc315b,id-0c0228798c6d4d3ebe16d969c77b29af,CompositionRelationship,EA ModelSet
id-8e0214b9ed1442eeaeaaf64bc0fc315b,id-4c9002beb1dd473990340dba7cee99e9,CompositionRelationship,EA ModelSet
id-0c0228798c6d4d3ebe16d969c77b29af,id-f14fd629e571453bbdf8318742155cb0,TriggeringRelationship,EA ModelSet
id-9a8eafb3042c48809b0469e832faf41c,id-f14fd629e571453bbdf8318742155cb0,TriggeringRelationship,EA ModelSet
id-4c9002beb1dd473990340dba7cee99e9,id-f14fd629e571453bbdf8318742155cb0,TriggeringRelationship,EA ModelSet
id-002a98292a244ed8990f6bd7a2c17dda,id-346dbdaaa091446b986e31f8e64ed50b,AssociationRelationship,EA ModelSet
id-74ed460b16804094a9cb6c994607d241,id-3db2b558d1f34801809f878e619e4cc0,AssociationRelationship,EA ModelSet
id-148c13cc64b64e08ab8012addcc3d136,id-3b533b4d9637421ca6fba66f2e5408b4,AssociationRelationship,EA ModelSet
id-09606155d41843948dbd564cd6aead40,id-15094ca0c749475c9439e127a836e223,RealizationRelationship,EA ModelSet
id-15094ca0c749475c9439e127a836e223,id-4ce93ab5847d40b195fc15b114d8420f,AssociationRelationship,EA ModelSet
id-64ca2d1a9ebc41a0a8471b0d7dd6dc1a,id-0b8ff64733cb46638e04aa68d6b1c523,CompositionRelationship,EA ModelSet
id-64ca2d1a9ebc41a0a8471b0d7dd6dc1a,id-002a98292a244ed8990f6bd7a2c17dda,CompositionRelationship,EA ModelSet
id-64ca2d1a9ebc41a0a8471b0d7dd6dc1a,id-67167cafb9b44f679c9efa45ca699ca8,CompositionRelationship,EA ModelSet
id-64ca2d1a9ebc41a0a8471b0d7dd6dc1a,id-74ed460b16804094a9cb6c994607d241,CompositionRelationship,EA ModelSet
id-64ca2d1a9ebc41a0a8471b0d7dd6dc1a,id-15094ca0c749475c9439e127a836e223,CompositionRelationship,EA ModelSet
id-64ca2d1a9ebc41a0a8471b0d7dd6dc1a,id-148c13cc64b64e08ab8012addcc3d136,CompositionRelationship,EA ModelSet
id-e5d02ccf2f3248359f06b8843cc4d0ab,id-64ca2d1a9ebc41a0a8471b0d7dd6dc1a,RealizationRelationship,EA ModelSet
id-0b8ff64733cb46638e04aa68d6b1c523,id-3db2b558d1f34801809f878e619e4cc0,CompositionRelationship,EA ModelSet
id-3db2b558d1f34801809f878e619e4cc0,id-308289e73df24537a143c17e9fe03089,AssignmentRelationship,EA ModelSet
id-3db2b558d1f34801809f878e619e4cc0,id-e55960688efd4734bc9426c60decce80,AssignmentRelationship,EA ModelSet
id-3db2b558d1f34801809f878e619e4cc0,id-2ba286327d63485b947457e02c2df4d8,AssignmentRelationship,EA ModelSet
id-3db2b558d1f34801809f878e619e4cc0,id-a94497892c124e2d9274e7d21acdb83b,AssignmentRelationship,EA ModelSet
id-3db2b558d1f34801809f878e619e4cc0,id-3bfb6075a3af4f5db3b6463ba2987f5e,AssignmentRelationship,EA ModelSet
id-3db2b558d1f34801809f878e619e4cc0,id-4ce93ab5847d40b195fc15b114d8420f,AssignmentRelationship,EA ModelSet
id-3db2b558d1f34801809f878e619e4cc0,id-3b533b4d9637421ca6fba66f2e5408b4,AssignmentRelationship,EA ModelSet
id-3db2b558d1f34801809f878e619e4cc0,id-346dbdaaa091446b986e31f8e64ed50b,AssignmentRelationship,EA ModelSet
id-fe4ef6db4bb746f6aa706cdae831de85,id-292c68212b6b426197cca58c2e26a0ca,AssignmentRelationship,EA ModelSet
id-fe4ef6db4bb746f6aa706cdae831de85,id-0a514706263c440fa920fcecab48f8fd,AssignmentRelationship,EA ModelSet
id-fe4ef6db4bb746f6aa706cdae831de85,id-815aeaf822ff4ef18887ef6cbd867443,AssignmentRelationship,EA ModelSet
id-fe4ef6db4bb746f6aa706cdae831de85,id-eea016c347c847439db42dfa5eec99ba,AssignmentRelationship,EA ModelSet
id-fe4ef6db4bb746f6aa706cdae831de85,id-3d49171c0a3240f0939f8b98b3a0e1c6,AssignmentRelationship,EA ModelSet
id-0b8ff64733cb46638e04aa68d6b1c523,id-fe4ef6db4bb746f6aa706cdae831de85,CompositionRelationship,EA ModelSet
id-0b8ff64733cb46638e04aa68d6b1c523,id-c59594f9e9e34c27937e9c0dce3414c4,CompositionRelationship,EA ModelSet
id-0d92545085bb4e24bd8577807da919bf,id-bbf7ec2d4e754d02a132586e84966768,AssociationRelationship,EA ModelSet
id-0d92545085bb4e24bd8577807da919bf,id-97aec897bd2f458896054c63c6a5b220,AssociationRelationship,EA ModelSet
id-0d92545085bb4e24bd8577807da919bf,id-d3909ebdea0c4e98bb015762ed07d224,AssociationRelationship,EA ModelSet
id-c24519aac3ce4fe9bf7eed80eb11421c,id-0d92545085bb4e24bd8577807da919bf,AssociationRelationship,EA ModelSet
id-a789317ba5324686b050803216357d5e,id-c24519aac3ce4fe9bf7eed80eb11421c,AssociationRelationship,EA ModelSet
id-5da13d77b8904d34874064dbae7bc2ec,id-0d92545085bb4e24bd8577807da919bf,AssociationRelationship,EA ModelSet
id-9e09e69993d446b78dcb3beaee94870e,id-8fb2de48fe8d45d9bdf8c0b46637f51f,TriggeringRelationship,EA ModelSet
id-bbf7ec2d4e754d02a132586e84966768,id-0b8ff64733cb46638e04aa68d6b1c523,TriggeringRelationship,EA ModelSet
id-0d92545085bb4e24bd8577807da919bf,id-5da13d77b8904d34874064dbae7bc2ec,AssociationRelationship,EA ModelSet
id-0d92545085bb4e24bd8577807da919bf,id-c24519aac3ce4fe9bf7eed80eb11421c,TriggeringRelationship,EA ModelSet
id-0d92545085bb4e24bd8577807da919bf,id-c9ff6f40b69848eca250c197efda7ee7,TriggeringRelationship,EA ModelSet
id-0d92545085bb4e24bd8577807da919bf,id-bbf7ec2d4e754d02a132586e84966768,TriggeringRelationship,EA ModelSet
id-0d92545085bb4e24bd8577807da919bf,id-97aec897bd2f458896054c63c6a5b220,TriggeringRelationship,EA ModelSet
id-0d92545085bb4e24bd8577807da919bf,id-d3909ebdea0c4e98bb015762ed07d224,TriggeringRelationship,EA ModelSet
id-5da13d77b8904d34874064dbae7bc2ec,id-0d92545085bb4e24bd8577807da919bf,CompositionRelationship,EA ModelSet
id-8fb2de48fe8d45d9bdf8c0b46637f51f,id-5da13d77b8904d34874064dbae7bc2ec,TriggeringRelationship,EA ModelSet
id-925203f70eb64b6d82017af7b6677ed2,id-bbf7ec2d4e754d02a132586e84966768,CompositionRelationship,EA ModelSet
id-925203f70eb64b6d82017af7b6677ed2,id-c24519aac3ce4fe9bf7eed80eb11421c,CompositionRelationship,EA ModelSet
id-925203f70eb64b6d82017af7b6677ed2,id-0b8ff64733cb46638e04aa68d6b1c523,CompositionRelationship,EA ModelSet
id-925203f70eb64b6d82017af7b6677ed2,id-5da13d77b8904d34874064dbae7bc2ec,CompositionRelationship,EA ModelSet
id-925203f70eb64b6d82017af7b6677ed2,id-c9ff6f40b69848eca250c197efda7ee7,CompositionRelationship,EA ModelSet
id-925203f70eb64b6d82017af7b6677ed2,id-a789317ba5324686b050803216357d5e,CompositionRelationship,EA ModelSet
id-925203f70eb64b6d82017af7b6677ed2,id-97aec897bd2f458896054c63c6a5b220,CompositionRelationship,EA ModelSet
id-925203f70eb64b6d82017af7b6677ed2,id-8fb2de48fe8d45d9bdf8c0b46637f51f,CompositionRelationship,EA ModelSet
id-5da13d77b8904d34874064dbae7bc2ec,id-090374a9bffb4b5f80c546aa6af31f73,CompositionRelationship,EA ModelSet
id-5da13d77b8904d34874064dbae7bc2ec,id-ddb011b0e31e43a8b07fcf62c6f120ac,RealizationRelationship,EA ModelSet
id-31af51e6ca5048d4b0b2cf9bc69f6470,id-ddb011b0e31e43a8b07fcf62c6f120ac,ServingRelationship,EA ModelSet
id-5da13d77b8904d34874064dbae7bc2ec,id-e3d6fa23818342d3be43bf9c4490a235,TriggeringRelationship,EA ModelSet
id-925203f70eb64b6d82017af7b6677ed2,id-31af51e6ca5048d4b0b2cf9bc69f6470,CompositionRelationship,EA ModelSet
id-925203f70eb64b6d82017af7b6677ed2,id-b1f99f5bd786446fa51ca4687275242d,CompositionRelationship,EA ModelSet
id-925203f70eb64b6d82017af7b6677ed2,id-bc1d8fff0aac4a65bdc01029065e6117,CompositionRelationship,EA ModelSet
id-925203f70eb64b6d82017af7b6677ed2,id-e3d6fa23818342d3be43bf9c4490a235,CompositionRelationship,EA ModelSet
id-925203f70eb64b6d82017af7b6677ed2,id-d3909ebdea0c4e98bb015762ed07d224,CompositionRelationship,EA ModelSet
id-a024f2e2bd824fdd85dcc5e188b7f679,id-ddb011b0e31e43a8b07fcf62c6f120ac,ServingRelationship,EA ModelSet
id-b1f99f5bd786446fa51ca4687275242d,id-ddb011b0e31e43a8b07fcf62c6f120ac,ServingRelationship,EA ModelSet
id-bc1d8fff0aac4a65bdc01029065e6117,id-ddb011b0e31e43a8b07fcf62c6f120ac,ServingRelationship,EA ModelSet
id-ce7ac969f7c14fa9932c982cc065abb6,id-ddb011b0e31e43a8b07fcf62c6f120ac,ServingRelationship,EA ModelSet
id-d7d35c9e21d14a6080571df045e10cea,id-7ae8ff3c2b6d467db9f66742be1ebdf0,ServingRelationship,EA ModelSet
id-31af51e6ca5048d4b0b2cf9bc69f6470,id-b93e9f2b128e4cf29814dfdaf884bb37,ServingRelationship,EA ModelSet
id-f537581417a34c168b31c83ee4868a16,id-f2e759791a1b43538bf9f8b968b79b88,AssignmentRelationship,EA ModelSet
id-f537581417a34c168b31c83ee4868a16,id-7ae8ff3c2b6d467db9f66742be1ebdf0,AssignmentRelationship,EA ModelSet
id-9e09e69993d446b78dcb3beaee94870e,id-7ae8ff3c2b6d467db9f66742be1ebdf0,AssignmentRelationship,EA ModelSet
id-f537581417a34c168b31c83ee4868a16,id-b93e9f2b128e4cf29814dfdaf884bb37,AssignmentRelationship,EA ModelSet
id-ce7ac969f7c14fa9932c982cc065abb6,id-f2e759791a1b43538bf9f8b968b79b88,ServingRelationship,EA ModelSet
id-bf351e09dcde4e95bb124402b1332956,id-33aa1f0f5b684580b0f2ee328ec6af94,ServingRelationship,EA ModelSet
id-e62dc6b31a1c4549b3ec923c5d037641,id-8b46554e77934410b17a30b0a5d79ca8,ServingRelationship,EA ModelSet
id-73570d4bdb4f4771860cfea3e30437c1,id-ce7ac969f7c14fa9932c982cc065abb6,RealizationRelationship,EA ModelSet
id-73570d4bdb4f4771860cfea3e30437c1,id-e62dc6b31a1c4549b3ec923c5d037641,RealizationRelationship,EA ModelSet
id-3efa05f55a9c4d548d2934983dfae69a,id-bf351e09dcde4e95bb124402b1332956,RealizationRelationship,EA ModelSet
id-e62dc6b31a1c4549b3ec923c5d037641,id-f2e759791a1b43538bf9f8b968b79b88,ServingRelationship,EA ModelSet
id-b1f99f5bd786446fa51ca4687275242d,id-d7d35c9e21d14a6080571df045e10cea,ServingRelationship,EA ModelSet
id-bc1d8fff0aac4a65bdc01029065e6117,id-d7d35c9e21d14a6080571df045e10cea,ServingRelationship,EA ModelSet
id-ecb50207e1bd45ddaf6df93cd8e4b49c,id-1610aaf31d1e490c873cc9c8ef4c1dab,AssociationRelationship,EA ModelSet
id-09606155d41843948dbd564cd6aead40,id-1610aaf31d1e490c873cc9c8ef4c1dab,AssociationRelationship,EA ModelSet
id-ea11d862a08f454cae995076442f6978,id-1610aaf31d1e490c873cc9c8ef4c1dab,AssociationRelationship,EA ModelSet
id-2d70179cb18942b3b46efe1b7d6b2266,id-1610aaf31d1e490c873cc9c8ef4c1dab,AssociationRelationship,EA ModelSet
id-1610aaf31d1e490c873cc9c8ef4c1dab,id-b6a6cd81728e492a9d4a7b8cc1043c7b,AssociationRelationship,EA ModelSet
id-ec0efecc39ec4a7290e18ae8bb0f5102,id-1610aaf31d1e490c873cc9c8ef4c1dab,AssociationRelationship,EA ModelSet
id-2c3d1ba42ca1499ebfd2811081e56442,id-1610aaf31d1e490c873cc9c8ef4c1dab,AssociationRelationship,EA ModelSet
id-6e51c2de99104ed49243dbc37606e1fc,id-1610aaf31d1e490c873cc9c8ef4c1dab,AssociationRelationship,EA ModelSet
id-b0f641f981ed4ac9b7b8fefa91f2feb7,id-1610aaf31d1e490c873cc9c8ef4c1dab,AssociationRelationship,EA ModelSet
id-0007ab60274f4d4194864f146097c2b8,id-1610aaf31d1e490c873cc9c8ef4c1dab,AssociationRelationship,EA ModelSet
id-b6a6cd81728e492a9d4a7b8cc1043c7b,id-1123a14174244d2984a7c5ba9c633a47,AssociationRelationship,EA ModelSet
id-1123a14174244d2984a7c5ba9c633a47,id-896fb58d0ef94d47986b3ddb7d26031e,AssociationRelationship,EA ModelSet
id-7c31aae39e0243b18b5bd7808eea9d55,id-088c16c90d7143ecb41edb5d01d31f6e,AssociationRelationship,EA ModelSet
id-7c31aae39e0243b18b5bd7808eea9d55,id-896fb58d0ef94d47986b3ddb7d26031e,AssociationRelationship,EA ModelSet
id-7c31aae39e0243b18b5bd7808eea9d55,id-54a5b646020c4516bb900f20a8d07c93,AssociationRelationship,EA ModelSet
id-1f4b03767704404dbfa891248092060d,id-7c31aae39e0243b18b5bd7808eea9d55,AssociationRelationship,EA ModelSet
id-c3f45b2859f24f15822fde9cc406e2ea,id-7c31aae39e0243b18b5bd7808eea9d55,AssociationRelationship,EA ModelSet
id-1123a14174244d2984a7c5ba9c633a47,id-2f4db57a681444f684534ddfeb7f262f,AssociationRelationship,EA ModelSet
id-ea11d862a08f454cae995076442f6978,id-108fed5e09284a8bbb6ca2225178b918,RealizationRelationship,EA ModelSet
id-54a5b646020c4516bb900f20a8d07c93,id-723705be55654184956fa2308e97ba02,CompositionRelationship,EA ModelSet
id-54a5b646020c4516bb900f20a8d07c93,id-616ee05737944eaba9e0463978351b78,RealizationRelationship,EA ModelSet
id-1f4b03767704404dbfa891248092060d,id-695538098b114c1d853090755e1f7ab5,RealizationRelationship,EA ModelSet
id-1f4b03767704404dbfa891248092060d,id-403950ae39d24accb50194f32e39aef1,RealizationRelationship,EA ModelSet
id-1123a14174244d2984a7c5ba9c633a47,id-cbb2e043fe10441bad2fa4ab667914bc,AssociationRelationship,EA ModelSet
id-cbb2e043fe10441bad2fa4ab667914bc,id-550688ceae8e4311b4f7a94e7435086b,CompositionRelationship,EA ModelSet
id-c3f45b2859f24f15822fde9cc406e2ea,id-acd3deed41254a41b74cf38e48c4e6b7,RealizationRelationship,EA ModelSet
id-c3f45b2859f24f15822fde9cc406e2ea,id-c57d84c8f71c44c986a9cf937ac65922,RealizationRelationship,EA ModelSet
id-c3f45b2859f24f15822fde9cc406e2ea,id-577224628f4f49f285e16b8e48a08682,RealizationRelationship,EA ModelSet
id-c3f45b2859f24f15822fde9cc406e2ea,id-d0e9060c0f7c4876930aaf9f7cd5d274,RealizationRelationship,EA ModelSet
id-c3f45b2859f24f15822fde9cc406e2ea,id-700239a3f1f049758f8d48b67b9a28fc,RealizationRelationship,EA ModelSet
id-c3f45b2859f24f15822fde9cc406e2ea,id-3c736089075f4eb3a31a673834ff9e7f,CompositionRelationship,EA ModelSet
id-c3f45b2859f24f15822fde9cc406e2ea,id-c703cfacfea5440b918d7d0788332fa3,CompositionRelationship,EA ModelSet
id-088c16c90d7143ecb41edb5d01d31f6e,id-4c15294be05048c9b48ac7ce31857795,RealizationRelationship,EA ModelSet
id-c5929f5ae9d74708b878d7bf26146276,id-088c16c90d7143ecb41edb5d01d31f6e,AssociationRelationship,EA ModelSet
id-088c16c90d7143ecb41edb5d01d31f6e,id-002a98292a244ed8990f6bd7a2c17dda,RealizationRelationship,EA ModelSet
id-088c16c90d7143ecb41edb5d01d31f6e,id-604b016e96cd46ce9cc1ad89bd0e9560,CompositionRelationship,EA ModelSet
id-088c16c90d7143ecb41edb5d01d31f6e,id-5189ec7a024c482898a4a0d5ed1ba716,CompositionRelationship,EA ModelSet
id-2d70179cb18942b3b46efe1b7d6b2266,id-002a98292a244ed8990f6bd7a2c17dda,RealizationRelationship,EA ModelSet
id-e3d6fa23818342d3be43bf9c4490a235,id-31af51e6ca5048d4b0b2cf9bc69f6470,RealizationRelationship,EA ModelSet
id-acd3deed41254a41b74cf38e48c4e6b7,id-31af51e6ca5048d4b0b2cf9bc69f6470,RealizationRelationship,EA ModelSet
id-acd3deed41254a41b74cf38e48c4e6b7,id-ce7ac969f7c14fa9932c982cc065abb6,RealizationRelationship,EA ModelSet
id-d3909ebdea0c4e98bb015762ed07d224,id-b1f99f5bd786446fa51ca4687275242d,RealizationRelationship,EA ModelSet
id-acd3deed41254a41b74cf38e48c4e6b7,id-b1f99f5bd786446fa51ca4687275242d,RealizationRelationship,EA ModelSet
id-1f4b03767704404dbfa891248092060d,id-cd445c54328e45548aaacfa666b22d7d,RealizationRelationship,EA ModelSet
id-10726fab513944b2bbab456653bf33e3,id-0af0c47e3c4248f2b11bb52ee3269c02,RealizationRelationship,EA ModelSet
id-0a36d44092a74eae98f49c62b49a2ea7,id-0af0c47e3c4248f2b11bb52ee3269c02,RealizationRelationship,EA ModelSet
id-403950ae39d24accb50194f32e39aef1,id-0af0c47e3c4248f2b11bb52ee3269c02,RealizationRelationship,EA ModelSet
id-f537581417a34c168b31c83ee4868a16,id-99ed9435d6c449869e4fa24abba8d05f,AssignmentRelationship,EA ModelSet
id-87fb8fc7c959458e8eb261629ef2afbd,id-4ce64f961b0844cdab8ec4346ac18d2d,ServingRelationship,EA ModelSet
id-a024f2e2bd824fdd85dcc5e188b7f679,id-d7d35c9e21d14a6080571df045e10cea,ServingRelationship,EA ModelSet
id-a7e96cec393948baba4181d36eaf6e6c,id-99ed9435d6c449869e4fa24abba8d05f,AssignmentRelationship,EA ModelSet
id-4c15294be05048c9b48ac7ce31857795,id-4ce64f961b0844cdab8ec4346ac18d2d,ServingRelationship,EA ModelSet
id-700239a3f1f049758f8d48b67b9a28fc,id-4ce64f961b0844cdab8ec4346ac18d2d,ServingRelationship,EA ModelSet
id-f537581417a34c168b31c83ee4868a16,id-4ce64f961b0844cdab8ec4346ac18d2d,AssignmentRelationship,EA ModelSet
id-9e09e69993d446b78dcb3beaee94870e,id-f537581417a34c168b31c83ee4868a16,CompositionRelationship,EA ModelSet
id-9e09e69993d446b78dcb3beaee94870e,id-a7e96cec393948baba4181d36eaf6e6c,CompositionRelationship,EA ModelSet
id-acd3deed41254a41b74cf38e48c4e6b7,id-ae82aa7ab7244b859ae4b14fee9b9239,RealizationRelationship,EA ModelSet
id-73570d4bdb4f4771860cfea3e30437c1,id-ae82aa7ab7244b859ae4b14fee9b9239,RealizationRelationship,EA ModelSet
id-e62dc6b31a1c4549b3ec923c5d037641,id-33aa1f0f5b684580b0f2ee328ec6af94,ServingRelationship,EA ModelSet
id-e62dc6b31a1c4549b3ec923c5d037641,id-a1a02630f9b149aa998aea01898a6ccc,ServingRelationship,EA ModelSet
id-f537581417a34c168b31c83ee4868a16,id-a1a02630f9b149aa998aea01898a6ccc,AssignmentRelationship,EA ModelSet
id-f537581417a34c168b31c83ee4868a16,id-33aa1f0f5b684580b0f2ee328ec6af94,AssignmentRelationship,EA ModelSet
id-ef3681760f42473db037fb535c3c5f8f,id-5c8d082e201749f7b828614f4977be59,AssignmentRelationship,EA ModelSet
id-ef3681760f42473db037fb535c3c5f8f,id-0a8fc5e79533491bae5355d8a1ff3c75,AssignmentRelationship,EA ModelSet
id-9e09e69993d446b78dcb3beaee94870e,id-ef3681760f42473db037fb535c3c5f8f,AssignmentRelationship,EA ModelSet
id-cc71fa19c1ff4af78e82b36a8a9e00f4,id-ef3681760f42473db037fb535c3c5f8f,ServingRelationship,EA ModelSet
id-ee71b00c10ea47b295d67192e7295070,id-ef3681760f42473db037fb535c3c5f8f,ServingRelationship,EA ModelSet
id-acd3deed41254a41b74cf38e48c4e6b7,id-cc71fa19c1ff4af78e82b36a8a9e00f4,RealizationRelationship,EA ModelSet
id-7a6b1af86c0348b38bce6d9c68d893e6,id-ee71b00c10ea47b295d67192e7295070,RealizationRelationship,EA ModelSet
id-d7e1146753a243798483080989942db8,id-30a10d191d6640ddb00dabecb03a5082,AssignmentRelationship,EA ModelSet
id-892d6597785b494eba052fefd365e41e,id-1a45581539d747ddb62226caf60b1635,RealizationRelationship,EA ModelSet
id-d7e1146753a243798483080989942db8,id-1a93141cf8e0406a8fdad3c1b266d0db,AssignmentRelationship,EA ModelSet
id-d7e1146753a243798483080989942db8,id-300e26aa57374d1fa3dc6a7ff1a2d939,AssignmentRelationship,EA ModelSet
id-9620c38bf8a747c88b3132d669914f78,id-c7e5851300554cb7b6570c9fc19feadf,AssignmentRelationship,EA ModelSet
id-83d9ecf85fde4ed1ae702aeb70c94a97,id-1a45581539d747ddb62226caf60b1635,RealizationRelationship,EA ModelSet
id-1a45581539d747ddb62226caf60b1635,id-d7e1146753a243798483080989942db8,ServingRelationship,EA ModelSet
id-cd5ad0a82e014a16a55b6895e4763ecd,id-d7e1146753a243798483080989942db8,ServingRelationship,EA ModelSet
c65e61a5-a967-4b99-9ccd-7fc3e79eae53,b2db60fb-ac2c-47a4-b14a-f0f9573a664d,CompositionRelationship,EA ModelSet
c65e61a5-a967-4b99-9ccd-7fc3e79eae53,c7f3ebf4-6c65-4d4d-bd79-9c83a2b5c003,CompositionRelationship,EA ModelSet
c65e61a5-a967-4b99-9ccd-7fc3e79eae53,eb4ec0a1-49b5-4fad-ae34-2c4188a8db8a,CompositionRelationship,EA ModelSet
df2d6267-1b8f-4691-8582-20cb1d8ed5bb,c65e61a5-a967-4b99-9ccd-7fc3e79eae53,AssociationRelationship,EA ModelSet
e80ada30-dfa0-40fb-a4b7-18d37f9f094e,c65e61a5-a967-4b99-9ccd-7fc3e79eae53,AssociationRelationship,EA ModelSet
f7cdb599-cb3c-4e0e-a316-770cbc0ef224,c65e61a5-a967-4b99-9ccd-7fc3e79eae53,AssociationRelationship,EA ModelSet
b2db60fb-ac2c-47a4-b14a-f0f9573a664d,c7f3ebf4-6c65-4d4d-bd79-9c83a2b5c003,TriggeringRelationship,EA ModelSet
c7f3ebf4-6c65-4d4d-bd79-9c83a2b5c003,eb4ec0a1-49b5-4fad-ae34-2c4188a8db8a,TriggeringRelationship,EA ModelSet
f4eb6429-f111-43dc-b14e-9929f0ee1ae9,e1188a2c-af89-4e14-873e-5adeb4a3ee12,AssociationRelationship,EA ModelSet
e80ada30-dfa0-40fb-a4b7-18d37f9f094e,e1188a2c-af89-4e14-873e-5adeb4a3ee12,AssociationRelationship,EA ModelSet
id-19a1e9b4-551e-4304-98e6-6bd95f47d78e,f4eb6429-f111-43dc-b14e-9929f0ee1ae9,AssociationRelationship,EA ModelSet
f4eb6429-f111-43dc-b14e-9929f0ee1ae9,c04cde4c-a27e-43fa-93a1-491827402ac0,AssociationRelationship,EA ModelSet
c04cde4c-a27e-43fa-93a1-491827402ac0,b2db60fb-ac2c-47a4-b14a-f0f9573a664d,AssociationRelationship,EA ModelSet
c65e61a5-a967-4b99-9ccd-7fc3e79eae53,e80ada30-dfa0-40fb-a4b7-18d37f9f094e,InfluenceRelationship,EA ModelSet
e1188a2c-af89-4e14-873e-5adeb4a3ee12,e80ada30-dfa0-40fb-a4b7-18d37f9f094e,InfluenceRelationship,EA ModelSet
c04cde4c-a27e-43fa-93a1-491827402ac0,c65e61a5-a967-4b99-9ccd-7fc3e79eae53,AssociationRelationship,EA ModelSet
id-43cbe23c3cf44203bcac2c8280c72c95,id-e65e14910ac4470db097c4d0c6db548f,AssociationRelationship,EA ModelSet
id-43cbe23c3cf44203bcac2c8280c72c95,id-4eb8cf2c46074e16bc149a2016611933,AssociationRelationship,EA ModelSet
id-43cbe23c3cf44203bcac2c8280c72c95,id-a5438c031e3748ee860988b989e0d441,AssociationRelationship,EA ModelSet
id-43cbe23c3cf44203bcac2c8280c72c95,id-dbe450a5ac614645a10394b0ecc608f2,AssociationRelationship,EA ModelSet
id-4eb8cf2c46074e16bc149a2016611933,id-e65e14910ac4470db097c4d0c6db548f,AssociationRelationship,EA ModelSet
id-4eb8cf2c46074e16bc149a2016611933,id-7165818926eb4e158257d95ffc00849f,AssociationRelationship,EA ModelSet
id-4eb8cf2c46074e16bc149a2016611933,id-a73dbf5b48d14249a45b50da380b07e8,AssociationRelationship,EA ModelSet
id-4eb8cf2c46074e16bc149a2016611933,id-a5438c031e3748ee860988b989e0d441,AssociationRelationship,EA ModelSet
id-a73dbf5b48d14249a45b50da380b07e8,id-a5438c031e3748ee860988b989e0d441,AssociationRelationship,EA ModelSet
id-a5438c031e3748ee860988b989e0d441,id-7165818926eb4e158257d95ffc00849f,AssociationRelationship,EA ModelSet
id-a73dbf5b48d14249a45b50da380b07e8,id-7165818926eb4e158257d95ffc00849f,AssociationRelationship,EA ModelSet
id-a73dbf5b48d14249a45b50da380b07e8,id-e65e14910ac4470db097c4d0c6db548f,AssociationRelationship,EA ModelSet
id-e65e14910ac4470db097c4d0c6db548f,id-7165818926eb4e158257d95ffc00849f,AssociationRelationship,EA ModelSet
id-dbe450a5ac614645a10394b0ecc608f2,id-26d48563f38140ce8e9062fb8385d4ae,AssociationRelationship,EA ModelSet
id-dbe450a5ac614645a10394b0ecc608f2,id-238c434dfd4e401e84034814247f00ff,AssociationRelationship,EA ModelSet
id-dbe450a5ac614645a10394b0ecc608f2,id-3c6c0fc251644db7bf5692795d8c0685,AssociationRelationship,EA ModelSet
id-dbe450a5ac614645a10394b0ecc608f2,id-0867190a9cc34cd5bd4c9afd2cd31b38,AssociationRelationship,EA ModelSet
id-26d48563f38140ce8e9062fb8385d4ae,id-7165818926eb4e158257d95ffc00849f,AssociationRelationship,EA ModelSet
id-26d48563f38140ce8e9062fb8385d4ae,id-238c434dfd4e401e84034814247f00ff,AssociationRelationship,EA ModelSet
id-26d48563f38140ce8e9062fb8385d4ae,id-45bc69db0b884444a04de312bb0aaaf1,AssociationRelationship,EA ModelSet
id-26d48563f38140ce8e9062fb8385d4ae,id-3c6c0fc251644db7bf5692795d8c0685,AssociationRelationship,EA ModelSet
id-238c434dfd4e401e84034814247f00ff,id-45bc69db0b884444a04de312bb0aaaf1,AssociationRelationship,EA ModelSet
id-45bc69db0b884444a04de312bb0aaaf1,id-a4a30a502fac42b3838b38ae1ec213c4,AssociationRelationship,EA ModelSet
id-45bc69db0b884444a04de312bb0aaaf1,id-c9c9c7b64a234ec6b9ab104cd347e527,AssociationRelationship,EA ModelSet
id-c9c9c7b64a234ec6b9ab104cd347e527,id-a4a30a502fac42b3838b38ae1ec213c4,AssociationRelationship,EA ModelSet
id-c9c9c7b64a234ec6b9ab104cd347e527,id-a31670d580294ec680c456631c024159,AssociationRelationship,EA ModelSet
id-a31670d580294ec680c456631c024159,id-3c6c0fc251644db7bf5692795d8c0685,AssociationRelationship,EA ModelSet
id-a31670d580294ec680c456631c024159,id-a4a30a502fac42b3838b38ae1ec213c4,AssociationRelationship,EA ModelSet
id-c9c9c7b64a234ec6b9ab104cd347e527,id-0867190a9cc34cd5bd4c9afd2cd31b38,AssociationRelationship,EA ModelSet
id-3c6c0fc251644db7bf5692795d8c0685,id-a4a30a502fac42b3838b38ae1ec213c4,AssociationRelationship,EA ModelSet
id-a4a30a502fac42b3838b38ae1ec213c4,id-0867190a9cc34cd5bd4c9afd2cd31b38,AssociationRelationship,EA ModelSet
id-a73dbf5b48d14249a45b50da380b07e8,id-0867190a9cc34cd5bd4c9afd2cd31b38,AssociationRelationship,EA ModelSet
id-238c434dfd4e401e84034814247f00ff,id-a31670d580294ec680c456631c024159,AssociationRelationship,EA ModelSet
id-3c8d780b85b24a15bb809d535efa29d7,id-4eb8cf2c46074e16bc149a2016611933,CompositionRelationship,EA ModelSet
id-3c8d780b85b24a15bb809d535efa29d7,id-a5438c031e3748ee860988b989e0d441,CompositionRelationship,EA ModelSet
id-3c8d780b85b24a15bb809d535efa29d7,id-a73dbf5b48d14249a45b50da380b07e8,CompositionRelationship,EA ModelSet
id-3c8d780b85b24a15bb809d535efa29d7,id-e65e14910ac4470db097c4d0c6db548f,CompositionRelationship,EA ModelSet
id-3c8d780b85b24a15bb809d535efa29d7,id-7165818926eb4e158257d95ffc00849f,CompositionRelationship,EA ModelSet
id-3c8d780b85b24a15bb809d535efa29d7,id-43cbe23c3cf44203bcac2c8280c72c95,CompositionRelationship,EA ModelSet
id-ba227654409d4d06adae88097bb96fb8,id-dbe450a5ac614645a10394b0ecc608f2,CompositionRelationship,EA ModelSet
id-ba227654409d4d06adae88097bb96fb8,id-26d48563f38140ce8e9062fb8385d4ae,CompositionRelationship,EA ModelSet
id-ba227654409d4d06adae88097bb96fb8,id-a4a30a502fac42b3838b38ae1ec213c4,CompositionRelationship,EA ModelSet
id-ba227654409d4d06adae88097bb96fb8,id-3c6c0fc251644db7bf5692795d8c0685,CompositionRelationship,EA ModelSet
id-ba227654409d4d06adae88097bb96fb8,id-45bc69db0b884444a04de312bb0aaaf1,CompositionRelationship,EA ModelSet
id-ba227654409d4d06adae88097bb96fb8,id-0867190a9cc34cd5bd4c9afd2cd31b38,CompositionRelationship,EA ModelSet
id-ba227654409d4d06adae88097bb96fb8,id-a31670d580294ec680c456631c024159,CompositionRelationship,EA ModelSet
id-ba227654409d4d06adae88097bb96fb8,id-c9c9c7b64a234ec6b9ab104cd347e527,CompositionRelationship,EA ModelSet
id-ba227654409d4d06adae88097bb96fb8,id-238c434dfd4e401e84034814247f00ff,CompositionRelationship,EA ModelSet
_EAQSQB1WEDWs7MtDTwV3WQ,_7RS-EB1VEDWs7MtDTwV3WQ,FlowRelationship,EA ModelSet
_mW39IB1WEDWs7MtDTwV3WQ,_tzBloB1WEDWs7MtDTwV3WQ,FlowRelationship,EA ModelSet
_mW39IB1WEDWs7MtDTwV3WQ,_55lHwB1WEDWs7MtDTwV3WQ,FlowRelationship,EA ModelSet
_HTu_wB1XEDWs7MtDTwV3WQ,_55lHwB1WEDWs7MtDTwV3WQ,FlowRelationship,EA ModelSet
_bmZAoB1XEDWs7MtDTwV3WQ,_Tp5EIB1XEDWs7MtDTwV3WQ,FlowRelationship,EA ModelSet
_7RS-EB1VEDWs7MtDTwV3WQ,_mW39IB1WEDWs7MtDTwV3WQ,FlowRelationship,EA ModelSet
_mW39IB1WEDWs7MtDTwV3WQ,_HTu_wB1XEDWs7MtDTwV3WQ,FlowRelationship,EA ModelSet
_HTu_wB1XEDWs7MtDTwV3WQ,_Tp5EIB1XEDWs7MtDTwV3WQ,FlowRelationship,EA ModelSet
_7RS-EB1VEDWs7MtDTwV3WQ,_EAQSQB1WEDWs7MtDTwV3WQ,FlowRelationship,EA ModelSet
_EAQSQB1WEDWs7MtDTwV3WQ,_tzBloB1WEDWs7MtDTwV3WQ,FlowRelationship,EA ModelSet
_tzBloB1WEDWs7MtDTwV3WQ,_55lHwB1WEDWs7MtDTwV3WQ,FlowRelationship,EA ModelSet
_55lHwB1WEDWs7MtDTwV3WQ,_bmZAoB1XEDWs7MtDTwV3WQ,FlowRelationship,EA ModelSet
_Tp5EIB1XEDWs7MtDTwV3WQ,_9Js_QB1XEDWs7MtDTwV3WQ,FlowRelationship,EA ModelSet
_bmZAoB1XEDWs7MtDTwV3WQ,_9Js_QB1XEDWs7MtDTwV3WQ,FlowRelationship,EA ModelSet
_HetEMB1YEDWs7MtDTwV3WQ,_mW39IB1WEDWs7MtDTwV3WQ,FlowRelationship,EA ModelSet
_TVfsAB1YEDWs7MtDTwV3WQ,_HetEMB1YEDWs7MtDTwV3WQ,FlowRelationship,EA ModelSet
_TVfsAB1YEDWs7MtDTwV3WQ,_9Js_QB1XEDWs7MtDTwV3WQ,FlowRelationship,EA ModelSet
_TVfsAB1YEDWs7MtDTwV3WQ,_EAQSQB1WEDWs7MtDTwV3WQ,FlowRelationship,EA ModelSet
_nrjVQ5LBEe29ie0vpi-P5A,_nrjVaZLBEe29ie0vpi-P5A,AssociationRelationship,EA ModelSet
_nrjVR5LBEe29ie0vpi-P5A,_nrjVaZLBEe29ie0vpi-P5A,AssociationRelationship,EA ModelSet
_nrjVPZLBEe29ie0vpi-P5A,_nrjVaZLBEe29ie0vpi-P5A,AssociationRelationship,EA ModelSet
_nrjVO5LBEe29ie0vpi-P5A,_nrjVaZLBEe29ie0vpi-P5A,AssociationRelationship,EA ModelSet
_nrjVOZLBEe29ie0vpi-P5A,_nrjVW5LBEe29ie0vpi-P5A,AssociationRelationship,EA ModelSet
_nrjVP5LBEe29ie0vpi-P5A,_nrjVW5LBEe29ie0vpi-P5A,AssociationRelationship,EA ModelSet
_nrjVRZLBEe29ie0vpi-P5A,_nrjVW5LBEe29ie0vpi-P5A,AssociationRelationship,EA ModelSet
_nrjVQZLBEe29ie0vpi-P5A,_nrjVW5LBEe29ie0vpi-P5A,AssociationRelationship,EA ModelSet
_nrjVWZLBEe29ie0vpi-P5A,_nrjVN5LBEe29ie0vpi-P5A,AssociationRelationship,EA ModelSet
_nrjVN5LBEe29ie0vpi-P5A,_nrjVNZLBEe29ie0vpi-P5A,AssociationRelationship,EA ModelSet
_nrjVN5LBEe29ie0vpi-P5A,_nrjVNZLBEe29ie0vpi-P5A,AssociationRelationship,EA ModelSet
_nrjVWZLBEe29ie0vpi-P5A,_nrjVW5LBEe29ie0vpi-P5A,AssociationRelationship,EA ModelSet
_nrjVQZLBEe29ie0vpi-P5A,_nrjVQ5LBEe29ie0vpi-P5A,AssociationRelationship,EA ModelSet
_nrjVOZLBEe29ie0vpi-P5A,_nrjVO5LBEe29ie0vpi-P5A,AssociationRelationship,EA ModelSet
_nrjVZZLBEe29ie0vpi-P5A,_nrjVWZLBEe29ie0vpi-P5A,AssociationRelationship,EA ModelSet
_nrjVZ5LBEe29ie0vpi-P5A,_nrjVWZLBEe29ie0vpi-P5A,AssociationRelationship,EA ModelSet
_nrjVP5LBEe29ie0vpi-P5A,_nrjVPZLBEe29ie0vpi-P5A,AssociationRelationship,EA ModelSet
_nrjVRZLBEe29ie0vpi-P5A,_nrjVR5LBEe29ie0vpi-P5A,AssociationRelationship,EA ModelSet
_nrjVa5LBEe29ie0vpi-P5A,_nrjVNZLBEe29ie0vpi-P5A,AssociationRelationship,EA ModelSet
_nrjVbZLBEe29ie0vpi-P5A,_nrjVaZLBEe29ie0vpi-P5A,AssociationRelationship,EA ModelSet
_Q8QiwDsIEDaQfcpB0MHjlw,_g1FcoTsIEDaQfcpB0MHjlw,CompositionRelationship,EA ModelSet
_RUk8ITsIEDaQfcpB0MHjlw,_lkubkDsIEDaQfcpB0MHjlw,CompositionRelationship,EA ModelSet
_BrOzQTsJEDaQfcpB0MHjlw,_4DddMDsHEDaQfcpB0MHjlw,RealizationRelationship,EA ModelSet
_RpGlMDsJEDaQfcpB0MHjlw,_BrOzQTsJEDaQfcpB0MHjlw,AssociationRelationship,EA ModelSet
_z4TEUTsHEDaQfcpB0MHjlw,_fnk9ITsHEDaQfcpB0MHjlw,CompositionRelationship,EA ModelSet
_z4TEUTsHEDaQfcpB0MHjlw,_Q8QiwDsIEDaQfcpB0MHjlw,CompositionRelationship,EA ModelSet
_gWvB0DsKEDaQfcpB0MHjlw,_4DddMDsHEDaQfcpB0MHjlw,RealizationRelationship,EA ModelSet
_yjKLcTsJEDaQfcpB0MHjlw,_gWvB0DsKEDaQfcpB0MHjlw,AssociationRelationship,EA ModelSet
_z4TEUTsHEDaQfcpB0MHjlw,_RUk8ITsIEDaQfcpB0MHjlw,CompositionRelationship,EA ModelSet
_lj-GQTsLEDacUOSgnFJpfA,_jK8ZYTsLEDacUOSgnFJpfA,AssociationRelationship,EA ModelSet
_jK8ZYTsLEDacUOSgnFJpfA,_-nntwTsHEDaQfcpB0MHjlw,RealizationRelationship,EA ModelSet
_jK8ZYTsLEDacUOSgnFJpfA,_lkubkDsIEDaQfcpB0MHjlw,RealizationRelationship,EA ModelSet
_RpGlMDsJEDaQfcpB0MHjlw,_05bNUTsLEDacUOSgnFJpfA,AssociationRelationship,EA ModelSet
_yjKLcTsJEDaQfcpB0MHjlw,_jKLu8TsMEDacUOSgnFJpfA,RealizationRelationship,EA ModelSet
_RpGlMDsJEDaQfcpB0MHjlw,_pDg-MDsqEDacUOSgnFJpfA,RealizationRelationship,EA ModelSet
_BrOzQTsJEDaQfcpB0MHjlw,_05bNUTsLEDacUOSgnFJpfA,AssociationRelationship,EA ModelSet
id-9bc924ac,id-559e383d,CompositionRelationship,EA ModelSet
a323d9b9,c744d88c,AssociationRelationship,EA ModelSet
id-0e83d100,id-220c9731,AssociationRelationship,EA ModelSet
f43dfa34,id-288264c4,AssociationRelationship,EA ModelSet
aa4d1df1,da07efe4,AssociationRelationship,EA ModelSet
id-877f967d,c744d88c,AssociationRelationship,EA ModelSet
id-0e83d100,id-1e51b0b2,CompositionRelationship,EA ModelSet
id-35950b20,id-9d7a21cc,SpecializationRelationship,EA ModelSet
a8245a38,c744d88c,AssociationRelationship,EA ModelSet
id-9d7a21cc,e29a2a24,AssociationRelationship,EA ModelSet
dd64380c,c744d88c,SpecializationRelationship,EA ModelSet
id-877f967d,id-9d7a21cc,AssociationRelationship,EA ModelSet
f10fbc9b,id-21d951ce,AssociationRelationship,EA ModelSet
id-0e83d100,id-9496d9bc,AssociationRelationship,EA ModelSet
f43dfa34,id-877f967d,AssociationRelationship,EA ModelSet
id-86814cd5,fea3cfb9,AssociationRelationship,EA ModelSet
id-9d7a21cc,e29a2a24,AssociationRelationship,EA ModelSet
f43dfa34,c744d88c,SpecializationRelationship,EA ModelSet
id-33f61e22,id-0b34c103,AssociationRelationship,EA ModelSet
id-18d341af,id-51e74750,AssociationRelationship,EA ModelSet
id-9496d9bc,e29a2a24,AssociationRelationship,EA ModelSet
id-9bc924ac,id-33f61e22,CompositionRelationship,EA ModelSet
id-9d7a21cc,id-9054a234,AssociationRelationship,EA ModelSet
b45e67c5,id-9d7a21cc,SpecializationRelationship,EA ModelSet
ca70d370,id-90e18c56,AssociationRelationship,EA ModelSet
id-001559ac,a8245a38,FlowRelationship,EA ModelSet
id-18d341af,id-9054a234,AssociationRelationship,EA ModelSet
a323d9b9,id-3c88830c,CompositionRelationship,EA ModelSet
id-9d7a21cc,bcbf28f7,CompositionRelationship,EA ModelSet
id-0e83d100,id-9bc924ac,AssociationRelationship,EA ModelSet
id-18d341af,c744d88c,SpecializationRelationship,EA ModelSet
ca70d370,id-9bc924ac,SpecializationRelationship,EA ModelSet
id-1e51b0b2,id-79514adf,CompositionRelationship,EA ModelSet
id-1e51b0b2,id-86814cd5,CompositionRelationship,EA ModelSet
id-18d341af,e29a2a24,AssociationRelationship,EA ModelSet
id-9d7a21cc,e29a2a24,AssociationRelationship,EA ModelSet
id-9d7a21cc,b85045ea,AssociationRelationship,EA ModelSet
id-9bc924ac,aa4d1df1,CompositionRelationship,EA ModelSet
id-18d341af,id-51e74750,AssociationRelationship,EA ModelSet
id-3c88830c,id-001559ac,CompositionRelationship,EA ModelSet
dd64380c,c2d52bc2,AssociationRelationship,EA ModelSet
id-18d341af,e29a2a24,AssociationRelationship,EA ModelSet
id-9496d9bc,dae4395e,AssociationRelationship,EA ModelSet
id-79514adf,f10fbc9b,AssociationRelationship,EA ModelSet
id-9bc924ac,fbe431b0,CompositionRelationship,EA ModelSet
id-9054a234,id-220c9731,SpecializationRelationship,EA ModelSet
beace333,b9cebc65,AggregationRelationship,EA ModelSet
id-9bc924ac,id-0068c68e,CompositionRelationship,EA ModelSet
id-9d7a21cc,beace333,CompositionRelationship,EA ModelSet
id-877f967d,dd16ae1c,AssociationRelationship,EA ModelSet
id-9d7a21cc,e29a2a24,AssociationRelationship,EA ModelSet
id-86814cd5,id-0e83d100,AssociationRelationship,EA ModelSet
b89931d6,id-9d7a21cc,CompositionRelationship,EA ModelSet
b89931d6,beace333,CompositionRelationship,EA ModelSet
b89931d6,a323d9b9,CompositionRelationship,EA ModelSet
b89931d6,b85045ea,CompositionRelationship,EA ModelSet
b89931d6,id-288264c4,CompositionRelationship,EA ModelSet
b89931d6,c744d88c,CompositionRelationship,EA ModelSet
b89931d6,id-51e74750,CompositionRelationship,EA ModelSet
b89931d6,id-877f967d,CompositionRelationship,EA ModelSet
b89931d6,dd16ae1c,CompositionRelationship,EA ModelSet
b89931d6,b9cebc65,CompositionRelationship,EA ModelSet
b89931d6,bcbf28f7,CompositionRelationship,EA ModelSet
b89931d6,e29a2a24,CompositionRelationship,EA ModelSet
b89931d6,a8245a38,CompositionRelationship,EA ModelSet
b89931d6,c2d52bc2,CompositionRelationship,EA ModelSet
e3e513b1,id-220c9731,CompositionRelationship,EA ModelSet
id-2c173537,id-21d951ce,CompositionRelationship,EA ModelSet
id-2c173537,aa4d1df1,CompositionRelationship,EA ModelSet
id-2c173537,id-0e83d100,CompositionRelationship,EA ModelSet
id-2c173537,f10fbc9b,CompositionRelationship,EA ModelSet
id-2c173537,id-90e18c56,CompositionRelationship,EA ModelSet
id-2c173537,da07efe4,CompositionRelationship,EA ModelSet
id-2c173537,fbe431b0,CompositionRelationship,EA ModelSet
id-2c173537,fea3cfb9,CompositionRelationship,EA ModelSet
id-2c173537,id-0b34c103,CompositionRelationship,EA ModelSet
id-2c173537,dae4395e,CompositionRelationship,EA ModelSet
id-2c173537,id-0068c68e,CompositionRelationship,EA ModelSet
id-2c173537,id-33f61e22,CompositionRelationship,EA ModelSet
id-2c173537,id-9496d9bc,CompositionRelationship,EA ModelSet
id-2c173537,id-9bc924ac,CompositionRelationship,EA ModelSet
id-36bef834,b89931d6,ServingRelationship,EA ModelSet
a8635da6,id-2c173537,ServingRelationship,EA ModelSet
id-231cf37f,id-2c173537,ServingRelationship,EA ModelSet
id-36bef834,id-231cf37f,FlowRelationship,EA ModelSet
a8635da6,id-231cf37f,FlowRelationship,EA ModelSet
bb31f9e9,e3e513b1,ServingRelationship,EA ModelSet
id-50e9edfb,id-36bef834,FlowRelationship,EA ModelSet
id-50e9edfb,id-231cf37f,FlowRelationship,EA ModelSet
df70d644,id-231cf37f,FlowRelationship,EA ModelSet
df70d644,a8635da6,FlowRelationship,EA ModelSet
id-49f205d2,id-8c4cab64,SpecializationRelationship,EA ModelSet
id-9d7a21cc,id-49f205d2,AssociationRelationship,EA ModelSet
id-49f205d2,e29a2a24,AssociationRelationship,EA ModelSet
id-49f205d2,e29a2a24,AssociationRelationship,EA ModelSet
id-6148b14f,id-49f205d2,CompositionRelationship,EA ModelSet
id-53d3e0dd,e29a2a24,CompositionRelationship,EA ModelSet
id-4c7d5a73,id-9d7a21cc,CompositionRelationship,EA ModelSet
id-4c7d5a73,bcbf28f7,CompositionRelationship,EA ModelSet
id-4c7d5a73,beace333,CompositionRelationship,EA ModelSet
id-4c7d5a73,b85045ea,CompositionRelationship,EA ModelSet
id-4c7d5a73,b9cebc65,CompositionRelationship,EA ModelSet
_A9gyYGH5EDu_VOMCWDyIJQ,_DDtC0GH5EDu_VOMCWDyIJQ,AssociationRelationship,EA ModelSet
_DDtC0GH5EDu_VOMCWDyIJQ,_LeQ0UGH5EDu_VOMCWDyIJQ,AssociationRelationship,EA ModelSet
_LeQ0UGH5EDu_VOMCWDyIJQ,_NFuhYGH5EDu_VOMCWDyIJQ,AssociationRelationship,EA ModelSet
_NFuhYGH5EDu_VOMCWDyIJQ,_hrrRsGH5EDu_VOMCWDyIJQ,AssociationRelationship,EA ModelSet
_DDtC0GH5EDu_VOMCWDyIJQ,_j3r2QGH5EDu_VOMCWDyIJQ,AssociationRelationship,EA ModelSet
_7PjUkGH5EDu_VOMCWDyIJQ,_7Pj7oWH5EDu_VOMCWDyIJQ,AssociationRelationship,EA ModelSet
_7Pj7oWH5EDu_VOMCWDyIJQ,_7Pj7o2H5EDu_VOMCWDyIJQ,AssociationRelationship,EA ModelSet
_7Pj7o2H5EDu_VOMCWDyIJQ,_7Pj7pWH5EDu_VOMCWDyIJQ,AssociationRelationship,EA ModelSet
_7Pj7pWH5EDu_VOMCWDyIJQ,_7Pj7p2H5EDu_VOMCWDyIJQ,AssociationRelationship,EA ModelSet
_7Pj7oWH5EDu_VOMCWDyIJQ,_yMuFUGH9EDu_VOMCWDyIJQ,AssociationRelationship,EA ModelSet
_79SAcGH9EDu_VOMCWDyIJQ,_79SAcmH9EDu_VOMCWDyIJQ,AssociationRelationship,EA ModelSet
_7Pj7oWH5EDu_VOMCWDyIJQ,_79SAcGH9EDu_VOMCWDyIJQ,AssociationRelationship,EA ModelSet
_yMuFUGH9EDu_VOMCWDyIJQ,_JE8aQGH-EDu_VOMCWDyIJQ,AssociationRelationship,EA ModelSet
_7Pj7oWH5EDu_VOMCWDyIJQ,_9OSqcGH_EDu_VOMCWDyIJQ,AssociationRelationship,EA ModelSet
_7Pj7oWH5EDu_VOMCWDyIJQ,_9FUUoGH_EDu_VOMCWDyIJQ,AssociationRelationship,EA ModelSet
_7Pj7oWH5EDu_VOMCWDyIJQ,_9OSqcGH_EDu_VOMCWDyIJQ,AssociationRelationship,EA ModelSet
_7PjUkGH5EDu_VOMCWDyIJQ,_9OSqcGH_EDu_VOMCWDyIJQ,AssociationRelationship,EA ModelSet
_DDtC0GH5EDu_VOMCWDyIJQ,_NFuhYGH5EDu_VOMCWDyIJQ,AssociationRelationship,EA ModelSet
_LeQ0UGH5EDu_VOMCWDyIJQ,_hrrRsGH5EDu_VOMCWDyIJQ,AssociationRelationship,EA ModelSet
_7Pj7oWH5EDu_VOMCWDyIJQ,_9OSqcGH_EDu_VOMCWDyIJQ,AssociationRelationship,EA ModelSet
id-89d9d8cb8af44143997dae8073519828,id-4b3f0c07b6d2468ca80d75d5259892c1,TriggeringRelationship,EA ModelSet
id-1b3101cb6ca8427a8145a808a83f697f,id-4b3f0c07b6d2468ca80d75d5259892c1,CompositionRelationship,EA ModelSet
id-adc8989f49614b299196faaea7dd5ef9,id-5d01a42da4614fe492a8993d12f834ef,ServingRelationship,EA ModelSet
id-0b6e87d9e343453f85cebb9ac2117324,id-1b3101cb6ca8427a8145a808a83f697f,TriggeringRelationship,EA ModelSet
id-0893c52069324280a3f2caa91f143b1a,id-2fdd5e6df55240f29aee80e311b3a49a,AccessRelationship,EA ModelSet
id-8d0bf9cbb3d147ccb0efa8f49921d201,id-8d223c387e2b4fc5832c02ec020db4cb,TriggeringRelationship,EA ModelSet
id-0893c52069324280a3f2caa91f143b1a,id-3443b993b79346d3a8e5d0d53c840423,CompositionRelationship,EA ModelSet
id-443a61c7df4e494bb45686b80e8b5e40,id-bf07e3ba7bae47d5abb43a1854306cb5,ServingRelationship,EA ModelSet
id-19532c31476749ada97d26450a5a6fbc,id-23a1fc30d5be45c9ab4208084f89502b,CompositionRelationship,EA ModelSet
id-60a2379ee2b340c2a98a7900311b8c31,id-23a1fc30d5be45c9ab4208084f89502b,ServingRelationship,EA ModelSet
id-3802d7b70e0b476085c6791ca44a8db8,id-a9d1d193a1fa41d69846eafdaea9c6c3,AccessRelationship,EA ModelSet
id-19532c31476749ada97d26450a5a6fbc,id-79a53a3c4d0f4d6a94c51d99996b4975,AccessRelationship,EA ModelSet
id-1b3101cb6ca8427a8145a808a83f697f,id-d8666bd167714f48b48ce5b7a6bfcc1f,AccessRelationship,EA ModelSet
id-8d223c387e2b4fc5832c02ec020db4cb,id-06cd8a32216a438da758e49f332557ba,TriggeringRelationship,EA ModelSet
id-5c6705f9757243dea82e83c955d4dbc8,id-8464aac9f1834fb680ab710d2ae9b424,TriggeringRelationship,EA ModelSet
id-fa5ac5c112cf4ddb8cf00fefe8c22e7d,id-cfc0735945d34c339f65b95bed975006,TriggeringRelationship,EA ModelSet
id-3802d7b70e0b476085c6791ca44a8db8,id-91366d77dc8d42f88dd9d9e0701d3c42,CompositionRelationship,EA ModelSet
id-4ddb8ab49a35494d8a4c1be73372451c,id-adc8989f49614b299196faaea7dd5ef9,ServingRelationship,EA ModelSet
id-3802d7b70e0b476085c6791ca44a8db8,id-cd1e2331c8f5448695f0e4b3703ba8b4,RealizationRelationship,EA ModelSet
id-64c0ea29c5d948d287f73c81fc6c41ed,id-19532c31476749ada97d26450a5a6fbc,TriggeringRelationship,EA ModelSet
id-685b06cc1594471eadf215d439903cd9,id-74c757d1a01e49a2b505a6046cd8d554,ServingRelationship,EA ModelSet
id-91366d77dc8d42f88dd9d9e0701d3c42,id-c0e34d28f9a0474e8fe953a3152fec85,TriggeringRelationship,EA ModelSet
id-167461a983a840cdac18b15239023aa0,id-3802d7b70e0b476085c6791ca44a8db8,TriggeringRelationship,EA ModelSet
id-8464aac9f1834fb680ab710d2ae9b424,id-eb2728494f484b1fbef3cc1715101992,TriggeringRelationship,EA ModelSet
id-0893c52069324280a3f2caa91f143b1a,id-eb2728494f484b1fbef3cc1715101992,CompositionRelationship,EA ModelSet
id-19532c31476749ada97d26450a5a6fbc,id-6fa37bdbcdbb431e972d702e026597f7,AccessRelationship,EA ModelSet
id-1b3101cb6ca8427a8145a808a83f697f,id-5bf2734c3a7a4019b403cb9ec8ec7e67,RealizationRelationship,EA ModelSet
id-3802d7b70e0b476085c6791ca44a8db8,id-c0e34d28f9a0474e8fe953a3152fec85,CompositionRelationship,EA ModelSet
id-4e1f520ae48440e9b4e81f5fbec7eea7,id-eb2728494f484b1fbef3cc1715101992,TriggeringRelationship,EA ModelSet
id-f7aa6e0c8877402ba364c2e4b06fd08d,id-c0e34d28f9a0474e8fe953a3152fec85,ServingRelationship,EA ModelSet
id-1b3101cb6ca8427a8145a808a83f697f,id-06cd8a32216a438da758e49f332557ba,CompositionRelationship,EA ModelSet
id-baf78b8b605a4f9ea7a192531e3aa859,id-f7aa6e0c8877402ba364c2e4b06fd08d,ServingRelationship,EA ModelSet
id-19532c31476749ada97d26450a5a6fbc,id-ea79a36cadff4ed6b5e7573bf41f5240,RealizationRelationship,EA ModelSet
id-bf07e3ba7bae47d5abb43a1854306cb5,id-3443b993b79346d3a8e5d0d53c840423,ServingRelationship,EA ModelSet
id-0893c52069324280a3f2caa91f143b1a,id-23405d5f8297462990eb3129d6edf883,RealizationRelationship,EA ModelSet
id-631c9ee5068643afae864342173445ba,id-60a2379ee2b340c2a98a7900311b8c31,ServingRelationship,EA ModelSet
id-06cd8a32216a438da758e49f332557ba,id-4b3f0c07b6d2468ca80d75d5259892c1,TriggeringRelationship,EA ModelSet
id-8598a7480e7f4c128cacd7819d6d3f17,id-4e1f520ae48440e9b4e81f5fbec7eea7,TriggeringRelationship,EA ModelSet
id-5d01a42da4614fe492a8993d12f834ef,id-23a1fc30d5be45c9ab4208084f89502b,TriggeringRelationship,EA ModelSet
id-19532c31476749ada97d26450a5a6fbc,id-5d01a42da4614fe492a8993d12f834ef,CompositionRelationship,EA ModelSet
id-74c757d1a01e49a2b505a6046cd8d554,id-89d9d8cb8af44143997dae8073519828,TriggeringRelationship,EA ModelSet
id-cfc0735945d34c339f65b95bed975006,id-91366d77dc8d42f88dd9d9e0701d3c42,TriggeringRelationship,EA ModelSet
id-78abec1c9a8f4348a91a5851d3d5880a,id-eb2728494f484b1fbef3cc1715101992,AssignmentRelationship,EA ModelSet
id-0c7f326e5fb04c1aa053b57927cfd1af,id-0893c52069324280a3f2caa91f143b1a,AssignmentRelationship,EA ModelSet
id-0c7f326e5fb04c1aa053b57927cfd1af,id-1b3101cb6ca8427a8145a808a83f697f,AssignmentRelationship,EA ModelSet
id-ee402bf5fbcb422ebec1bcdfbfd404a5,id-23405d5f8297462990eb3129d6edf883,AssignmentRelationship,EA ModelSet
id-ee402bf5fbcb422ebec1bcdfbfd404a5,id-5bf2734c3a7a4019b403cb9ec8ec7e67,AssignmentRelationship,EA ModelSet
id-ee402bf5fbcb422ebec1bcdfbfd404a5,id-cd1e2331c8f5448695f0e4b3703ba8b4,AssignmentRelationship,EA ModelSet
id-ee402bf5fbcb422ebec1bcdfbfd404a5,id-ea79a36cadff4ed6b5e7573bf41f5240,AssignmentRelationship,EA ModelSet
id-3fcdd92e38f44aadbaa981704d3c6fda,id-19532c31476749ada97d26450a5a6fbc,AssignmentRelationship,EA ModelSet
id-6601bf4b3ec64b3cbc939eb6a264792b,id-443a61c7df4e494bb45686b80e8b5e40,ServingRelationship,EA ModelSet
id-5c9f8e3a657140a080ed937ef4ad6cf4,id-8598a7480e7f4c128cacd7819d6d3f17,ServingRelationship,EA ModelSet
id-08fc656d2abe4cb29dca3562e06c125e,id-8d0bf9cbb3d147ccb0efa8f49921d201,ServingRelationship,EA ModelSet
id-08fc656d2abe4cb29dca3562e06c125e,id-fa5ac5c112cf4ddb8cf00fefe8c22e7d,ServingRelationship,EA ModelSet
id-02bdb5e58610482daca7ae09bee41a10,id-baf78b8b605a4f9ea7a192531e3aa859,ServingRelationship,EA ModelSet
id-02bdb5e58610482daca7ae09bee41a10,id-631c9ee5068643afae864342173445ba,ServingRelationship,EA ModelSet
id-871a498f68e7462f91f3dd50808a0cf3,id-685b06cc1594471eadf215d439903cd9,RealizationRelationship,EA ModelSet
id-3443b993b79346d3a8e5d0d53c840423,id-eb2728494f484b1fbef3cc1715101992,TriggeringRelationship,EA ModelSet
id-871a498f68e7462f91f3dd50808a0cf3,id-5c6705f9757243dea82e83c955d4dbc8,RealizationRelationship,EA ModelSet
id-871a498f68e7462f91f3dd50808a0cf3,id-5c6705f9757243dea82e83c955d4dbc8,ServingRelationship,EA ModelSet
id-871a498f68e7462f91f3dd50808a0cf3,id-685b06cc1594471eadf215d439903cd9,ServingRelationship,EA ModelSet
id-871a498f68e7462f91f3dd50808a0cf3,id-4ddb8ab49a35494d8a4c1be73372451c,ServingRelationship,EA ModelSet
id-23a1fc30d5be45c9ab4208084f89502b,id-89670a91d0ef4d9d9a1b038548947df6,TriggeringRelationship,EA ModelSet
id-0893c52069324280a3f2caa91f143b1a,id-7860d337aa5e40c1bcd713626a4ca7fe,CompositionRelationship,EA ModelSet
id-3443b993b79346d3a8e5d0d53c840423,id-7860d337aa5e40c1bcd713626a4ca7fe,TriggeringRelationship,EA ModelSet
id-7860d337aa5e40c1bcd713626a4ca7fe,id-eb2728494f484b1fbef3cc1715101992,TriggeringRelationship,EA ModelSet
id-19532c31476749ada97d26450a5a6fbc,id-44c8fe1a4a4644bf99bbf29ff61c9899,CompositionRelationship,EA ModelSet
id-19532c31476749ada97d26450a5a6fbc,id-2f3493b316c544ffb5687b480e03d528,CompositionRelationship,EA ModelSet
id-5d01a42da4614fe492a8993d12f834ef,id-44c8fe1a4a4644bf99bbf29ff61c9899,TriggeringRelationship,EA ModelSet
id-44c8fe1a4a4644bf99bbf29ff61c9899,id-2f3493b316c544ffb5687b480e03d528,TriggeringRelationship,EA ModelSet
id-2f3493b316c544ffb5687b480e03d528,id-23a1fc30d5be45c9ab4208084f89502b,TriggeringRelationship,EA ModelSet
id-96d6e5f60542468d92e12d1dcae827bd,id-0893c52069324280a3f2caa91f143b1a,TriggeringRelationship,EA ModelSet
id-a3b9b1e9f73442da83f73fe5ebd39ee9,id-3802d7b70e0b476085c6791ca44a8db8,AssignmentRelationship,EA ModelSet
id-a3b9b1e9f73442da83f73fe5ebd39ee9,id-19532c31476749ada97d26450a5a6fbc,TriggeringRelationship,EA ModelSet
id-a3b9b1e9f73442da83f73fe5ebd39ee9,id-19532c31476749ada97d26450a5a6fbc,AssignmentRelationship,EA ModelSet
id-7860d337aa5e40c1bcd713626a4ca7fe,id-895d379f217c401888a27817177c2118,AccessRelationship,EA ModelSet
_4n8cgJk-EDibSv5RpJCVGg,_arCucJk_EDibSv5RpJCVGg,CompositionRelationship,EA ModelSet
_4n8cgJk-EDibSv5RpJCVGg,_Y5aYwJk_EDibSv5RpJCVGg,CompositionRelationship,EA ModelSet
_4n8cgJk-EDibSv5RpJCVGg,_PxkqgZk_EDibSv5RpJCVGg,AggregationRelationship,EA ModelSet
_4n8cgJk-EDibSv5RpJCVGg,_HLXpsJk_EDibSv5RpJCVGg,CompositionRelationship,EA ModelSet
_4n8cgJk-EDibSv5RpJCVGg,_NBV-kJk_EDibSv5RpJCVGg,CompositionRelationship,EA ModelSet
_o_ZdgJlCEDibSv5RpJCVGg,_o_ZdgplCEDibSv5RpJCVGg,AssignmentRelationship,EA ModelSet
_o_aEkJlCEDibSv5RpJCVGg,_o_ZdgJlCEDibSv5RpJCVGg,AssignmentRelationship,EA ModelSet
_4n8cgJk-EDibSv5RpJCVGg,_o_ZdgplCEDibSv5RpJCVGg,CompositionRelationship,EA ModelSet
_5R01EJlAEDibSv5RpJCVGg,_HfyvoZlBEDibSv5RpJCVGg,CompositionRelationship,EA ModelSet
_5R01EJlAEDibSv5RpJCVGg,_HZAyMJlBEDibSv5RpJCVGg,CompositionRelationship,EA ModelSet
_5R01EJlAEDibSv5RpJCVGg,_HjLa0ZlBEDibSv5RpJCVGg,CompositionRelationship,EA ModelSet
_MjIw4JlFEDibSv5RpJCVGg,_HfyvoZlBEDibSv5RpJCVGg,AssignmentRelationship,EA ModelSet
_MjIw4JlFEDibSv5RpJCVGg,_HZAyMJlBEDibSv5RpJCVGg,AssignmentRelationship,EA ModelSet
_MjIw4JlFEDibSv5RpJCVGg,_HjLa0ZlBEDibSv5RpJCVGg,AssignmentRelationship,EA ModelSet
_aefRcJlFEDibSv5RpJCVGg,_MjIw4JlFEDibSv5RpJCVGg,AssignmentRelationship,EA ModelSet
_4n8cgJk-EDibSv5RpJCVGg,_YB42sJlGEDibSv5RpJCVGg,CompositionRelationship,EA ModelSet
_mFKkMZlGEDiNxt8jEylImg,_YB42sJlGEDibSv5RpJCVGg,AssignmentRelationship,EA ModelSet
_w8tVgJlGEDiNxt8jEylImg,_YB42sJlGEDibSv5RpJCVGg,AssignmentRelationship,EA ModelSet
_0Rgq8JlCEDibSv5RpJCVGg,_arCucJk_EDibSv5RpJCVGg,AssignmentRelationship,EA ModelSet
_TAN3IJlHEDiNxt8jEylImg,_Y5aYwJk_EDibSv5RpJCVGg,AssignmentRelationship,EA ModelSet
__0N8UJlGEDiNxt8jEylImg,_HLXpsJk_EDibSv5RpJCVGg,AssignmentRelationship,EA ModelSet
_9IrjIJlGEDiNxt8jEylImg,_NBV-kJk_EDibSv5RpJCVGg,AssignmentRelationship,EA ModelSet
_yH0oUJlHEDiNxt8jEylImg,_0Rgq8JlCEDibSv5RpJCVGg,AssignmentRelationship,EA ModelSet
_yH0oUJlHEDiNxt8jEylImg,_TAN3IJlHEDiNxt8jEylImg,AssignmentRelationship,EA ModelSet
_yH0oUJlHEDiNxt8jEylImg,_sdeUoJlHEDiNxt8jEylImg,AssignmentRelationship,EA ModelSet
_yH0oUJlHEDiNxt8jEylImg,__0N8UJlGEDiNxt8jEylImg,AssignmentRelationship,EA ModelSet
_yH0oUJlHEDiNxt8jEylImg,_9IrjIJlGEDiNxt8jEylImg,AssignmentRelationship,EA ModelSet
_yH0oUJlHEDiNxt8jEylImg,_mFKkMZlGEDiNxt8jEylImg,AssignmentRelationship,EA ModelSet
_yH0oUJlHEDiNxt8jEylImg,_w8tVgJlGEDiNxt8jEylImg,AssignmentRelationship,EA ModelSet
_5R01EJlAEDibSv5RpJCVGg,_IxqAIZlBEDibSv5RpJCVGg,CompositionRelationship,EA ModelSet
_JdypMJlIEDiNxt8jEylImg,_IxqAIZlBEDibSv5RpJCVGg,AssignmentRelationship,EA ModelSet
_JdypMJlIEDiNxt8jEylImg,_-Ju0oJk_EDibSv5RpJCVGg,ServingRelationship,EA ModelSet
_-Ju0oJk_EDibSv5RpJCVGg,_w8tVgJlGEDiNxt8jEylImg,ServingRelationship,EA ModelSet
_5R01EJlAEDibSv5RpJCVGg,_Ir7yoZlBEDibSv5RpJCVGg,CompositionRelationship,EA ModelSet
_1sfzgJlIEDiNxt8jEylImg,_Ir7yoZlBEDibSv5RpJCVGg,AssignmentRelationship,EA ModelSet
_OacqEJlAEDibSv5RpJCVGg,_1sfzgJlIEDiNxt8jEylImg,ServingRelationship,EA ModelSet
_TAN3IJlHEDiNxt8jEylImg,_OacqEJlAEDibSv5RpJCVGg,ServingRelationship,EA ModelSet
_aefRcJlFEDibSv5RpJCVGg,_1sfzgJlIEDiNxt8jEylImg,AssignmentRelationship,EA ModelSet
_aefRcJlFEDibSv5RpJCVGg,_JdypMJlIEDiNxt8jEylImg,AssignmentRelationship,EA ModelSet
_r0gIwJlKEDiNxt8jEylImg,_WSXdAJlKEDiNxt8jEylImg,AssociationRelationship,EA ModelSet
_vul_wJlKEDiNxt8jEylImg,_WSXdAJlKEDiNxt8jEylImg,AssociationRelationship,EA ModelSet
_xycG0JlKEDiNxt8jEylImg,_WSXdAJlKEDiNxt8jEylImg,AssociationRelationship,EA ModelSet
_jL43sJlLEDiNxt8jEylImg,_WSXdAJlKEDiNxt8jEylImg,AssociationRelationship,EA ModelSet
_khrl8JlLEDiNxt8jEylImg,_WSXdAJlKEDiNxt8jEylImg,AssociationRelationship,EA ModelSet
_WSXdAJlKEDiNxt8jEylImg,_ONeSIJlNEDiNxt8jEylImg,AssociationRelationship,EA ModelSet
_WSXdAJlKEDiNxt8jEylImg,_yXUqoJlMEDiNxt8jEylImg,AssociationRelationship,EA ModelSet
_WSXdAJlKEDiNxt8jEylImg,_yT-bsJlMEDiNxt8jEylImg,AssociationRelationship,EA ModelSet
_WSXdAJlKEDiNxt8jEylImg,_yf5X0JlMEDiNxt8jEylImg,AssociationRelationship,EA ModelSet
_WSXdAJlKEDiNxt8jEylImg,_yWCRMJlMEDiNxt8jEylImg,AssociationRelationship,EA ModelSet
_WSXdAJlKEDiNxt8jEylImg,_4n8cgJk-EDibSv5RpJCVGg,AssociationRelationship,EA ModelSet
id-34c86d2824264535803b9bb45b325142,id-7afbb27c9ee44651b3c5bd7ddbbe4461,AggregationRelationship,EA ModelSet
id-1d385b6e0d9044238793b3068f5e9936,id-34c86d2824264535803b9bb45b325142,AggregationRelationship,EA ModelSet
id-e55bde8676564047b77d8b9eea129bda,id-34c86d2824264535803b9bb45b325142,AggregationRelationship,EA ModelSet
id-34c86d2824264535803b9bb45b325142,id-94f84fb4ab0c4b45b15709813eed3187,AggregationRelationship,EA ModelSet
id-34c86d2824264535803b9bb45b325142,id-3cbb81fb9ad5498b8e45db84c9666cb0,AggregationRelationship,EA ModelSet
id-94f84fb4ab0c4b45b15709813eed3187,id-fec32a855ac740228a8c6b64f217ba31,AggregationRelationship,EA ModelSet
id-fec32a855ac740228a8c6b64f217ba31,id-08c565215cee41629fb1da1f233e4e1b,AccessRelationship,EA ModelSet
id-94f84fb4ab0c4b45b15709813eed3187,id-08c565215cee41629fb1da1f233e4e1b,AggregationRelationship,EA ModelSet
id-34c86d2824264535803b9bb45b325142,id-cb77ac5a431b479e8f7a88130929979c,AggregationRelationship,EA ModelSet
id-cb77ac5a431b479e8f7a88130929979c,id-486f5fa34eaf47c98011373190f86a07,ServingRelationship,EA ModelSet
id-486f5fa34eaf47c98011373190f86a07,id-08c565215cee41629fb1da1f233e4e1b,AccessRelationship,EA ModelSet
id-cb77ac5a431b479e8f7a88130929979c,id-226feae5a64d4aaa9d58e10b033438fe,AssignmentRelationship,EA ModelSet
id-3cbb81fb9ad5498b8e45db84c9666cb0,id-8aec125dbfb24a2488df145eb685b3a8,AggregationRelationship,EA ModelSet
id-3cbb81fb9ad5498b8e45db84c9666cb0,id-066ee9e0a7c94a33ba0d4914d8d685f1,AggregationRelationship,EA ModelSet
id-066ee9e0a7c94a33ba0d4914d8d685f1,id-0840d8d9a20540c496be33f57f99103c,AggregationRelationship,EA ModelSet
id-066ee9e0a7c94a33ba0d4914d8d685f1,id-af9c0f00d218498a93f393e5cab806dd,AggregationRelationship,EA ModelSet
id-3cbb81fb9ad5498b8e45db84c9666cb0,id-cca3fbd81bd14a30b86f3e0ee9ba78ca,AggregationRelationship,EA ModelSet
id-8aec125dbfb24a2488df145eb685b3a8,id-cca3fbd81bd14a30b86f3e0ee9ba78ca,AssociationRelationship,EA ModelSet
id-8aec125dbfb24a2488df145eb685b3a8,id-066ee9e0a7c94a33ba0d4914d8d685f1,AssociationRelationship,EA ModelSet
id-cd2c9ab1d47041f19fcc1732f8eb071c,id-b664401845584d0dbde84568d0b56340,AssignmentRelationship,EA ModelSet
id-94f84fb4ab0c4b45b15709813eed3187,id-d65ec8d32aa74da2ba6490625cb85491,AggregationRelationship,EA ModelSet
id-1d6a47f5da544bb09ea690a458a74991,id-d65ec8d32aa74da2ba6490625cb85491,TriggeringRelationship,EA ModelSet
id-d65ec8d32aa74da2ba6490625cb85491,id-08c565215cee41629fb1da1f233e4e1b,AccessRelationship,EA ModelSet
id-b664401845584d0dbde84568d0b56340,id-1d6a47f5da544bb09ea690a458a74991,AssociationRelationship,EA ModelSet
id-3cbb81fb9ad5498b8e45db84c9666cb0,id-e451a3c65545461c9db2501bcf6a738c,AggregationRelationship,EA ModelSet
id-1d6a47f5da544bb09ea690a458a74991,id-e451a3c65545461c9db2501bcf6a738c,TriggeringRelationship,EA ModelSet
id-e451a3c65545461c9db2501bcf6a738c,id-066ee9e0a7c94a33ba0d4914d8d685f1,AccessRelationship,EA ModelSet
id-e451a3c65545461c9db2501bcf6a738c,id-cca3fbd81bd14a30b86f3e0ee9ba78ca,AccessRelationship,EA ModelSet
id-08c565215cee41629fb1da1f233e4e1b,id-6b1eba96c80c4310a80c4c2b750e87f3,RealizationRelationship,EA ModelSet
id-cca3fbd81bd14a30b86f3e0ee9ba78ca,id-5002dd3b53484e17bf6c743b0fd8dcb9,RealizationRelationship,EA ModelSet
_4J238A47EDq7DoulV38TMA,_HwrRQA47EDq7DoulV38TMA,TriggeringRelationship,EA ModelSet
_Kcqg8A48EDq7DoulV38TMA,_ZfWnkA49EDq7DoulV38TMA,TriggeringRelationship,EA ModelSet
_ZfWnkA49EDq7DoulV38TMA,_n3nGkA49EDq7DoulV38TMA,TriggeringRelationship,EA ModelSet
_n3nGkA49EDq7DoulV38TMA,_5Gd_QA49EDq7DoulV38TMA,TriggeringRelationship,EA ModelSet
_5Gd_QA49EDq7DoulV38TMA,_OPlHAA4-EDq7DoulV38TMA,TriggeringRelationship,EA ModelSet
_OPlHAA4-EDq7DoulV38TMA,_sYJkcA47EDq7DoulV38TMA,TriggeringRelationship,EA ModelSet
_OPlHAA4-EDq7DoulV38TMA,_S6A10A4-EDq7DoulV38TMA,TriggeringRelationship,EA ModelSet
_s7ZucCXUEDqeZsBuoz9wnQ,_oFJ8wCXKEDqeZsBuoz9wnQ,TriggeringRelationship,EA ModelSet
_0-ngcA46EDq7DoulV38TMA,_HwrRQA47EDq7DoulV38TMA,TriggeringRelationship,EA ModelSet
_HwrRQA47EDq7DoulV38TMA,_Kcqg8A48EDq7DoulV38TMA,TriggeringRelationship,EA ModelSet
_S6A10A4-EDq7DoulV38TMA,_ePv_AA4-EDq7DoulV38TMA,TriggeringRelationship,EA ModelSet
_z3C-8A47EDq7DoulV38TMA,_ePv_AA4-EDq7DoulV38TMA,TriggeringRelationship,EA ModelSet
_ePv_AA4-EDq7DoulV38TMA,_z3C-8A47EDq7DoulV38TMA,TriggeringRelationship,EA ModelSet
_z3C-8A47EDq7DoulV38TMA,_HwrRQA47EDq7DoulV38TMA,TriggeringRelationship,EA ModelSet
_oFJ8wCXKEDqeZsBuoz9wnQ,_Wzk1UCXMEDqeZsBuoz9wnQ,TriggeringRelationship,EA ModelSet
_BjgCkCXPEDqeZsBuoz9wnQ,_GcYdECXPEDqeZsBuoz9wnQ,TriggeringRelationship,EA ModelSet
_BjgCkCXPEDqeZsBuoz9wnQ,_jWs3UCXPEDqeZsBuoz9wnQ,TriggeringRelationship,EA ModelSet
_GcYdECXPEDqeZsBuoz9wnQ,_BjgCkCXPEDqeZsBuoz9wnQ,TriggeringRelationship,EA ModelSet
_jWs3UCXPEDqeZsBuoz9wnQ,_Ha3hwCXTEDqeZsBuoz9wnQ,TriggeringRelationship,EA ModelSet
_BiQ6MCXUEDqeZsBuoz9wnQ,_GcYdECXPEDqeZsBuoz9wnQ,TriggeringRelationship,EA ModelSet
_GcYdECXPEDqeZsBuoz9wnQ,_BiQ6MCXUEDqeZsBuoz9wnQ,TriggeringRelationship,EA ModelSet
_BiQ6MCXUEDqeZsBuoz9wnQ,_NV2dACXUEDqeZsBuoz9wnQ,TriggeringRelationship,EA ModelSet
_NV2dACXUEDqeZsBuoz9wnQ,_U1Rb8CXUEDqeZsBuoz9wnQ,TriggeringRelationship,EA ModelSet
_cF6YACXUEDqeZsBuoz9wnQ,_iJ7I4CXUEDqeZsBuoz9wnQ,TriggeringRelationship,EA ModelSet
_U1Rb8CXUEDqeZsBuoz9wnQ,_891FsCXTEDqeZsBuoz9wnQ,TriggeringRelationship,EA ModelSet
_U1Rb8CXUEDqeZsBuoz9wnQ,_cF6YACXUEDqeZsBuoz9wnQ,TriggeringRelationship,EA ModelSet
_iJ7I4CXUEDqeZsBuoz9wnQ,_GcYdECXPEDqeZsBuoz9wnQ,TriggeringRelationship,EA ModelSet
_iJ7I4CXUEDqeZsBuoz9wnQ,_s7ZucCXUEDqeZsBuoz9wnQ,TriggeringRelationship,EA ModelSet
id-SWE.3.BP6,id-SWE.1.BP1,FlowRelationship,EA ModelSet
id-SWE.3.BP5,id-SWE.1.BP1,FlowRelationship,EA ModelSet
id-SWE.2.BP1,id-SWE.3.BP1,ServingRelationship,EA ModelSet
id-SWE.1.BP1,id-SWE.2.BP1,ServingRelationship,EA ModelSet
id-241de845-f999-4e4f-8d9a-da210b958a1c,id-SWE.1.BP4,CompositionRelationship,EA ModelSet
id-241de845-f999-4e4f-8d9a-da210b958a1c,id-SWE.1.BP2,CompositionRelationship,EA ModelSet
id-241de845-f999-4e4f-8d9a-da210b958a1c,id-SWE.1.BP8,CompositionRelationship,EA ModelSet
id-241de845-f999-4e4f-8d9a-da210b958a1c,id-SWE.1.BP1,CompositionRelationship,EA ModelSet
id-241de845-f999-4e4f-8d9a-da210b958a1c,id-SWE.1.BP3,CompositionRelationship,EA ModelSet
id-241de845-f999-4e4f-8d9a-da210b958a1c,id-SWE.1.BP5,CompositionRelationship,EA ModelSet
id-241de845-f999-4e4f-8d9a-da210b958a1c,id-SWE.1.BP6,CompositionRelationship,EA ModelSet
id-241de845-f999-4e4f-8d9a-da210b958a1c,id-SWE.1.BP7,CompositionRelationship,EA ModelSet
id-508609d4-f643-4e40-bfe9-124054ea8691,id-SWE.2.BP3,CompositionRelationship,EA ModelSet
id-508609d4-f643-4e40-bfe9-124054ea8691,id-SWE.2.BP1,CompositionRelationship,EA ModelSet
id-508609d4-f643-4e40-bfe9-124054ea8691,id-SWE.2.BP4,CompositionRelationship,EA ModelSet
id-508609d4-f643-4e40-bfe9-124054ea8691,id-SWE.2.BP2,CompositionRelationship,EA ModelSet
id-508609d4-f643-4e40-bfe9-124054ea8691,id-SWE.2.BP5,CompositionRelationship,EA ModelSet
id-508609d4-f643-4e40-bfe9-124054ea8691,id-SWE.2.BP8,CompositionRelationship,EA ModelSet
id-508609d4-f643-4e40-bfe9-124054ea8691,id-SWE.2.BP7,CompositionRelationship,EA ModelSet
id-508609d4-f643-4e40-bfe9-124054ea8691,id-SWE.2.BP6,CompositionRelationship,EA ModelSet
id-508609d4-f643-4e40-bfe9-124054ea8691,id-SWE.2.BP9,CompositionRelationship,EA ModelSet
id-294b134e-e664-45bd-beed-6f5f359a74bb,id-SWE.3.BP8,CompositionRelationship,EA ModelSet
id-294b134e-e664-45bd-beed-6f5f359a74bb,id-SWE.3.BP1,CompositionRelationship,EA ModelSet
id-294b134e-e664-45bd-beed-6f5f359a74bb,id-SWE.3.BP3,CompositionRelationship,EA ModelSet
id-294b134e-e664-45bd-beed-6f5f359a74bb,id-SWE.3.BP2,CompositionRelationship,EA ModelSet
id-294b134e-e664-45bd-beed-6f5f359a74bb,id-SWE.3.BP4,CompositionRelationship,EA ModelSet
id-294b134e-e664-45bd-beed-6f5f359a74bb,id-SWE.3.BP6,CompositionRelationship,EA ModelSet
id-294b134e-e664-45bd-beed-6f5f359a74bb,id-SWE.3.BP5,CompositionRelationship,EA ModelSet
id-294b134e-e664-45bd-beed-6f5f359a74bb,id-SWE.3.BP7,CompositionRelationship,EA ModelSet
id-2f202723-bdb4-42df-a0b2-b3c05795f75d,id-MAN.3.BP1,CompositionRelationship,EA ModelSet
id-2f202723-bdb4-42df-a0b2-b3c05795f75d,id-MAN.3.BP2,CompositionRelationship,EA ModelSet
id-2f202723-bdb4-42df-a0b2-b3c05795f75d,id-MAN.3.BP10,CompositionRelationship,EA ModelSet
id-2f202723-bdb4-42df-a0b2-b3c05795f75d,id-MAN.3.BP3,CompositionRelationship,EA ModelSet
id-2f202723-bdb4-42df-a0b2-b3c05795f75d,id-MAN.3.BP8,CompositionRelationship,EA ModelSet
id-2f202723-bdb4-42df-a0b2-b3c05795f75d,id-MAN.3.BP4,CompositionRelationship,EA ModelSet
id-2f202723-bdb4-42df-a0b2-b3c05795f75d,id-MAN.3.BP5,CompositionRelationship,EA ModelSet
id-2f202723-bdb4-42df-a0b2-b3c05795f75d,id-MAN.3.BP6,CompositionRelationship,EA ModelSet
id-2f202723-bdb4-42df-a0b2-b3c05795f75d,id-MAN.3.BP7,CompositionRelationship,EA ModelSet
id-6d071fcf-9f7d-4f21-853e-52c445ad9483,id-SWE.4.BP1,CompositionRelationship,EA ModelSet
id-6d071fcf-9f7d-4f21-853e-52c445ad9483,id-SWE.4.BP3,CompositionRelationship,EA ModelSet
id-6d071fcf-9f7d-4f21-853e-52c445ad9483,id-SWE.4.BP2,CompositionRelationship,EA ModelSet
id-6d071fcf-9f7d-4f21-853e-52c445ad9483,id-SWE.4.BP4,CompositionRelationship,EA ModelSet
id-6d071fcf-9f7d-4f21-853e-52c445ad9483,id-SWE.4.BP7,CompositionRelationship,EA ModelSet
id-6d071fcf-9f7d-4f21-853e-52c445ad9483,id-SWE.4.BP5,CompositionRelationship,EA ModelSet
id-6d071fcf-9f7d-4f21-853e-52c445ad9483,id-SWE.4.BP6,CompositionRelationship,EA ModelSet
f4184c9b-8b98-4f08-bb73-18d2ce8d76ac,id-SWE.5.BP3,CompositionRelationship,EA ModelSet
f4184c9b-8b98-4f08-bb73-18d2ce8d76ac,id-SWE.5.BP2,CompositionRelationship,EA ModelSet
f4184c9b-8b98-4f08-bb73-18d2ce8d76ac,id-SWE.5.BP1,CompositionRelationship,EA ModelSet
f4184c9b-8b98-4f08-bb73-18d2ce8d76ac,id-SWE.5.BP6,CompositionRelationship,EA ModelSet
f4184c9b-8b98-4f08-bb73-18d2ce8d76ac,id-SWE.5.BP7,CompositionRelationship,EA ModelSet
f4184c9b-8b98-4f08-bb73-18d2ce8d76ac,id-SWE.5.BP9,CompositionRelationship,EA ModelSet
f4184c9b-8b98-4f08-bb73-18d2ce8d76ac,id-SWE.5.BP4,CompositionRelationship,EA ModelSet
f4184c9b-8b98-4f08-bb73-18d2ce8d76ac,id-SWE.5.BP5,CompositionRelationship,EA ModelSet
f4184c9b-8b98-4f08-bb73-18d2ce8d76ac,id-SWE.5.BP8,CompositionRelationship,EA ModelSet
id-89d9bf2f-44d3-4f33-873b-a4340f6bf593,id-SWE.6.BP1,CompositionRelationship,EA ModelSet
id-89d9bf2f-44d3-4f33-873b-a4340f6bf593,id-SWE.6.BP2,CompositionRelationship,EA ModelSet
id-89d9bf2f-44d3-4f33-873b-a4340f6bf593,id-SWE.6.BP3,CompositionRelationship,EA ModelSet
id-89d9bf2f-44d3-4f33-873b-a4340f6bf593,id-SWE.6.BP4,CompositionRelationship,EA ModelSet
id-89d9bf2f-44d3-4f33-873b-a4340f6bf593,id-SWE.6.BP5,CompositionRelationship,EA ModelSet
id-89d9bf2f-44d3-4f33-873b-a4340f6bf593,id-SWE.6.BP7,CompositionRelationship,EA ModelSet
id-89d9bf2f-44d3-4f33-873b-a4340f6bf593,id-SWE.6.BP6,CompositionRelationship,EA ModelSet
id-2f202723-bdb4-42df-a0b2-b3c05795f75d,id-MAN.3.BP9,CompositionRelationship,EA ModelSet
id-066f9df7-bf89-4510-99d3-10fe23bbee2b,id-SUP.1.BP2,CompositionRelationship,EA ModelSet
id-066f9df7-bf89-4510-99d3-10fe23bbee2b,id-SUP.1.BP1,CompositionRelationship,EA ModelSet
id-066f9df7-bf89-4510-99d3-10fe23bbee2b,id-SUP.1.BP3,CompositionRelationship,EA ModelSet
id-066f9df7-bf89-4510-99d3-10fe23bbee2b,id-SUP.1.BP5,CompositionRelationship,EA ModelSet
id-066f9df7-bf89-4510-99d3-10fe23bbee2b,id-SUP.1.BP6,CompositionRelationship,EA ModelSet
id-066f9df7-bf89-4510-99d3-10fe23bbee2b,id-SUP.1.BP4,CompositionRelationship,EA ModelSet
id-755705a6-c018-4427-9bf2-7e0073fca2dd,id-SUP.9.BP2,CompositionRelationship,EA ModelSet
id-755705a6-c018-4427-9bf2-7e0073fca2dd,id-SUP.9.BP8,CompositionRelationship,EA ModelSet
id-755705a6-c018-4427-9bf2-7e0073fca2dd,id-SUP.9.BP9,CompositionRelationship,EA ModelSet
id-755705a6-c018-4427-9bf2-7e0073fca2dd,id-SUP.9.BP3,CompositionRelationship,EA ModelSet
id-755705a6-c018-4427-9bf2-7e0073fca2dd,id-SUP.9.BP1,CompositionRelationship,EA ModelSet
id-755705a6-c018-4427-9bf2-7e0073fca2dd,id-SUP.9.BP6,CompositionRelationship,EA ModelSet
id-755705a6-c018-4427-9bf2-7e0073fca2dd,id-SUP.9.BP5,CompositionRelationship,EA ModelSet
id-755705a6-c018-4427-9bf2-7e0073fca2dd,id-SUP.9.BP4,CompositionRelationship,EA ModelSet
id-755705a6-c018-4427-9bf2-7e0073fca2dd,id-SUP.9.BP7,CompositionRelationship,EA ModelSet
id-64f49bf3-008f-4698-8d65-51a5a54873f7,id-SUP.10.BP7,CompositionRelationship,EA ModelSet
id-64f49bf3-008f-4698-8d65-51a5a54873f7,id-SUP.10.BP8,CompositionRelationship,EA ModelSet
id-64f49bf3-008f-4698-8d65-51a5a54873f7,id-SUP.10.BP3,CompositionRelationship,EA ModelSet
id-64f49bf3-008f-4698-8d65-51a5a54873f7,id-SUP.10.BP5,CompositionRelationship,EA ModelSet
id-64f49bf3-008f-4698-8d65-51a5a54873f7,id-SUP.10.BP1,CompositionRelationship,EA ModelSet
id-64f49bf3-008f-4698-8d65-51a5a54873f7,id-SUP.10.BP4,CompositionRelationship,EA ModelSet
id-64f49bf3-008f-4698-8d65-51a5a54873f7,id-SUP.10.BP6,CompositionRelationship,EA ModelSet
id-64f49bf3-008f-4698-8d65-51a5a54873f7,id-SUP.10.BP2,CompositionRelationship,EA ModelSet
id-75167cfe-53e4-4c62-9eec-ab6fccee7a3d,id-SPL.2.BP2,CompositionRelationship,EA ModelSet
id-75167cfe-53e4-4c62-9eec-ab6fccee7a3d,id-SPL.2.BP4,CompositionRelationship,EA ModelSet
id-75167cfe-53e4-4c62-9eec-ab6fccee7a3d,id-SPL.2.BP5,CompositionRelationship,EA ModelSet
id-75167cfe-53e4-4c62-9eec-ab6fccee7a3d,id-SPL.2.BP12,CompositionRelationship,EA ModelSet
id-75167cfe-53e4-4c62-9eec-ab6fccee7a3d,id-SPL.2.BP7,CompositionRelationship,EA ModelSet
id-75167cfe-53e4-4c62-9eec-ab6fccee7a3d,id-SPL.2.BP1,CompositionRelationship,EA ModelSet
id-75167cfe-53e4-4c62-9eec-ab6fccee7a3d,id-SPL.2.BP10,CompositionRelationship,EA ModelSet
id-75167cfe-53e4-4c62-9eec-ab6fccee7a3d,id-SPL.2.BP13,CompositionRelationship,EA ModelSet
id-75167cfe-53e4-4c62-9eec-ab6fccee7a3d,id-SPL.2.BP11,CompositionRelationship,EA ModelSet
id-75167cfe-53e4-4c62-9eec-ab6fccee7a3d,id-SPL.2.BP3,CompositionRelationship,EA ModelSet
id-75167cfe-53e4-4c62-9eec-ab6fccee7a3d,id-SPL.2.BP9,CompositionRelationship,EA ModelSet
id-75167cfe-53e4-4c62-9eec-ab6fccee7a3d,id-SPL.2.BP6,CompositionRelationship,EA ModelSet
id-75167cfe-53e4-4c62-9eec-ab6fccee7a3d,id-SPL.2.BP8,CompositionRelationship,EA ModelSet
bb993c8f-35c2-4f63-9d69-cbfab414b962,id-SUP.8.BP9,CompositionRelationship,EA ModelSet
bb993c8f-35c2-4f63-9d69-cbfab414b962,id-SUP.8.BP2,CompositionRelationship,EA ModelSet
bb993c8f-35c2-4f63-9d69-cbfab414b962,id-SUP.8.BP4,CompositionRelationship,EA ModelSet
bb993c8f-35c2-4f63-9d69-cbfab414b962,id-SUP.8.BP3,CompositionRelationship,EA ModelSet
bb993c8f-35c2-4f63-9d69-cbfab414b962,id-SUP.8.BP7,CompositionRelationship,EA ModelSet
bb993c8f-35c2-4f63-9d69-cbfab414b962,id-SUP.8.BP6,CompositionRelationship,EA ModelSet
bb993c8f-35c2-4f63-9d69-cbfab414b962,id-SUP.8.BP8,CompositionRelationship,EA ModelSet
bb993c8f-35c2-4f63-9d69-cbfab414b962,id-SUP.8.BP1,CompositionRelationship,EA ModelSet
bb993c8f-35c2-4f63-9d69-cbfab414b962,id-SUP.8.BP5,CompositionRelationship,EA ModelSet
id-5a2c9acd483d43bface0b18f9d9cfdfc,id-SWE.1.BP1,RealizationRelationship,EA ModelSet
_HCd08ICNEDqMCJLz883z2w,_j0fj8ICPEDqMCJLz883z2w,AssociationRelationship,EA ModelSet
_j0fj8ICPEDqMCJLz883z2w,_0bJ4a4CIEDqMCJLz883z2w,AssociationRelationship,EA ModelSet
_HCd08ICNEDqMCJLz883z2w,_jJ_OYICPEDqMCJLz883z2w,AssociationRelationship,EA ModelSet
_jJ_OYICPEDqMCJLz883z2w,_0bJ4Y4CIEDqMCJLz883z2w,AssociationRelationship,EA ModelSet
_HCd08ICNEDqMCJLz883z2w,_kcXcQICPEDqMCJLz883z2w,AssociationRelationship,EA ModelSet
_HCd08ICNEDqMCJLz883z2w,_GnR4UICOEDqMCJLz883z2w,AssociationRelationship,EA ModelSet
_GnR4UICOEDqMCJLz883z2w,_LMBrUICNEDqMCJLz883z2w,AssociationRelationship,EA ModelSet
_kcXcQICPEDqMCJLz883z2w,_0bKfdoCIEDqMCJLz883z2w,AssociationRelationship,EA ModelSet
_0bJ4a4CIEDqMCJLz883z2w,_0bJRUICIEDqMCJLz883z2w,AssociationRelationship,EA ModelSet
_0bJRUICIEDqMCJLz883z2w,_0bJ4Y4CIEDqMCJLz883z2w,AssociationRelationship,EA ModelSet
_0bJ4aYCIEDqMCJLz883z2w,_0bJRUoCIEDqMCJLz883z2w,AggregationRelationship,EA ModelSet
_0bJ4a4CIEDqMCJLz883z2w,_0bJRVICIEDqMCJLz883z2w,AggregationRelationship,EA ModelSet
_0bJ4Y4CIEDqMCJLz883z2w,_0bJRVICIEDqMCJLz883z2w,AggregationRelationship,EA ModelSet
_0bJ4Y4CIEDqMCJLz883z2w,_0bJ4YYCIEDqMCJLz883z2w,CompositionRelationship,EA ModelSet
_0bJ4Y4CIEDqMCJLz883z2w,_0bJ4ZYCIEDqMCJLz883z2w,AggregationRelationship,EA ModelSet
_0bJ4Y4CIEDqMCJLz883z2w,_0bJ4b4CIEDqMCJLz883z2w,AssociationRelationship,EA ModelSet
_0bJ4a4CIEDqMCJLz883z2w,_0bJ4ZYCIEDqMCJLz883z2w,AggregationRelationship,EA ModelSet
_0bJ4aYCIEDqMCJLz883z2w,_0bJ4Z4CIEDqMCJLz883z2w,AssociationRelationship,EA ModelSet
_0bJ4aYCIEDqMCJLz883z2w,_0bJ4cYCIEDqMCJLz883z2w,AggregationRelationship,EA ModelSet
_0bJ4a4CIEDqMCJLz883z2w,_0bKfdICIEDqMCJLz883z2w,AssociationRelationship,EA ModelSet
_0bJ4a4CIEDqMCJLz883z2w,_0bKfcICIEDqMCJLz883z2w,AggregationRelationship,EA ModelSet
_0bJ4a4CIEDqMCJLz883z2w,_0bJ4bYCIEDqMCJLz883z2w,AssociationRelationship,EA ModelSet
_0bJ4bYCIEDqMCJLz883z2w,_0bKfcoCIEDqMCJLz883z2w,AssociationRelationship,EA ModelSet
_0bJ4b4CIEDqMCJLz883z2w,_0bKfcoCIEDqMCJLz883z2w,AssociationRelationship,EA ModelSet
_0bKfdICIEDqMCJLz883z2w,_0bKfdoCIEDqMCJLz883z2w,AssociationRelationship,EA ModelSet
_0bJ4Z4CIEDqMCJLz883z2w,_HCd08ICNEDqMCJLz883z2w,AssociationRelationship,EA ModelSet
f670e9a4,f590cac9,AssociationRelationship,EA ModelSet
f590cac9,id-12e235e2,AssociationRelationship,EA ModelSet
id-12e235e2,c177c308,AssociationRelationship,EA ModelSet
id-81919194-5b99-43b4-8824-6f1b0194e435,c177c308,AssociationRelationship,EA ModelSet
c177c308,id-94a0e13d,AssociationRelationship,EA ModelSet
c177c308,id-10c67c62,AssociationRelationship,EA ModelSet
c177c308,be246903-3ebe-4957-9702-8cd8b0c8d729,AssociationRelationship,EA ModelSet
c177c308,id-92076c4c-ac4f-42ff-8e03-5e6d6c7b52e0,AssociationRelationship,EA ModelSet
f590cac9,c100dc9e-35d8-4382-955a-8cee4c2951a1,AssociationRelationship,EA ModelSet
c100dc9e-35d8-4382-955a-8cee4c2951a1,c177c308,AssociationRelationship,EA ModelSet
c177c308,id-81eda5a6-93e0-4a4f-929f-81d52794635b,AssociationRelationship,EA ModelSet
id-10c67c62,c177c308,AssociationRelationship,EA ModelSet
c177c308,id-12e235e2,AssociationRelationship,EA ModelSet
id-63ec9603-69bf-42b2-9249-ae723dac179b,id-4fe9439a-d383-402c-aef8-63702fe9ac0c,AssociationRelationship,EA ModelSet
id-4fe9439a-d383-402c-aef8-63702fe9ac0c,e34c6cbf-d671-4c36-9683-d5244494aa72,AssociationRelationship,EA ModelSet
e34c6cbf-d671-4c36-9683-d5244494aa72,id-796958cd-5057-4f35-81b0-c135cd494c84,AssociationRelationship,EA ModelSet
id-796958cd-5057-4f35-81b0-c135cd494c84,id-9847bdca-9bc6-4d85-a56b-fb926ddbb56b,AssociationRelationship,EA ModelSet
id-796958cd-5057-4f35-81b0-c135cd494c84,id-803060e1-3533-4334-aa97-0fbdbb4922de,AssociationRelationship,EA ModelSet
id-9847bdca-9bc6-4d85-a56b-fb926ddbb56b,id-803060e1-3533-4334-aa97-0fbdbb4922de,AssociationRelationship,EA ModelSet
id-9847bdca-9bc6-4d85-a56b-fb926ddbb56b,ac694d7a-29f3-45a3-9c18-125d88a37131,AssociationRelationship,EA ModelSet
id-803060e1-3533-4334-aa97-0fbdbb4922de,ac694d7a-29f3-45a3-9c18-125d88a37131,AssociationRelationship,EA ModelSet
id-9847bdca-9bc6-4d85-a56b-fb926ddbb56b,id-68a2fbbe-49bf-4d2f-b81d-fe93b15f73b0,AssociationRelationship,EA ModelSet
ac694d7a-29f3-45a3-9c18-125d88a37131,id-68a2fbbe-49bf-4d2f-b81d-fe93b15f73b0,RealizationRelationship,EA ModelSet
id-9847bdca-9bc6-4d85-a56b-fb926ddbb56b,id-79412227-99f3-4c9a-93b3-f119ba023ad0,AssociationRelationship,EA ModelSet
id-79412227-99f3-4c9a-93b3-f119ba023ad0,ac694d7a-29f3-45a3-9c18-125d88a37131,AssociationRelationship,EA ModelSet
id-63ec9603-69bf-42b2-9249-ae723dac179b,f2e70629-ca6b-4833-8f94-e17f9f819343,ServingRelationship,EA ModelSet
id-803060e1-3533-4334-aa97-0fbdbb4922de,id-5dfa85f0-c147-4a4c-8514-37e104e3f7cd,ServingRelationship,EA ModelSet
id-79412227-99f3-4c9a-93b3-f119ba023ad0,id-5dfa85f0-c147-4a4c-8514-37e104e3f7cd,ServingRelationship,EA ModelSet
id-79412227-99f3-4c9a-93b3-f119ba023ad0,id-718b1442-6c85-48f9-a17e-4d6605073424,ServingRelationship,EA ModelSet
id-4fe9439a-d383-402c-aef8-63702fe9ac0c,id-03352d55-06e3-47aa-8848-93bcc0075286,ServingRelationship,EA ModelSet
id-03352d55-06e3-47aa-8848-93bcc0075286,id-796958cd-5057-4f35-81b0-c135cd494c84,ServingRelationship,EA ModelSet
e34c6cbf-d671-4c36-9683-d5244494aa72,id-03352d55-06e3-47aa-8848-93bcc0075286,AssociationRelationship,EA ModelSet
id-5a618c9b-525e-4321-a169-6a339b96a893,ac694d7a-29f3-45a3-9c18-125d88a37131,ServingRelationship,EA ModelSet
id-67ae4cfa-461e-4d2b-bad1-fe9579e39fe3,ac694d7a-29f3-45a3-9c18-125d88a37131,ServingRelationship,EA ModelSet
id-08e24868-51f9-4720-9cac-50c19ed13910,ac694d7a-29f3-45a3-9c18-125d88a37131,ServingRelationship,EA ModelSet
id-3e2156a3-4ef7-4055-b974-95c2096e9ae1,id-1e0fa4b7-525f-45ad-b3a4-a5a5e9ac4c5e,ServingRelationship,EA ModelSet
d37a948a-68d8-4fc3-a115-c4148742411f,id-3e2156a3-4ef7-4055-b974-95c2096e9ae1,ServingRelationship,EA ModelSet
a490358d-36a5-4650-84ee-bb9d6580026c,d37a948a-68d8-4fc3-a115-c4148742411f,ServingRelationship,EA ModelSet
d37a948a-68d8-4fc3-a115-c4148742411f,a490358d-36a5-4650-84ee-bb9d6580026c,ServingRelationship,EA ModelSet
id-2f51ced6-69a0-41f9-baf8-199d2e174cb6,e17441b6-0b34-4564-8c28-e423a3302995,RealizationRelationship,EA ModelSet
id-2f51ced6-69a0-41f9-baf8-199d2e174cb6,e17441b6-0b34-4564-8c28-e423a3302995,ServingRelationship,EA ModelSet
id-2d196b06-f564-41aa-871d-b9420b8c4d63,e17441b6-0b34-4564-8c28-e423a3302995,ServingRelationship,EA ModelSet
id-2f51ced6-69a0-41f9-baf8-199d2e174cb6,id-2d196b06-f564-41aa-871d-b9420b8c4d63,ServingRelationship,EA ModelSet
fc54a59f-e666-4e91-93f5-3f4c62249d25,id-2f51ced6-69a0-41f9-baf8-199d2e174cb6,FlowRelationship,EA ModelSet
id-6849071f-e0b9-4a57-9131-f64df600d45e,id-2f51ced6-69a0-41f9-baf8-199d2e174cb6,ServingRelationship,EA ModelSet
fc54a59f-e666-4e91-93f5-3f4c62249d25,id-2f51ced6-69a0-41f9-baf8-199d2e174cb6,TriggeringRelationship,EA ModelSet
e01634d6-b45f-4e78-9940-33d18bae7db9,e17441b6-0b34-4564-8c28-e423a3302995,ServingRelationship,EA ModelSet
fc54a59f-e666-4e91-93f5-3f4c62249d25,id-2d196b06-f564-41aa-871d-b9420b8c4d63,ServingRelationship,EA ModelSet
id-72888d0d-499c-4a65-b8a8-ac2cd70f8b2f,fc39a254-f49f-406a-81aa-e5b1795abcc1,RealizationRelationship,EA ModelSet
fc39a254-f49f-406a-81aa-e5b1795abcc1,id-93e90e66-ffcf-44bf-baef-c57d72d02d1a,ServingRelationship,EA ModelSet
e17441b6-0b34-4564-8c28-e423a3302995,d37a948a-68d8-4fc3-a115-c4148742411f,RealizationRelationship,EA ModelSet
id-2d196b06-f564-41aa-871d-b9420b8c4d63,f42f25af-ab95-494b-98f2-2d0046577348,RealizationRelationship,EA ModelSet
f42f25af-ab95-494b-98f2-2d0046577348,id-3e2156a3-4ef7-4055-b974-95c2096e9ae1,ServingRelationship,EA ModelSet
id-2f51ced6-69a0-41f9-baf8-199d2e174cb6,fc39a254-f49f-406a-81aa-e5b1795abcc1,RealizationRelationship,EA ModelSet
id-2d196b06-f564-41aa-871d-b9420b8c4d63,id-72888d0d-499c-4a65-b8a8-ac2cd70f8b2f,TriggeringRelationship,EA ModelSet
id-2d196b06-f564-41aa-871d-b9420b8c4d63,id-72888d0d-499c-4a65-b8a8-ac2cd70f8b2f,ServingRelationship,EA ModelSet
fc54a59f-e666-4e91-93f5-3f4c62249d25,id-72888d0d-499c-4a65-b8a8-ac2cd70f8b2f,ServingRelationship,EA ModelSet
id-7c9b34a8-d382-4ec0-88e6-c66f5bc84551,id-2f51ced6-69a0-41f9-baf8-199d2e174cb6,ServingRelationship,EA ModelSet
fbee98e8-88eb-4a10-a247-a673e926764f,e01634d6-b45f-4e78-9940-33d18bae7db9,ServingRelationship,EA ModelSet
id-5db4ba15-7ebd-42ea-a75e-177d54eacc0c,a490358d-36a5-4650-84ee-bb9d6580026c,ServingRelationship,EA ModelSet
id-2d196b06-f564-41aa-871d-b9420b8c4d63,id-5db4ba15-7ebd-42ea-a75e-177d54eacc0c,RealizationRelationship,EA ModelSet
id-8d9e4ae3-d117-4b46-8cf9-68ba25df05f9,a4b1eac7-173e-4279-b0b0-9a589d93788f,TriggeringRelationship,EA ModelSet
a4b1eac7-173e-4279-b0b0-9a589d93788f,id-40f4d602-5781-4f68-8080-0a32a75e02db,FlowRelationship,EA ModelSet
id-34160d1d-a800-4094-ad84-fbe55a2275f1,f8c901b9-b294-4d27-9800-bed5c39eb339,TriggeringRelationship,EA ModelSet
id-8d9e4ae3-d117-4b46-8cf9-68ba25df05f9,a4b1eac7-173e-4279-b0b0-9a589d93788f,TriggeringRelationship,EA ModelSet
f8c901b9-b294-4d27-9800-bed5c39eb339,id-8d9e4ae3-d117-4b46-8cf9-68ba25df05f9,FlowRelationship,EA ModelSet
id-8d9e4ae3-d117-4b46-8cf9-68ba25df05f9,id-619f5847-182e-4f3e-bbac-a5b7ee50b6d8,TriggeringRelationship,EA ModelSet
id-619f5847-182e-4f3e-bbac-a5b7ee50b6d8,id-34160d1d-a800-4094-ad84-fbe55a2275f1,FlowRelationship,EA ModelSet
id-34160d1d-a800-4094-ad84-fbe55a2275f1,id-1ce8e1bd-2b56-4c1a-9821-eb18372af7fd,TriggeringRelationship,EA ModelSet
id-1ce8e1bd-2b56-4c1a-9821-eb18372af7fd,id-40f4d602-5781-4f68-8080-0a32a75e02db,FlowRelationship,EA ModelSet
id-40f4d602-5781-4f68-8080-0a32a75e02db,id-6019d36c-f2e6-4b23-bd02-c6973785c3a4,TriggeringRelationship,EA ModelSet
id-6019d36c-f2e6-4b23-bd02-c6973785c3a4,id-8d9e4ae3-d117-4b46-8cf9-68ba25df05f9,FlowRelationship,EA ModelSet
id-8d9e4ae3-d117-4b46-8cf9-68ba25df05f9,a4b1eac7-173e-4279-b0b0-9a589d93788f,TriggeringRelationship,EA ModelSet
id-40f4d602-5781-4f68-8080-0a32a75e02db,id-54fbe83d-1287-4a2f-a630-0abdf9289038,TriggeringRelationship,EA ModelSet
id-54fbe83d-1287-4a2f-a630-0abdf9289038,id-8d9e4ae3-d117-4b46-8cf9-68ba25df05f9,TriggeringRelationship,EA ModelSet
id-8d9e4ae3-d117-4b46-8cf9-68ba25df05f9,id-82938c04-4569-4a9e-874b-c9d659a26d8c,TriggeringRelationship,EA ModelSet
id-82938c04-4569-4a9e-874b-c9d659a26d8c,id-34160d1d-a800-4094-ad84-fbe55a2275f1,TriggeringRelationship,EA ModelSet
id-1ce8e1bd-2b56-4c1a-9821-eb18372af7fd,id-8d9e4ae3-d117-4b46-8cf9-68ba25df05f9,TriggeringRelationship,EA ModelSet
id-8d9e4ae3-d117-4b46-8cf9-68ba25df05f9,aea379bb-b506-43c7-a168-19bd38778eb7,TriggeringRelationship,EA ModelSet
aea379bb-b506-43c7-a168-19bd38778eb7,id-40f4d602-5781-4f68-8080-0a32a75e02db,TriggeringRelationship,EA ModelSet
id-8d9e4ae3-d117-4b46-8cf9-68ba25df05f9,aea379bb-b506-43c7-a168-19bd38778eb7,TriggeringRelationship,EA ModelSet
id-40f4d602-5781-4f68-8080-0a32a75e02db,id-1d8cac69-c86e-4496-bf87-2280a7c2f2ea,TriggeringRelationship,EA ModelSet
id-1d8cac69-c86e-4496-bf87-2280a7c2f2ea,id-34160d1d-a800-4094-ad84-fbe55a2275f1,TriggeringRelationship,EA ModelSet
id-34160d1d-a800-4094-ad84-fbe55a2275f1,id-1ce8e1bd-2b56-4c1a-9821-eb18372af7fd,TriggeringRelationship,EA ModelSet
id-34160d1d-a800-4094-ad84-fbe55a2275f1,f8c901b9-b294-4d27-9800-bed5c39eb339,TriggeringRelationship,EA ModelSet
id-40f4d602-5781-4f68-8080-0a32a75e02db,id-1d8cac69-c86e-4496-bf87-2280a7c2f2ea,TriggeringRelationship,EA ModelSet
id-40f4d602-5781-4f68-8080-0a32a75e02db,id-6019d36c-f2e6-4b23-bd02-c6973785c3a4,TriggeringRelationship,EA ModelSet
id-40f4d602-5781-4f68-8080-0a32a75e02db,id-1d8cac69-c86e-4496-bf87-2280a7c2f2ea,TriggeringRelationship,EA ModelSet
id-34160d1d-a800-4094-ad84-fbe55a2275f1,id-91b4e34d-e14a-4dc6-b228-91dde4abebb3,TriggeringRelationship,EA ModelSet
id-91b4e34d-e14a-4dc6-b228-91dde4abebb3,id-40f4d602-5781-4f68-8080-0a32a75e02db,TriggeringRelationship,EA ModelSet
id-40f4d602-5781-4f68-8080-0a32a75e02db,id-54fbe83d-1287-4a2f-a630-0abdf9289038,TriggeringRelationship,EA ModelSet
ac694d7a-29f3-45a3-9c18-125d88a37131,id-4662df66-a1d6-4f9a-9039-3813d1cd982b,ServingRelationship,EA ModelSet
id-803060e1-3533-4334-aa97-0fbdbb4922de,ac694d7a-29f3-45a3-9c18-125d88a37131,ServingRelationship,EA ModelSet
id-4662df66-a1d6-4f9a-9039-3813d1cd982b,f2e70629-ca6b-4833-8f94-e17f9f819343,ServingRelationship,EA ModelSet
id-63ec9603-69bf-42b2-9249-ae723dac179b,id-4662df66-a1d6-4f9a-9039-3813d1cd982b,ServingRelationship,EA ModelSet
e34c6cbf-d671-4c36-9683-d5244494aa72,id-03352d55-06e3-47aa-8848-93bcc0075286,AssociationRelationship,EA ModelSet
ac694d7a-29f3-45a3-9c18-125d88a37131,id-7aac4923-ff67-4658-937e-cb78fa698557,AccessRelationship,EA ModelSet
id-63ec9603-69bf-42b2-9249-ae723dac179b,id-4662df66-a1d6-4f9a-9039-3813d1cd982b,ServingRelationship,EA ModelSet
id-68a2fbbe-49bf-4d2f-b81d-fe93b15f73b0,id-4662df66-a1d6-4f9a-9039-3813d1cd982b,ServingRelationship,EA ModelSet
b03787b2-29b4-4809-a5fd-bb55dcf11e24,id-2799c8d1-bf48-4a85-9e22-9a1768174671,ServingRelationship,EA ModelSet
f5eec8ed-6054-4345-bcc6-fe4d9bcededc,b03787b2-29b4-4809-a5fd-bb55dcf11e24,RealizationRelationship,EA ModelSet
d7cad2e5-c376-4199-90f7-caab88745394,f5eec8ed-6054-4345-bcc6-fe4d9bcededc,RealizationRelationship,EA ModelSet
id-64374b03-1816-4765-997d-f8df9941fe32,d7cad2e5-c376-4199-90f7-caab88745394,ServingRelationship,EA ModelSet
id-64374b03-1816-4765-997d-f8df9941fe32,f5eec8ed-6054-4345-bcc6-fe4d9bcededc,RealizationRelationship,EA ModelSet
id-5cbf4332-390f-433c-822c-e1a4877812d6,d7cad2e5-c376-4199-90f7-caab88745394,ServingRelationship,EA ModelSet
id-717fdbab-64d2-4e0a-ba45-93711c1093a6,d7cad2e5-c376-4199-90f7-caab88745394,TriggeringRelationship,EA ModelSet
id-717fdbab-64d2-4e0a-ba45-93711c1093a6,d7cad2e5-c376-4199-90f7-caab88745394,ServingRelationship,EA ModelSet
id-7ac4da2b-f5ae-4dfe-bffe-3ebb9fe072f7,e27a4009-6801-497b-84ea-072d988e10eb,CompositionRelationship,EA ModelSet
e27a4009-6801-497b-84ea-072d988e10eb,id-3f994e7a-335c-4d70-9a5b-19c09040852e,AggregationRelationship,EA ModelSet
e27a4009-6801-497b-84ea-072d988e10eb,id-0a79fed5-0b5d-4ca3-b2b8-6079f5b46256,AggregationRelationship,EA ModelSet
id-0a79fed5-0b5d-4ca3-b2b8-6079f5b46256,id-3f994e7a-335c-4d70-9a5b-19c09040852e,AssociationRelationship,EA ModelSet
e27a4009-6801-497b-84ea-072d988e10eb,id-0a79fed5-0b5d-4ca3-b2b8-6079f5b46256,CompositionRelationship,EA ModelSet
id-0a79fed5-0b5d-4ca3-b2b8-6079f5b46256,e00f71db-86bc-469e-baef-fee6d4263aa1,CompositionRelationship,EA ModelSet
id-0a79fed5-0b5d-4ca3-b2b8-6079f5b46256,id-78110dc2-68b6-4536-aa24-e4256d4fb4b3,CompositionRelationship,EA ModelSet
id-7ac4da2b-f5ae-4dfe-bffe-3ebb9fe072f7,id-647a61b0-7ac0-4f5f-8961-b9141de81dca,CompositionRelationship,EA ModelSet
id-647a61b0-7ac0-4f5f-8961-b9141de81dca,e27a4009-6801-497b-84ea-072d988e10eb,CompositionRelationship,EA ModelSet
f1a2246f-4f83-4c0c-8777-88f72552fc35,id-64374b03-1816-4765-997d-f8df9941fe32,ServingRelationship,EA ModelSet
f1a2246f-4f83-4c0c-8777-88f72552fc35,d7cad2e5-c376-4199-90f7-caab88745394,ServingRelationship,EA ModelSet
id-3f994e7a-335c-4d70-9a5b-19c09040852e,id-1eec2fcb-cee5-4fe4-a8c9-8123f8068f35,AggregationRelationship,EA ModelSet
id-0a79fed5-0b5d-4ca3-b2b8-6079f5b46256,id-78110dc2-68b6-4536-aa24-e4256d4fb4b3,AggregationRelationship,EA ModelSet
id-0a79fed5-0b5d-4ca3-b2b8-6079f5b46256,id-3f994e7a-335c-4d70-9a5b-19c09040852e,AggregationRelationship,EA ModelSet
fbfa9aab-c3ef-48f7-a7e6-dcce699ec81a,id-17dfe88c-82ea-4e1a-b52c-f00e53791b97,RealizationRelationship,EA ModelSet
fbfa9aab-c3ef-48f7-a7e6-dcce699ec81a,id-2d110999-aa0a-4dcb-ace8-7c280331973b,RealizationRelationship,EA ModelSet
id-17dfe88c-82ea-4e1a-b52c-f00e53791b97,id-22faabb5-ce46-41d4-abce-93270746f0a5,ServingRelationship,EA ModelSet
id-2d110999-aa0a-4dcb-ace8-7c280331973b,id-22faabb5-ce46-41d4-abce-93270746f0a5,ServingRelationship,EA ModelSet
id-2d0035e4-a197-441e-9a4e-17dc1de5a8fa,fbfa9aab-c3ef-48f7-a7e6-dcce699ec81a,ServingRelationship,EA ModelSet
id-856c28ca-b250-4780-b781-28af9da376a7,fbfa9aab-c3ef-48f7-a7e6-dcce699ec81a,ServingRelationship,EA ModelSet
id-99f2dfc4-2845-4071-af90-ac4752b1046a,id-1845c80e-ae85-42bc-bf83-5a2178c8309c,ServingRelationship,EA ModelSet
id-99f2dfc4-2845-4071-af90-ac4752b1046a,id-89ce96cb-ec00-45d2-aeef-ca56c5e576bf,AssociationRelationship,EA ModelSet
id-99f2dfc4-2845-4071-af90-ac4752b1046a,id-4a71dfd2-f5c1-47d8-8597-37faa4b8137a,AssociationRelationship,EA ModelSet
id-1845c80e-ae85-42bc-bf83-5a2178c8309c,id-53327b6b-35c9-4a28-89d7-c885128d8620,AssociationRelationship,EA ModelSet
id-2253e2ab-566e-4dc6-a601-d6235c95e800,id-1845c80e-ae85-42bc-bf83-5a2178c8309c,ServingRelationship,EA ModelSet
id-53327b6b-35c9-4a28-89d7-c885128d8620,id-2253e2ab-566e-4dc6-a601-d6235c95e800,RealizationRelationship,EA ModelSet
id-99f2dfc4-2845-4071-af90-ac4752b1046a,id-2253e2ab-566e-4dc6-a601-d6235c95e800,RealizationRelationship,EA ModelSet
id-89ce96cb-ec00-45d2-aeef-ca56c5e576bf,id-53327b6b-35c9-4a28-89d7-c885128d8620,AssociationRelationship,EA ModelSet
id-4a71dfd2-f5c1-47d8-8597-37faa4b8137a,id-53327b6b-35c9-4a28-89d7-c885128d8620,AssociationRelationship,EA ModelSet
id-9cb59153-1c42-485b-800d-6813d1b6840c,id-53327b6b-35c9-4a28-89d7-c885128d8620,AssociationRelationship,EA ModelSet
fc57436e-6235-4506-95ea-e67296c20742,id-89ce96cb-ec00-45d2-aeef-ca56c5e576bf,TriggeringRelationship,EA ModelSet
fc57436e-6235-4506-95ea-e67296c20742,id-4a71dfd2-f5c1-47d8-8597-37faa4b8137a,TriggeringRelationship,EA ModelSet
fc57436e-6235-4506-95ea-e67296c20742,id-9cb59153-1c42-485b-800d-6813d1b6840c,TriggeringRelationship,EA ModelSet
id-9ee3dd28-0eaa-4fd7-b8f9-f677aa699cdb,id-53327b6b-35c9-4a28-89d7-c885128d8620,AssociationRelationship,EA ModelSet
id-847b2fd06b1842199230149b53666bc0,id-ddfcf5615c274816a57bf81cb22486ae,AssociationRelationship,EA ModelSet
id-847b2fd06b1842199230149b53666bc0,id-ddfcf5615c274816a57bf81cb22486ae,AssociationRelationship,EA ModelSet
id-ddfcf5615c274816a57bf81cb22486ae,id-5a117fcc365a4464b3fca311f965098f,AssociationRelationship,EA ModelSet
id-ddfcf5615c274816a57bf81cb22486ae,id-bc0adf3e66bf4a228b268dbe94457c87,AssociationRelationship,EA ModelSet
id-4941f2d1ee90480699e1b0d32c996bc6,id-ddfcf5615c274816a57bf81cb22486ae,AssociationRelationship,EA ModelSet
id-16b383ca4c7c45218c4425e1b1fc7dc1,id-ddfcf5615c274816a57bf81cb22486ae,AssociationRelationship,EA ModelSet
id-a41d5ddc542244bfba26e0ede0e8e7f1,id-4941f2d1ee90480699e1b0d32c996bc6,AssociationRelationship,EA ModelSet
id-bc9075b2bfb64c6bb4771dabb64a6ac9,id-4941f2d1ee90480699e1b0d32c996bc6,AssociationRelationship,EA ModelSet
id-2ac8ab7f47e84a888e195b66e6ab6776,id-16b383ca4c7c45218c4425e1b1fc7dc1,AssociationRelationship,EA ModelSet
id-d8ab4e1b06ed487badc45aecb10c6cd4,id-a41d5ddc542244bfba26e0ede0e8e7f1,AssociationRelationship,EA ModelSet
id-d8ab4e1b06ed487badc45aecb10c6cd4,id-bc9075b2bfb64c6bb4771dabb64a6ac9,AssociationRelationship,EA ModelSet
id-2d433bda40f64a60a583f639acfa6e36,id-2ac8ab7f47e84a888e195b66e6ab6776,AssociationRelationship,EA ModelSet
id-844ac8d1b7164c0491d69e234f2c8270,id-2ac8ab7f47e84a888e195b66e6ab6776,AssociationRelationship,EA ModelSet
id-c6587f8f32314d629bc12256b211d99c,id-2ac8ab7f47e84a888e195b66e6ab6776,AssociationRelationship,EA ModelSet
id-c5e7f5ad487c4f69ba8aa75570521441,id-a41d5ddc542244bfba26e0ede0e8e7f1,AssociationRelationship,EA ModelSet
id-0a90b72e2ca6498090a672d2c04f3a7a,id-bc9075b2bfb64c6bb4771dabb64a6ac9,AssociationRelationship,EA ModelSet
id-6eb1db91d35f4fc2970d2fd8c4ed588c,id-a41d5ddc542244bfba26e0ede0e8e7f1,RealizationRelationship,EA ModelSet
id-1f5509027168473ab021dbbffd393f59,id-bc9075b2bfb64c6bb4771dabb64a6ac9,RealizationRelationship,EA ModelSet
id-acaf93d32961471d962c288a4bc7b09c,id-bc9075b2bfb64c6bb4771dabb64a6ac9,RealizationRelationship,EA ModelSet
id-943193ee228d42cea2821334f8b15a6d,id-bc9075b2bfb64c6bb4771dabb64a6ac9,RealizationRelationship,EA ModelSet
id-1006623e92454876aee62ab54913d19f,id-a41d5ddc542244bfba26e0ede0e8e7f1,RealizationRelationship,EA ModelSet
id-8f9dd2190a0e4a048d7bba88f394fc84,id-a41d5ddc542244bfba26e0ede0e8e7f1,RealizationRelationship,EA ModelSet
id-8f9dd2190a0e4a048d7bba88f394fc84,id-bc9075b2bfb64c6bb4771dabb64a6ac9,RealizationRelationship,EA ModelSet
id-2f22f8ea77764af3b89e3a7d684c0bd4,id-2ac8ab7f47e84a888e195b66e6ab6776,RealizationRelationship,EA ModelSet
id-ae6abbcd7429496f8c5b706588238610,id-2ac8ab7f47e84a888e195b66e6ab6776,RealizationRelationship,EA ModelSet
id-465a19beeeff4f02bd8764bae1343e1f,id-bc9075b2bfb64c6bb4771dabb64a6ac9,RealizationRelationship,EA ModelSet
id-767015c2cedc403e9d1503951e5ecae2,id-a41d5ddc542244bfba26e0ede0e8e7f1,RealizationRelationship,EA ModelSet
id-a54dfee989604f93a029f9ec1936f02b,id-bc9075b2bfb64c6bb4771dabb64a6ac9,RealizationRelationship,EA ModelSet
id-6eb1db91d35f4fc2970d2fd8c4ed588c,id-fa30bb7b9dd746e4aa050a0519e5765e,CompositionRelationship,EA ModelSet
id-1006623e92454876aee62ab54913d19f,id-94dcce2802984fa9b8025fdc7e25d4ab,CompositionRelationship,EA ModelSet
id-6eb1db91d35f4fc2970d2fd8c4ed588c,id-94dcce2802984fa9b8025fdc7e25d4ab,CompositionRelationship,EA ModelSet
id-6eb1db91d35f4fc2970d2fd8c4ed588c,id-87a8f397179a43fcaaabe26c0ca054f9,CompositionRelationship,EA ModelSet
id-1006623e92454876aee62ab54913d19f,id-c5590e1109234c75af71db738fbd9bb4,CompositionRelationship,EA ModelSet
id-767015c2cedc403e9d1503951e5ecae2,id-3ba320acb6b3414bbb3a8779aab6026e,CompositionRelationship,EA ModelSet
id-8f9dd2190a0e4a048d7bba88f394fc84,id-0caa2dfa4c304fdf8ae93e0535bbdc38,CompositionRelationship,EA ModelSet
id-1f5509027168473ab021dbbffd393f59,id-9747214daa884320a6ddd1703e64a856,CompositionRelationship,EA ModelSet
id-943193ee228d42cea2821334f8b15a6d,id-ddc46be431904692bd0ae26a04082bf8,CompositionRelationship,EA ModelSet
id-acaf93d32961471d962c288a4bc7b09c,id-0d476c98354c4765ac2ee8a18f7f1b6c,CompositionRelationship,EA ModelSet
id-bd581648f192427f9a6a998ec4eed4fa,id-1b516c3ab02c4de98e4857a6c18e898c,AggregationRelationship,EA ModelSet
id-bd581648f192427f9a6a998ec4eed4fa,id-1b516c3ab02c4de98e4857a6c18e898c,AssociationRelationship,EA ModelSet
id-5dd4f3941b214574972af83366c1a622,id-1b516c3ab02c4de98e4857a6c18e898c,ServingRelationship,EA ModelSet
id-7d1d05b051414afa9804c7cc547dd796,id-5dd4f3941b214574972af83366c1a622,AssociationRelationship,EA ModelSet
id-1b516c3ab02c4de98e4857a6c18e898c,id-d2a68b8e0be04b63abde395f8098be9c,CompositionRelationship,EA ModelSet
id-931bcc61ffb24b05ac7e83e7083d747f,id-d2a68b8e0be04b63abde395f8098be9c,TriggeringRelationship,EA ModelSet
id-1b516c3ab02c4de98e4857a6c18e898c,id-e89914e63cc84d9da5e4b58a293479d2,CompositionRelationship,EA ModelSet
id-d2a68b8e0be04b63abde395f8098be9c,id-e89914e63cc84d9da5e4b58a293479d2,FlowRelationship,EA ModelSet
id-e89914e63cc84d9da5e4b58a293479d2,id-10822a32af744e4b8bd0f4c0407e2a87,FlowRelationship,EA ModelSet
id-1b516c3ab02c4de98e4857a6c18e898c,id-df84818d59414842bb11d1a91504185b,AggregationRelationship,EA ModelSet
id-10822a32af744e4b8bd0f4c0407e2a87,id-df84818d59414842bb11d1a91504185b,FlowRelationship,EA ModelSet
id-10822a32af744e4b8bd0f4c0407e2a87,id-e823b1ef9e85404b908f0b608cf299c4,FlowRelationship,EA ModelSet
id-1b516c3ab02c4de98e4857a6c18e898c,id-88e9c8165cb24399bce9bfbcbf57d299,AggregationRelationship,EA ModelSet
id-df84818d59414842bb11d1a91504185b,id-88e9c8165cb24399bce9bfbcbf57d299,FlowRelationship,EA ModelSet
id-1b516c3ab02c4de98e4857a6c18e898c,id-71d0887d7dcf4bbfa56562f58e69929c,AggregationRelationship,EA ModelSet
id-88e9c8165cb24399bce9bfbcbf57d299,id-71d0887d7dcf4bbfa56562f58e69929c,FlowRelationship,EA ModelSet
id-71d0887d7dcf4bbfa56562f58e69929c,id-208782783bc94772bba10d8e1da5b820,FlowRelationship,EA ModelSet
id-e89914e63cc84d9da5e4b58a293479d2,id-df66984fc0a84da5a1603ad92989c05b,AssociationRelationship,EA ModelSet
id-e89914e63cc84d9da5e4b58a293479d2,id-df66984fc0a84da5a1603ad92989c05b,AccessRelationship,EA ModelSet
id-71d0887d7dcf4bbfa56562f58e69929c,id-14f6f0b705854a03902fc01e659b5b73,AssociationRelationship,EA ModelSet
id-1b516c3ab02c4de98e4857a6c18e898c,id-fa30bb7b9dd746e4aa050a0519e5765e,RealizationRelationship,EA ModelSet
id-1b516c3ab02c4de98e4857a6c18e898c,id-94dcce2802984fa9b8025fdc7e25d4ab,RealizationRelationship,EA ModelSet
id-1b516c3ab02c4de98e4857a6c18e898c,id-0caa2dfa4c304fdf8ae93e0535bbdc38,RealizationRelationship,EA ModelSet
id-07ebfcf3fb2343de9bdc50a04f3fe7b2,id-32f4ca98b49746af8c5951ec626169fb,ServingRelationship,EA ModelSet
id-a9c991b00a354b95ab2a9ed5159918ed,id-07ebfcf3fb2343de9bdc50a04f3fe7b2,AssociationRelationship,EA ModelSet
id-b950c50784d04c5d806c960de65a7868,id-32f4ca98b49746af8c5951ec626169fb,AssociationRelationship,EA ModelSet
id-208782783bc94772bba10d8e1da5b820,id-7de742ab14a34fc4968d41750632249d,TriggeringRelationship,EA ModelSet
id-32f4ca98b49746af8c5951ec626169fb,id-587d375980c244769b939de6439d525e,CompositionRelationship,EA ModelSet
id-7de742ab14a34fc4968d41750632249d,id-587d375980c244769b939de6439d525e,TriggeringRelationship,EA ModelSet
id-32f4ca98b49746af8c5951ec626169fb,id-51714821a51e437794684d120a38ef2e,CompositionRelationship,EA ModelSet
id-32f4ca98b49746af8c5951ec626169fb,id-85c5f4e24a144326b28fece6ce559f72,CompositionRelationship,EA ModelSet
id-587d375980c244769b939de6439d525e,id-51714821a51e437794684d120a38ef2e,FlowRelationship,EA ModelSet
id-51714821a51e437794684d120a38ef2e,id-85c5f4e24a144326b28fece6ce559f72,FlowRelationship,EA ModelSet
id-14f6f0b705854a03902fc01e659b5b73,id-587d375980c244769b939de6439d525e,AssociationRelationship,EA ModelSet
id-85c5f4e24a144326b28fece6ce559f72,id-095698c45d75429fbeca49c91fe3eaea,FlowRelationship,EA ModelSet
id-32f4ca98b49746af8c5951ec626169fb,id-87a8f397179a43fcaaabe26c0ca054f9,RealizationRelationship,EA ModelSet
id-32f4ca98b49746af8c5951ec626169fb,id-9e8cf93480f24b25bb8c17d426199ace,CompositionRelationship,EA ModelSet
id-85c5f4e24a144326b28fece6ce559f72,id-9e8cf93480f24b25bb8c17d426199ace,FlowRelationship,EA ModelSet
id-9e8cf93480f24b25bb8c17d426199ace,id-095698c45d75429fbeca49c91fe3eaea,FlowRelationship,EA ModelSet
id-32f4ca98b49746af8c5951ec626169fb,id-0d476c98354c4765ac2ee8a18f7f1b6c,RealizationRelationship,EA ModelSet
id-b950c50784d04c5d806c960de65a7868,id-6f69ff1190e948978bbfb513ed19690c,AssociationRelationship,EA ModelSet
id-095698c45d75429fbeca49c91fe3eaea,id-394b6b28dc454af4bebf15055ac90840,TriggeringRelationship,EA ModelSet
id-7477f5571edb46af95de1ab33e5ab0af,id-a9c991b00a354b95ab2a9ed5159918ed,AssociationRelationship,EA ModelSet
id-3653df716aec449da2f0394033bed0d8,id-a9c991b00a354b95ab2a9ed5159918ed,AssociationRelationship,EA ModelSet
id-b44b974556a043b48ce1b9c895141e4a,id-a9c991b00a354b95ab2a9ed5159918ed,AssociationRelationship,EA ModelSet
id-a97b3131b3de42aca707d4d081f57cb0,id-a9c991b00a354b95ab2a9ed5159918ed,AssociationRelationship,EA ModelSet
id-7477f5571edb46af95de1ab33e5ab0af,id-6f69ff1190e948978bbfb513ed19690c,ServingRelationship,EA ModelSet
id-3653df716aec449da2f0394033bed0d8,id-6f69ff1190e948978bbfb513ed19690c,ServingRelationship,EA ModelSet
id-b44b974556a043b48ce1b9c895141e4a,id-6f69ff1190e948978bbfb513ed19690c,ServingRelationship,EA ModelSet
id-a97b3131b3de42aca707d4d081f57cb0,id-6f69ff1190e948978bbfb513ed19690c,ServingRelationship,EA ModelSet
id-6f69ff1190e948978bbfb513ed19690c,id-e91aa257b3574a26b125807e1adf19cd,CompositionRelationship,EA ModelSet
id-394b6b28dc454af4bebf15055ac90840,id-e91aa257b3574a26b125807e1adf19cd,TriggeringRelationship,EA ModelSet
id-6f69ff1190e948978bbfb513ed19690c,id-d54cef31cece4321853b41358771f6e0,CompositionRelationship,EA ModelSet
id-e91aa257b3574a26b125807e1adf19cd,id-d54cef31cece4321853b41358771f6e0,FlowRelationship,EA ModelSet
id-6f69ff1190e948978bbfb513ed19690c,id-df06c6221985476e8010d1a913a83fff,CompositionRelationship,EA ModelSet
id-d54cef31cece4321853b41358771f6e0,id-df06c6221985476e8010d1a913a83fff,FlowRelationship,EA ModelSet
id-6f69ff1190e948978bbfb513ed19690c,id-a2b14dc7c49e4cfb96a25ddcf14ff862,AggregationRelationship,EA ModelSet
id-df06c6221985476e8010d1a913a83fff,id-6b79ba2336b743e3808e382fca605526,FlowRelationship,EA ModelSet
id-6b79ba2336b743e3808e382fca605526,id-a2b14dc7c49e4cfb96a25ddcf14ff862,FlowRelationship,EA ModelSet
id-a2b14dc7c49e4cfb96a25ddcf14ff862,id-f9712c20bc014392a111336bf63fe113,FlowRelationship,EA ModelSet
id-6f69ff1190e948978bbfb513ed19690c,id-c129e60dac894aae8595810dd249435c,AggregationRelationship,EA ModelSet
id-6b79ba2336b743e3808e382fca605526,id-c129e60dac894aae8595810dd249435c,FlowRelationship,EA ModelSet
id-6f69ff1190e948978bbfb513ed19690c,id-56e85db958034fb9be2942b72ae55202,AggregationRelationship,EA ModelSet
id-c129e60dac894aae8595810dd249435c,id-efe20f2d96c247128431b580f1bcca08,FlowRelationship,EA ModelSet
id-efe20f2d96c247128431b580f1bcca08,id-56e85db958034fb9be2942b72ae55202,FlowRelationship,EA ModelSet
id-56e85db958034fb9be2942b72ae55202,id-6ba6a721e24f4379af364fa5921e5991,FlowRelationship,EA ModelSet
id-c129e60dac894aae8595810dd249435c,id-3dc00418d2784ec3804da2e4376d31d6,AccessRelationship,EA ModelSet
id-6f69ff1190e948978bbfb513ed19690c,id-2c347ee447524307889ccf39fddf8339,AggregationRelationship,EA ModelSet
id-efe20f2d96c247128431b580f1bcca08,id-2c347ee447524307889ccf39fddf8339,FlowRelationship,EA ModelSet
id-6f69ff1190e948978bbfb513ed19690c,id-3a4b1c9b8f54472ab659eabcfd52c3af,AggregationRelationship,EA ModelSet
id-3a4b1c9b8f54472ab659eabcfd52c3af,id-9b64ac0aab714ff1a8df1455e2f65a0e,FlowRelationship,EA ModelSet
id-2c347ee447524307889ccf39fddf8339,id-3a4b1c9b8f54472ab659eabcfd52c3af,FlowRelationship,EA ModelSet
id-3a4b1c9b8f54472ab659eabcfd52c3af,id-ff41beba4fe3498eb5a3626fc7e0fd29,AccessRelationship,EA ModelSet
id-32f4ca98b49746af8c5951ec626169fb,id-3ba320acb6b3414bbb3a8779aab6026e,RealizationRelationship,EA ModelSet
id-32f4ca98b49746af8c5951ec626169fb,id-9747214daa884320a6ddd1703e64a856,RealizationRelationship,EA ModelSet
id-32f4ca98b49746af8c5951ec626169fb,id-ddc46be431904692bd0ae26a04082bf8,RealizationRelationship,EA ModelSet
id-32f4ca98b49746af8c5951ec626169fb,id-0d476c98354c4765ac2ee8a18f7f1b6c,RealizationRelationship,EA ModelSet
id-32f4ca98b49746af8c5951ec626169fb,id-c5590e1109234c75af71db738fbd9bb4,RealizationRelationship,EA ModelSet
id-260fe87fc05746d5b319ec1f13fab7f5,id-bf657a3f8ae9429c9b53fd59c6230613,AssociationRelationship,EA ModelSet
id-4690306757334beea4ede10d6c70a4ad,id-bf657a3f8ae9429c9b53fd59c6230613,AssociationRelationship,EA ModelSet
id-9f8ef8a9d04e4f9381efd33f4d803764,id-260fe87fc05746d5b319ec1f13fab7f5,AssociationRelationship,EA ModelSet
id-2e2bb8c3369b43aaaf81502d0f2c5de5,id-4690306757334beea4ede10d6c70a4ad,AssociationRelationship,EA ModelSet
id-947f6d91e72d4993bf0728a2438ffb09,id-4690306757334beea4ede10d6c70a4ad,AssociationRelationship,EA ModelSet
id-8197ec35e8ef476eafdb7024a67cb7b6,id-9f8ef8a9d04e4f9381efd33f4d803764,AssociationRelationship,EA ModelSet
id-5311435dab784b2f914e04fdd8ba8d5e,id-2e2bb8c3369b43aaaf81502d0f2c5de5,AssociationRelationship,EA ModelSet
id-5311435dab784b2f914e04fdd8ba8d5e,id-947f6d91e72d4993bf0728a2438ffb09,AssociationRelationship,EA ModelSet
id-a0efba2ff3294329816a8daa3e8a1da7,id-947f6d91e72d4993bf0728a2438ffb09,AssociationRelationship,EA ModelSet
id-5be8b2c8ba234efdbcda19219fbbd190,id-8197ec35e8ef476eafdb7024a67cb7b6,AssociationRelationship,EA ModelSet
id-0ec7821be6df4753a9ad8297f0c1462f,id-8197ec35e8ef476eafdb7024a67cb7b6,AssociationRelationship,EA ModelSet
id-67b352e3cf534cd8af1a60cf26289eb1,id-8197ec35e8ef476eafdb7024a67cb7b6,AssociationRelationship,EA ModelSet
id-67b352e3cf534cd8af1a60cf26289eb1,id-5311435dab784b2f914e04fdd8ba8d5e,AssociationRelationship,EA ModelSet
id-43440106e3e34431b5ab3acb682a2eb8,id-5311435dab784b2f914e04fdd8ba8d5e,AssociationRelationship,EA ModelSet
id-5d330fe62d504c9bb26afcb11cd5453e,id-a0efba2ff3294329816a8daa3e8a1da7,AssociationRelationship,EA ModelSet
id-6f149dd52fb54a59883d4430f7ee22cc,id-5311435dab784b2f914e04fdd8ba8d5e,AssociationRelationship,EA ModelSet
id-0ec7821be6df4753a9ad8297f0c1462f,id-a209862f0b79492582df0b61875d560a,CompositionRelationship,EA ModelSet
id-67b352e3cf534cd8af1a60cf26289eb1,id-58100fabb515402f991a11a661f2662b,CompositionRelationship,EA ModelSet
id-6f149dd52fb54a59883d4430f7ee22cc,id-91be13b55076408f92c81972fa78cb89,CompositionRelationship,EA ModelSet
id-43440106e3e34431b5ab3acb682a2eb8,id-1a507c5d597e43e0a39aeb94babd6104,CompositionRelationship,EA ModelSet
id-5d330fe62d504c9bb26afcb11cd5453e,id-abdad002d87b4e7ab24c9d9575895930,CompositionRelationship,EA ModelSet
id-1daaf77296c240f9b26d6305fd8c5990,id-6a8914c934b54db5983d3be776bd5648,CompositionRelationship,EA ModelSet
id-6a8914c934b54db5983d3be776bd5648,id-d8394a7fcaed467a8dc81aeebff2c51a,AssociationRelationship,EA ModelSet
id-7a1d803adb4048d294defc7bf2e72077,id-6a8914c934b54db5983d3be776bd5648,AssociationRelationship,EA ModelSet
id-1daaf77296c240f9b26d6305fd8c5990,id-1c07fa0d210a4dc5ab76dd3d7cb00733,CompositionRelationship,EA ModelSet
id-1c07fa0d210a4dc5ab76dd3d7cb00733,id-7a1d803adb4048d294defc7bf2e72077,AssociationRelationship,EA ModelSet
id-1daaf77296c240f9b26d6305fd8c5990,id-c77ab62de1c048938aede92d9d2fad38,CompositionRelationship,EA ModelSet
id-c77ab62de1c048938aede92d9d2fad38,id-7a1d803adb4048d294defc7bf2e72077,AssociationRelationship,EA ModelSet
id-1daaf77296c240f9b26d6305fd8c5990,id-3f2fc7b9783e46c88eb648e23d1f2c30,CompositionRelationship,EA ModelSet
id-c77ab62de1c048938aede92d9d2fad38,id-3f2fc7b9783e46c88eb648e23d1f2c30,AssociationRelationship,EA ModelSet
id-1c07fa0d210a4dc5ab76dd3d7cb00733,id-3f2fc7b9783e46c88eb648e23d1f2c30,AssociationRelationship,EA ModelSet
id-da8952461fd84c328eb6bd3498b2809f,id-1c07fa0d210a4dc5ab76dd3d7cb00733,AssociationRelationship,EA ModelSet
id-1daaf77296c240f9b26d6305fd8c5990,id-5bbfb15e8b8b4d7c846f6222360786e9,AssociationRelationship,EA ModelSet
id-37c9cee1261f442ab6495f0c6f1a2f8c,id-1daaf77296c240f9b26d6305fd8c5990,AssociationRelationship,EA ModelSet
id-1daaf77296c240f9b26d6305fd8c5990,id-cadd39ce79a3450392e25bb3fdafbbb5,AssociationRelationship,EA ModelSet
id-a7082325e3d5495bbc24c20327b2df81,id-cadd39ce79a3450392e25bb3fdafbbb5,AssociationRelationship,EA ModelSet
id-6a8914c934b54db5983d3be776bd5648,id-1a507c5d597e43e0a39aeb94babd6104,InfluenceRelationship,EA ModelSet
id-c77ab62de1c048938aede92d9d2fad38,id-a209862f0b79492582df0b61875d560a,InfluenceRelationship,EA ModelSet
id-3f2fc7b9783e46c88eb648e23d1f2c30,id-58100fabb515402f991a11a661f2662b,RealizationRelationship,EA ModelSet
id-3f2fc7b9783e46c88eb648e23d1f2c30,id-91be13b55076408f92c81972fa78cb89,RealizationRelationship,EA ModelSet
id-1c07fa0d210a4dc5ab76dd3d7cb00733,id-abdad002d87b4e7ab24c9d9575895930,RealizationRelationship,EA ModelSet
id-128024fa29364a7f9944afc88ebb8b61,id-ed6f88689ec64a51823b650cf6c62a75,AssociationRelationship,EA ModelSet
id-300330c2706f4d2bacdc0b0cd7caff8b,id-128024fa29364a7f9944afc88ebb8b61,AssociationRelationship,EA ModelSet
id-cb6a96c4559f4e0dacb6f4417f7ef989,id-a02d390864eb404488370e2724ce05df,AccessRelationship,EA ModelSet
id-a02d390864eb404488370e2724ce05df,id-300330c2706f4d2bacdc0b0cd7caff8b,AssociationRelationship,EA ModelSet
id-99fa3f586a7b457d93265225aec3770a,id-1665cf0f86914d4c9352b274e40b6ede,AssociationRelationship,EA ModelSet
id-08cfe8c8043343af8465eb0201cf61a4,id-99fa3f586a7b457d93265225aec3770a,AssociationRelationship,EA ModelSet
id-cb6a96c4559f4e0dacb6f4417f7ef989,id-8388e2254a2245a6a3485e7485e615d0,AccessRelationship,EA ModelSet
id-8388e2254a2245a6a3485e7485e615d0,id-08cfe8c8043343af8465eb0201cf61a4,AssociationRelationship,EA ModelSet
id-06c2a13242ab4e76a52afa741c3af8a1,id-1665cf0f86914d4c9352b274e40b6ede,AssociationRelationship,EA ModelSet
id-e9efebdf90824bbca3f4d6010418230b,id-06c2a13242ab4e76a52afa741c3af8a1,AssociationRelationship,EA ModelSet
id-b7bc2ef938804a0fabb0fa9b3c4ecdd9,id-e9efebdf90824bbca3f4d6010418230b,AssociationRelationship,EA ModelSet
id-cb6a96c4559f4e0dacb6f4417f7ef989,id-c62cd501b17e47408533dfedc643a54e,AccessRelationship,EA ModelSet
id-c62cd501b17e47408533dfedc643a54e,id-e41e213f677a4b1899107b0671ea893f,AssociationRelationship,EA ModelSet
id-e41e213f677a4b1899107b0671ea893f,id-b7bc2ef938804a0fabb0fa9b3c4ecdd9,AssociationRelationship,EA ModelSet
id-ed6f88689ec64a51823b650cf6c62a75,id-6a8914c934b54db5983d3be776bd5648,RealizationRelationship,EA ModelSet
id-1665cf0f86914d4c9352b274e40b6ede,id-3f2fc7b9783e46c88eb648e23d1f2c30,RealizationRelationship,EA ModelSet
id-e9efebdf90824bbca3f4d6010418230b,id-1c07fa0d210a4dc5ab76dd3d7cb00733,RealizationRelationship,EA ModelSet
id-e230b8499bed4a4c9e8375d546ff7b6f,id-7e8d30f1cfac48a4b99f02adeb9a01a5,AssociationRelationship,EA ModelSet
id-8a211bc95a614bfdb3edc10ffe0c13c4,id-7e8d30f1cfac48a4b99f02adeb9a01a5,AssociationRelationship,EA ModelSet
id-5d1eb028aeea4a80ba8796ea1d27a628,id-8a211bc95a614bfdb3edc10ffe0c13c4,AssociationRelationship,EA ModelSet
id-5abaebd8f9b345f38ae44e5910199184,id-4a1f597c5f0342d299be2967250c1b53,CompositionRelationship,EA ModelSet
id-5abaebd8f9b345f38ae44e5910199184,id-5d1eb028aeea4a80ba8796ea1d27a628,AssociationRelationship,EA ModelSet
id-59a6e4d65edf48c782c038fe12f146c3,id-f4fe940c68e24d2a9f46e10c7f61445b,CompositionRelationship,EA ModelSet
id-956c14f27a6d48eb8a654459d13e2c16,id-c88d07061c28472fb9877b5655bd6e66,CompositionRelationship,EA ModelSet
id-cbbf8c0ba9f4498482953b7308d44889,id-7a7e1240eb1a447eb3d3f1aa2c3b47d2,CompositionRelationship,EA ModelSet
id-6351140ea9d8456a9b780b576b416a13,id-357e1b246dcf456d99fce36f5c90f5ba,AssociationRelationship,EA ModelSet
id-89daa424413d4f1e88756f5a12c8ed8b,id-cbbf8c0ba9f4498482953b7308d44889,AssociationRelationship,EA ModelSet
id-89daa424413d4f1e88756f5a12c8ed8b,id-59a6e4d65edf48c782c038fe12f146c3,AssociationRelationship,EA ModelSet
id-89daa424413d4f1e88756f5a12c8ed8b,id-956c14f27a6d48eb8a654459d13e2c16,AssociationRelationship,EA ModelSet
id-89daa424413d4f1e88756f5a12c8ed8b,id-d143a483830148c9916c0f58eef6b56c,AssociationRelationship,EA ModelSet
_ohBykDgLEDmqJbAPiW2qxg,_BKn-gDgMEDmqJbAPiW2qxg,SpecializationRelationship,EA ModelSet
_q26r4DgLEDmqJbAPiW2qxg,_BKn-gDgMEDmqJbAPiW2qxg,SpecializationRelationship,EA ModelSet
_ZaTEADgLEDmqJbAPiW2qxg,_BKn-gDgMEDmqJbAPiW2qxg,AssociationRelationship,EA ModelSet
_KsPUIDgLEDmqJbAPiW2qxg,_BKn-gDgMEDmqJbAPiW2qxg,AssociationRelationship,EA ModelSet
_DZopMDgLEDmqJbAPiW2qxg,_BKn-gDgMEDmqJbAPiW2qxg,AssociationRelationship,EA ModelSet
_wMuS8DgLEDmqJbAPiW2qxg,_BKn-gDgMEDmqJbAPiW2qxg,AssociationRelationship,EA ModelSet
_JqJvkDgMEDmqJbAPiW2qxg,_DZopMDgLEDmqJbAPiW2qxg,AssociationRelationship,EA ModelSet
_JqJvkDgMEDmqJbAPiW2qxg,_KsPUIDgLEDmqJbAPiW2qxg,AssociationRelationship,EA ModelSet
_JqJvkDgMEDmqJbAPiW2qxg,_S6mcsDgLEDmqJbAPiW2qxg,AssociationRelationship,EA ModelSet
_JqJvkDgMEDmqJbAPiW2qxg,_ZaTEADgLEDmqJbAPiW2qxg,AssociationRelationship,EA ModelSet
_8v22kDi_EDmqJbAPiW2qxg,_NXlTQDi_EDmqJbAPiW2qxg,SpecializationRelationship,EA ModelSet
_E7-jcDjAEDmqJbAPiW2qxg,_NXlTQDi_EDmqJbAPiW2qxg,SpecializationRelationship,EA ModelSet
_JPUn8DjAEDmqJbAPiW2qxg,_NXlTQDi_EDmqJbAPiW2qxg,SpecializationRelationship,EA ModelSet
_NXlTQDi_EDmqJbAPiW2qxg,_ZRdO0DjAEDmqJbAPiW2qxg,RealizationRelationship,EA ModelSet
_hj4tIDjCEDmqJbAPiW2qxg,_E7-jcDjAEDmqJbAPiW2qxg,SpecializationRelationship,EA ModelSet
_w3bIoDjCEDmqJbAPiW2qxg,_0U1qsDjCEDmqJbAPiW2qxg,CompositionRelationship,EA ModelSet
_hj4tIDjCEDmqJbAPiW2qxg,_0U1qsDjCEDmqJbAPiW2qxg,AggregationRelationship,EA ModelSet
_ZRdO0DjAEDmqJbAPiW2qxg,_psC0IDjPEDmqJbAPiW2qxg,RealizationRelationship,EA ModelSet
_ZRdO0DjAEDmqJbAPiW2qxg,_u-NRUDjPEDmqJbAPiW2qxg,RealizationRelationship,EA ModelSet
_5zkxYDkcEDmVW9z_T_ZrBQ,_5zlYdzkcEDmVW9z_T_ZrBQ,RealizationRelationship,EA ModelSet
_5zkxYDkcEDmVW9z_T_ZrBQ,_5zkxYjkcEDmVW9z_T_ZrBQ,CompositionRelationship,EA ModelSet
_5zlYcTkcEDmVW9z_T_ZrBQ,_5zlYdTkcEDmVW9z_T_ZrBQ,AssociationRelationship,EA ModelSet
_5zlYeTkcEDmVW9z_T_ZrBQ,_5zlYczkcEDmVW9z_T_ZrBQ,CompositionRelationship,EA ModelSet
_5zl_gDkcEDmVW9z_T_ZrBQ,_5zlYdTkcEDmVW9z_T_ZrBQ,RealizationRelationship,EA ModelSet
_5zlYdTkcEDmVW9z_T_ZrBQ,_5zlYdzkcEDmVW9z_T_ZrBQ,FlowRelationship,EA ModelSet
_5zlYdzkcEDmVW9z_T_ZrBQ,_5zl_hjkcEDmVW9z_T_ZrBQ,RealizationRelationship,EA ModelSet
_5zlYeTkcEDmVW9z_T_ZrBQ,_5zl_gjkcEDmVW9z_T_ZrBQ,AggregationRelationship,EA ModelSet
_5zlYezkcEDmVW9z_T_ZrBQ,_5zl_hjkcEDmVW9z_T_ZrBQ,SpecializationRelationship,EA ModelSet
_5zlYfTkcEDmVW9z_T_ZrBQ,_5zlYezkcEDmVW9z_T_ZrBQ,AssociationRelationship,EA ModelSet
_5zl_gDkcEDmVW9z_T_ZrBQ,_5zl_hDkcEDmVW9z_T_ZrBQ,RealizationRelationship,EA ModelSet
_5zl_lDkcEDmVW9z_T_ZrBQ,_5zl_gDkcEDmVW9z_T_ZrBQ,FlowRelationship,EA ModelSet
_5zl_gjkcEDmVW9z_T_ZrBQ,_5zl_gDkcEDmVW9z_T_ZrBQ,RealizationRelationship,EA ModelSet
_5zl_hDkcEDmVW9z_T_ZrBQ,_5zmmmDkcEDmVW9z_T_ZrBQ,AssociationRelationship,EA ModelSet
_5zl_hDkcEDmVW9z_T_ZrBQ,_5zmmkjkcEDmVW9z_T_ZrBQ,AssociationRelationship,EA ModelSet
_5zl_hDkcEDmVW9z_T_ZrBQ,_5zl_iDkcEDmVW9z_T_ZrBQ,AssociationRelationship,EA ModelSet
_5zl_ljkcEDmVW9z_T_ZrBQ,_5zl_hDkcEDmVW9z_T_ZrBQ,AssociationRelationship,EA ModelSet
_5zmmkjkcEDmVW9z_T_ZrBQ,_5zl_hjkcEDmVW9z_T_ZrBQ,AssociationRelationship,EA ModelSet
_5zl_hjkcEDmVW9z_T_ZrBQ,_5zmmlDkcEDmVW9z_T_ZrBQ,AssociationRelationship,EA ModelSet
_5zl_jDkcEDmVW9z_T_ZrBQ,_5zl_hjkcEDmVW9z_T_ZrBQ,SpecializationRelationship,EA ModelSet
_5zl_hjkcEDmVW9z_T_ZrBQ,_5zl_iDkcEDmVW9z_T_ZrBQ,AssociationRelationship,EA ModelSet
_5zl_kjkcEDmVW9z_T_ZrBQ,_5zl_hjkcEDmVW9z_T_ZrBQ,SpecializationRelationship,EA ModelSet
_5zl_ijkcEDmVW9z_T_ZrBQ,_5zl_jDkcEDmVW9z_T_ZrBQ,AssociationRelationship,EA ModelSet
_5zl_kDkcEDmVW9z_T_ZrBQ,_5zl_kjkcEDmVW9z_T_ZrBQ,AssociationRelationship,EA ModelSet
_5zl_kjkcEDmVW9z_T_ZrBQ,_5zmmljkcEDmVW9z_T_ZrBQ,AssociationRelationship,EA ModelSet
_5zmmoDkcEDmVW9z_T_ZrBQ,_5zl_lDkcEDmVW9z_T_ZrBQ,RealizationRelationship,EA ModelSet
_5zmmkDkcEDmVW9z_T_ZrBQ,_5zl_lDkcEDmVW9z_T_ZrBQ,AssociationRelationship,EA ModelSet
_5zmmojkcEDmVW9z_T_ZrBQ,_5zl_ljkcEDmVW9z_T_ZrBQ,AssociationRelationship,EA ModelSet
_5zmmlDkcEDmVW9z_T_ZrBQ,_5zmmkjkcEDmVW9z_T_ZrBQ,AssociationRelationship,EA ModelSet
_5zmmmDkcEDmVW9z_T_ZrBQ,_5zmmkjkcEDmVW9z_T_ZrBQ,AssociationRelationship,EA ModelSet
_5zmmmjkcEDmVW9z_T_ZrBQ,_5zmmkjkcEDmVW9z_T_ZrBQ,InfluenceRelationship,EA ModelSet
_5zmmljkcEDmVW9z_T_ZrBQ,_5zmmlDkcEDmVW9z_T_ZrBQ,AssociationRelationship,EA ModelSet
_5zmmojkcEDmVW9z_T_ZrBQ,_5zmmmDkcEDmVW9z_T_ZrBQ,AssociationRelationship,EA ModelSet
_5zmmnjkcEDmVW9z_T_ZrBQ,_5zmmnDkcEDmVW9z_T_ZrBQ,AggregationRelationship,EA ModelSet
_5zmmnDkcEDmVW9z_T_ZrBQ,_5zmmoDkcEDmVW9z_T_ZrBQ,RealizationRelationship,EA ModelSet
_5zmmoDkcEDmVW9z_T_ZrBQ,_5zmmojkcEDmVW9z_T_ZrBQ,RealizationRelationship,EA ModelSet
_t8eLEDkdEDmVW9z_T_ZrBQ,_v2PwIDkdEDmVW9z_T_ZrBQ,FlowRelationship,EA ModelSet
_v2PwIDkdEDmVW9z_T_ZrBQ,_-9bKoDkdEDmVW9z_T_ZrBQ,FlowRelationship,EA ModelSet
_-9bKoDkdEDmVW9z_T_ZrBQ,_Cuir0DkeEDmVW9z_T_ZrBQ,AggregationRelationship,EA ModelSet
_t8eLEDkdEDmVW9z_T_ZrBQ,_f-XcADkeEDmVW9z_T_ZrBQ,AggregationRelationship,EA ModelSet
_Cuir0DkeEDmVW9z_T_ZrBQ,_0DzgQDkeEDmVW9z_T_ZrBQ,RealizationRelationship,EA ModelSet
_Cuir0DkeEDmVW9z_T_ZrBQ,_5tnBYDkeEDmVW9z_T_ZrBQ,RealizationRelationship,EA ModelSet
_f-XcADkeEDmVW9z_T_ZrBQ,_aF5-YDkfEDmVW9z_T_ZrBQ,RealizationRelationship,EA ModelSet
_gP8ewDkfEDmVW9z_T_ZrBQ,_op8PkDkfEDmVW9z_T_ZrBQ,AggregationRelationship,EA ModelSet
_op8PkDkfEDmVW9z_T_ZrBQ,_3GQIIDkfEDmVW9z_T_ZrBQ,RealizationRelationship,EA ModelSet
_aF5-YDkfEDmVW9z_T_ZrBQ,_BxdGkDkgEDmVW9z_T_ZrBQ,RealizationRelationship,EA ModelSet
_BxdGkDkgEDmVW9z_T_ZrBQ,_3GQIIDkfEDmVW9z_T_ZrBQ,FlowRelationship,EA ModelSet
_0DzgQDkeEDmVW9z_T_ZrBQ,_J_uIgDkgEDmVW9z_T_ZrBQ,RealizationRelationship,EA ModelSet
_NEtjgDkgEDmVW9z_T_ZrBQ,_5tnBYDkeEDmVW9z_T_ZrBQ,FlowRelationship,EA ModelSet
_l26R0DkgEDmVW9z_T_ZrBQ,_rUtXQDkgEDmVW9z_T_ZrBQ,AggregationRelationship,EA ModelSet
_jlQYQDkgEDmVW9z_T_ZrBQ,_vi8SQDkgEDmVW9z_T_ZrBQ,AggregationRelationship,EA ModelSet
_32uGUDkgEDmVW9z_T_ZrBQ,_l26R0DkgEDmVW9z_T_ZrBQ,SpecializationRelationship,EA ModelSet
_8CeVEDkgEDmVW9z_T_ZrBQ,_l26R0DkgEDmVW9z_T_ZrBQ,SpecializationRelationship,EA ModelSet
_-9bKoDkdEDmVW9z_T_ZrBQ,_KtszYDkhEDmVW9z_T_ZrBQ,AggregationRelationship,EA ModelSet
_-9bKoDkdEDmVW9z_T_ZrBQ,_UJUZQDkhEDmVW9z_T_ZrBQ,AggregationRelationship,EA ModelSet
_3GQIIDkfEDmVW9z_T_ZrBQ,_1xiGADkhEDmVW9z_T_ZrBQ,RealizationRelationship,EA ModelSet
_1xiGADkhEDmVW9z_T_ZrBQ,_Ff2ZADkiEDmVW9z_T_ZrBQ,FlowRelationship,EA ModelSet
_rUtXQDkgEDmVW9z_T_ZrBQ,_Ff2ZADkiEDmVW9z_T_ZrBQ,RealizationRelationship,EA ModelSet
_o2R7EDkiEDmVW9z_T_ZrBQ,_NEtjgDkgEDmVW9z_T_ZrBQ,RealizationRelationship,EA ModelSet
_J_uIgDkgEDmVW9z_T_ZrBQ,_sp2TUDkiEDmVW9z_T_ZrBQ,FlowRelationship,EA ModelSet
_Ff2ZADkiEDmVW9z_T_ZrBQ,_YCVx4DkkEDmVW9z_T_ZrBQ,RealizationRelationship,EA ModelSet
_YCVx4DkkEDmVW9z_T_ZrBQ,_sp2TUDkiEDmVW9z_T_ZrBQ,FlowRelationship,EA ModelSet
_vi8SQDkgEDmVW9z_T_ZrBQ,_o2R7EDkiEDmVW9z_T_ZrBQ,RealizationRelationship,EA ModelSet
_vi8SQDkgEDmVW9z_T_ZrBQ,_sp2TUDkiEDmVW9z_T_ZrBQ,RealizationRelationship,EA ModelSet
id-9aa7efca,ce17e1fa,AssociationRelationship,EA ModelSet
id-4db5bf4b,f86054fa,AssociationRelationship,EA ModelSet
edcce5a8,id-932679bd,CompositionRelationship,EA ModelSet
id-02a24164,e795f8b6,AssociationRelationship,EA ModelSet
id-08520a4c,id-6e5e69db,AssociationRelationship,EA ModelSet
id-9de65f1f,id-08520a4c,AssociationRelationship,EA ModelSet
id-6eb221f9,id-3426b1b2,AssociationRelationship,EA ModelSet
a17277f8,id-11b67a9f,AssociationRelationship,EA ModelSet
id-2fa64e3c,id-8c0ea9ab,AssociationRelationship,EA ModelSet
id-7a047e23,id-2fa64e3c,CompositionRelationship,EA ModelSet
id-02a24164,id-9de65f1f,AssociationRelationship,EA ModelSet
id-098d3999,id-9cf24c7d,AssociationRelationship,EA ModelSet
id-6d84a1d2,id-27ef86e9,CompositionRelationship,EA ModelSet
id-7a047e23,id-8c0ea9ab,CompositionRelationship,EA ModelSet
id-2a3c369a,b306d1d8,AssociationRelationship,EA ModelSet
edcce5a8,ce17e1fa,CompositionRelationship,EA ModelSet
d813da67,ce17e1fa,AssociationRelationship,EA ModelSet
id-3426b1b2,f9792ce3,CompositionRelationship,EA ModelSet
id-02a24164,id-5bdedd00,AssociationRelationship,EA ModelSet
id-7a047e23,b306d1d8,CompositionRelationship,EA ModelSet
id-7a047e23,id-0d133a6d,CompositionRelationship,EA ModelSet
id-6d84a1d2,d219b315,CompositionRelationship,EA ModelSet
edcce5a8,id-171afaa6,CompositionRelationship,EA ModelSet
b306d1d8,id-5ab193a0,AssociationRelationship,EA ModelSet
id-08520a4c,id-02a24164,AssociationRelationship,EA ModelSet
id-171afaa6,ce17e1fa,AssociationRelationship,EA ModelSet
id-6d84a1d2,id-5de30fd4,CompositionRelationship,EA ModelSet
id-3426b1b2,id-3cd347a5,CompositionRelationship,EA ModelSet
id-5bdedd00,id-097ff142,AssociationRelationship,EA ModelSet
edcce5a8,cae6f4d2,CompositionRelationship,EA ModelSet
id-61954c34,a17277f8,CompositionRelationship,EA ModelSet
d968ddac,f86054fa,AssociationRelationship,EA ModelSet
id-7a047e23,id-02a24164,CompositionRelationship,EA ModelSet
edcce5a8,d813da67,CompositionRelationship,EA ModelSet
id-11b67a9f,id-1928b57b,AssociationRelationship,EA ModelSet
id-5bdedd00,id-171afaa6,AssociationRelationship,EA ModelSet
id-7a047e23,id-5ab193a0,CompositionRelationship,EA ModelSet
id-9aa7efca,id-932679bd,AssociationRelationship,EA ModelSet
id-3426b1b2,id-68a3da43,AssociationRelationship,EA ModelSet
id-6d84a1d2,id-098d3999,CompositionRelationship,EA ModelSet
id-6d84a1d2,id-9cf24c7d,CompositionRelationship,EA ModelSet
id-3426b1b2,id-9c34fbbf,AssociationRelationship,EA ModelSet
id-7a047e23,e795f8b6,CompositionRelationship,EA ModelSet
id-9c34fbbf,a17277f8,AssociationRelationship,EA ModelSet
edcce5a8,id-9aa7efca,CompositionRelationship,EA ModelSet
id-1928b57b,d968ddac,AssociationRelationship,EA ModelSet
id-7a047e23,id-2a3c369a,CompositionRelationship,EA ModelSet
id-0d133a6d,id-8c0ea9ab,AssociationRelationship,EA ModelSet
id-61954c34,id-9c34fbbf,CompositionRelationship,EA ModelSet
cae6f4d2,id-5356d4f7,AssociationRelationship,EA ModelSet
id-3426b1b2,d813da67,AssociationRelationship,EA ModelSet
id-6d84a1d2,id-5bdedd00,CompositionRelationship,EA ModelSet
id-61954c34,id-6e5e69db,CompositionRelationship,EA ModelSet
e795f8b6,id-8c0ea9ab,AssociationRelationship,EA ModelSet
id-61954c34,d968ddac,CompositionRelationship,EA ModelSet
d219b315,id-098d3999,AssociationRelationship,EA ModelSet
id-61954c34,id-08520a4c,CompositionRelationship,EA ModelSet
id-6e5e69db,id-11b67a9f,AssociationRelationship,EA ModelSet
a17277f8,id-6e5e69db,AssociationRelationship,EA ModelSet
id-5de30fd4,id-097ff142,AssociationRelationship,EA ModelSet
id-61954c34,id-11b67a9f,CompositionRelationship,EA ModelSet
id-61954c34,id-1928b57b,CompositionRelationship,EA ModelSet
edcce5a8,ce17e1fa,AssociationRelationship,EA ModelSet
id-9cf24c7d,id-27ef86e9,AssociationRelationship,EA ModelSet
id-3426b1b2,id-5de30fd4,AssociationRelationship,EA ModelSet
id-2fa64e3c,id-2a3c369a,AssociationRelationship,EA ModelSet
id-3426b1b2,f9792ce3,AssociationRelationship,EA ModelSet
edcce5a8,id-5356d4f7,CompositionRelationship,EA ModelSet
id-02a24164,id-8c0ea9ab,AssociationRelationship,EA ModelSet
id-61954c34,f86054fa,CompositionRelationship,EA ModelSet
id-9de65f1f,a17277f8,AssociationRelationship,EA ModelSet
id-6d84a1d2,id-097ff142,CompositionRelationship,EA ModelSet
id-61954c34,id-9de65f1f,CompositionRelationship,EA ModelSet
id-61954c34,id-4db5bf4b,CompositionRelationship,EA ModelSet
d219b315,id-097ff142,AssociationRelationship,EA ModelSet
id-3426b1b2,id-0d133a6d,AssociationRelationship,EA ModelSet
id-3426b1b2,id-68a3da43,CompositionRelationship,EA ModelSet
id-932679bd,cae6f4d2,AssociationRelationship,EA ModelSet
id-3426b1b2,id-3cd347a5,AssociationRelationship,EA ModelSet
id-9c34fbbf,id-6e5e69db,AssociationRelationship,EA ModelSet
id-1928b57b,id-4db5bf4b,AssociationRelationship,EA ModelSet
id-c001e31db21e4853aae78cc326889c6b,id-8436ed7d60e14890bbcce09e64783343,TriggeringRelationship,EA ModelSet
id-8436ed7d60e14890bbcce09e64783343,id-07bae85336484a48b54807d7c9b41b4b,TriggeringRelationship,EA ModelSet
id-07bae85336484a48b54807d7c9b41b4b,id-6c0e5f4d287b4f2fa327cde23af2ff7b,TriggeringRelationship,EA ModelSet
id-6c0e5f4d287b4f2fa327cde23af2ff7b,id-d1d12879514344eda372d31a17a31de0,TriggeringRelationship,EA ModelSet
id-d1d12879514344eda372d31a17a31de0,id-5e7cfb13711240d297cdb09d719efd6a,TriggeringRelationship,EA ModelSet
id-a4cf6f3d55d14237a8b4b0a00d7328cc,id-8436ed7d60e14890bbcce09e64783343,AssignmentRelationship,EA ModelSet
id-a4cf6f3d55d14237a8b4b0a00d7328cc,id-07bae85336484a48b54807d7c9b41b4b,AssignmentRelationship,EA ModelSet
id-a4cf6f3d55d14237a8b4b0a00d7328cc,id-6c0e5f4d287b4f2fa327cde23af2ff7b,AssignmentRelationship,EA ModelSet
id-8436ed7d60e14890bbcce09e64783343,id-87e2a490b947470eb654fd9815fd513e,AccessRelationship,EA ModelSet
id-87e2a490b947470eb654fd9815fd513e,id-2ffa4c70d48949d78fffb3c0556fd3af,AssociationRelationship,EA ModelSet
id-07bae85336484a48b54807d7c9b41b4b,id-87e2a490b947470eb654fd9815fd513e,AccessRelationship,EA ModelSet
id-6c0e5f4d287b4f2fa327cde23af2ff7b,id-b8ff23b501ab49648b9e62028273cbe4,AccessRelationship,EA ModelSet
id-d1d12879514344eda372d31a17a31de0,id-b8ff23b501ab49648b9e62028273cbe4,AccessRelationship,EA ModelSet
id-d1d12879514344eda372d31a17a31de0,id-c4e7034945fb48d88b6d3021e44fca43,AccessRelationship,EA ModelSet
id-5e7cfb13711240d297cdb09d719efd6a,id-c4e7034945fb48d88b6d3021e44fca43,AccessRelationship,EA ModelSet
id-f0993b267cd84df2abb6be9fd35fbf0f,id-d1d12879514344eda372d31a17a31de0,AssignmentRelationship,EA ModelSet
id-f0993b267cd84df2abb6be9fd35fbf0f,id-5e7cfb13711240d297cdb09d719efd6a,AssignmentRelationship,EA ModelSet
id-5e7cfb13711240d297cdb09d719efd6a,id-056a55017ade4845a7d665da3aa30717,TriggeringRelationship,EA ModelSet
id-056a55017ade4845a7d665da3aa30717,id-c4e7034945fb48d88b6d3021e44fca43,AccessRelationship,EA ModelSet
id-056a55017ade4845a7d665da3aa30717,id-7f7dfb02b8354b7fad0e976ad9fa0134,FlowRelationship,EA ModelSet
id-056a55017ade4845a7d665da3aa30717,id-7f7dfb02b8354b7fad0e976ad9fa0134,TriggeringRelationship,EA ModelSet
id-f0993b267cd84df2abb6be9fd35fbf0f,id-056a55017ade4845a7d665da3aa30717,AssignmentRelationship,EA ModelSet
id-fe989c4628044d2e8e634bf2d6978f73,id-43a6cb154eee454f8e5e6bf3802b75d2,CompositionRelationship,EA ModelSet
id-43a6cb154eee454f8e5e6bf3802b75d2,id-54e14b6a2d154ce1b5ec2be62d15b4ac,TriggeringRelationship,EA ModelSet
id-7f7dfb02b8354b7fad0e976ad9fa0134,id-fe989c4628044d2e8e634bf2d6978f73,TriggeringRelationship,EA ModelSet
id-54e14b6a2d154ce1b5ec2be62d15b4ac,id-43a6cb154eee454f8e5e6bf3802b75d2,TriggeringRelationship,EA ModelSet
id-fe989c4628044d2e8e634bf2d6978f73,id-5856ddc503f74e91aed41a8909bc2d34,CompositionRelationship,EA ModelSet
id-54e14b6a2d154ce1b5ec2be62d15b4ac,id-5856ddc503f74e91aed41a8909bc2d34,TriggeringRelationship,EA ModelSet
id-5856ddc503f74e91aed41a8909bc2d34,id-a633ac482cc64f3c80bfd7bb0912bd73,TriggeringRelationship,EA ModelSet
id-a633ac482cc64f3c80bfd7bb0912bd73,id-43a6cb154eee454f8e5e6bf3802b75d2,TriggeringRelationship,EA ModelSet
id-fe989c4628044d2e8e634bf2d6978f73,id-913f5dc43ba74ad3a2d8a8264c9f71d6,CompositionRelationship,EA ModelSet
id-a633ac482cc64f3c80bfd7bb0912bd73,id-913f5dc43ba74ad3a2d8a8264c9f71d6,TriggeringRelationship,EA ModelSet
id-fe989c4628044d2e8e634bf2d6978f73,id-87e2a490b947470eb654fd9815fd513e,AccessRelationship,EA ModelSet
id-c4e7034945fb48d88b6d3021e44fca43,id-7fdc0c6dc81d4b7eb51d14be0753ab2e,AssociationRelationship,EA ModelSet
id-fe989c4628044d2e8e634bf2d6978f73,id-c4e7034945fb48d88b6d3021e44fca43,AccessRelationship,EA ModelSet
id-913f5dc43ba74ad3a2d8a8264c9f71d6,id-9242dab3d8984a8d827012486ec0f977,TriggeringRelationship,EA ModelSet
id-9242dab3d8984a8d827012486ec0f977,id-7f7dfb02b8354b7fad0e976ad9fa0134,TriggeringRelationship,EA ModelSet
id-9242dab3d8984a8d827012486ec0f977,id-f107679a63054e0bbcc205ef7e010e05,TriggeringRelationship,EA ModelSet
id-a4cf6f3d55d14237a8b4b0a00d7328cc,id-fe989c4628044d2e8e634bf2d6978f73,AssignmentRelationship,EA ModelSet
id-6c0e5f4d287b4f2fa327cde23af2ff7b,id-b8ff23b501ab49648b9e62028273cbe4,AccessRelationship,EA ModelSet
id-07bae85336484a48b54807d7c9b41b4b,id-b8ff23b501ab49648b9e62028273cbe4,AccessRelationship,EA ModelSet
id-f107679a63054e0bbcc205ef7e010e05,id-44f583152a844fb58ddbf4573bb11c5c,TriggeringRelationship,EA ModelSet
id-8e7de1dfd8cf47fa87afabb6e5cc0c09,id-44f583152a844fb58ddbf4573bb11c5c,AssignmentRelationship,EA ModelSet
id-fe989c4628044d2e8e634bf2d6978f73,id-6413b2aec41c4c1e82b73be0dfe19ad1,AccessRelationship,EA ModelSet
id-913f5dc43ba74ad3a2d8a8264c9f71d6,id-6413b2aec41c4c1e82b73be0dfe19ad1,AccessRelationship,EA ModelSet
id-44f583152a844fb58ddbf4573bb11c5c,id-6413b2aec41c4c1e82b73be0dfe19ad1,AccessRelationship,EA ModelSet
id-44f583152a844fb58ddbf4573bb11c5c,id-5b5728786ef544b59ac7fb98d9571276,TriggeringRelationship,EA ModelSet
id-5b5728786ef544b59ac7fb98d9571276,id-6413b2aec41c4c1e82b73be0dfe19ad1,AccessRelationship,EA ModelSet
id-5b5728786ef544b59ac7fb98d9571276,id-c4e7034945fb48d88b6d3021e44fca43,AccessRelationship,EA ModelSet
id-8e7de1dfd8cf47fa87afabb6e5cc0c09,id-5b5728786ef544b59ac7fb98d9571276,AssignmentRelationship,EA ModelSet
id-5b5728786ef544b59ac7fb98d9571276,id-f21dc3759fb04ec882fbfdac57903263,TriggeringRelationship,EA ModelSet
id-8e7de1dfd8cf47fa87afabb6e5cc0c09,id-f21dc3759fb04ec882fbfdac57903263,AssignmentRelationship,EA ModelSet
id-f21dc3759fb04ec882fbfdac57903263,id-6413b2aec41c4c1e82b73be0dfe19ad1,AccessRelationship,EA ModelSet
id-f21dc3759fb04ec882fbfdac57903263,id-2c498a08664d44a6b550c3caad00b9cf,AccessRelationship,EA ModelSet
id-f21dc3759fb04ec882fbfdac57903263,id-42b0d0a0223747578f4231586da74d7d,TriggeringRelationship,EA ModelSet
id-86fcdb26d6074b74ae1f91cd75eb59cd,id-d0683a80233a47a6a93d2ef59e979b82,AccessRelationship,EA ModelSet
id-42b0d0a0223747578f4231586da74d7d,id-86fcdb26d6074b74ae1f91cd75eb59cd,TriggeringRelationship,EA ModelSet
id-8e7de1dfd8cf47fa87afabb6e5cc0c09,id-86fcdb26d6074b74ae1f91cd75eb59cd,AssignmentRelationship,EA ModelSet
id-86fcdb26d6074b74ae1f91cd75eb59cd,id-36c9d379633c431a857aa3ba06dd146a,TriggeringRelationship,EA ModelSet
id-f0993b267cd84df2abb6be9fd35fbf0f,id-36c9d379633c431a857aa3ba06dd146a,AssignmentRelationship,EA ModelSet
id-36c9d379633c431a857aa3ba06dd146a,id-d0683a80233a47a6a93d2ef59e979b82,AccessRelationship,EA ModelSet
id-36c9d379633c431a857aa3ba06dd146a,id-7f7dfb02b8354b7fad0e976ad9fa0134,TriggeringRelationship,EA ModelSet
id-42b0d0a0223747578f4231586da74d7d,id-d11b1b4d306e4266ba0d2c89e9995d54,TriggeringRelationship,EA ModelSet
id-d11b1b4d306e4266ba0d2c89e9995d54,id-44f583152a844fb58ddbf4573bb11c5c,TriggeringRelationship,EA ModelSet
id-d11b1b4d306e4266ba0d2c89e9995d54,id-0e1918c362f44f49ae7c75c28ebc1f63,TriggeringRelationship,EA ModelSet
id-0e1918c362f44f49ae7c75c28ebc1f63,id-44f583152a844fb58ddbf4573bb11c5c,TriggeringRelationship,EA ModelSet
id-f0993b267cd84df2abb6be9fd35fbf0f,id-44f583152a844fb58ddbf4573bb11c5c,AssignmentRelationship,EA ModelSet
id-44f583152a844fb58ddbf4573bb11c5c,id-b5eb59ce69904ecf958985a9ba5dbed5,TriggeringRelationship,EA ModelSet
id-b5eb59ce69904ecf958985a9ba5dbed5,id-6413b2aec41c4c1e82b73be0dfe19ad1,AccessRelationship,EA ModelSet
id-f0993b267cd84df2abb6be9fd35fbf0f,id-b5eb59ce69904ecf958985a9ba5dbed5,AssignmentRelationship,EA ModelSet
id-b5eb59ce69904ecf958985a9ba5dbed5,id-2ef614fe70cf4122a1f428a59600d051,AccessRelationship,EA ModelSet
id-b5eb59ce69904ecf958985a9ba5dbed5,id-28a5a4233e2a4e01abd514b517ecfde4,TriggeringRelationship,EA ModelSet
id-28a5a4233e2a4e01abd514b517ecfde4,id-416426f0256f42e3ae5e75cd4c9a46a0,TriggeringRelationship,EA ModelSet
id-28a5a4233e2a4e01abd514b517ecfde4,id-b5eb59ce69904ecf958985a9ba5dbed5,TriggeringRelationship,EA ModelSet
id-c001e31db21e4853aae78cc326889c6b,id-5e7cfb13711240d297cdb09d719efd6a,TriggeringRelationship,EA ModelSet
id-8436ed7d60e14890bbcce09e64783343,id-5e7cfb13711240d297cdb09d719efd6a,TriggeringRelationship,EA ModelSet
id-f0993b267cd84df2abb6be9fd35fbf0f,id-8436ed7d60e14890bbcce09e64783343,AssignmentRelationship,EA ModelSet
id-be9e4818466948ba937335e72a4091c4,id-87e2a490b947470eb654fd9815fd513e,AssociationRelationship,EA ModelSet
id-c001e31db21e4853aae78cc326889c6b,id-6982f30de0134aa2be2f44901f3b3cbb,TriggeringRelationship,EA ModelSet
id-6982f30de0134aa2be2f44901f3b3cbb,id-4de0e35323a1444f9f60f0b913916a6c,TriggeringRelationship,EA ModelSet
id-4de0e35323a1444f9f60f0b913916a6c,id-80dd8f5489934e839f587f7517fc2fde,TriggeringRelationship,EA ModelSet
id-f0993b267cd84df2abb6be9fd35fbf0f,id-6982f30de0134aa2be2f44901f3b3cbb,AssignmentRelationship,EA ModelSet
id-f0993b267cd84df2abb6be9fd35fbf0f,id-4de0e35323a1444f9f60f0b913916a6c,AssignmentRelationship,EA ModelSet
id-f0993b267cd84df2abb6be9fd35fbf0f,id-80dd8f5489934e839f587f7517fc2fde,AssignmentRelationship,EA ModelSet
id-80dd8f5489934e839f587f7517fc2fde,id-dfee0f88be36498589724457f9f9e9c8,AccessRelationship,EA ModelSet
id-6982f30de0134aa2be2f44901f3b3cbb,id-87e2a490b947470eb654fd9815fd513e,AccessRelationship,EA ModelSet
id-a4cf6f3d55d14237a8b4b0a00d7328cc,id-c401a8cffc8c4093a7905582fefd04e5,AssignmentRelationship,EA ModelSet
id-80dd8f5489934e839f587f7517fc2fde,id-c401a8cffc8c4093a7905582fefd04e5,TriggeringRelationship,EA ModelSet
id-c401a8cffc8c4093a7905582fefd04e5,id-2bd700c489c942fcbcdb8e7546c793bc,TriggeringRelationship,EA ModelSet
id-2bd700c489c942fcbcdb8e7546c793bc,id-780653d501044b8391b0db500ea91d99,TriggeringRelationship,EA ModelSet
id-780653d501044b8391b0db500ea91d99,id-c401a8cffc8c4093a7905582fefd04e5,TriggeringRelationship,EA ModelSet
id-4de0e35323a1444f9f60f0b913916a6c,id-87e2a490b947470eb654fd9815fd513e,AccessRelationship,EA ModelSet
id-780653d501044b8391b0db500ea91d99,id-87e2a490b947470eb654fd9815fd513e,AccessRelationship,EA ModelSet
id-2bd700c489c942fcbcdb8e7546c793bc,id-f107679a63054e0bbcc205ef7e010e05,TriggeringRelationship,EA ModelSet
id-f107679a63054e0bbcc205ef7e010e05,id-22d69423f44f4dbdb0c126b05f0c50a7,AccessRelationship,EA ModelSet
id-87e2a490b947470eb654fd9815fd513e,id-22d69423f44f4dbdb0c126b05f0c50a7,AssociationRelationship,EA ModelSet
id-f107679a63054e0bbcc205ef7e010e05,id-15d4180fb95f4ed483c8200c3289d0fb,TriggeringRelationship,EA ModelSet
id-15d4180fb95f4ed483c8200c3289d0fb,id-558331819eeb4c4090fd0b94afb27e56,TriggeringRelationship,EA ModelSet
id-15d4180fb95f4ed483c8200c3289d0fb,id-dfee0f88be36498589724457f9f9e9c8,AccessRelationship,EA ModelSet
id-558331819eeb4c4090fd0b94afb27e56,id-dfee0f88be36498589724457f9f9e9c8,AccessRelationship,EA ModelSet
id-558331819eeb4c4090fd0b94afb27e56,id-2c498a08664d44a6b550c3caad00b9cf,AccessRelationship,EA ModelSet
id-8e7de1dfd8cf47fa87afabb6e5cc0c09,id-15d4180fb95f4ed483c8200c3289d0fb,AssignmentRelationship,EA ModelSet
id-8e7de1dfd8cf47fa87afabb6e5cc0c09,id-558331819eeb4c4090fd0b94afb27e56,AssignmentRelationship,EA ModelSet
id-558331819eeb4c4090fd0b94afb27e56,id-4ad1c3dcfdb64cb089a8f8a110e5a37c,TriggeringRelationship,EA ModelSet
id-4ad1c3dcfdb64cb089a8f8a110e5a37c,id-780653d501044b8391b0db500ea91d99,TriggeringRelationship,EA ModelSet
id-8e7de1dfd8cf47fa87afabb6e5cc0c09,id-780653d501044b8391b0db500ea91d99,AssignmentRelationship,EA ModelSet
id-dfee0f88be36498589724457f9f9e9c8,id-87e2a490b947470eb654fd9815fd513e,AssociationRelationship,EA ModelSet
id-780653d501044b8391b0db500ea91d99,id-558331819eeb4c4090fd0b94afb27e56,TriggeringRelationship,EA ModelSet
id-4ad1c3dcfdb64cb089a8f8a110e5a37c,id-0e1918c362f44f49ae7c75c28ebc1f63,TriggeringRelationship,EA ModelSet
id-780653d501044b8391b0db500ea91d99,id-fe7074cddbce4b5d8883d1acd21f64f5,AccessRelationship,EA ModelSet
id-a4cf6f3d55d14237a8b4b0a00d7328cc,id-5705a53f70b54ab883d752765ddbfd7b,AssignmentRelationship,EA ModelSet
id-780653d501044b8391b0db500ea91d99,id-5705a53f70b54ab883d752765ddbfd7b,TriggeringRelationship,EA ModelSet
id-5705a53f70b54ab883d752765ddbfd7b,id-fe7074cddbce4b5d8883d1acd21f64f5,AccessRelationship,EA ModelSet
id-5705a53f70b54ab883d752765ddbfd7b,id-f6184a82733443b583d2bdf612887cc7,TriggeringRelationship,EA ModelSet
id-4ad1c3dcfdb64cb089a8f8a110e5a37c,id-f6184a82733443b583d2bdf612887cc7,TriggeringRelationship,EA ModelSet
id-f6184a82733443b583d2bdf612887cc7,id-0e1918c362f44f49ae7c75c28ebc1f63,TriggeringRelationship,EA ModelSet
id-f6184a82733443b583d2bdf612887cc7,id-f332c1c1c9194704a503703b521b30d6,TriggeringRelationship,EA ModelSet
id-f332c1c1c9194704a503703b521b30d6,id-0e1918c362f44f49ae7c75c28ebc1f63,TriggeringRelationship,EA ModelSet
id-a4cf6f3d55d14237a8b4b0a00d7328cc,id-f332c1c1c9194704a503703b521b30d6,AssignmentRelationship,EA ModelSet
id-f332c1c1c9194704a503703b521b30d6,id-49c17dd846be47f880d8310f02885474,AccessRelationship,EA ModelSet
id-49c17dd846be47f880d8310f02885474,id-87e2a490b947470eb654fd9815fd513e,AssociationRelationship,EA ModelSet
id-2bd700c489c942fcbcdb8e7546c793bc,id-c836bd7d1203453b92fb0f63a1fb3666,TriggeringRelationship,EA ModelSet
id-c836bd7d1203453b92fb0f63a1fb3666,id-f107679a63054e0bbcc205ef7e010e05,TriggeringRelationship,EA ModelSet
id-c836bd7d1203453b92fb0f63a1fb3666,id-22d69423f44f4dbdb0c126b05f0c50a7,AccessRelationship,EA ModelSet
id-a4cf6f3d55d14237a8b4b0a00d7328cc,id-c836bd7d1203453b92fb0f63a1fb3666,AssignmentRelationship,EA ModelSet
id-0e1918c362f44f49ae7c75c28ebc1f63,id-416426f0256f42e3ae5e75cd4c9a46a0,TriggeringRelationship,EA ModelSet
id-f332c1c1c9194704a503703b521b30d6,id-938ed2fd914e4f86bcfa2e54dc62581f,TriggeringRelationship,EA ModelSet
id-938ed2fd914e4f86bcfa2e54dc62581f,id-0e1918c362f44f49ae7c75c28ebc1f63,TriggeringRelationship,EA ModelSet
id-938ed2fd914e4f86bcfa2e54dc62581f,id-49c17dd846be47f880d8310f02885474,AccessRelationship,EA ModelSet
id-c401a8cffc8c4093a7905582fefd04e5,id-dfee0f88be36498589724457f9f9e9c8,AccessRelationship,EA ModelSet
id-15d4180fb95f4ed483c8200c3289d0fb,id-1588897122e24e7ba2df04f94e6e4c76,AccessRelationship,EA ModelSet
id-558331819eeb4c4090fd0b94afb27e56,id-1588897122e24e7ba2df04f94e6e4c76,AccessRelationship,EA ModelSet
id-5e6c4542a7e4420abf8479a6b6ff6226,id-87e2a490b947470eb654fd9815fd513e,RealizationRelationship,EA ModelSet
id-e36020eadc0740e5a851a2771144cbb4,id-ebcb117b365e4b1bb3db6826682aed95,RealizationRelationship,EA ModelSet
id-ebcb117b365e4b1bb3db6826682aed95,id-8436ed7d60e14890bbcce09e64783343,ServingRelationship,EA ModelSet
id-ebcb117b365e4b1bb3db6826682aed95,id-5e6c4542a7e4420abf8479a6b6ff6226,AccessRelationship,EA ModelSet
id-6a73c4984fe749a1b9dd9a79418ab0ac,id-ff79db6ec49440d18d1688123b1a3f4c,RealizationRelationship,EA ModelSet
id-ff79db6ec49440d18d1688123b1a3f4c,id-07bae85336484a48b54807d7c9b41b4b,ServingRelationship,EA ModelSet
id-ff79db6ec49440d18d1688123b1a3f4c,id-93cd0db47b90421d9ca7192f8d445d9b,AccessRelationship,EA ModelSet
id-93cd0db47b90421d9ca7192f8d445d9b,id-c4e7034945fb48d88b6d3021e44fca43,RealizationRelationship,EA ModelSet
id-e71e2163a5bd4d97bc0c78b289962263,id-d1d12879514344eda372d31a17a31de0,ServingRelationship,EA ModelSet
id-6a73c4984fe749a1b9dd9a79418ab0ac,id-e71e2163a5bd4d97bc0c78b289962263,RealizationRelationship,EA ModelSet
id-e71e2163a5bd4d97bc0c78b289962263,id-93cd0db47b90421d9ca7192f8d445d9b,AccessRelationship,EA ModelSet
id-f5e22671f8444a068a96f8053cf9ec9d,id-841e2a6732294a49ab70c67e76090a1f,AccessRelationship,EA ModelSet
id-b5f7ecb5b5bf41ff8cb1f799ad0261b5,id-f5e22671f8444a068a96f8053cf9ec9d,RealizationRelationship,EA ModelSet
id-841e2a6732294a49ab70c67e76090a1f,id-c4e7034945fb48d88b6d3021e44fca43,RealizationRelationship,EA ModelSet
id-f5e22671f8444a068a96f8053cf9ec9d,id-5e7cfb13711240d297cdb09d719efd6a,ServingRelationship,EA ModelSet
id-056a55017ade4845a7d665da3aa30717,id-6a2c56032ee44b0da7c6502afd7de5ae,AccessRelationship,EA ModelSet
id-c4e7034945fb48d88b6d3021e44fca43,id-6a2c56032ee44b0da7c6502afd7de5ae,AssociationRelationship,EA ModelSet
id-71445b4827774df58c9917f4f2392851,id-9b226e02c43841ec93f1de65a028b9bd,RealizationRelationship,EA ModelSet
id-9b226e02c43841ec93f1de65a028b9bd,id-9b8cf59299af4c7389b9fccaa78476ab,AccessRelationship,EA ModelSet
id-9b226e02c43841ec93f1de65a028b9bd,id-056a55017ade4845a7d665da3aa30717,ServingRelationship,EA ModelSet
id-9b8cf59299af4c7389b9fccaa78476ab,id-6a2c56032ee44b0da7c6502afd7de5ae,RealizationRelationship,EA ModelSet
id-7f7dfb02b8354b7fad0e976ad9fa0134,id-c8b588b2873a4e28a65f695fceab5ebf,TriggeringRelationship,EA ModelSet
id-c8b588b2873a4e28a65f695fceab5ebf,id-fe989c4628044d2e8e634bf2d6978f73,TriggeringRelationship,EA ModelSet
id-c8b588b2873a4e28a65f695fceab5ebf,id-6aeab97ac9e54604ae148f8425a90de2,AccessRelationship,EA ModelSet
id-c4e7034945fb48d88b6d3021e44fca43,id-6aeab97ac9e54604ae148f8425a90de2,AssociationRelationship,EA ModelSet
id-05645be23ede45fe85bb502f6ee6acd2,id-c8b588b2873a4e28a65f695fceab5ebf,ServingRelationship,EA ModelSet
id-9b8cf59299af4c7389b9fccaa78476ab,id-6aeab97ac9e54604ae148f8425a90de2,RealizationRelationship,EA ModelSet
id-71445b4827774df58c9917f4f2392851,id-05645be23ede45fe85bb502f6ee6acd2,RealizationRelationship,EA ModelSet
id-05645be23ede45fe85bb502f6ee6acd2,id-9b8cf59299af4c7389b9fccaa78476ab,AccessRelationship,EA ModelSet
id-9b8cf59299af4c7389b9fccaa78476ab,id-841e2a6732294a49ab70c67e76090a1f,AssociationRelationship,EA ModelSet
id-4162ae1624384f8aa61ddebb113d5627,id-424024bcdf0941a9b6dd12ca49fd2d07,RealizationRelationship,EA ModelSet
id-424024bcdf0941a9b6dd12ca49fd2d07,id-43a6cb154eee454f8e5e6bf3802b75d2,ServingRelationship,EA ModelSet
id-353e4d2b79414864afb3943a2d8f2a9f,id-a03cc08869f442c589e08d553f5766f9,RealizationRelationship,EA ModelSet
id-a03cc08869f442c589e08d553f5766f9,id-5856ddc503f74e91aed41a8909bc2d34,ServingRelationship,EA ModelSet
id-4162ae1624384f8aa61ddebb113d5627,id-ed8a231b705a467797d709f5e5c3593f,RealizationRelationship,EA ModelSet
id-ed8a231b705a467797d709f5e5c3593f,id-eb774b9e757447a7a9a15f34aae5fe92,AccessRelationship,EA ModelSet
id-eb774b9e757447a7a9a15f34aae5fe92,id-6413b2aec41c4c1e82b73be0dfe19ad1,RealizationRelationship,EA ModelSet
id-9242dab3d8984a8d827012486ec0f977,id-c8b588b2873a4e28a65f695fceab5ebf,TriggeringRelationship,EA ModelSet
id-fec951e932274f7a9479615f3de01e84,id-16e1314ed22f462aab69bfa22d9ff7c5,AccessRelationship,EA ModelSet
id-4162ae1624384f8aa61ddebb113d5627,id-fec951e932274f7a9479615f3de01e84,RealizationRelationship,EA ModelSet
id-16e1314ed22f462aab69bfa22d9ff7c5,id-6413b2aec41c4c1e82b73be0dfe19ad1,RealizationRelationship,EA ModelSet
id-fec951e932274f7a9479615f3de01e84,id-44f583152a844fb58ddbf4573bb11c5c,ServingRelationship,EA ModelSet
id-e71e2163a5bd4d97bc0c78b289962263,id-5b5728786ef544b59ac7fb98d9571276,ServingRelationship,EA ModelSet
id-e71e2163a5bd4d97bc0c78b289962263,id-841e2a6732294a49ab70c67e76090a1f,AccessRelationship,EA ModelSet
id-71445b4827774df58c9917f4f2392851,id-64a777a419954a3e9430b923a23da051,RealizationRelationship,EA ModelSet
id-de663aeb61574e77a4981617cac7845a,id-d0683a80233a47a6a93d2ef59e979b82,RealizationRelationship,EA ModelSet
id-9b226e02c43841ec93f1de65a028b9bd,id-de663aeb61574e77a4981617cac7845a,AccessRelationship,EA ModelSet
id-64a777a419954a3e9430b923a23da051,id-de663aeb61574e77a4981617cac7845a,AccessRelationship,EA ModelSet
id-9b226e02c43841ec93f1de65a028b9bd,id-86fcdb26d6074b74ae1f91cd75eb59cd,ServingRelationship,EA ModelSet
id-64a777a419954a3e9430b923a23da051,id-36c9d379633c431a857aa3ba06dd146a,ServingRelationship,EA ModelSet
id-fec951e932274f7a9479615f3de01e84,id-eb774b9e757447a7a9a15f34aae5fe92,AccessRelationship,EA ModelSet
id-254f996673834488b49df006bec59c02,id-b5eb59ce69904ecf958985a9ba5dbed5,ServingRelationship,EA ModelSet
id-d5dd5a97eaac48f5895a12ae821527d2,id-2ef614fe70cf4122a1f428a59600d051,RealizationRelationship,EA ModelSet
id-254f996673834488b49df006bec59c02,id-d5dd5a97eaac48f5895a12ae821527d2,AccessRelationship,EA ModelSet
id-bb3304acf2054010a57a7650108554c9,id-254f996673834488b49df006bec59c02,RealizationRelationship,EA ModelSet
id-6a73c4984fe749a1b9dd9a79418ab0ac,id-7b9d18d43d354fb7a8dde7cc47c21eaf,CompositionRelationship,EA ModelSet
id-40dfb7b8e7e34505b2af35484ce44b9b,id-188c9bebccdc4b338d32a2faf78edfb7,AccessRelationship,EA ModelSet
id-e5bc7ea24d4048a5b94b1356dcae827e,id-188c9bebccdc4b338d32a2faf78edfb7,AccessRelationship,EA ModelSet
id-6a73c4984fe749a1b9dd9a79418ab0ac,id-e5bc7ea24d4048a5b94b1356dcae827e,RealizationRelationship,EA ModelSet
id-6a73c4984fe749a1b9dd9a79418ab0ac,id-40dfb7b8e7e34505b2af35484ce44b9b,RealizationRelationship,EA ModelSet
id-e5bc7ea24d4048a5b94b1356dcae827e,id-6982f30de0134aa2be2f44901f3b3cbb,ServingRelationship,EA ModelSet
id-188c9bebccdc4b338d32a2faf78edfb7,id-87e2a490b947470eb654fd9815fd513e,RealizationRelationship,EA ModelSet
id-40dfb7b8e7e34505b2af35484ce44b9b,id-4de0e35323a1444f9f60f0b913916a6c,ServingRelationship,EA ModelSet
id-43971c33a557412c8b4d320e6528cb78,id-188c9bebccdc4b338d32a2faf78edfb7,AccessRelationship,EA ModelSet
id-43971c33a557412c8b4d320e6528cb78,id-80dd8f5489934e839f587f7517fc2fde,ServingRelationship,EA ModelSet
id-6a73c4984fe749a1b9dd9a79418ab0ac,id-43971c33a557412c8b4d320e6528cb78,RealizationRelationship,EA ModelSet
id-e961011b529649738864be4fe328bbbe,id-e8d481baf5874322903ab015a0c58805,RealizationRelationship,EA ModelSet
id-e8d481baf5874322903ab015a0c58805,id-975dc1d52f6e46d0952bce5fd3be2809,AccessRelationship,EA ModelSet
id-975dc1d52f6e46d0952bce5fd3be2809,id-dfee0f88be36498589724457f9f9e9c8,RealizationRelationship,EA ModelSet
id-e8d481baf5874322903ab015a0c58805,id-80dd8f5489934e839f587f7517fc2fde,ServingRelationship,EA ModelSet
id-40dfb7b8e7e34505b2af35484ce44b9b,id-780653d501044b8391b0db500ea91d99,ServingRelationship,EA ModelSet
id-780653d501044b8391b0db500ea91d99,id-b696b21f9e214590b4fc1279f6a8aca2,AccessRelationship,EA ModelSet
id-975dc1d52f6e46d0952bce5fd3be2809,id-b696b21f9e214590b4fc1279f6a8aca2,RealizationRelationship,EA ModelSet
id-e8d481baf5874322903ab015a0c58805,id-780653d501044b8391b0db500ea91d99,ServingRelationship,EA ModelSet
id-975dc1d52f6e46d0952bce5fd3be2809,id-22d69423f44f4dbdb0c126b05f0c50a7,RealizationRelationship,EA ModelSet
id-6a73c4984fe749a1b9dd9a79418ab0ac,id-8e08601a4dad46d09eb2887e8ee80ed0,RealizationRelationship,EA ModelSet
id-8e08601a4dad46d09eb2887e8ee80ed0,id-c836bd7d1203453b92fb0f63a1fb3666,ServingRelationship,EA ModelSet
id-e8d481baf5874322903ab015a0c58805,id-c836bd7d1203453b92fb0f63a1fb3666,ServingRelationship,EA ModelSet
id-e961011b529649738864be4fe328bbbe,id-5a054d0f71454cffa2a2a989a6d4a05a,RealizationRelationship,EA ModelSet
id-5a054d0f71454cffa2a2a989a6d4a05a,id-975dc1d52f6e46d0952bce5fd3be2809,AccessRelationship,EA ModelSet
id-5a054d0f71454cffa2a2a989a6d4a05a,id-c401a8cffc8c4093a7905582fefd04e5,ServingRelationship,EA ModelSet
id-80dd8f5489934e839f587f7517fc2fde,id-87e2a490b947470eb654fd9815fd513e,AccessRelationship,EA ModelSet
id-6a73c4984fe749a1b9dd9a79418ab0ac,id-494fbb9d79e44f93827b498e44d6ee25,RealizationRelationship,EA ModelSet
id-494fbb9d79e44f93827b498e44d6ee25,id-15d4180fb95f4ed483c8200c3289d0fb,ServingRelationship,EA ModelSet
id-975dc1d52f6e46d0952bce5fd3be2809,id-1588897122e24e7ba2df04f94e6e4c76,RealizationRelationship,EA ModelSet
id-e961011b529649738864be4fe328bbbe,id-c93feed57bac4e2691da5ba8e88ab8dc,RealizationRelationship,EA ModelSet
id-c93feed57bac4e2691da5ba8e88ab8dc,id-28ecfb46594a45e58be75328fecafcab,AccessRelationship,EA ModelSet
id-28ecfb46594a45e58be75328fecafcab,id-1588897122e24e7ba2df04f94e6e4c76,RealizationRelationship,EA ModelSet
id-6a73c4984fe749a1b9dd9a79418ab0ac,id-f36ac7e1f0c947b2b045988c7ee3ad34,RealizationRelationship,EA ModelSet
id-f36ac7e1f0c947b2b045988c7ee3ad34,id-5705a53f70b54ab883d752765ddbfd7b,ServingRelationship,EA ModelSet
id-6a73c4984fe749a1b9dd9a79418ab0ac,id-50570ffb140c40beb8088c2bd0e73b77,RealizationRelationship,EA ModelSet
id-50570ffb140c40beb8088c2bd0e73b77,id-f332c1c1c9194704a503703b521b30d6,ServingRelationship,EA ModelSet
id-6a73c4984fe749a1b9dd9a79418ab0ac,id-4f079641be3242e9b371be91fdb2fbb4,RealizationRelationship,EA ModelSet
id-4f079641be3242e9b371be91fdb2fbb4,id-938ed2fd914e4f86bcfa2e54dc62581f,ServingRelationship,EA ModelSet
d1dc4e34-4caa-4be4-9e65-4cd11a4c5991,e72e86de-f2f9-40b8-b1a6-7ff3176c0695,AssignmentRelationship,EA ModelSet
d1dc4e34-4caa-4be4-9e65-4cd11a4c5991,id-848f31e8-ef7d-4e44-aeb8-34562f0c1e82,AssignmentRelationship,EA ModelSet
id-78dc75b0-29ed-4f23-946a-0690196d8c44,id-5eaf1227-27f7-427a-a7b3-c116e27654a6,ServingRelationship,EA ModelSet
id-81bc3fd3-d3f3-4a7c-a6c2-929c9ddb6b4f,id-8ac6a92a-40b2-43b1-96b9-7b4dd949d4ac,ServingRelationship,EA ModelSet
c6b845b2-5782-488b-94d5-12b87bcfd045,c367e1fa-a1d7-42df-91e3-e39e2e0ecc3b,ServingRelationship,EA ModelSet
id-3fe5f516-f181-49d4-9514-45f0794d7d16,id-8ac6a92a-40b2-43b1-96b9-7b4dd949d4ac,ServingRelationship,EA ModelSet
id-8fd4e9dc-0316-43f3-835f-143262a8dd39,ea51cc5c-e857-4b12-be41-cd0794339c24,CompositionRelationship,EA ModelSet
d1dc4e34-4caa-4be4-9e65-4cd11a4c5991,id-8fd4e9dc-0316-43f3-835f-143262a8dd39,AssociationRelationship,EA ModelSet
id-25db4a54-f58f-4050-8330-0116bae0af3d,id-8fd4e9dc-0316-43f3-835f-143262a8dd39,CompositionRelationship,EA ModelSet
id-25db4a54-f58f-4050-8330-0116bae0af3d,ea51cc5c-e857-4b12-be41-cd0794339c24,CompositionRelationship,EA ModelSet
id-25db4a54-f58f-4050-8330-0116bae0af3d,e32d407c-46e1-43f5-92a0-dddb3ffe819b,AssignmentRelationship,EA ModelSet
e32d407c-46e1-43f5-92a0-dddb3ffe819b,ea51cc5c-e857-4b12-be41-cd0794339c24,ServingRelationship,EA ModelSet
d1dc4e34-4caa-4be4-9e65-4cd11a4c5991,id-25db4a54-f58f-4050-8330-0116bae0af3d,AssociationRelationship,EA ModelSet
id-3e0a9e64-c59b-4c07-a75f-d527ae31924f,d0c0d18a-9052-4152-9005-4757f8b98af0,AssociationRelationship,EA ModelSet
id-8ac6a92a-40b2-43b1-96b9-7b4dd949d4ac,d0c0d18a-9052-4152-9005-4757f8b98af0,ServingRelationship,EA ModelSet
id-8ac6a92a-40b2-43b1-96b9-7b4dd949d4ac,a385a14a-0a8c-41a2-9781-ceef4ada5e48,ServingRelationship,EA ModelSet
id-8ac6a92a-40b2-43b1-96b9-7b4dd949d4ac,bc1c2d3d-51db-4141-a4e1-af7672f827df,ServingRelationship,EA ModelSet
d647eb22-538f-47ef-bfc1-16527f848bec,bc1c2d3d-51db-4141-a4e1-af7672f827df,AssociationRelationship,EA ModelSet
d647eb22-538f-47ef-bfc1-16527f848bec,a385a14a-0a8c-41a2-9781-ceef4ada5e48,AssociationRelationship,EA ModelSet
d0c0d18a-9052-4152-9005-4757f8b98af0,bc1c2d3d-51db-4141-a4e1-af7672f827df,AssociationRelationship,EA ModelSet
id-8ac6a92a-40b2-43b1-96b9-7b4dd949d4ac,c367e1fa-a1d7-42df-91e3-e39e2e0ecc3b,AssignmentRelationship,EA ModelSet
id-8ac6a92a-40b2-43b1-96b9-7b4dd949d4ac,id-5eaf1227-27f7-427a-a7b3-c116e27654a6,AssignmentRelationship,EA ModelSet
id-8ac6a92a-40b2-43b1-96b9-7b4dd949d4ac,aaa2e24d-e499-49b1-9fd4-199b27caab15,AssignmentRelationship,EA ModelSet
id-3fe5f516-f181-49d4-9514-45f0794d7d16,aaa2e24d-e499-49b1-9fd4-199b27caab15,ServingRelationship,EA ModelSet
id-8ac6a92a-40b2-43b1-96b9-7b4dd949d4ac,a706dbe3-545b-4417-9d51-5b9b6470f891,AssignmentRelationship,EA ModelSet
id-78dc75b0-29ed-4f23-946a-0690196d8c44,id-5eaf1227-27f7-427a-a7b3-c116e27654a6,RealizationRelationship,EA ModelSet
id-81bc3fd3-d3f3-4a7c-a6c2-929c9ddb6b4f,a706dbe3-545b-4417-9d51-5b9b6470f891,RealizationRelationship,EA ModelSet
c6b845b2-5782-488b-94d5-12b87bcfd045,c367e1fa-a1d7-42df-91e3-e39e2e0ecc3b,RealizationRelationship,EA ModelSet
id-3fe5f516-f181-49d4-9514-45f0794d7d16,aaa2e24d-e499-49b1-9fd4-199b27caab15,RealizationRelationship,EA ModelSet
id-5eaf1227-27f7-427a-a7b3-c116e27654a6,d0c0d18a-9052-4152-9005-4757f8b98af0,ServingRelationship,EA ModelSet
aaa2e24d-e499-49b1-9fd4-199b27caab15,a385a14a-0a8c-41a2-9781-ceef4ada5e48,ServingRelationship,EA ModelSet
id-8ac6a92a-40b2-43b1-96b9-7b4dd949d4ac,id-799d40b0-cd79-4dc1-8971-4f8cf1bc6def,AssignmentRelationship,EA ModelSet
id-78dc75b0-29ed-4f23-946a-0690196d8c44,id-799d40b0-cd79-4dc1-8971-4f8cf1bc6def,RealizationRelationship,EA ModelSet
id-799d40b0-cd79-4dc1-8971-4f8cf1bc6def,bc1c2d3d-51db-4141-a4e1-af7672f827df,ServingRelationship,EA ModelSet
a706dbe3-545b-4417-9d51-5b9b6470f891,bc1c2d3d-51db-4141-a4e1-af7672f827df,ServingRelationship,EA ModelSet
id-28b3915e-c605-4b70-9491-a95db8410419,id-3e0a9e64-c59b-4c07-a75f-d527ae31924f,AssociationRelationship,EA ModelSet
id-28b3915e-c605-4b70-9491-a95db8410419,d647eb22-538f-47ef-bfc1-16527f848bec,AssociationRelationship,EA ModelSet
c367e1fa-a1d7-42df-91e3-e39e2e0ecc3b,id-28b3915e-c605-4b70-9491-a95db8410419,ServingRelationship,EA ModelSet
id-25db4a54-f58f-4050-8330-0116bae0af3d,id-78dc75b0-29ed-4f23-946a-0690196d8c44,RealizationRelationship,EA ModelSet
id-25db4a54-f58f-4050-8330-0116bae0af3d,id-81bc3fd3-d3f3-4a7c-a6c2-929c9ddb6b4f,RealizationRelationship,EA ModelSet
id-25db4a54-f58f-4050-8330-0116bae0af3d,c6b845b2-5782-488b-94d5-12b87bcfd045,RealizationRelationship,EA ModelSet
id-25db4a54-f58f-4050-8330-0116bae0af3d,id-3fe5f516-f181-49d4-9514-45f0794d7d16,RealizationRelationship,EA ModelSet
id-e496b0fc9c7e49d5a4e0da478784b100,id-03036327a4cc444badcc2e2fba0d1392,AssociationRelationship,EA ModelSet
id-e496b0fc9c7e49d5a4e0da478784b100,id-55298273e7fa4bc3abbceb709625086b,AssociationRelationship,EA ModelSet
id-e496b0fc9c7e49d5a4e0da478784b100,id-5523e596c9b745af9fd8c4df11d06ff4,AssociationRelationship,EA ModelSet
id-5523e596c9b745af9fd8c4df11d06ff4,id-948ccb212b3a4738bc1f99f9756d53a3,AssociationRelationship,EA ModelSet
id-5523e596c9b745af9fd8c4df11d06ff4,id-51c216a4077a43ffb864b39acceef898,AssociationRelationship,EA ModelSet
id-5523e596c9b745af9fd8c4df11d06ff4,id-6236f4476b87466ab08a8e6dc5b2b1c1,AssociationRelationship,EA ModelSet
id-5523e596c9b745af9fd8c4df11d06ff4,id-cf961e248fb64988acdff93fc4b1ce29,AssociationRelationship,EA ModelSet
id-03036327a4cc444badcc2e2fba0d1392,id-dbce1211b29b4baebad5268778376af8,AssociationRelationship,EA ModelSet
id-03036327a4cc444badcc2e2fba0d1392,id-2fb6561ff2dc46c7a7743af06e30cbc8,AssociationRelationship,EA ModelSet
id-03036327a4cc444badcc2e2fba0d1392,id-321731d734de4df28f08a9662b9e636b,AssociationRelationship,EA ModelSet
id-55298273e7fa4bc3abbceb709625086b,id-9ee694fff0bb4cdbbd7403526f1e744e,AssociationRelationship,EA ModelSet
id-55298273e7fa4bc3abbceb709625086b,id-ea7fc1334cc44b4ca3d61eeb7ede1035,AssociationRelationship,EA ModelSet
id-03036327a4cc444badcc2e2fba0d1392,id-ea7fc1334cc44b4ca3d61eeb7ede1035,AssociationRelationship,EA ModelSet
id-848544d7263c40a98664e5dbb9db3ce3,id-0b61d4b399224bb5897c3d6ce8cdb021,CompositionRelationship,EA ModelSet
id-16fe85afbed34a00a8d7f165da7817e2,id-848544d7263c40a98664e5dbb9db3ce3,SpecializationRelationship,EA ModelSet
id-197edf7ab91f4f99bce82d55bd620800,id-848544d7263c40a98664e5dbb9db3ce3,SpecializationRelationship,EA ModelSet
id-bbbe3f09dc9a48b589a54656d678d01b,id-848544d7263c40a98664e5dbb9db3ce3,SpecializationRelationship,EA ModelSet
id-15746dde8798483db77ac6fe5101b199,id-0b61d4b399224bb5897c3d6ce8cdb021,TriggeringRelationship,EA ModelSet
id-0b61d4b399224bb5897c3d6ce8cdb021,id-16fe85afbed34a00a8d7f165da7817e2,TriggeringRelationship,EA ModelSet
id-16fe85afbed34a00a8d7f165da7817e2,id-197edf7ab91f4f99bce82d55bd620800,TriggeringRelationship,EA ModelSet
id-197edf7ab91f4f99bce82d55bd620800,id-bbbe3f09dc9a48b589a54656d678d01b,TriggeringRelationship,EA ModelSet
id-a838e579abcc42a4a9154c8ae1d0bc07,id-ee0182f8a7af49ab9db42a6abbbb0c68,TriggeringRelationship,EA ModelSet
id-ee0182f8a7af49ab9db42a6abbbb0c68,id-109652841b5b4119a15dedbbefd8ccf9,TriggeringRelationship,EA ModelSet
id-109652841b5b4119a15dedbbefd8ccf9,id-c60d4154c0b84f6db8b106572ff752a1,TriggeringRelationship,EA ModelSet
id-c60d4154c0b84f6db8b106572ff752a1,id-29382e89cf684adaabe2c3177ec096c9,TriggeringRelationship,EA ModelSet
id-b3b72e720f0e496cb4309a556a653761,id-73f08468601c43fc8189661973ac8a76,FlowRelationship,EA ModelSet
id-1944e5595fdb43c3b6297eb7fa872317,id-8967359146894baab29f2bdd3d153dfc,FlowRelationship,EA ModelSet
id-73f08468601c43fc8189661973ac8a76,id-b3b72e720f0e496cb4309a556a653761,FlowRelationship,EA ModelSet
id-298384f1c1e9481381428c72f5b823e7,id-1944e5595fdb43c3b6297eb7fa872317,FlowRelationship,EA ModelSet
id-19c49bd5bfc74e46b0264a91f2f30344,id-fbaf792179474831846dc67a2f8b1763,FlowRelationship,EA ModelSet
id-b03064f2a55548a58e572f51b8199035,id-fbaf792179474831846dc67a2f8b1763,FlowRelationship,EA ModelSet
id-de91a5a64e364d479a38875e909bc6b6,id-97f5270c027149e592dec4c86e64358f,FlowRelationship,EA ModelSet
id-97f5270c027149e592dec4c86e64358f,id-de91a5a64e364d479a38875e909bc6b6,FlowRelationship,EA ModelSet
id-0e4f5f488cb74993a83a437c7ad02f2a,id-060a574fb662420dbfcbf7d7962580a4,FlowRelationship,EA ModelSet
id-739fd6f75f154deda37bde6e9bc57546,id-f765afd1939c4c5a9f98015ea0ec3eb3,FlowRelationship,EA ModelSet
id-739fd6f75f154deda37bde6e9bc57546,id-29845d3f78174f69b0833686d5d84d98,FlowRelationship,EA ModelSet
id-e824a7822bef467d9a1f9bb460424fed,id-5a4e15950ee24243a7110390ec4d4e23,FlowRelationship,EA ModelSet
id-e824a7822bef467d9a1f9bb460424fed,id-739fd6f75f154deda37bde6e9bc57546,FlowRelationship,EA ModelSet
id-5a4e15950ee24243a7110390ec4d4e23,id-cc7d31e5caa64452b860591cc1efdc6d,FlowRelationship,EA ModelSet
id-0e4f5f488cb74993a83a437c7ad02f2a,id-de91a5a64e364d479a38875e909bc6b6,FlowRelationship,EA ModelSet
id-060a574fb662420dbfcbf7d7962580a4,id-2eebb32582aa4cdeab555b295880c954,FlowRelationship,EA ModelSet
id-a25be2ec4be842ecb7a77c0187f44dc1,id-23e59e63f949443daf26d118a2d22879,AggregationRelationship,EA ModelSet
id-14cc6aa8afcf49ab8a076d9f9211c98f,id-b94e22954e014b3bb5acc3281098bdf2,AggregationRelationship,EA ModelSet
id-54960861202b440cb73cea85cebf7c9e,id-9b63d6b0022d43a1bd62a5ff61bd0f92,AggregationRelationship,EA ModelSet
id-a25be2ec4be842ecb7a77c0187f44dc1,id-d91b05ff04b4484392168a466c6fe65e,AggregationRelationship,EA ModelSet
id-a25be2ec4be842ecb7a77c0187f44dc1,id-aa4f3a14feb94a8ba0aca43f74c324f5,AggregationRelationship,EA ModelSet
id-230057ceddb048ccb3341c4ee3cde5a0,id-c7a55e0e2ed5473c9b8873e74ff28460,AssociationRelationship,EA ModelSet
id-40af0f75ffc64e1eaa3daf5fa30b7203,id-14cc6aa8afcf49ab8a076d9f9211c98f,AssociationRelationship,EA ModelSet
id-40af0f75ffc64e1eaa3daf5fa30b7203,id-54960861202b440cb73cea85cebf7c9e,AssociationRelationship,EA ModelSet
id-c7a55e0e2ed5473c9b8873e74ff28460,id-40af0f75ffc64e1eaa3daf5fa30b7203,AssociationRelationship,EA ModelSet
id-230057ceddb048ccb3341c4ee3cde5a0,id-26242b2540694547aaf3c82f5df75525,AssociationRelationship,EA ModelSet
id-40af0f75ffc64e1eaa3daf5fa30b7203,id-a25be2ec4be842ecb7a77c0187f44dc1,AssociationRelationship,EA ModelSet
id-68de17aa26e34b57bc3ca58c0fda9686,id-ffd9aa8174374c5eb04f8cc4644c986f,AssociationRelationship,EA ModelSet
id-68de17aa26e34b57bc3ca58c0fda9686,id-a25be2ec4be842ecb7a77c0187f44dc1,AssociationRelationship,EA ModelSet
id-68de17aa26e34b57bc3ca58c0fda9686,id-18cb00e697d64f1486352115318b59d3,AssociationRelationship,EA ModelSet
id-cd0082ad1b434e87898211fd8603a7cd,id-cf49bfcf8e0649b8b2a4cd0eb72591e2,RealizationRelationship,EA ModelSet
id-da1c8174540c488e96a9b3bb52f23c26,id-47401d0fa88347f1a118cde2a1915b54,RealizationRelationship,EA ModelSet
id-53b799e6c1184b2cbb9418e6d655b06a,id-47401d0fa88347f1a118cde2a1915b54,RealizationRelationship,EA ModelSet
id-acdff5eb50b641219e0ea1d7d958b1e9,id-0b9efd41baa2414cbae0563810b5539d,RealizationRelationship,EA ModelSet
id-cf5149d6b1d44c38a7fe9ed6134b8727,id-adb3c6b2814e4945899510955d7da126,RealizationRelationship,EA ModelSet
id-de2e31d6795d4ddcb03d12cecf8fb589,id-58d6d90b1d4f4d28821728a0bd8dc2b1,RealizationRelationship,EA ModelSet
id-47401d0fa88347f1a118cde2a1915b54,id-0b61d4b399224bb5897c3d6ce8cdb021,ServingRelationship,EA ModelSet
id-cf49bfcf8e0649b8b2a4cd0eb72591e2,id-0b61d4b399224bb5897c3d6ce8cdb021,ServingRelationship,EA ModelSet
id-adb3c6b2814e4945899510955d7da126,id-0b61d4b399224bb5897c3d6ce8cdb021,ServingRelationship,EA ModelSet
id-0b9efd41baa2414cbae0563810b5539d,id-197edf7ab91f4f99bce82d55bd620800,ServingRelationship,EA ModelSet
id-58d6d90b1d4f4d28821728a0bd8dc2b1,id-0b61d4b399224bb5897c3d6ce8cdb021,ServingRelationship,EA ModelSet
id-adb3c6b2814e4945899510955d7da126,id-16fe85afbed34a00a8d7f165da7817e2,ServingRelationship,EA ModelSet
id-da27d25f48e445ac9251cf9127a29630,id-c283bb9a212f4dc383618372304e1423,RealizationRelationship,EA ModelSet
id-c283bb9a212f4dc383618372304e1423,id-bbbe3f09dc9a48b589a54656d678d01b,ServingRelationship,EA ModelSet
id-4fdbbbfa87f84e99900e2498731c778f,id-ee0182f8a7af49ab9db42a6abbbb0c68,ServingRelationship,EA ModelSet
id-4fdbbbfa87f84e99900e2498731c778f,id-c60d4154c0b84f6db8b106572ff752a1,ServingRelationship,EA ModelSet
id-451ae523171c4617a844ad44e147b0df,id-4fdbbbfa87f84e99900e2498731c778f,RealizationRelationship,EA ModelSet
id-0f38f03024644c7cad5a51378531458e,id-109652841b5b4119a15dedbbefd8ccf9,ServingRelationship,EA ModelSet
id-3ff9f5c49a864e6c9cf185a952cfaaa7,id-0f38f03024644c7cad5a51378531458e,RealizationRelationship,EA ModelSet
id-0b856893e14342ba9cc6d5d69f9897a9,id-29382e89cf684adaabe2c3177ec096c9,ServingRelationship,EA ModelSet
id-00e5d11e48794eae911df89cb90bf779,id-29382e89cf684adaabe2c3177ec096c9,ServingRelationship,EA ModelSet
id-3f6ec182977046ff959d5107a0c0ff6d,id-36b1ee8de2624279be07709ada942096,RealizationRelationship,EA ModelSet
id-36b1ee8de2624279be07709ada942096,id-29382e89cf684adaabe2c3177ec096c9,ServingRelationship,EA ModelSet
id-451ae523171c4617a844ad44e147b0df,id-0b856893e14342ba9cc6d5d69f9897a9,RealizationRelationship,EA ModelSet
id-451ae523171c4617a844ad44e147b0df,id-00e5d11e48794eae911df89cb90bf779,RealizationRelationship,EA ModelSet
id-8aabf23d45ba4ad888787054f3332e15,id-36eace52930b4a838f6cead7f1380264,RealizationRelationship,EA ModelSet
id-36eace52930b4a838f6cead7f1380264,id-109652841b5b4119a15dedbbefd8ccf9,ServingRelationship,EA ModelSet
id-be03c4bca2654bd2bef95a60f0aacf9d,id-e824a7822bef467d9a1f9bb460424fed,FlowRelationship,EA ModelSet
id-73f08468601c43fc8189661973ac8a76,id-e824a7822bef467d9a1f9bb460424fed,FlowRelationship,EA ModelSet
id-c0c9259ef33147c8993d2cc47692a18c,id-0e4f5f488cb74993a83a437c7ad02f2a,FlowRelationship,EA ModelSet
id-ea7fc1334cc44b4ca3d61eeb7ede1035,id-0fd22159719f45b6a53d643800e37c41,AssociationRelationship,EA ModelSet
id-ea7fc1334cc44b4ca3d61eeb7ede1035,id-e6beb3e561b8480aa8a84732fe2f109d,AssociationRelationship,EA ModelSet
id-ea7fc1334cc44b4ca3d61eeb7ede1035,id-5137a2fb82b743c3a6b0f42b304e0220,AssociationRelationship,EA ModelSet
id-2c5d3136df7d4bcb8b559d1db51511a0,id-16fe85afbed34a00a8d7f165da7817e2,TriggeringRelationship,EA ModelSet
id-197edf7ab91f4f99bce82d55bd620800,id-3f7c9cdbaaa842689a65f07be33cc0da,TriggeringRelationship,EA ModelSet
id-3f7c9cdbaaa842689a65f07be33cc0da,id-613303d8d965419aa4708233e77c6505,TriggeringRelationship,EA ModelSet
id-982fd12daec248c69b18ccc05f4f16ae,id-c2ce2d8740f8413885220a8a67ccc695,CompositionRelationship,EA ModelSet
id-2ea9301d6dd54bd8bffc84265699887b,id-c2ce2d8740f8413885220a8a67ccc695,CompositionRelationship,EA ModelSet
id-982fd12daec248c69b18ccc05f4f16ae,id-7dfbd62ab9b64741acb54fd95db87455,AssociationRelationship,EA ModelSet
id-2ea9301d6dd54bd8bffc84265699887b,id-7dfbd62ab9b64741acb54fd95db87455,AssociationRelationship,EA ModelSet
id-6a1bfe39bf2c42859b813da27ed8d2bb,id-982fd12daec248c69b18ccc05f4f16ae,CompositionRelationship,EA ModelSet
id-982fd12daec248c69b18ccc05f4f16ae,id-6a1bfe39bf2c42859b813da27ed8d2bb,CompositionRelationship,EA ModelSet
id-982fd12daec248c69b18ccc05f4f16ae,id-8127c04b2a3348c581fbaf34f0978002,CompositionRelationship,EA ModelSet
id-2f9ac3a4bd5d4c12a38451e769029bed,id-8127c04b2a3348c581fbaf34f0978002,SpecializationRelationship,EA ModelSet
id-ecb327ab8ade43919bb23b78d901381e,id-8127c04b2a3348c581fbaf34f0978002,SpecializationRelationship,EA ModelSet
id-0a300dd858e44e9d8a066287b3a1effd,id-c2ce2d8740f8413885220a8a67ccc695,RealizationRelationship,EA ModelSet
id-4437b457cc68448da2ed118987d95752,id-ecb327ab8ade43919bb23b78d901381e,RealizationRelationship,EA ModelSet
id-4437b457cc68448da2ed118987d95752,id-2f9ac3a4bd5d4c12a38451e769029bed,RealizationRelationship,EA ModelSet
id-6b59a3296a7f476dada12e9ac9a0dba8,id-7dfbd62ab9b64741acb54fd95db87455,RealizationRelationship,EA ModelSet
id-8839a0cbdd9841dbaf26f306c7c88f2b,id-6a1bfe39bf2c42859b813da27ed8d2bb,RealizationRelationship,EA ModelSet
id-ef6d3f2cb9a2456387541cd0415b1928,id-5725183b758c4e89ba9f72e6dd6a6861,AssignmentRelationship,EA ModelSet
id-ef6d3f2cb9a2456387541cd0415b1928,id-f5b185cbd5e24e8aa93375fb4bcb3b9a,RealizationRelationship,EA ModelSet
id-5725183b758c4e89ba9f72e6dd6a6861,id-6b59a3296a7f476dada12e9ac9a0dba8,AccessRelationship,EA ModelSet
id-ef6d3f2cb9a2456387541cd0415b1928,id-bcbee5a4804d49d69e874e6d549756fc,RealizationRelationship,EA ModelSet
id-ef6d3f2cb9a2456387541cd0415b1928,id-da1c4b91f7d24de3a0ffa36e1ef34b5e,RealizationRelationship,EA ModelSet
id-f5b185cbd5e24e8aa93375fb4bcb3b9a,id-da1c4b91f7d24de3a0ffa36e1ef34b5e,CompositionRelationship,EA ModelSet
id-bcbee5a4804d49d69e874e6d549756fc,id-4437b457cc68448da2ed118987d95752,AccessRelationship,EA ModelSet
id-bcbee5a4804d49d69e874e6d549756fc,id-8839a0cbdd9841dbaf26f306c7c88f2b,AccessRelationship,EA ModelSet
id-da1c4b91f7d24de3a0ffa36e1ef34b5e,id-0a300dd858e44e9d8a066287b3a1effd,AccessRelationship,EA ModelSet
id-349b27922bd54ad98c91b4400561c136,id-6a1bfe39bf2c42859b813da27ed8d2bb,RealizationRelationship,EA ModelSet
id-3a6bb5efbb634375ad50d3a0095ac0bb,id-01eaddb3d4d448b8831f2cd65daabc53,AssociationRelationship,EA ModelSet
id-a3639a0a9fbc4a9abdc0eee2ebfbc2d4,id-01eaddb3d4d448b8831f2cd65daabc53,AssociationRelationship,EA ModelSet
id-3155b31c451b428c991a52244c7afc2b,id-01eaddb3d4d448b8831f2cd65daabc53,AssociationRelationship,EA ModelSet
id-3a6bb5efbb634375ad50d3a0095ac0bb,id-166abcf668b44d579f5ca2191f573cd1,AggregationRelationship,EA ModelSet
id-7ffa8c52c8df4f4c8afcff977cc89171,id-166abcf668b44d579f5ca2191f573cd1,InfluenceRelationship,EA ModelSet
id-432df307963b4befb59036b6fb9739fe,id-166abcf668b44d579f5ca2191f573cd1,InfluenceRelationship,EA ModelSet
id-c50b82c33f9a44d8866a2635fff59ede,id-7ffa8c52c8df4f4c8afcff977cc89171,InfluenceRelationship,EA ModelSet
id-a3639a0a9fbc4a9abdc0eee2ebfbc2d4,id-344f3248f4dd4acb9bcf31450d900710,AggregationRelationship,EA ModelSet
id-a3639a0a9fbc4a9abdc0eee2ebfbc2d4,id-529a9f26620140778749671aad6a359f,AggregationRelationship,EA ModelSet
id-488b83844b8d4cb6aa2c88eac9dd4ee7,id-529a9f26620140778749671aad6a359f,InfluenceRelationship,EA ModelSet
id-683de784f48c4f4fbba4f8005fa9ba0b,id-529a9f26620140778749671aad6a359f,InfluenceRelationship,EA ModelSet
id-bd09cc7467054d0abb504905b4b5931d,id-488b83844b8d4cb6aa2c88eac9dd4ee7,InfluenceRelationship,EA ModelSet
id-444948f7f5cd455f97de6ffa196b4914,id-683de784f48c4f4fbba4f8005fa9ba0b,InfluenceRelationship,EA ModelSet
id-d882f74a22564789b47851b51c771f70,id-344f3248f4dd4acb9bcf31450d900710,InfluenceRelationship,EA ModelSet
id-ece64bccf1c142b2b4ec5129e47a4021,id-344f3248f4dd4acb9bcf31450d900710,InfluenceRelationship,EA ModelSet
id-54d7ffd8809f414ea42729bef2147351,id-a590dde66c4c4e0ab3000705f723d619,InfluenceRelationship,EA ModelSet
id-18740f503157417f95b80141b058deb8,id-c2f6628eae0f4ccf8ed1a36e06a2b6e1,InfluenceRelationship,EA ModelSet
id-3155b31c451b428c991a52244c7afc2b,id-c2f6628eae0f4ccf8ed1a36e06a2b6e1,AggregationRelationship,EA ModelSet
id-3155b31c451b428c991a52244c7afc2b,id-a590dde66c4c4e0ab3000705f723d619,AggregationRelationship,EA ModelSet
id-a672de75e1cb407bab98d111e224110f,id-18740f503157417f95b80141b058deb8,InfluenceRelationship,EA ModelSet
id-a672de75e1cb407bab98d111e224110f,id-c50b82c33f9a44d8866a2635fff59ede,InfluenceRelationship,EA ModelSet
_xBQOwJxGEDm_I_Qx11Jw1g,_1NovoJxGEDm_I_Qx11Jw1g,InfluenceRelationship,EA ModelSet
_HVu9cJxHEDm_I_Qx11Jw1g,_1NovoJxGEDm_I_Qx11Jw1g,InfluenceRelationship,EA ModelSet
_YDMZQJxHEDm_I_Qx11Jw1g,_HVu9cJxHEDm_I_Qx11Jw1g,RealizationRelationship,EA ModelSet
_hGV0wJxHEDm_I_Qx11Jw1g,_HVu9cJxHEDm_I_Qx11Jw1g,RealizationRelationship,EA ModelSet
_oBm9wJxHEDm_I_Qx11Jw1g,_YDMZQJxHEDm_I_Qx11Jw1g,RealizationRelationship,EA ModelSet
_qQepEJxHEDm_I_Qx11Jw1g,_hGV0wJxHEDm_I_Qx11Jw1g,RealizationRelationship,EA ModelSet
de0b0b67,b47368a7,AggregationRelationship,EA ModelSet
de0b0b67,id-51f1f5b7,AggregationRelationship,EA ModelSet
de0b0b67,id-4d45ebd5,AggregationRelationship,EA ModelSet
id-298ac050,id-348ecb58,AssociationRelationship,EA ModelSet
de0b0b67,id-298ac050,InfluenceRelationship,EA ModelSet
f8589dfd,id-298ac050,InfluenceRelationship,EA ModelSet
c7d8ce1d,id-298ac050,InfluenceRelationship,EA ModelSet
id-50694e3c,id-1e450512,AssociationRelationship,EA ModelSet
id-8c504c62,d270d0be,AssignmentRelationship,EA ModelSet
id-8c504c62,id-1e450512,RealizationRelationship,EA ModelSet
id-925d014d,c1aca758,InfluenceRelationship,EA ModelSet
c1aca758,id-925d014d,InfluenceRelationship,EA ModelSet
id-53d6f5f2,id-1a81a7b6,RealizationRelationship,EA ModelSet
c1aca758,id-53d6f5f2,RealizationRelationship,EA ModelSet
c1aca758,id-1a81a7b6,RealizationRelationship,EA ModelSet
id-5409e72d,id-2cd4a2f0,RealizationRelationship,EA ModelSet
d270d0be,id-5409e72d,AccessRelationship,EA ModelSet
e7c9d095,id-925d014d,RealizationRelationship,EA ModelSet
e7c9d095,id-07b6a5e5,ServingRelationship,EA ModelSet
e7c9d095,id-2cd4a2f0,AccessRelationship,EA ModelSet
d270d0be,e7c9d095,ServingRelationship,EA ModelSet
d270d0be,id-1e450512,AssociationRelationship,EA ModelSet
id-07b6a5e5,id-10271992,ServingRelationship,EA ModelSet
id-9ded2436,id-8c504c62,ServingRelationship,EA ModelSet
id-a2d7564e6a1f43b2a6b27e3ce95ad30f,id-79b292c550ce4b4cad2b79e73fa03dd4,CompositionRelationship,EA ModelSet
id-a2d7564e6a1f43b2a6b27e3ce95ad30f,id-d07a1abb5bba426faa415c16dca00cc2,CompositionRelationship,EA ModelSet
id-a2d7564e6a1f43b2a6b27e3ce95ad30f,id-a001b38e14924b748de01a182f7c1d57,CompositionRelationship,EA ModelSet
id-d2d7f71f731c4860b82b3549b1eefc4c,id-66a319a0d7c242a5929484895036e3b4,TriggeringRelationship,EA ModelSet
id-2636b82f837f4297bfd77101f4c92b11,id-b440f54330dc4ac2be57c2f6c7e48600,CompositionRelationship,EA ModelSet
id-2636b82f837f4297bfd77101f4c92b11,id-d2d7f71f731c4860b82b3549b1eefc4c,CompositionRelationship,EA ModelSet
id-d2bc9a3a788e42479fd3c2d953988286,id-a2d7564e6a1f43b2a6b27e3ce95ad30f,AssignmentRelationship,EA ModelSet
id-e34e054cf646402a98de1017b2994b82,id-9d26ddbebc6142d09e091bf30f7eb9b5,TriggeringRelationship,EA ModelSet
id-e34e054cf646402a98de1017b2994b82,id-a904337b80504fcf9835072b9023fc7e,AssociationRelationship,EA ModelSet
id-e34e054cf646402a98de1017b2994b82,id-5ba96bca239d497c94f4624f95c27f2a,TriggeringRelationship,EA ModelSet
id-e34e054cf646402a98de1017b2994b82,id-5124209b664746a3993911ee2b7abd63,TriggeringRelationship,EA ModelSet
id-9d26ddbebc6142d09e091bf30f7eb9b5,id-e34e054cf646402a98de1017b2994b82,CompositionRelationship,EA ModelSet
id-9d26ddbebc6142d09e091bf30f7eb9b5,id-a904337b80504fcf9835072b9023fc7e,AccessRelationship,EA ModelSet
id-2aa4283e990f4e1dbfdad69a53a28d04,id-e34e054cf646402a98de1017b2994b82,AssignmentRelationship,EA ModelSet
id-e4d7ae1d89044cbdae3ea9f76c7b4f8c,id-e34e054cf646402a98de1017b2994b82,AssignmentRelationship,EA ModelSet
id-79b292c550ce4b4cad2b79e73fa03dd4,id-e65fdbdb65ed461681e638e6c7fe34b7,AssociationRelationship,EA ModelSet
id-e65fdbdb65ed461681e638e6c7fe34b7,id-e4d7ae1d89044cbdae3ea9f76c7b4f8c,AssociationRelationship,EA ModelSet
id-ffe5369100d3408895635b3251d8c291,id-5ba96bca239d497c94f4624f95c27f2a,AssignmentRelationship,EA ModelSet
id-a4591c336c564e92b35f41f9580e0e04,id-e65fdbdb65ed461681e638e6c7fe34b7,CompositionRelationship,EA ModelSet
id-a4591c336c564e92b35f41f9580e0e04,id-9d26ddbebc6142d09e091bf30f7eb9b5,CompositionRelationship,EA ModelSet
id-a4591c336c564e92b35f41f9580e0e04,id-7de60bc06fe14c689796396023df0719,AccessRelationship,EA ModelSet
id-a2d7564e6a1f43b2a6b27e3ce95ad30f,id-5d44e9c9a9c046a4b0a265cac1a737fe,AccessRelationship,EA ModelSet
id-7de60bc06fe14c689796396023df0719,id-5d44e9c9a9c046a4b0a265cac1a737fe,CompositionRelationship,EA ModelSet
id-5d44e9c9a9c046a4b0a265cac1a737fe,id-b2c5409f048546e294fdc2df2a601cc4,CompositionRelationship,EA ModelSet
id-5d44e9c9a9c046a4b0a265cac1a737fe,id-7bdaceaba7944f8f8fd7cc00045e056c,CompositionRelationship,EA ModelSet
id-5d44e9c9a9c046a4b0a265cac1a737fe,id-d04153a80acb4660a5e006ec231702d7,CompositionRelationship,EA ModelSet
id-47c49a58aaf644dc9c5cf972ec67cbcc,id-a4591c336c564e92b35f41f9580e0e04,ServingRelationship,EA ModelSet
id-2811cb25e2ec44c4ae2a9c2f8bce3831,id-47c49a58aaf644dc9c5cf972ec67cbcc,AssignmentRelationship,EA ModelSet
id-5a9f251a4f0d411383525e9e45dfa569,id-2811cb25e2ec44c4ae2a9c2f8bce3831,CompositionRelationship,EA ModelSet
id-4a5ca2605e9146ed9edfa55ed20017e9,id-a2d7564e6a1f43b2a6b27e3ce95ad30f,ServingRelationship,EA ModelSet
id-c1ecf0e7cce94117856dc8a66c6d4535,id-6b9a2b6fded5416c8c91d843563c0e2b,CompositionRelationship,EA ModelSet
id-6b9a2b6fded5416c8c91d843563c0e2b,id-4a5ca2605e9146ed9edfa55ed20017e9,AssignmentRelationship,EA ModelSet
id-c1ecf0e7cce94117856dc8a66c6d4535,id-5a9f251a4f0d411383525e9e45dfa569,AssociationRelationship,EA ModelSet
id-6b9a2b6fded5416c8c91d843563c0e2b,id-376b3b7c9db04da8a7d55e6cd9536518,AssignmentRelationship,EA ModelSet
id-6c569ffbfb884673b87987c146f17400,id-4a5ca2605e9146ed9edfa55ed20017e9,ServingRelationship,EA ModelSet
id-d035fcb3b6de4c8dbd12ea7884347c0c,id-4a5ca2605e9146ed9edfa55ed20017e9,ServingRelationship,EA ModelSet
id-67303929574048159773336296989b46,id-376b3b7c9db04da8a7d55e6cd9536518,ServingRelationship,EA ModelSet
id-2e5ae07750cf4636bc39678e7b559a6c,id-376b3b7c9db04da8a7d55e6cd9536518,ServingRelationship,EA ModelSet
id-7b602f313cde4c459dfe13615d5be0d4,id-c1ecf0e7cce94117856dc8a66c6d4535,ServingRelationship,EA ModelSet
id-f151ce610e72448782cb1284045ccbbb,id-5a9f251a4f0d411383525e9e45dfa569,ServingRelationship,EA ModelSet
id-be554a2c92eb4a028b39f4aea4aac8c2,id-f151ce610e72448782cb1284045ccbbb,CompositionRelationship,EA ModelSet
id-be554a2c92eb4a028b39f4aea4aac8c2,id-7b602f313cde4c459dfe13615d5be0d4,CompositionRelationship,EA ModelSet
id-a2d7564e6a1f43b2a6b27e3ce95ad30f,id-b440f54330dc4ac2be57c2f6c7e48600,RealizationRelationship,EA ModelSet
id-2636b82f837f4297bfd77101f4c92b11,id-7de60bc06fe14c689796396023df0719,CompositionRelationship,EA ModelSet
id-d9a0196918b1417da9082f1cb7a8ffb9,id-c1ecf0e7cce94117856dc8a66c6d4535,FlowRelationship,EA ModelSet
id-bf0cd0511d224cbd95720cb077185c7b,id-9515f32db82d4ff3a98e97918544f65f,AssignmentRelationship,EA ModelSet
id-c1ecf0e7cce94117856dc8a66c6d4535,id-bf0cd0511d224cbd95720cb077185c7b,FlowRelationship,EA ModelSet
id-9515f32db82d4ff3a98e97918544f65f,id-c1ecf0e7cce94117856dc8a66c6d4535,FlowRelationship,EA ModelSet
id-d9a0196918b1417da9082f1cb7a8ffb9,id-153dc96e676e4cf2bf859d6cdb1a4c96,AssociationRelationship,EA ModelSet
id-153dc96e676e4cf2bf859d6cdb1a4c96,id-f1f7b64fa8bd42109badc22a191b5893,ServingRelationship,EA ModelSet
id-153dc96e676e4cf2bf859d6cdb1a4c96,id-c96f427b76004425a367055a49a556dc,ServingRelationship,EA ModelSet
id-c96f427b76004425a367055a49a556dc,id-c1222bc386754447bee383d605699e17,AssociationRelationship,EA ModelSet
id-ffe5369100d3408895635b3251d8c291,id-c1222bc386754447bee383d605699e17,AccessRelationship,EA ModelSet
id-4ffd1a72e1504c09945465bc3bce64ee,id-c1222bc386754447bee383d605699e17,AccessRelationship,EA ModelSet
id-804acc998cd34eae9fd8d15caf2b8acc,id-c96f427b76004425a367055a49a556dc,AssignmentRelationship,EA ModelSet
id-804acc998cd34eae9fd8d15caf2b8acc,id-320220f69f4b4337b35121fced8251c2,FlowRelationship,EA ModelSet
id-320220f69f4b4337b35121fced8251c2,id-f1f7b64fa8bd42109badc22a191b5893,AssignmentRelationship,EA ModelSet
id-e4d7ae1d89044cbdae3ea9f76c7b4f8c,id-6a4f05228010470fa6b92c68e106325b,FlowRelationship,EA ModelSet
id-6a4f05228010470fa6b92c68e106325b,id-e4d7ae1d89044cbdae3ea9f76c7b4f8c,FlowRelationship,EA ModelSet
id-6a4f05228010470fa6b92c68e106325b,id-d2bc9a3a788e42479fd3c2d953988286,FlowRelationship,EA ModelSet
id-d2bc9a3a788e42479fd3c2d953988286,id-6a4f05228010470fa6b92c68e106325b,FlowRelationship,EA ModelSet
id-e65fdbdb65ed461681e638e6c7fe34b7,id-ffe5369100d3408895635b3251d8c291,FlowRelationship,EA ModelSet
id-804acc998cd34eae9fd8d15caf2b8acc,id-e34e054cf646402a98de1017b2994b82,AssignmentRelationship,EA ModelSet
id-66a319a0d7c242a5929484895036e3b4,id-d2bc9a3a788e42479fd3c2d953988286,FlowRelationship,EA ModelSet
id-376b3b7c9db04da8a7d55e6cd9536518,id-d2d7f71f731c4860b82b3549b1eefc4c,ServingRelationship,EA ModelSet
id-c1ecf0e7cce94117856dc8a66c6d4535,id-d9a0196918b1417da9082f1cb7a8ffb9,FlowRelationship,EA ModelSet
_HN28M90nEe24pIyRZ_lLDw,_HN28Nd0nEe24pIyRZ_lLDw,RealizationRelationship,EA ModelSet
_HN28Pd0nEe24pIyRZ_lLDw,_HN28N90nEe24pIyRZ_lLDw,RealizationRelationship,EA ModelSet
_HN28S90nEe24pIyRZ_lLDw,_HN28R90nEe24pIyRZ_lLDw,RealizationRelationship,EA ModelSet
_HN28T90nEe24pIyRZ_lLDw,_HN28R90nEe24pIyRZ_lLDw,RealizationRelationship,EA ModelSet
_HN28Td0nEe24pIyRZ_lLDw,_HN28R90nEe24pIyRZ_lLDw,RealizationRelationship,EA ModelSet
_HN28Ud0nEe24pIyRZ_lLDw,_HN28R90nEe24pIyRZ_lLDw,RealizationRelationship,EA ModelSet
_HN28R90nEe24pIyRZ_lLDw,_HN28M90nEe24pIyRZ_lLDw,AssignmentRelationship,EA ModelSet
_HN28V90nEe24pIyRZ_lLDw,_HN28Pd0nEe24pIyRZ_lLDw,AssignmentRelationship,EA ModelSet
_HN28U90nEe24pIyRZ_lLDw,_HN28V90nEe24pIyRZ_lLDw,RealizationRelationship,EA ModelSet
_HN28Vd0nEe24pIyRZ_lLDw,_HN28V90nEe24pIyRZ_lLDw,RealizationRelationship,EA ModelSet
_Yh5_oL9VEDuJotT88QbEYA,_Yh5_pL9VEDuJotT88QbEYA,AssociationRelationship,EA ModelSet
_Yh6mt79VEDuJotT88QbEYA,_Yh5_pL9VEDuJotT88QbEYA,AssociationRelationship,EA ModelSet
_Yh6msb9VEDuJotT88QbEYA,_Yh5_pL9VEDuJotT88QbEYA,AssociationRelationship,EA ModelSet
_Yh6mt79VEDuJotT88QbEYA,_Yh6mtb9VEDuJotT88QbEYA,AssociationRelationship,EA ModelSet
_Yh6mub9VEDuJotT88QbEYA,_Yh6mtb9VEDuJotT88QbEYA,AssociationRelationship,EA ModelSet
_Yh6mu79VEDuJotT88QbEYA,_Yh6mtb9VEDuJotT88QbEYA,AssociationRelationship,EA ModelSet
_bqI76r9VEDuJotT88QbEYA,_Yh5_pL9VEDuJotT88QbEYA,AssociationRelationship,EA ModelSet
_bqI74L9VEDuJotT88QbEYA,_Yh6mtb9VEDuJotT88QbEYA,AssociationRelationship,EA ModelSet
_O9DroL9dEDuQ75hx-L_HIA,_O9Dror9dEDuQ75hx-L_HIA,InfluenceRelationship,EA ModelSet
_O9DrpL9dEDuQ75hx-L_HIA,_O9Dror9dEDuQ75hx-L_HIA,InfluenceRelationship,EA ModelSet
_O9ESsb9dEDuQ75hx-L_HIA,_O9Dror9dEDuQ75hx-L_HIA,InfluenceRelationship,EA ModelSet
_O9EStb9dEDuQ75hx-L_HIA,_O9Dror9dEDuQ75hx-L_HIA,InfluenceRelationship,EA ModelSet
_O9DrpL9dEDuQ75hx-L_HIA,_O9Drpr9dEDuQ75hx-L_HIA,InfluenceRelationship,EA ModelSet
_O9ESt79dEDuQ75hx-L_HIA,_O9Drpr9dEDuQ75hx-L_HIA,InfluenceRelationship,EA ModelSet
_O9ESub9dEDuQ75hx-L_HIA,_O9Drpr9dEDuQ75hx-L_HIA,InfluenceRelationship,EA ModelSet
_O9ESs79dEDuQ75hx-L_HIA,_O9Drpr9dEDuQ75hx-L_HIA,InfluenceRelationship,EA ModelSet
_O9Dror9dEDuQ75hx-L_HIA,_bqI74L9VEDuJotT88QbEYA,InfluenceRelationship,EA ModelSet
_O9Drpr9dEDuQ75hx-L_HIA,_bqI76r9VEDuJotT88QbEYA,InfluenceRelationship,EA ModelSet
_HN28N90nEe24pIyRZ_lLDw,_O9ESub9dEDuQ75hx-L_HIA,RealizationRelationship,EA ModelSet
_HN28Nd0nEe24pIyRZ_lLDw,_O9ESsb9dEDuQ75hx-L_HIA,RealizationRelationship,EA ModelSet
id-26ee3c4e-1477-4fbc-8bbf-b57230770fe9,id-7b56c041-2147-424a-82cc-60dc76cd2225,AssociationRelationship,EA ModelSet
id-7b56c041-2147-424a-82cc-60dc76cd2225,fc072ed2-295c-448f-bf1c-cfc9d9b595cc,AssociationRelationship,EA ModelSet
id-26ee3c4e-1477-4fbc-8bbf-b57230770fe9,id-3c7e357b-e83f-4559-9f47-5f9b8ef416bd,CompositionRelationship,EA ModelSet
id-26ee3c4e-1477-4fbc-8bbf-b57230770fe9,id-5261338f-5527-4723-b43f-c2b40fdac78d,AssignmentRelationship,EA ModelSet
id-3c7e357b-e83f-4559-9f47-5f9b8ef416bd,id-5261338f-5527-4723-b43f-c2b40fdac78d,AssignmentRelationship,EA ModelSet
id-4001a809-5603-4ebf-bfe2-217e873f8a23,id-87aa148e-cbe6-4c2a-aa02-a338b247a26d,CompositionRelationship,EA ModelSet
fd15bf1a-ebce-4841-8bf0-5381c72c00f8,id-03573958-bc83-40cd-a04d-464a8c9e4bce,CompositionRelationship,EA ModelSet
id-33ed1b5c-0891-4ce4-b34d-cdbd223d66aa,fe2f1bb0-0d83-4776-86e2-17564c9d258e,CompositionRelationship,EA ModelSet
id-3898b91e-c600-4a40-800a-d274b8ca4e2b,c4a1380a-bd4e-48ec-afc4-c4a9cda3277e,CompositionRelationship,EA ModelSet
id-924a0599-9824-46d7-acfc-6787eb50720d,id-5949ea51-2623-44db-856e-2f8746f83ac3,CompositionRelationship,EA ModelSet
b06f69b3-1f9e-436a-9e08-27bb35989c3a,id-19c1d78e-ae69-4697-8ebb-178cad603cf4,CompositionRelationship,EA ModelSet
b66adc7c-6633-4a7c-b402-b8d4c8d4620d,id-7d7be9b6-e832-42e1-a4ce-9d89b06727f2,CompositionRelationship,EA ModelSet
d30da04b-a9c0-4546-9cec-5ccebdf305ad,id-5f06aa78-3b23-4b46-85a6-95fb64da9c5c,CompositionRelationship,EA ModelSet
bbc84cf6-8699-46da-afe1-19d8f8565519,fff9ba0a-85cc-4b52-9b5e-4b1e9e264e42,CompositionRelationship,EA ModelSet
id-42224644-175a-4c51-8799-4f67cc421728,id-5e832557-b62a-4271-ba41-254c3b69e2b7,CompositionRelationship,EA ModelSet
id-34e1f02a-d019-4854-a23e-1a293c020381,d9433136-b99a-415d-a2b0-b651038c3fb8,CompositionRelationship,EA ModelSet
c181e50a-745e-417e-8b7e-fdc34308b81b,de6064eb-4c15-4d1a-8afd-7cd13271e6b6,AssociationRelationship,EA ModelSet
a7e11027-3c42-4162-b181-8223fb65c17c,c881f388-61c1-45cc-bb98-9e6090f1c43b,CompositionRelationship,EA ModelSet
a7e11027-3c42-4162-b181-8223fb65c17c,id-390fc05e-8940-453c-bc72-7ee3d23d40b5,CompositionRelationship,EA ModelSet
a7e11027-3c42-4162-b181-8223fb65c17c,c0a107c3-8239-47e3-8458-311f7b4b9301,CompositionRelationship,EA ModelSet
b34b77ac-589a-4a02-af8f-2a9f89c13cd4,c181e50a-745e-417e-8b7e-fdc34308b81b,AccessRelationship,EA ModelSet
id-82e7a73c-5ff3-437c-a60e-ecbd81ca6e30,c881f388-61c1-45cc-bb98-9e6090f1c43b,AccessRelationship,EA ModelSet
b732a385-ff47-4b49-8104-bdf27d2f7968,id-390fc05e-8940-453c-bc72-7ee3d23d40b5,AccessRelationship,EA ModelSet
id-7de26ca1-16ec-4bc1-ab85-ffd7732da827,id-4770d005-aa9a-4f2b-9de0-a6d13d4929cf,AccessRelationship,EA ModelSet
bf0d677f-5378-411e-8e36-813ff03a2ad4,id-82e7a73c-5ff3-437c-a60e-ecbd81ca6e30,AssignmentRelationship,EA ModelSet
bf0d677f-5378-411e-8e36-813ff03a2ad4,b732a385-ff47-4b49-8104-bdf27d2f7968,AssignmentRelationship,EA ModelSet
b34b77ac-589a-4a02-af8f-2a9f89c13cd4,de6064eb-4c15-4d1a-8afd-7cd13271e6b6,AccessRelationship,EA ModelSet
b34b77ac-589a-4a02-af8f-2a9f89c13cd4,a7e11027-3c42-4162-b181-8223fb65c17c,AccessRelationship,EA ModelSet
dc7664a3-9007-4452-a838-b87e4b8944c9,id-2c145590-a800-49fe-8177-4a72a536cfd7,CompositionRelationship,EA ModelSet
id-44df4651-da12-40f0-bb42-51c9ab633246,id-108b7c6a-7d8e-47be-8549-73ad44d80988,CompositionRelationship,EA ModelSet
bf0d677f-5378-411e-8e36-813ff03a2ad4,id-809869e5-630c-497d-bf98-eb03ee6d26cb,CompositionRelationship,EA ModelSet
de6064eb-4c15-4d1a-8afd-7cd13271e6b6,c181e50a-745e-417e-8b7e-fdc34308b81b,AssociationRelationship,EA ModelSet
bf0d677f-5378-411e-8e36-813ff03a2ad4,id-2f2e050e-f7cc-43f2-8c22-4bc8f2ba500d,AssignmentRelationship,EA ModelSet
id-2f2e050e-f7cc-43f2-8c22-4bc8f2ba500d,a7e11027-3c42-4162-b181-8223fb65c17c,AccessRelationship,EA ModelSet
b732a385-ff47-4b49-8104-bdf27d2f7968,c881f388-61c1-45cc-bb98-9e6090f1c43b,AccessRelationship,EA ModelSet
id-6f33b2bf-d16f-4fe7-87c8-f256b9ec1064,c0a107c3-8239-47e3-8458-311f7b4b9301,AccessRelationship,EA ModelSet
bf0d677f-5378-411e-8e36-813ff03a2ad4,id-6f33b2bf-d16f-4fe7-87c8-f256b9ec1064,AssignmentRelationship,EA ModelSet
d33a98da-fb94-4c01-a5d5-406e59e247bb,id-4f3ca1dc-71c6-4a36-acf5-ad7ca9882b62,CompositionRelationship,EA ModelSet
d33a98da-fb94-4c01-a5d5-406e59e247bb,id-9fb3507f-8acd-4cf2-b32e-5d708a7e2bee,AssignmentRelationship,EA ModelSet
id-9fb3507f-8acd-4cf2-b32e-5d708a7e2bee,de6064eb-4c15-4d1a-8afd-7cd13271e6b6,AccessRelationship,EA ModelSet
id-9fb3507f-8acd-4cf2-b32e-5d708a7e2bee,c181e50a-745e-417e-8b7e-fdc34308b81b,AccessRelationship,EA ModelSet
b34b77ac-589a-4a02-af8f-2a9f89c13cd4,id-707de530-561c-409d-bbcf-36aaa2c9ec23,CompositionRelationship,EA ModelSet
b34b77ac-589a-4a02-af8f-2a9f89c13cd4,a1153ed1-9e00-4d80-9bbf-27fc6fcf76a2,CompositionRelationship,EA ModelSet
b34b77ac-589a-4a02-af8f-2a9f89c13cd4,id-85c87009-dfb7-4e70-8c33-43c9701eb932,CompositionRelationship,EA ModelSet
b34b77ac-589a-4a02-af8f-2a9f89c13cd4,id-86ac84da-290f-4e19-8f0a-7627f5d4f032,CompositionRelationship,EA ModelSet
id-707de530-561c-409d-bbcf-36aaa2c9ec23,a1153ed1-9e00-4d80-9bbf-27fc6fcf76a2,TriggeringRelationship,EA ModelSet
a1153ed1-9e00-4d80-9bbf-27fc6fcf76a2,id-85c87009-dfb7-4e70-8c33-43c9701eb932,TriggeringRelationship,EA ModelSet
id-85c87009-dfb7-4e70-8c33-43c9701eb932,id-86ac84da-290f-4e19-8f0a-7627f5d4f032,TriggeringRelationship,EA ModelSet
b34b77ac-589a-4a02-af8f-2a9f89c13cd4,id-9398c1f9-2084-446a-8aae-56c481a61079,CompositionRelationship,EA ModelSet
id-86ac84da-290f-4e19-8f0a-7627f5d4f032,id-9398c1f9-2084-446a-8aae-56c481a61079,TriggeringRelationship,EA ModelSet
id-14e204a8-ad44-41ee-a545-4b76d78e8bc0,id-7de26ca1-16ec-4bc1-ab85-ffd7732da827,AssignmentRelationship,EA ModelSet
id-2035446e-8071-4d81-b40e-2ce018b03221,d33a98da-fb94-4c01-a5d5-406e59e247bb,CompositionRelationship,EA ModelSet
id-2035446e-8071-4d81-b40e-2ce018b03221,id-88f17ed2-86b0-420d-8ac4-888fefe81dd6,CompositionRelationship,EA ModelSet
id-2035446e-8071-4d81-b40e-2ce018b03221,bf0d677f-5378-411e-8e36-813ff03a2ad4,CompositionRelationship,EA ModelSet
id-88f17ed2-86b0-420d-8ac4-888fefe81dd6,id-14e204a8-ad44-41ee-a545-4b76d78e8bc0,CompositionRelationship,EA ModelSet
id-88f17ed2-86b0-420d-8ac4-888fefe81dd6,fbed404b-d5e7-4eda-91bd-88622b87f112,CompositionRelationship,EA ModelSet
bf0d677f-5378-411e-8e36-813ff03a2ad4,b7bcb2c7-93f2-4076-abd6-cdd60f8ddee6,CompositionRelationship,EA ModelSet
id-2035446e-8071-4d81-b40e-2ce018b03221,id-31a267c2-8d4f-41e6-99a3-94370dfa282d,CompositionRelationship,EA ModelSet
id-69f5f762-b248-4f90-ae33-b2a67a68ed7d,id-4dc54042-2422-4d2d-806e-18225e57ff12,CompositionRelationship,EA ModelSet
id-69f5f762-b248-4f90-ae33-b2a67a68ed7d,e5f76961-73e3-4343-9072-d44918a3b505,CompositionRelationship,EA ModelSet
b7bcb2c7-93f2-4076-abd6-cdd60f8ddee6,id-69f5f762-b248-4f90-ae33-b2a67a68ed7d,AssignmentRelationship,EA ModelSet
id-31a267c2-8d4f-41e6-99a3-94370dfa282d,f72be4c1-4774-4825-babc-0ec9f0c49bfc,CompositionRelationship,EA ModelSet
c4a1380a-bd4e-48ec-afc4-c4a9cda3277e,fbed404b-d5e7-4eda-91bd-88622b87f112,ServingRelationship,EA ModelSet
c4a1380a-bd4e-48ec-afc4-c4a9cda3277e,id-14e204a8-ad44-41ee-a545-4b76d78e8bc0,ServingRelationship,EA ModelSet
e78586da-d6fb-46a6-bea3-95f8ddef62d0,id-4aa30799-046f-4aa0-8aa3-e4506d199512,AssociationRelationship,EA ModelSet
fbed404b-d5e7-4eda-91bd-88622b87f112,id-4aa30799-046f-4aa0-8aa3-e4506d199512,AssociationRelationship,EA ModelSet
id-2c145590-a800-49fe-8177-4a72a536cfd7,b34b77ac-589a-4a02-af8f-2a9f89c13cd4,ServingRelationship,EA ModelSet
bf0d677f-5378-411e-8e36-813ff03a2ad4,id-428ef634-29aa-47d2-892c-b7714ebb2bbf,AssociationRelationship,EA ModelSet
id-2c145590-a800-49fe-8177-4a72a536cfd7,id-4dc54042-2422-4d2d-806e-18225e57ff12,ServingRelationship,EA ModelSet
e5f76961-73e3-4343-9072-d44918a3b505,id-108b7c6a-7d8e-47be-8549-73ad44d80988,ServingRelationship,EA ModelSet
id-108b7c6a-7d8e-47be-8549-73ad44d80988,id-82e7a73c-5ff3-437c-a60e-ecbd81ca6e30,ServingRelationship,EA ModelSet
id-032e1f3c-5d23-48f2-b82e-4c65cd42bd96,id-428ef634-29aa-47d2-892c-b7714ebb2bbf,CompositionRelationship,EA ModelSet
id-21555ab7-f906-4a28-b39b-80d9f36eb649,id-6a094be6-e38e-4c30-9209-ad8a637d6c88,CompositionRelationship,EA ModelSet
id-5ab0224e-cb3b-42b3-bf81-ea796c572fdd,id-489b6d3b-ba5f-44df-9b02-801d170b0ec3,CompositionRelationship,EA ModelSet
dc7664a3-9007-4452-a838-b87e4b8944c9,id-8dc8be06-2b46-47d0-80b4-37911247efcd,AssociationRelationship,EA ModelSet
id-5ab0224e-cb3b-42b3-bf81-ea796c572fdd,id-8dc8be06-2b46-47d0-80b4-37911247efcd,AssociationRelationship,EA ModelSet
id-8dc8be06-2b46-47d0-80b4-37911247efcd,id-44df4651-da12-40f0-bb42-51c9ab633246,AssociationRelationship,EA ModelSet
id-8dc8be06-2b46-47d0-80b4-37911247efcd,id-032e1f3c-5d23-48f2-b82e-4c65cd42bd96,AssociationRelationship,EA ModelSet
id-0d842ec2-d0e7-4b20-af2d-c105bbd49430,id-8dc8be06-2b46-47d0-80b4-37911247efcd,AssociationRelationship,EA ModelSet
id-21555ab7-f906-4a28-b39b-80d9f36eb649,id-8dc8be06-2b46-47d0-80b4-37911247efcd,AssociationRelationship,EA ModelSet
id-809869e5-630c-497d-bf98-eb03ee6d26cb,id-428ef634-29aa-47d2-892c-b7714ebb2bbf,AssociationRelationship,EA ModelSet
id-4f3ca1dc-71c6-4a36-acf5-ad7ca9882b62,id-6a094be6-e38e-4c30-9209-ad8a637d6c88,AssociationRelationship,EA ModelSet
id-28d2b0d9-5c44-4aa2-97b6-1f99d3650ab0,id-70db3c51-ae73-42f0-b4bd-6f7770f1d6c1,CompositionRelationship,EA ModelSet
id-28d2b0d9-5c44-4aa2-97b6-1f99d3650ab0,a182b50a-7e41-477d-9068-c9c8abd1fb08,CompositionRelationship,EA ModelSet
id-31a267c2-8d4f-41e6-99a3-94370dfa282d,id-28d2b0d9-5c44-4aa2-97b6-1f99d3650ab0,AssignmentRelationship,EA ModelSet
id-28d2b0d9-5c44-4aa2-97b6-1f99d3650ab0,a7e11027-3c42-4162-b181-8223fb65c17c,AccessRelationship,EA ModelSet
f72be4c1-4774-4825-babc-0ec9f0c49bfc,id-6a094be6-e38e-4c30-9209-ad8a637d6c88,AssociationRelationship,EA ModelSet
id-9fb3507f-8acd-4cf2-b32e-5d708a7e2bee,id-2c145590-a800-49fe-8177-4a72a536cfd7,AssociationRelationship,EA ModelSet
id-2c145590-a800-49fe-8177-4a72a536cfd7,id-9fb3507f-8acd-4cf2-b32e-5d708a7e2bee,ServingRelationship,EA ModelSet
id-2035446e-8071-4d81-b40e-2ce018b03221,id-2c145590-a800-49fe-8177-4a72a536cfd7,AssociationRelationship,EA ModelSet
bf0d677f-5378-411e-8e36-813ff03a2ad4,id-108b7c6a-7d8e-47be-8549-73ad44d80988,AssociationRelationship,EA ModelSet
bf0d677f-5378-411e-8e36-813ff03a2ad4,id-33e92d7b-1597-4a6c-ae37-b289157e7db0,AssignmentRelationship,EA ModelSet
id-108b7c6a-7d8e-47be-8549-73ad44d80988,b732a385-ff47-4b49-8104-bdf27d2f7968,ServingRelationship,EA ModelSet
id-108b7c6a-7d8e-47be-8549-73ad44d80988,id-2f2e050e-f7cc-43f2-8c22-4bc8f2ba500d,ServingRelationship,EA ModelSet
a910c5a8-8128-4caa-a92f-89874512d336,id-8a78955e-fa1b-451e-8c6d-0f3b5fb6370e,CompositionRelationship,EA ModelSet
c72cb3d9-484d-4c23-9348-c45ddb737168,b34b77ac-589a-4a02-af8f-2a9f89c13cd4,AssignmentRelationship,EA ModelSet
id-88f17ed2-86b0-420d-8ac4-888fefe81dd6,c72cb3d9-484d-4c23-9348-c45ddb737168,CompositionRelationship,EA ModelSet
id-0d842ec2-d0e7-4b20-af2d-c105bbd49430,id-3812f726-e5f1-44b1-9528-9edadcfb8847,CompositionRelationship,EA ModelSet
c72cb3d9-484d-4c23-9348-c45ddb737168,id-3812f726-e5f1-44b1-9528-9edadcfb8847,AssociationRelationship,EA ModelSet
de6064eb-4c15-4d1a-8afd-7cd13271e6b6,id-2c145590-a800-49fe-8177-4a72a536cfd7,AssociationRelationship,EA ModelSet
id-4770d005-aa9a-4f2b-9de0-a6d13d4929cf,de6064eb-4c15-4d1a-8afd-7cd13271e6b6,AggregationRelationship,EA ModelSet
id-4770d005-aa9a-4f2b-9de0-a6d13d4929cf,id-2c145590-a800-49fe-8177-4a72a536cfd7,AssociationRelationship,EA ModelSet
id-7808fe34-03fc-47dd-8e92-fa59c695ff53,id-7de26ca1-16ec-4bc1-ab85-ffd7732da827,ServingRelationship,EA ModelSet
id-9fb3507f-8acd-4cf2-b32e-5d708a7e2bee,a81d2bed-9ea9-47c4-96a6-2a6bcf695d58,AccessRelationship,EA ModelSet
a7e11027-3c42-4162-b181-8223fb65c17c,id-2c145590-a800-49fe-8177-4a72a536cfd7,AssociationRelationship,EA ModelSet
id-7808fe34-03fc-47dd-8e92-fa59c695ff53,id-14e204a8-ad44-41ee-a545-4b76d78e8bc0,ServingRelationship,EA ModelSet
id-88f17ed2-86b0-420d-8ac4-888fefe81dd6,c6fc6418-92ec-4b82-be53-5ce66ee8a006,ServingRelationship,EA ModelSet
d33a98da-fb94-4c01-a5d5-406e59e247bb,c6fc6418-92ec-4b82-be53-5ce66ee8a006,ServingRelationship,EA ModelSet
id-31a267c2-8d4f-41e6-99a3-94370dfa282d,c6fc6418-92ec-4b82-be53-5ce66ee8a006,ServingRelationship,EA ModelSet
bf0d677f-5378-411e-8e36-813ff03a2ad4,c6fc6418-92ec-4b82-be53-5ce66ee8a006,ServingRelationship,EA ModelSet
d33a98da-fb94-4c01-a5d5-406e59e247bb,id-066d03a6-d49c-48f6-92d3-5a5024e8cd44,ServingRelationship,EA ModelSet
id-31a267c2-8d4f-41e6-99a3-94370dfa282d,id-066d03a6-d49c-48f6-92d3-5a5024e8cd44,ServingRelationship,EA ModelSet
bf0d677f-5378-411e-8e36-813ff03a2ad4,id-066d03a6-d49c-48f6-92d3-5a5024e8cd44,ServingRelationship,EA ModelSet
id-8a78955e-fa1b-451e-8c6d-0f3b5fb6370e,c72cb3d9-484d-4c23-9348-c45ddb737168,AssociationRelationship,EA ModelSet
fbed404b-d5e7-4eda-91bd-88622b87f112,id-0bf22e34-4f97-448a-94e5-abc2e88926f9,TriggeringRelationship,EA ModelSet
id-3e8e612d-b7ff-40b1-b4b5-80f27ed8bb68,id-0766afca-b4ba-4f19-85f4-61d652efd42f,AccessRelationship,EA ModelSet
fbed404b-d5e7-4eda-91bd-88622b87f112,id-0766afca-b4ba-4f19-85f4-61d652efd42f,AccessRelationship,EA ModelSet
id-0bf22e34-4f97-448a-94e5-abc2e88926f9,id-2c145590-a800-49fe-8177-4a72a536cfd7,AssociationRelationship,EA ModelSet
id-3e8e612d-b7ff-40b1-b4b5-80f27ed8bb68,id-4aa30799-046f-4aa0-8aa3-e4506d199512,AssociationRelationship,EA ModelSet
id-0bf22e34-4f97-448a-94e5-abc2e88926f9,de6064eb-4c15-4d1a-8afd-7cd13271e6b6,AccessRelationship,EA ModelSet
id-3e8e612d-b7ff-40b1-b4b5-80f27ed8bb68,id-0ce4084e-4765-4fc4-b418-db9650809e25,TriggeringRelationship,EA ModelSet
id-14e204a8-ad44-41ee-a545-4b76d78e8bc0,e78586da-d6fb-46a6-bea3-95f8ddef62d0,AssignmentRelationship,EA ModelSet
id-4ffa3ae1-5a6f-458e-9153-fb99a635c6ad,c4a1380a-bd4e-48ec-afc4-c4a9cda3277e,TriggeringRelationship,EA ModelSet
id-4ffa3ae1-5a6f-458e-9153-fb99a635c6ad,id-0766afca-b4ba-4f19-85f4-61d652efd42f,AccessRelationship,EA ModelSet
c4a1380a-bd4e-48ec-afc4-c4a9cda3277e,id-8548310a-86ca-464e-b018-e197d3fd3b3c,AccessRelationship,EA ModelSet
e78586da-d6fb-46a6-bea3-95f8ddef62d0,id-0766afca-b4ba-4f19-85f4-61d652efd42f,AccessRelationship,EA ModelSet
e78586da-d6fb-46a6-bea3-95f8ddef62d0,id-7de26ca1-16ec-4bc1-ab85-ffd7732da827,TriggeringRelationship,EA ModelSet
id-0bf22e34-4f97-448a-94e5-abc2e88926f9,id-4770d005-aa9a-4f2b-9de0-a6d13d4929cf,AccessRelationship,EA ModelSet
id-7de26ca1-16ec-4bc1-ab85-ffd7732da827,id-0bf22e34-4f97-448a-94e5-abc2e88926f9,TriggeringRelationship,EA ModelSet
id-4ffa3ae1-5a6f-458e-9153-fb99a635c6ad,id-4aa30799-046f-4aa0-8aa3-e4506d199512,AssociationRelationship,EA ModelSet
id-33e92d7b-1597-4a6c-ae37-b289157e7db0,id-0766afca-b4ba-4f19-85f4-61d652efd42f,AccessRelationship,EA ModelSet
a7e11027-3c42-4162-b181-8223fb65c17c,id-0766afca-b4ba-4f19-85f4-61d652efd42f,AssociationRelationship,EA ModelSet
bf0d677f-5378-411e-8e36-813ff03a2ad4,id-0766afca-b4ba-4f19-85f4-61d652efd42f,AssociationRelationship,EA ModelSet
id-31a267c2-8d4f-41e6-99a3-94370dfa282d,id-0766afca-b4ba-4f19-85f4-61d652efd42f,AssociationRelationship,EA ModelSet
de6064eb-4c15-4d1a-8afd-7cd13271e6b6,id-4770d005-aa9a-4f2b-9de0-a6d13d4929cf,AssociationRelationship,EA ModelSet
d33a98da-fb94-4c01-a5d5-406e59e247bb,id-428ef634-29aa-47d2-892c-b7714ebb2bbf,AssociationRelationship,EA ModelSet
id-4f3ca1dc-71c6-4a36-acf5-ad7ca9882b62,id-428ef634-29aa-47d2-892c-b7714ebb2bbf,AssociationRelationship,EA ModelSet
id-4aa30799-046f-4aa0-8aa3-e4506d199512,id-2035446e-8071-4d81-b40e-2ce018b03221,AssociationRelationship,EA ModelSet
id-2035446e-8071-4d81-b40e-2ce018b03221,fb3ed4c4-a1b4-44ee-9546-13f8bc72b5a2,AssociationRelationship,EA ModelSet
a7e11027-3c42-4162-b181-8223fb65c17c,id-3ddd3318-e99d-47f9-b192-861ff61cea3c,AssociationRelationship,EA ModelSet
id-7de26ca1-16ec-4bc1-ab85-ffd7732da827,id-7808fe34-03fc-47dd-8e92-fa59c695ff53,TriggeringRelationship,EA ModelSet
id-0766afca-b4ba-4f19-85f4-61d652efd42f,id-3e8e612d-b7ff-40b1-b4b5-80f27ed8bb68,ServingRelationship,EA ModelSet
id-3e8e612d-b7ff-40b1-b4b5-80f27ed8bb68,c4a1380a-bd4e-48ec-afc4-c4a9cda3277e,FlowRelationship,EA ModelSet
id-108b7c6a-7d8e-47be-8549-73ad44d80988,id-0ce4084e-4765-4fc4-b418-db9650809e25,AssociationRelationship,EA ModelSet
id-6e208d35-8c3f-4b18-ae4c-2bc0d579629f,f12b558a-86a1-47c7-9244-da82290aec0c,TriggeringRelationship,EA ModelSet
id-380dd4e9-1792-4bea-86bd-5da95a430d23,id-6e208d35-8c3f-4b18-ae4c-2bc0d579629f,AssociationRelationship,EA ModelSet
f12b558a-86a1-47c7-9244-da82290aec0c,f60a34de-2186-4a46-95e2-9eca996f66fd,AssociationRelationship,EA ModelSet
f12b558a-86a1-47c7-9244-da82290aec0c,f60a34de-2186-4a46-95e2-9eca996f66fd,AccessRelationship,EA ModelSet
f12b558a-86a1-47c7-9244-da82290aec0c,id-204a40c4-63ee-4c3a-9f30-de2049dc9f50,AccessRelationship,EA ModelSet
id-2d9a479d-f6a2-4090-a24f-633e36fdb1f9,id-204a40c4-63ee-4c3a-9f30-de2049dc9f50,AssociationRelationship,EA ModelSet
f60a34de-2186-4a46-95e2-9eca996f66fd,id-2d9a479d-f6a2-4090-a24f-633e36fdb1f9,AssociationRelationship,EA ModelSet
id-204a40c4-63ee-4c3a-9f30-de2049dc9f50,id-2d9a479d-f6a2-4090-a24f-633e36fdb1f9,AssociationRelationship,EA ModelSet
id-02601d46-5380-498a-8475-88946bc412c7,id-6e208d35-8c3f-4b18-ae4c-2bc0d579629f,ServingRelationship,EA ModelSet
id-0ce4084e-4765-4fc4-b418-db9650809e25,ed372fc1-c4e6-4aa7-919a-2f67cc71234c,AccessRelationship,EA ModelSet
id-0ce4084e-4765-4fc4-b418-db9650809e25,id-03e9f785-f0b0-48c9-b560-51138ac9055b,AccessRelationship,EA ModelSet
id-108b7c6a-7d8e-47be-8549-73ad44d80988,ed372fc1-c4e6-4aa7-919a-2f67cc71234c,AssociationRelationship,EA ModelSet
id-108b7c6a-7d8e-47be-8549-73ad44d80988,id-03e9f785-f0b0-48c9-b560-51138ac9055b,AssociationRelationship,EA ModelSet
id-1cbf6fdf-7fe6-4087-8c85-58667af975ff,id-66361169-c86b-4029-b242-c9a5ba5ac893,AssociationRelationship,EA ModelSet
c5587e59-3cbc-494c-8493-0f200e375579,aee6693e-1d06-4c19-a83e-5445222ff5fe,AccessRelationship,EA ModelSet
c5587e59-3cbc-494c-8493-0f200e375579,e55b9494-e93e-4e37-b17f-4910c837c737,TriggeringRelationship,EA ModelSet
e55b9494-e93e-4e37-b17f-4910c837c737,id-66361169-c86b-4029-b242-c9a5ba5ac893,AccessRelationship,EA ModelSet
id-1ee7bca1-c3f2-4b5e-b66e-c00fd62c3165,c5587e59-3cbc-494c-8493-0f200e375579,AssociationRelationship,EA ModelSet
e55b9494-e93e-4e37-b17f-4910c837c737,id-815344dd-3595-4c3f-9fad-33c77a2d615d,ServingRelationship,EA ModelSet
id-815344dd-3595-4c3f-9fad-33c77a2d615d,id-66361169-c86b-4029-b242-c9a5ba5ac893,AccessRelationship,EA ModelSet
f83dffa0-1c4e-4530-b461-459ced7bfa15,id-815344dd-3595-4c3f-9fad-33c77a2d615d,AssociationRelationship,EA ModelSet
id-70f261a3-6704-44a1-8ad0-0d76b05c03b8,c1ee469e-1660-44ee-8a68-24da65bba46d,ServingRelationship,EA ModelSet
c1ee469e-1660-44ee-8a68-24da65bba46d,c3445ab2-65d4-4049-95e3-7549e3dad6bb,TriggeringRelationship,EA ModelSet
c3445ab2-65d4-4049-95e3-7549e3dad6bb,ffd2d279-63fe-47de-879e-2ed80300540a,AccessRelationship,EA ModelSet
id-7705401e-b626-438b-8dfb-e9085bd3cfa4,c1ee469e-1660-44ee-8a68-24da65bba46d,AssociationRelationship,EA ModelSet
id-1281ba47-e238-4af5-ad9b-ae6c3bdba5f8,ffd2d279-63fe-47de-879e-2ed80300540a,AssociationRelationship,EA ModelSet
id-45178a0e-cc57-4b0e-8a84-2b83c7868d30,id-451be2e8-60e2-4e3e-a264-9407c6072f5c,TriggeringRelationship,EA ModelSet
id-451be2e8-60e2-4e3e-a264-9407c6072f5c,id-54def69d-5a88-401b-869e-572391cfee40,ServingRelationship,EA ModelSet
id-54def69d-5a88-401b-869e-572391cfee40,id-869f2ea8-7254-46bc-ba5f-4e8051c597b4,AccessRelationship,EA ModelSet
id-1f843d55-18f3-499a-b791-88eb5ae3b5a2,id-45178a0e-cc57-4b0e-8a84-2b83c7868d30,AssociationRelationship,EA ModelSet
id-54def69d-5a88-401b-869e-572391cfee40,b0405909-d09f-47a0-89c4-0430b70f4447,AssociationRelationship,EA ModelSet
id-869f2ea8-7254-46bc-ba5f-4e8051c597b4,id-57d0e0d5-eb0f-4ef0-8cf5-d8138d4ee84d,AssociationRelationship,EA ModelSet
id-4c3bca79-d0cd-4a5d-b727-b5328bb21822,id-4378b03f-991c-4317-985f-d333254a660d,AccessRelationship,EA ModelSet
id-02b1b102-8678-428c-b4ba-809b7dbb3aa6,id-4c3bca79-d0cd-4a5d-b727-b5328bb21822,TriggeringRelationship,EA ModelSet
id-45178a0e-cc57-4b0e-8a84-2b83c7868d30,id-1d29f156-60c3-4bd5-ac93-95e215492884,AccessRelationship,EA ModelSet
id-02b1b102-8678-428c-b4ba-809b7dbb3aa6,ab539520-42fe-4ee6-b6b2-73af994adcb5,AssociationRelationship,EA ModelSet
id-4378b03f-991c-4317-985f-d333254a660d,d296eb41-7fd6-4e29-8ac5-b9348aa72eec,AssociationRelationship,EA ModelSet
ea10ab57-00fd-434b-ae91-13d9f07f0613,id-02b1b102-8678-428c-b4ba-809b7dbb3aa6,ServingRelationship,EA ModelSet
id-02b1b102-8678-428c-b4ba-809b7dbb3aa6,id-32ef2193-010c-4d4b-bd24-2b987597112a,TriggeringRelationship,EA ModelSet
id-32ef2193-010c-4d4b-bd24-2b987597112a,id-8759e9e0-8c29-416e-8796-585d9f1f9b4c,TriggeringRelationship,EA ModelSet
id-8759e9e0-8c29-416e-8796-585d9f1f9b4c,d4a8d3ce-8c79-438c-9327-ceb24e93f596,AssociationRelationship,EA ModelSet
id-32ef2193-010c-4d4b-bd24-2b987597112a,dc22206e-8d5d-40f2-8795-af01682826be,AssociationRelationship,EA ModelSet
id-45098ddf-3f6e-4463-8daa-372c055cae9b,id-3272bd0c-aa94-4946-8c03-d82b3b99741d,CompositionRelationship,EA ModelSet
id-548b5526-6e69-4911-8213-0f18726a4a74,bdb0452d-dd3d-4a05-9978-366a86b56895,CompositionRelationship,EA ModelSet
id-548b5526-6e69-4911-8213-0f18726a4a74,id-2e6f7a93-987d-4f86-8466-61fcf38590c1,CompositionRelationship,EA ModelSet
id-2035446e-8071-4d81-b40e-2ce018b03221,id-548b5526-6e69-4911-8213-0f18726a4a74,CompositionRelationship,EA ModelSet
id-3812f726-e5f1-44b1-9528-9edadcfb8847,c72cb3d9-484d-4c23-9348-c45ddb737168,AssociationRelationship,EA ModelSet
id-489b6d3b-ba5f-44df-9b02-801d170b0ec3,id-88f17ed2-86b0-420d-8ac4-888fefe81dd6,AssociationRelationship,EA ModelSet
id-88f17ed2-86b0-420d-8ac4-888fefe81dd6,id-489b6d3b-ba5f-44df-9b02-801d170b0ec3,AssociationRelationship,EA ModelSet
b34b77ac-589a-4a02-af8f-2a9f89c13cd4,id-3812f726-e5f1-44b1-9528-9edadcfb8847,AssociationRelationship,EA ModelSet
a81d2bed-9ea9-47c4-96a6-2a6bcf695d58,id-2c145590-a800-49fe-8177-4a72a536cfd7,AssociationRelationship,EA ModelSet
id-9fb3507f-8acd-4cf2-b32e-5d708a7e2bee,id-428ef634-29aa-47d2-892c-b7714ebb2bbf,AssociationRelationship,EA ModelSet
id-12e20b12-834a-45ed-b7f8-a26aa56cd2e5,id-7bb46d06-ad72-4c86-8f24-a2734ce14dc6,CompositionRelationship,EA ModelSet
id-37c07c34-314e-4254-853f-76b587ca31de,e91a1af4-b3a5-4ff4-9cc4-1de42d7c057d,CompositionRelationship,EA ModelSet
ebdceba6-6eef-41f8-8e0f-18ce69d0712f,c98ffd56-3671-43ac-b7b3-1c4db6c7bc6f,AssignmentRelationship,EA ModelSet
fc072ed2-295c-448f-bf1c-cfc9d9b595cc,ebdceba6-6eef-41f8-8e0f-18ce69d0712f,CompositionRelationship,EA ModelSet
fc072ed2-295c-448f-bf1c-cfc9d9b595cc,c98ffd56-3671-43ac-b7b3-1c4db6c7bc6f,AssignmentRelationship,EA ModelSet
id-628b7b87-aaa4-4eae-9b85-5e236a027904,id-71cb4332-806d-45c9-8413-25d012e5487b,CompositionRelationship,EA ModelSet
id-628b7b87-aaa4-4eae-9b85-5e236a027904,c57886ae-ac3d-4f77-a8b9-0cd55a326a99,AssignmentRelationship,EA ModelSet
id-71cb4332-806d-45c9-8413-25d012e5487b,c57886ae-ac3d-4f77-a8b9-0cd55a326a99,AssignmentRelationship,EA ModelSet
id-7b56c041-2147-424a-82cc-60dc76cd2225,id-628b7b87-aaa4-4eae-9b85-5e236a027904,AssociationRelationship,EA ModelSet
id-6b120a7d-b2de-4256-ac53-791508733b80,d8eb9532-9f72-49a7-92d6-34d38a627f11,AssignmentRelationship,EA ModelSet
id-89413d40-3dfb-4ee7-a8ef-ba782207ad51,d8eb9532-9f72-49a7-92d6-34d38a627f11,AssignmentRelationship,EA ModelSet
id-6b120a7d-b2de-4256-ac53-791508733b80,id-89413d40-3dfb-4ee7-a8ef-ba782207ad51,CompositionRelationship,EA ModelSet
id-6b120a7d-b2de-4256-ac53-791508733b80,id-7b56c041-2147-424a-82cc-60dc76cd2225,AssociationRelationship,EA ModelSet
c9d9297a-ff8a-4f51-b884-0c1d3694096f,id-18f94069-2452-4904-a491-7e097db37b2c,AssociationRelationship,EA ModelSet
id-60ef1382-159e-4540-ad9f-625e75593815,id-3a743904-2502-4583-8111-89268fb0d163,AssociationRelationship,EA ModelSet
id-8a53df08-242d-45e9-961e-506a8044c022,f3d21bf1-da5b-47fc-ae3f-98f2d5c3537d,AssociationRelationship,EA ModelSet
b539cc0d-cc9e-4eda-b6c2-e89535f72c01,id-625e9196-e73e-4daf-9d94-b0b897e44133,RealizationRelationship,EA ModelSet
id-2012660e-79ea-4ccb-8bf9-d882c867dc59,d7e7e183-c46e-40cc-b579-ea4a8c3eb8ea,FlowRelationship,EA ModelSet
id-176b10f0-6c2f-426f-8f8f-2aadde9a1d36,id-3ba1451e-730e-4061-8332-413427efbbc3,AssociationRelationship,EA ModelSet
cf02c60e-298d-4404-b0fe-b4ea2f79e8c3,e183cd6a-3dd6-475a-aa69-b20b2a263f09,AssociationRelationship,EA ModelSet
b539cc0d-cc9e-4eda-b6c2-e89535f72c01,edb8478e-e04b-4e3d-aec5-d29af38949a4,AccessRelationship,EA ModelSet
id-8a53df08-242d-45e9-961e-506a8044c022,bca2a227-3c91-48ab-a7f4-b47a60e76bb3,AssociationRelationship,EA ModelSet
id-75a4f1f9-256b-4792-99c1-83996a5f0eff,beba8031-9bcc-4565-93e6-ef12963240f1,CompositionRelationship,EA ModelSet
id-6091a4be-0007-444c-af98-6995084ea53a,id-5668cdd0-84b3-49f0-8eab-fefd10546598,AssociationRelationship,EA ModelSet
f6464c26-22c9-40c6-85e8-bd64652d76db,id-48964070-ad69-47cd-a59e-40c193841542,AssociationRelationship,EA ModelSet
cf02c60e-298d-4404-b0fe-b4ea2f79e8c3,id-589daea3-c1ad-4fcb-bb34-735b3d1308b0,AssociationRelationship,EA ModelSet
id-8a53df08-242d-45e9-961e-506a8044c022,id-40565e2e-93e0-46bf-9d7a-f3daa84c9f8a,AssignmentRelationship,EA ModelSet
aff3dd8c-4564-47a9-94bb-dac3818ac619,beba8031-9bcc-4565-93e6-ef12963240f1,AssociationRelationship,EA ModelSet
e788b469-5cdf-4175-ac12-3c062b0b6791,cf02c60e-298d-4404-b0fe-b4ea2f79e8c3,AssociationRelationship,EA ModelSet
b539cc0d-cc9e-4eda-b6c2-e89535f72c01,id-04ab4be0-db88-4a14-b15c-e112ee213895,AssignmentRelationship,EA ModelSet
id-46685755-bc07-43bb-a58f-c6f0cafbab13,d28ac7cb-d803-4224-bdaa-d144bcb436f0,FlowRelationship,EA ModelSet
id-574676cd-dc7f-4fe9-8cdc-fe4dd33dce1e,ddf1f2df-8ec6-4117-8b4a-1a77d5511034,RealizationRelationship,EA ModelSet
e183cd6a-3dd6-475a-aa69-b20b2a263f09,id-6dfc5c59-f254-4626-aae7-c86f72ad743f,AssociationRelationship,EA ModelSet
bae4ce8a-dc87-4c09-bd2f-0e763f4146a4,b76a4d30-197b-42e1-8cf5-ce19e570a51c,AssociationRelationship,EA ModelSet
id-61b4c7f1-b376-499d-992c-2529ddbc93ca,id-27effc16-4665-4e9e-84d7-4fa5df129948,FlowRelationship,EA ModelSet
id-589daea3-c1ad-4fcb-bb34-735b3d1308b0,a910db28-2966-4c9d-bb59-b589364e5617,AssociationRelationship,EA ModelSet
a4ff20ca-1b93-4b20-ad90-074ab88057fc,f1448545-165e-487b-9130-a9a3cf81416c,AssociationRelationship,EA ModelSet
id-8d0fa66c-5293-46c0-9682-03d97263d6c0,id-27effc16-4665-4e9e-84d7-4fa5df129948,AssociationRelationship,EA ModelSet
b539cc0d-cc9e-4eda-b6c2-e89535f72c01,id-61b4c7f1-b376-499d-992c-2529ddbc93ca,AssignmentRelationship,EA ModelSet
b539cc0d-cc9e-4eda-b6c2-e89535f72c01,eb4f1f02-8fae-4b36-bbd4-e772688132c7,AccessRelationship,EA ModelSet
bae4ce8a-dc87-4c09-bd2f-0e763f4146a4,id-2b3fb376-5781-4fe8-9252-6533f563b340,RealizationRelationship,EA ModelSet
c9d9297a-ff8a-4f51-b884-0c1d3694096f,d7e7e183-c46e-40cc-b579-ea4a8c3eb8ea,FlowRelationship,EA ModelSet
id-61b4c7f1-b376-499d-992c-2529ddbc93ca,dc299baf-7403-4207-b1d8-b8a89b5a0322,FlowRelationship,EA ModelSet
id-574676cd-dc7f-4fe9-8cdc-fe4dd33dce1e,id-88036bf6-5ada-4aa4-a79d-0730fbc7fd80,AssociationRelationship,EA ModelSet
d3548eb3-22a4-40b1-9ea5-b1b2eabcef30,d7e7e183-c46e-40cc-b579-ea4a8c3eb8ea,FlowRelationship,EA ModelSet
id-9eb5dbd1-0428-4602-934e-9db8ca969b8c,id-93a578e9-314b-422c-9c9f-827b305f3096,FlowRelationship,EA ModelSet
e788b469-5cdf-4175-ac12-3c062b0b6791,id-46685755-bc07-43bb-a58f-c6f0cafbab13,AssociationRelationship,EA ModelSet
cf02c60e-298d-4404-b0fe-b4ea2f79e8c3,d28ac7cb-d803-4224-bdaa-d144bcb436f0,FlowRelationship,EA ModelSet
aedd7c61-41ed-4b16-a28e-21a68b37a9b1,db4e95e6-57bc-4e59-af57-5545bcf6c6dd,AssociationRelationship,EA ModelSet
d17b93f8-6d61-4b92-b5f5-acdd7a38456a,id-1183b49f-2bcd-457c-94b0-5035490cea2d,AssociationRelationship,EA ModelSet
f6464c26-22c9-40c6-85e8-bd64652d76db,e788b469-5cdf-4175-ac12-3c062b0b6791,AssociationRelationship,EA ModelSet
d14eb77d-f1de-4e6b-b0cd-dc77b21f61b8,id-18f94069-2452-4904-a491-7e097db37b2c,AssociationRelationship,EA ModelSet
f6464c26-22c9-40c6-85e8-bd64652d76db,b539cc0d-cc9e-4eda-b6c2-e89535f72c01,AssociationRelationship,EA ModelSet
f3d21bf1-da5b-47fc-ae3f-98f2d5c3537d,a4ff20ca-1b93-4b20-ad90-074ab88057fc,AccessRelationship,EA ModelSet
id-589daea3-c1ad-4fcb-bb34-735b3d1308b0,ddf1f2df-8ec6-4117-8b4a-1a77d5511034,RealizationRelationship,EA ModelSet
bca2a227-3c91-48ab-a7f4-b47a60e76bb3,id-1183b49f-2bcd-457c-94b0-5035490cea2d,RealizationRelationship,EA ModelSet
id-60ef1382-159e-4540-ad9f-625e75593815,id-7b7cd9b8-1e97-4ed3-ace3-12e3042ac934,RealizationRelationship,EA ModelSet
id-2e79ad25-d2d6-4a78-96f3-c1fc7454e100,ddf1f2df-8ec6-4117-8b4a-1a77d5511034,AssociationRelationship,EA ModelSet
e788b469-5cdf-4175-ac12-3c062b0b6791,id-1c44e28a-fde5-4943-a184-09dd72fd9138,RealizationRelationship,EA ModelSet
id-75a4f1f9-256b-4792-99c1-83996a5f0eff,id-7b7cd9b8-1e97-4ed3-ace3-12e3042ac934,RealizationRelationship,EA ModelSet
id-48964070-ad69-47cd-a59e-40c193841542,fdeaf523-bb08-4f5d-9463-46f692a9ecb4,AssociationRelationship,EA ModelSet
id-48964070-ad69-47cd-a59e-40c193841542,aedd7c61-41ed-4b16-a28e-21a68b37a9b1,CompositionRelationship,EA ModelSet
id-61b4c7f1-b376-499d-992c-2529ddbc93ca,id-455856d7-c4e1-42af-bc29-6e879a61368a,FlowRelationship,EA ModelSet
edb8478e-e04b-4e3d-aec5-d29af38949a4,id-1c44e28a-fde5-4943-a184-09dd72fd9138,AssociationRelationship,EA ModelSet
f6464c26-22c9-40c6-85e8-bd64652d76db,d28ac7cb-d803-4224-bdaa-d144bcb436f0,FlowRelationship,EA ModelSet
id-455856d7-c4e1-42af-bc29-6e879a61368a,id-8d0fa66c-5293-46c0-9682-03d97263d6c0,AssociationRelationship,EA ModelSet
id-04ab4be0-db88-4a14-b15c-e112ee213895,e9dbbdf1-66b7-40c3-9aff-142b1619196a,FlowRelationship,EA ModelSet
id-176b10f0-6c2f-426f-8f8f-2aadde9a1d36,id-1c44e28a-fde5-4943-a184-09dd72fd9138,RealizationRelationship,EA ModelSet
id-6091a4be-0007-444c-af98-6995084ea53a,ddf1f2df-8ec6-4117-8b4a-1a77d5511034,RealizationRelationship,EA ModelSet
id-9eb5dbd1-0428-4602-934e-9db8ca969b8c,id-3fa9ec9a-3d82-4fb8-ab47-50a83ab277e7,FlowRelationship,EA ModelSet
f3d21bf1-da5b-47fc-ae3f-98f2d5c3537d,d17b93f8-6d61-4b92-b5f5-acdd7a38456a,AccessRelationship,EA ModelSet
f6464c26-22c9-40c6-85e8-bd64652d76db,id-6091a4be-0007-444c-af98-6995084ea53a,AssociationRelationship,EA ModelSet
b539cc0d-cc9e-4eda-b6c2-e89535f72c01,id-54189f18-ff3a-4ccb-b685-e84bab8dd981,AccessRelationship,EA ModelSet
bae4ce8a-dc87-4c09-bd2f-0e763f4146a4,d14eb77d-f1de-4e6b-b0cd-dc77b21f61b8,CompositionRelationship,EA ModelSet
b539cc0d-cc9e-4eda-b6c2-e89535f72c01,id-0f7bb6d4-4a13-46bc-8c0f-1f31d9f4c51e,AccessRelationship,EA ModelSet
id-46685755-bc07-43bb-a58f-c6f0cafbab13,bae4ce8a-dc87-4c09-bd2f-0e763f4146a4,AssociationRelationship,EA ModelSet
db4e95e6-57bc-4e59-af57-5545bcf6c6dd,id-2012660e-79ea-4ccb-8bf9-d882c867dc59,AssociationRelationship,EA ModelSet
d9075fdc-65e6-4714-bb33-3aaa3d1e4556,f1448545-165e-487b-9130-a9a3cf81416c,RealizationRelationship,EA ModelSet
e183cd6a-3dd6-475a-aa69-b20b2a263f09,id-2b3fb376-5781-4fe8-9252-6533f563b340,RealizationRelationship,EA ModelSet
b539cc0d-cc9e-4eda-b6c2-e89535f72c01,e8b8300b-0e5c-4622-b4cb-0f3823753d5e,AccessRelationship,EA ModelSet
b539cc0d-cc9e-4eda-b6c2-e89535f72c01,f17adcc7-4626-4036-8c5b-b91c35c5067a,AccessRelationship,EA ModelSet
id-48964070-ad69-47cd-a59e-40c193841542,id-2b3fb376-5781-4fe8-9252-6533f563b340,RealizationRelationship,EA ModelSet
id-5574bac1-4719-4215-9341-cc8e0350c847,id-1c44e28a-fde5-4943-a184-09dd72fd9138,RealizationRelationship,EA ModelSet
b539cc0d-cc9e-4eda-b6c2-e89535f72c01,id-2e79ad25-d2d6-4a78-96f3-c1fc7454e100,AccessRelationship,EA ModelSet
b539cc0d-cc9e-4eda-b6c2-e89535f72c01,id-46685755-bc07-43bb-a58f-c6f0cafbab13,AssociationRelationship,EA ModelSet
e788b469-5cdf-4175-ac12-3c062b0b6791,id-891d27f1-10f9-4f7a-82f5-e8d00311a5ec,AssociationRelationship,EA ModelSet
b539cc0d-cc9e-4eda-b6c2-e89535f72c01,cf02c60e-298d-4404-b0fe-b4ea2f79e8c3,AssociationRelationship,EA ModelSet
id-625e9196-e73e-4daf-9d94-b0b897e44133,ac545767-c941-47fc-a3ae-75c98a1b1f27,AssociationRelationship,EA ModelSet
id-8a53df08-242d-45e9-961e-506a8044c022,d9075fdc-65e6-4714-bb33-3aaa3d1e4556,AssociationRelationship,EA ModelSet
id-54189f18-ff3a-4ccb-b685-e84bab8dd981,id-7b7cd9b8-1e97-4ed3-ace3-12e3042ac934,AssociationRelationship,EA ModelSet
id-5574bac1-4719-4215-9341-cc8e0350c847,d30d6d8f-ef72-489e-a873-b1aff95fa1b7,AssociationRelationship,EA ModelSet
id-75a4f1f9-256b-4792-99c1-83996a5f0eff,c99ec45e-7c7f-4275-b418-fab8d21e6102,AssociationRelationship,EA ModelSet
b539cc0d-cc9e-4eda-b6c2-e89535f72c01,id-3fa9ec9a-3d82-4fb8-ab47-50a83ab277e7,AssignmentRelationship,EA ModelSet
id-9eb5dbd1-0428-4602-934e-9db8ca969b8c,id-8d0fa66c-5293-46c0-9682-03d97263d6c0,AssociationRelationship,EA ModelSet
id-3fa9ec9a-3d82-4fb8-ab47-50a83ab277e7,cf5eaccc-497c-4854-91cc-352855d94231,FlowRelationship,EA ModelSet
f3d21bf1-da5b-47fc-ae3f-98f2d5c3537d,af744436-955f-42d8-924e-000a3ce92fd3,RealizationRelationship,EA ModelSet
f17adcc7-4626-4036-8c5b-b91c35c5067a,id-2b3fb376-5781-4fe8-9252-6533f563b340,AssociationRelationship,EA ModelSet
id-9eb5dbd1-0428-4602-934e-9db8ca969b8c,id-61b4c7f1-b376-499d-992c-2529ddbc93ca,FlowRelationship,EA ModelSet
id-46685755-bc07-43bb-a58f-c6f0cafbab13,id-574676cd-dc7f-4fe9-8cdc-fe4dd33dce1e,AssociationRelationship,EA ModelSet
aff3dd8c-4564-47a9-94bb-dac3818ac619,d3548eb3-22a4-40b1-9ea5-b1b2eabcef30,AssociationRelationship,EA ModelSet
f3d21bf1-da5b-47fc-ae3f-98f2d5c3537d,d3548eb3-22a4-40b1-9ea5-b1b2eabcef30,AssignmentRelationship,EA ModelSet
f3d21bf1-da5b-47fc-ae3f-98f2d5c3537d,c9d9297a-ff8a-4f51-b884-0c1d3694096f,AssignmentRelationship,EA ModelSet
f3d21bf1-da5b-47fc-ae3f-98f2d5c3537d,id-5a7b8529-f087-4b20-9685-ddb106513130,AssignmentRelationship,EA ModelSet
f3d21bf1-da5b-47fc-ae3f-98f2d5c3537d,cf02c60e-298d-4404-b0fe-b4ea2f79e8c3,AssignmentRelationship,EA ModelSet
f3d21bf1-da5b-47fc-ae3f-98f2d5c3537d,id-4a8c7a1f-c520-4d50-8b58-f66bd7a21dfc,AssignmentRelationship,EA ModelSet
f3d21bf1-da5b-47fc-ae3f-98f2d5c3537d,id-64d0187f-c52a-4020-ae9e-cb5b14242fc6,AssignmentRelationship,EA ModelSet
f3d21bf1-da5b-47fc-ae3f-98f2d5c3537d,id-8bcc5a30-1055-4c1a-bb7c-f4b893cbd4e6,AssignmentRelationship,EA ModelSet
f3d21bf1-da5b-47fc-ae3f-98f2d5c3537d,id-06f9a245-7ff4-49e0-84cd-1ea8a6e1d113,AssignmentRelationship,EA ModelSet
f3d21bf1-da5b-47fc-ae3f-98f2d5c3537d,f6464c26-22c9-40c6-85e8-bd64652d76db,AssignmentRelationship,EA ModelSet
f3d21bf1-da5b-47fc-ae3f-98f2d5c3537d,id-9eb5dbd1-0428-4602-934e-9db8ca969b8c,AssignmentRelationship,EA ModelSet
f3d21bf1-da5b-47fc-ae3f-98f2d5c3537d,id-9883b165-2eb4-4339-bf8f-1abf0d279f21,AssignmentRelationship,EA ModelSet
f3d21bf1-da5b-47fc-ae3f-98f2d5c3537d,id-1ee83a76-9f67-4604-b0cc-75f88d7d9492,AssignmentRelationship,EA ModelSet
f3d21bf1-da5b-47fc-ae3f-98f2d5c3537d,id-2012660e-79ea-4ccb-8bf9-d882c867dc59,AssignmentRelationship,EA ModelSet
f3d21bf1-da5b-47fc-ae3f-98f2d5c3537d,id-2de802a2-f8b3-4f1d-b954-32270257cb92,AssignmentRelationship,EA ModelSet
f3d21bf1-da5b-47fc-ae3f-98f2d5c3537d,id-46685755-bc07-43bb-a58f-c6f0cafbab13,AssignmentRelationship,EA ModelSet
f3d21bf1-da5b-47fc-ae3f-98f2d5c3537d,ad53cc2b-2549-48dc-afed-cc27ae519fa8,AssignmentRelationship,EA ModelSet
f3d21bf1-da5b-47fc-ae3f-98f2d5c3537d,a9d86fc2-bd18-47d0-8c16-b809f6df0234,AssignmentRelationship,EA ModelSet
f3d21bf1-da5b-47fc-ae3f-98f2d5c3537d,c0403c10-9e39-4ede-b357-c736cad754c3,AssignmentRelationship,EA ModelSet
id-8a53df08-242d-45e9-961e-506a8044c022,f3d21bf1-da5b-47fc-ae3f-98f2d5c3537d,AssociationRelationship,EA ModelSet
f21ecf0d-ec49-48dd-8798-bd2f429be23e,id-85705377-fe20-4bfa-ac87-4bdaef7fa1db,SpecializationRelationship,EA ModelSet
id-4c0a5cd5-7b36-450c-a376-19346cd9dae3,id-166cdc0e-94fb-4c70-815b-06758620f2f4,SpecializationRelationship,EA ModelSet
id-166cdc0e-94fb-4c70-815b-06758620f2f4,edfb113a-a175-411b-9626-bdbf38836bd8,FlowRelationship,EA ModelSet
id-4c0a5cd5-7b36-450c-a376-19346cd9dae3,edfb113a-a175-411b-9626-bdbf38836bd8,FlowRelationship,EA ModelSet
f21ecf0d-ec49-48dd-8798-bd2f429be23e,id-166cdc0e-94fb-4c70-815b-06758620f2f4,FlowRelationship,EA ModelSet
f21ecf0d-ec49-48dd-8798-bd2f429be23e,edfb113a-a175-411b-9626-bdbf38836bd8,FlowRelationship,EA ModelSet
id-7320a622-34d3-4ef0-8095-987de56c0571,id-85705377-fe20-4bfa-ac87-4bdaef7fa1db,FlowRelationship,EA ModelSet
d3548eb3-22a4-40b1-9ea5-b1b2eabcef30,beba8031-9bcc-4565-93e6-ef12963240f1,AssociationRelationship,EA ModelSet
id-2012660e-79ea-4ccb-8bf9-d882c867dc59,aedd7c61-41ed-4b16-a28e-21a68b37a9b1,AssociationRelationship,EA ModelSet
c9d9297a-ff8a-4f51-b884-0c1d3694096f,d14eb77d-f1de-4e6b-b0cd-dc77b21f61b8,AssociationRelationship,EA ModelSet
id-7b7cd9b8-1e97-4ed3-ace3-12e3042ac934,beba8031-9bcc-4565-93e6-ef12963240f1,AssociationRelationship,EA ModelSet
id-2b3fb376-5781-4fe8-9252-6533f563b340,d14eb77d-f1de-4e6b-b0cd-dc77b21f61b8,AssociationRelationship,EA ModelSet
id-2b3fb376-5781-4fe8-9252-6533f563b340,aedd7c61-41ed-4b16-a28e-21a68b37a9b1,AssociationRelationship,EA ModelSet
_aSyRAZjzEDimW8ONUK7gwg,_7Tc1kZjzEDimW8ONUK7gwg,CompositionRelationship,EA ModelSet
_aSyRAZjzEDimW8ONUK7gwg,_9fczEJjzEDimW8ONUK7gwg,CompositionRelationship,EA ModelSet
_aSyRAZjzEDimW8ONUK7gwg,_JapZwZj0EDimW8ONUK7gwg,CompositionRelationship,EA ModelSet
_aSyRAZjzEDimW8ONUK7gwg,_MPijQZj0EDimW8ONUK7gwg,CompositionRelationship,EA ModelSet
_ecETMZj2EDimW8ONUK7gwg,_7Tc1kZjzEDimW8ONUK7gwg,AssignmentRelationship,EA ModelSet
_0h5h4Zj2EDimW8ONUK7gwg,_9fczEJjzEDimW8ONUK7gwg,AssignmentRelationship,EA ModelSet
_xnbU0Zj2EDimW8ONUK7gwg,_0h5h4Zj2EDimW8ONUK7gwg,ServingRelationship,EA ModelSet
_uK3uYJj2EDimW8ONUK7gwg,_r8FioJj2EDimW8ONUK7gwg,ServingRelationship,EA ModelSet
_r8FioJj2EDimW8ONUK7gwg,_MPijQZj0EDimW8ONUK7gwg,AssignmentRelationship,EA ModelSet
_r8FioJj2EDimW8ONUK7gwg,_JapZwZj0EDimW8ONUK7gwg,AssignmentRelationship,EA ModelSet
_Pk2AQJj2EDimW8ONUK7gwg,_ecETMZj2EDimW8ONUK7gwg,AssignmentRelationship,EA ModelSet
_NmHCsZj2EDimW8ONUK7gwg,_ecETMZj2EDimW8ONUK7gwg,AssignmentRelationship,EA ModelSet
_xnbU0Zj2EDimW8ONUK7gwg,_0h5h4Zj2EDimW8ONUK7gwg,AssignmentRelationship,EA ModelSet
_uK3uYJj2EDimW8ONUK7gwg,_r8FioJj2EDimW8ONUK7gwg,AssignmentRelationship,EA ModelSet
_aSyRAZjzEDimW8ONUK7gwg,_ZdL0AZkaEDimW8ONUK7gwg,AssociationRelationship,EA ModelSet
_ZdL0AZkaEDimW8ONUK7gwg,_CShWIJkYEDimW8ONUK7gwg,AssociationRelationship,EA ModelSet
_ZdL0AZkaEDimW8ONUK7gwg,_CShWIJkYEDimW8ONUK7gwg,AssociationRelationship,EA ModelSet
_aSyRAZjzEDimW8ONUK7gwg,_k6k50ZkZEDimW8ONUK7gwg,InfluenceRelationship,EA ModelSet
_aSyRAZjzEDimW8ONUK7gwg,_jifiAZkYEDimW8ONUK7gwg,InfluenceRelationship,EA ModelSet
_CShWIJkYEDimW8ONUK7gwg,_QMLisJkaEDimW8ONUK7gwg,AssociationRelationship,EA ModelSet
_k6k50ZkZEDimW8ONUK7gwg,_QMLisJkaEDimW8ONUK7gwg,InfluenceRelationship,EA ModelSet
_9OyhEZkYEDimW8ONUK7gwg,_QMLisJkaEDimW8ONUK7gwg,AssociationRelationship,EA ModelSet
_jifiAZkYEDimW8ONUK7gwg,_CShWIJkYEDimW8ONUK7gwg,AssociationRelationship,EA ModelSet
_ZdL0AZkaEDimW8ONUK7gwg,_9OyhEZkYEDimW8ONUK7gwg,AssociationRelationship,EA ModelSet
_aSyRAZjzEDimW8ONUK7gwg,_8wreMJkXEDimW8ONUK7gwg,InfluenceRelationship,EA ModelSet
_ZdL0AZkaEDimW8ONUK7gwg,_sPLlUJkYEDimW8ONUK7gwg,AssociationRelationship,EA ModelSet
_oa1UgZkZEDimW8ONUK7gwg,_sPLlUJkYEDimW8ONUK7gwg,AssociationRelationship,EA ModelSet
_oa1UgZkZEDimW8ONUK7gwg,_up8-oZkYEDimW8ONUK7gwg,AssociationRelationship,EA ModelSet
_oa1UgZkZEDimW8ONUK7gwg,_PNG9QJkYEDimW8ONUK7gwg,AssociationRelationship,EA ModelSet
_PNG9QJkYEDimW8ONUK7gwg,_aSyRAZjzEDimW8ONUK7gwg,AssociationRelationship,EA ModelSet
_aSyRAZjzEDimW8ONUK7gwg,_oa1UgZkZEDimW8ONUK7gwg,InfluenceRelationship,EA ModelSet
_8wreMJkXEDimW8ONUK7gwg,_sPLlUJkYEDimW8ONUK7gwg,AssociationRelationship,EA ModelSet
_8wreMJkXEDimW8ONUK7gwg,_up8-oZkYEDimW8ONUK7gwg,AssociationRelationship,EA ModelSet
_aSyRAZjzEDimW8ONUK7gwg,_ZdL0AZkaEDimW8ONUK7gwg,InfluenceRelationship,EA ModelSet
_8wreMJkXEDimW8ONUK7gwg,_oa1UgZkZEDimW8ONUK7gwg,CompositionRelationship,EA ModelSet
_jifiAZkYEDimW8ONUK7gwg,_k6k50ZkZEDimW8ONUK7gwg,CompositionRelationship,EA ModelSet
_aSyRAZjzEDimW8ONUK7gwg,_8wreMJkXEDimW8ONUK7gwg,InfluenceRelationship,EA ModelSet
_ZdL0AZkaEDimW8ONUK7gwg,_PNG9QJkYEDimW8ONUK7gwg,AssociationRelationship,EA ModelSet
_PNG9QJkYEDimW8ONUK7gwg,_ZdL0AZkaEDimW8ONUK7gwg,AssociationRelationship,EA ModelSet
_5JYFgJt2EDimW8ONUK7gwg,_ecETMZj2EDimW8ONUK7gwg,ServingRelationship,EA ModelSet
_5JYFgJt2EDimW8ONUK7gwg,_ecETMZj2EDimW8ONUK7gwg,CompositionRelationship,EA ModelSet
_5JYFgJt2EDimW8ONUK7gwg,_ecETMZj2EDimW8ONUK7gwg,AggregationRelationship,EA ModelSet
_5JYFgJt2EDimW8ONUK7gwg,_ecETMZj2EDimW8ONUK7gwg,AssociationRelationship,EA ModelSet
_5JYFgJt2EDimW8ONUK7gwg,_ecETMZj2EDimW8ONUK7gwg,FlowRelationship,EA ModelSet
_5JYFgJt2EDimW8ONUK7gwg,_ecETMZj2EDimW8ONUK7gwg,ServingRelationship,EA ModelSet
_Kwa0sZt3EDimW8ONUK7gwg,_LKljAZkYEDimW8ONUK7gwg,SpecializationRelationship,EA ModelSet
id-389df00e,id-7e061a84,AssociationRelationship,EA ModelSet
b2b2d0bd,id-389df00e,AssociationRelationship,EA ModelSet
e7b2d9e0,id-9e123c67,AssociationRelationship,EA ModelSet
id-389df00e,id-5de6e1eb,AssociationRelationship,EA ModelSet
id-54a3aa17,ddbada23,AssociationRelationship,EA ModelSet
id-9e123c67,id-488fa2ca,AssociationRelationship,EA ModelSet
id-9e1ad4f6,cdab2366,AssignmentRelationship,EA ModelSet
id-174f0a20,cdab2366,AssociationRelationship,EA ModelSet
cdab2366,f17781cc,SpecializationRelationship,EA ModelSet
id-5de6e1eb,id-5d32476f,AssignmentRelationship,EA ModelSet
aea40c5d,id-47a51ea2,AssignmentRelationship,EA ModelSet
id-3025d276,id-47a51ea2,AssociationRelationship,EA ModelSet
id-47a51ea2,f17781cc,SpecializationRelationship,EA ModelSet
id-5d32476f,id-60fca989,AssociationRelationship,EA ModelSet
id-5d32476f,id-6547c5ee,AssociationRelationship,EA ModelSet
e7afde18,id-10401b2e,AssociationRelationship,EA ModelSet
id-76322190,id-874f24b0,AssociationRelationship,EA ModelSet
cc946621,id-8e22aacb,AssociationRelationship,EA ModelSet
id-8e22aacb,id-59d3e075,AssociationRelationship,EA ModelSet
f7d35a0a,f17781cc,SpecializationRelationship,EA ModelSet
f7d35a0a,id-68dd99a9,AssociationRelationship,EA ModelSet
f7d35a0a,a5f4fc29,AssociationRelationship,EA ModelSet
id-8834ec2c,f7d35a0a,AssignmentRelationship,EA ModelSet
id-1ca06ac8,id-874f24b0,AssociationRelationship,EA ModelSet
c940b393,id-874f24b0,AssociationRelationship,EA ModelSet
e71b88a5,id-874f24b0,AssociationRelationship,EA ModelSet
id-3a31a30c,id-6547c5ee,RealizationRelationship,EA ModelSet
cb22aea9,id-6547c5ee,InfluenceRelationship,EA ModelSet
id-8e22aacb,cb22aea9,AssociationRelationship,EA ModelSet
id-54a3aa17,c4a96bf4,AssociationRelationship,EA ModelSet
ade99e18,c4a96bf4,RealizationRelationship,EA ModelSet
id-8e22aacb,e23403ae,AssociationRelationship,EA ModelSet
id-2a08f254,e23403ae,RealizationRelationship,EA ModelSet
eb3d32c0,c4a96bf4,RealizationRelationship,EA ModelSet
b0c9aaf3,ecab28bb,CompositionRelationship,EA ModelSet
id-23e1617f,e77919dd,RealizationRelationship,EA ModelSet
id-9e123c67,e77919dd,AssociationRelationship,EA ModelSet
id-10401b2e,e77919dd,CompositionRelationship,EA ModelSet
f6c07920,id-682cfa86,SpecializationRelationship,EA ModelSet
id-4ecb96f1,id-682cfa86,SpecializationRelationship,EA ModelSet
id-682cfa86,id-3d05d4a5,CompositionRelationship,EA ModelSet
id-1a0ff87d,bdc9dbbe,AssociationRelationship,EA ModelSet
id-2d3c787c,f6c07920,CompositionRelationship,EA ModelSet
id-203ed231,b94991f0,RealizationRelationship,EA ModelSet
id-5885ce7a,f0557c31,RealizationRelationship,EA ModelSet
ea606f25,id-623e001d,RealizationRelationship,EA ModelSet
f0557c31,id-348f58ba,ServingRelationship,EA ModelSet
id-623e001d,e46e8b50,RealizationRelationship,EA ModelSet
id-623e001d,a472544e,RealizationRelationship,EA ModelSet
id-623e001d,b1d4d0f6,RealizationRelationship,EA ModelSet
b94991f0,c96a75d8,CompositionRelationship,EA ModelSet
b94991f0,e46e8b50,ServingRelationship,EA ModelSet
b94991f0,a472544e,ServingRelationship,EA ModelSet
b94991f0,b1d4d0f6,ServingRelationship,EA ModelSet
b94991f0,b3da3452,CompositionRelationship,EA ModelSet
b3da3452,id-5a83f8eb,RealizationRelationship,EA ModelSet
id-5a83f8eb,ecab28bb,ServingRelationship,EA ModelSet
b94991f0,id-348f58ba,CompositionRelationship,EA ModelSet
id-348f58ba,id-8f5c9bfe,RealizationRelationship,EA ModelSet
id-8f5c9bfe,id-318f494c,ServingRelationship,EA ModelSet
id-348f58ba,c96a75d8,ServingRelationship,EA ModelSet
ecab28bb,id-6006bf37,ServingRelationship,EA ModelSet
ecab28bb,id-471de3cf,ServingRelationship,EA ModelSet
id-318f494c,id-90566f13,ServingRelationship,EA ModelSet
id-318f494c,id-87f8d067,ServingRelationship,EA ModelSet
id-318f494c,f4ecbf21,ServingRelationship,EA ModelSet
id-348f58ba,b3da3452,ServingRelationship,EA ModelSet
c1d13476,b0c9aaf3,RealizationRelationship,EA ModelSet
b0c9aaf3,id-1ba7b7e5,CompositionRelationship,EA ModelSet
c96a75d8,f3bfec19,RealizationRelationship,EA ModelSet
f3bfec19,id-1ba7b7e5,ServingRelationship,EA ModelSet
id-1ba7b7e5,id-2b2b52ee,ServingRelationship,EA ModelSet
id-1ba7b7e5,b8a8e586,ServingRelationship,EA ModelSet
id-1ba7b7e5,ab1c9bc4,ServingRelationship,EA ModelSet
id-1ba7b7e5,id-1039c6a7,ServingRelationship,EA ModelSet
ecab28bb,id-318f494c,ServingRelationship,EA ModelSet
id-1ba7b7e5,id-318f494c,ServingRelationship,EA ModelSet
id-1ba7b7e5,ecab28bb,ServingRelationship,EA ModelSet
id-8643ed96,id-682cfa86,SpecializationRelationship,EA ModelSet
id-4ecb96f1,bdc9dbbe,CompositionRelationship,EA ModelSet
f6c07920,f1b39ae8,CompositionRelationship,EA ModelSet
f6c07920,id-1a0ff87d,CompositionRelationship,EA ModelSet
id-8643ed96,id-2d3c787c,CompositionRelationship,EA ModelSet
f1b39ae8,id-1a0ff87d,CompositionRelationship,EA ModelSet
id-1a0ff87d,f1b39ae8,AssociationRelationship,EA ModelSet
id-2d3c787c,id-8643ed96,AssociationRelationship,EA ModelSet
id-9da51216-ca4b-4537-bc33-b7976cc46c22,id-937284b8-4db9-4969-b0b8-4f683880cf36,TriggeringRelationship,EA ModelSet
id-937284b8-4db9-4969-b0b8-4f683880cf36,id-32e01fc9-224a-4011-b100-875e3c952cfb,TriggeringRelationship,EA ModelSet
id-32e01fc9-224a-4011-b100-875e3c952cfb,id-0fa0cdf6-79e0-49b1-b444-f719ae019942,TriggeringRelationship,EA ModelSet
b5f01274-5b2a-45cd-a0d6-f36fb801293c,d733ffa9-9a0c-4499-bedf-0c7093bf146d,AssociationRelationship,EA ModelSet
id-4bcc46c5-5df7-4c34-82ae-02b54c99d130,b5f01274-5b2a-45cd-a0d6-f36fb801293c,AssociationRelationship,EA ModelSet
id-4bcc46c5-5df7-4c34-82ae-02b54c99d130,d733ffa9-9a0c-4499-bedf-0c7093bf146d,AssociationRelationship,EA ModelSet
d733ffa9-9a0c-4499-bedf-0c7093bf146d,f3b6004f-0e6a-43ba-91ed-a55c8dbcf609,AssociationRelationship,EA ModelSet
b5f01274-5b2a-45cd-a0d6-f36fb801293c,f3b6004f-0e6a-43ba-91ed-a55c8dbcf609,AssociationRelationship,EA ModelSet
id-4bcc46c5-5df7-4c34-82ae-02b54c99d130,f3b6004f-0e6a-43ba-91ed-a55c8dbcf609,AssociationRelationship,EA ModelSet
id-9d8c4a0d-2064-47df-af55-981098bbea94,id-41a0380e-0591-4621-a91f-3d07a22545bc,ServingRelationship,EA ModelSet
id-90850670-2606-4177-a999-c0726c62712a,id-377d27e9-8c9c-41bd-be14-602010c1f963,RealizationRelationship,EA ModelSet
id-90850670-2606-4177-a999-c0726c62712a,id-41a0380e-0591-4621-a91f-3d07a22545bc,RealizationRelationship,EA ModelSet
d9483cce-d20a-4c01-b343-67a3029dcd83,fa80e2ca-b51b-4d81-a1f3-c9d6ffa298a1,RealizationRelationship,EA ModelSet
d9483cce-d20a-4c01-b343-67a3029dcd83,id-04eeea9e-0976-47d2-ab73-a1fde5209460,RealizationRelationship,EA ModelSet
id-9d8c4a0d-2064-47df-af55-981098bbea94,id-377d27e9-8c9c-41bd-be14-602010c1f963,ServingRelationship,EA ModelSet
id-04eeea9e-0976-47d2-ab73-a1fde5209460,id-9d8c4a0d-2064-47df-af55-981098bbea94,ServingRelationship,EA ModelSet
id-9d8c4a0d-2064-47df-af55-981098bbea94,id-04eeea9e-0976-47d2-ab73-a1fde5209460,ServingRelationship,EA ModelSet
id-9d8c4a0d-2064-47df-af55-981098bbea94,fa80e2ca-b51b-4d81-a1f3-c9d6ffa298a1,ServingRelationship,EA ModelSet
id-930dafa8-f48f-4e3d-9317-f2edc4bd6b98,id-79e32220-e7ee-4621-bb07-4f73225575fa,RealizationRelationship,EA ModelSet
id-930dafa8-f48f-4e3d-9317-f2edc4bd6b98,fa6bc83b-b102-445b-bbaf-c1836ee8d56d,RealizationRelationship,EA ModelSet
id-9d8c4a0d-2064-47df-af55-981098bbea94,id-79e32220-e7ee-4621-bb07-4f73225575fa,ServingRelationship,EA ModelSet
id-9d8c4a0d-2064-47df-af55-981098bbea94,fa6bc83b-b102-445b-bbaf-c1836ee8d56d,ServingRelationship,EA ModelSet
bb620119-1f93-4922-96d7-34a5c0eee003,id-32e01fc9-224a-4011-b100-875e3c952cfb,CompositionRelationship,EA ModelSet
bb620119-1f93-4922-96d7-34a5c0eee003,id-0fa0cdf6-79e0-49b1-b444-f719ae019942,CompositionRelationship,EA ModelSet
bb620119-1f93-4922-96d7-34a5c0eee003,id-937284b8-4db9-4969-b0b8-4f683880cf36,CompositionRelationship,EA ModelSet
bb620119-1f93-4922-96d7-34a5c0eee003,id-9da51216-ca4b-4537-bc33-b7976cc46c22,CompositionRelationship,EA ModelSet
cb2f726b-30b3-4a91-a50e-c41da11bde90,id-47385d18-84c4-4dae-924a-8c50d7ac1274,CompositionRelationship,EA ModelSet
cb2f726b-30b3-4a91-a50e-c41da11bde90,id-9d8c4a0d-2064-47df-af55-981098bbea94,CompositionRelationship,EA ModelSet
df7efd35-e579-4602-aa10-db79972d81a7,id-6bdca826-d135-4082-a847-add270348242,TriggeringRelationship,EA ModelSet
df7efd35-e579-4602-aa10-db79972d81a7,c8955a60-e1a2-413e-9fee-07fe76a566ef,TriggeringRelationship,EA ModelSet
id-827d0685-8aeb-4851-9d89-f697b937fdd3,df7efd35-e579-4602-aa10-db79972d81a7,CompositionRelationship,EA ModelSet
id-827d0685-8aeb-4851-9d89-f697b937fdd3,id-6bdca826-d135-4082-a847-add270348242,CompositionRelationship,EA ModelSet
id-827d0685-8aeb-4851-9d89-f697b937fdd3,c8955a60-e1a2-413e-9fee-07fe76a566ef,CompositionRelationship,EA ModelSet
id-827d0685-8aeb-4851-9d89-f697b937fdd3,f0d4f163-c7da-42d0-861d-c6ff2dfcd83e,CompositionRelationship,EA ModelSet
f304cce0-b1ca-422d-bb40-74d4eada1aad,c7293e5d-d53c-4c10-9795-285b53a21504,RealizationRelationship,EA ModelSet
f304cce0-b1ca-422d-bb40-74d4eada1aad,b69865d6-bb0a-4d58-894c-cdff52ce6658,RealizationRelationship,EA ModelSet
c29e5fc0-8873-4e34-9272-95ac48e797ed,f304cce0-b1ca-422d-bb40-74d4eada1aad,RealizationRelationship,EA ModelSet
c29e5fc0-8873-4e34-9272-95ac48e797ed,id-825feddf-7db5-4ac5-8e2d-3130025c8db1,RealizationRelationship,EA ModelSet
c29e5fc0-8873-4e34-9272-95ac48e797ed,id-43a7ef55-31db-455e-a942-04ed4367e334,RealizationRelationship,EA ModelSet
c29e5fc0-8873-4e34-9272-95ac48e797ed,id-33e64a87-4645-4e87-bccd-2751687d0e37,RealizationRelationship,EA ModelSet
id-33e64a87-4645-4e87-bccd-2751687d0e37,id-825feddf-7db5-4ac5-8e2d-3130025c8db1,RealizationRelationship,EA ModelSet
id-33e64a87-4645-4e87-bccd-2751687d0e37,id-1a4dd4ca-b6c9-463b-b854-79735a5aa6a9,RealizationRelationship,EA ModelSet
c29e5fc0-8873-4e34-9272-95ac48e797ed,id-322bc78a-cc0a-4541-ad5c-a8b8fedd5cec,RealizationRelationship,EA ModelSet
id-322bc78a-cc0a-4541-ad5c-a8b8fedd5cec,dd0b9636-f449-43a9-8062-7bc841da07e1,RealizationRelationship,EA ModelSet
id-322bc78a-cc0a-4541-ad5c-a8b8fedd5cec,id-9cf35d01-1fe4-47b5-94a2-b91aa83c2f29,RealizationRelationship,EA ModelSet
c29e5fc0-8873-4e34-9272-95ac48e797ed,id-54f481f2-2a94-4619-ae14-347c2d9af9fe,AssignmentRelationship,EA ModelSet
id-54f481f2-2a94-4619-ae14-347c2d9af9fe,id-33e64a87-4645-4e87-bccd-2751687d0e37,CompositionRelationship,EA ModelSet
id-54f481f2-2a94-4619-ae14-347c2d9af9fe,id-322bc78a-cc0a-4541-ad5c-a8b8fedd5cec,CompositionRelationship,EA ModelSet
c29e5fc0-8873-4e34-9272-95ac48e797ed,c8b5b280-7bf0-463e-8de3-cfe4d1c36cb2,CompositionRelationship,EA ModelSet
c8b5b280-7bf0-463e-8de3-cfe4d1c36cb2,id-43a7ef55-31db-455e-a942-04ed4367e334,CompositionRelationship,EA ModelSet
c8b5b280-7bf0-463e-8de3-cfe4d1c36cb2,f304cce0-b1ca-422d-bb40-74d4eada1aad,CompositionRelationship,EA ModelSet
id-54f481f2-2a94-4619-ae14-347c2d9af9fe,id-00e29b0c-4805-44b2-81e1-cb3b6e456b98,CompositionRelationship,EA ModelSet
f304cce0-b1ca-422d-bb40-74d4eada1aad,id-00e29b0c-4805-44b2-81e1-cb3b6e456b98,AssociationRelationship,EA ModelSet
id-00e29b0c-4805-44b2-81e1-cb3b6e456b98,id-33e64a87-4645-4e87-bccd-2751687d0e37,AssociationRelationship,EA ModelSet
id-322bc78a-cc0a-4541-ad5c-a8b8fedd5cec,id-33e64a87-4645-4e87-bccd-2751687d0e37,AssociationRelationship,EA ModelSet
d9483cce-d20a-4c01-b343-67a3029dcd83,df7efd35-e579-4602-aa10-db79972d81a7,ServingRelationship,EA ModelSet
d9483cce-d20a-4c01-b343-67a3029dcd83,f0d4f163-c7da-42d0-861d-c6ff2dfcd83e,ServingRelationship,EA ModelSet
id-43a7ef55-31db-455e-a942-04ed4367e334,f304cce0-b1ca-422d-bb40-74d4eada1aad,AssociationRelationship,EA ModelSet
id-43a7ef55-31db-455e-a942-04ed4367e334,id-623d0e7a-b257-4b0f-91d9-54a7eca6bfe1,AssignmentRelationship,EA ModelSet
id-43a7ef55-31db-455e-a942-04ed4367e334,id-68d9de2e-da92-4347-a380-f7a985a4d8f2,AssignmentRelationship,EA ModelSet
id-0146af85-3aaa-43d2-8722-7adbaeed23dd,c17fb5e0-4c8f-4c42-b9dd-0c2c5481cd20,AssignmentRelationship,EA ModelSet
id-0146af85-3aaa-43d2-8722-7adbaeed23dd,id-6fa0e922-2ffe-408d-a8f6-5411237b8192,AssignmentRelationship,EA ModelSet
c8b5b280-7bf0-463e-8de3-cfe4d1c36cb2,id-0146af85-3aaa-43d2-8722-7adbaeed23dd,CompositionRelationship,EA ModelSet
id-0146af85-3aaa-43d2-8722-7adbaeed23dd,f304cce0-b1ca-422d-bb40-74d4eada1aad,AssociationRelationship,EA ModelSet
c8b5b280-7bf0-463e-8de3-cfe4d1c36cb2,id-5f6336a7-dc6a-4940-881e-5b111d014b05,CompositionRelationship,EA ModelSet
id-5f6336a7-dc6a-4940-881e-5b111d014b05,aad07a6d-96aa-49f6-bddf-5dbd243aa91a,AssignmentRelationship,EA ModelSet
id-5f6336a7-dc6a-4940-881e-5b111d014b05,id-327bd18f-9d48-4eb8-8a44-670fb2e850a0,AssignmentRelationship,EA ModelSet
id-1aaa10c2-db57-4038-aa4e-32ca1234c54f,ce37b8ba-fed2-4935-b887-fd27a90cd224,AssignmentRelationship,EA ModelSet
id-1aaa10c2-db57-4038-aa4e-32ca1234c54f,id-9fbd6f4b-3070-47ec-8672-a39a00f3ccf2,AssignmentRelationship,EA ModelSet
c8b5b280-7bf0-463e-8de3-cfe4d1c36cb2,id-1aaa10c2-db57-4038-aa4e-32ca1234c54f,CompositionRelationship,EA ModelSet
id-5f6336a7-dc6a-4940-881e-5b111d014b05,id-43a7ef55-31db-455e-a942-04ed4367e334,AssociationRelationship,EA ModelSet
id-1aaa10c2-db57-4038-aa4e-32ca1234c54f,id-0146af85-3aaa-43d2-8722-7adbaeed23dd,AssociationRelationship,EA ModelSet
f304cce0-b1ca-422d-bb40-74d4eada1aad,a5e848ed-ab59-4895-ba7a-30d868667db6,TriggeringRelationship,EA ModelSet
f304cce0-b1ca-422d-bb40-74d4eada1aad,id-29db957c-2251-4e59-8fa1-2de2b53fc194,TriggeringRelationship,EA ModelSet
df7efd35-e579-4602-aa10-db79972d81a7,a5e848ed-ab59-4895-ba7a-30d868667db6,ServingRelationship,EA ModelSet
df7efd35-e579-4602-aa10-db79972d81a7,id-29db957c-2251-4e59-8fa1-2de2b53fc194,ServingRelationship,EA ModelSet
f304cce0-b1ca-422d-bb40-74d4eada1aad,id-9642a4c0-2d0a-46ba-b8d7-726abe7f933d,ServingRelationship,EA ModelSet
f304cce0-b1ca-422d-bb40-74d4eada1aad,id-9642a4c0-2d0a-46ba-b8d7-726abe7f933d,TriggeringRelationship,EA ModelSet
f304cce0-b1ca-422d-bb40-74d4eada1aad,b61500db-96e0-497e-b90a-a763c98b356d,TriggeringRelationship,EA ModelSet
id-6bdca826-d135-4082-a847-add270348242,id-9642a4c0-2d0a-46ba-b8d7-726abe7f933d,ServingRelationship,EA ModelSet
c8955a60-e1a2-413e-9fee-07fe76a566ef,b61500db-96e0-497e-b90a-a763c98b356d,ServingRelationship,EA ModelSet
id-9642a4c0-2d0a-46ba-b8d7-726abe7f933d,ab989cfe-39b0-48cf-aa52-d0bc48f19ce6,TriggeringRelationship,EA ModelSet
a5e848ed-ab59-4895-ba7a-30d868667db6,ab989cfe-39b0-48cf-aa52-d0bc48f19ce6,TriggeringRelationship,EA ModelSet
ab989cfe-39b0-48cf-aa52-d0bc48f19ce6,id-2826d303-7133-4927-9a10-9d40b6bcf575,TriggeringRelationship,EA ModelSet
id-2826d303-7133-4927-9a10-9d40b6bcf575,de00d941-6083-43ae-8c31-a893726c3980,ServingRelationship,EA ModelSet
de00d941-6083-43ae-8c31-a893726c3980,d9bcb06e-ae80-4144-ab68-d103852ae220,TriggeringRelationship,EA ModelSet
id-51ec7caa-7242-462e-a6b3-8b11cb86b17e,a6a8aa06-1452-4ec1-a14b-bc6ba68b94ca,TriggeringRelationship,EA ModelSet
id-76c63de0-a195-43e2-8ae3-1f2401c5d1a7,f5e633f0-ac24-4c1b-bbfd-a4f91449f87a,TriggeringRelationship,EA ModelSet
id-2826d303-7133-4927-9a10-9d40b6bcf575,id-51ec7caa-7242-462e-a6b3-8b11cb86b17e,ServingRelationship,EA ModelSet
id-2826d303-7133-4927-9a10-9d40b6bcf575,id-76c63de0-a195-43e2-8ae3-1f2401c5d1a7,ServingRelationship,EA ModelSet
id-0aa71435-48be-45d9-865a-31cd03dc69f8,a7714598-220f-43bc-88fc-26a9101fbdf5,CompositionRelationship,EA ModelSet
id-0aa71435-48be-45d9-865a-31cd03dc69f8,f111e0f2-b193-48d9-a10e-0e52a0ef3112,CompositionRelationship,EA ModelSet
id-0aa71435-48be-45d9-865a-31cd03dc69f8,id-75f7d0e1-7e6f-4322-89c2-6cda22ec277f,CompositionRelationship,EA ModelSet
id-0aa71435-48be-45d9-865a-31cd03dc69f8,id-0c46afd9-0977-40aa-82e2-2a4ee3169b04,CompositionRelationship,EA ModelSet
a870241e-69d9-4b32-81b6-f03aaa94faf7,id-03500f74-3d72-4ece-aa8d-4966f268e237,CompositionRelationship,EA ModelSet
a870241e-69d9-4b32-81b6-f03aaa94faf7,bfc3f2ed-831c-4b13-9ea4-9100eedb68d8,CompositionRelationship,EA ModelSet
a870241e-69d9-4b32-81b6-f03aaa94faf7,id-398431e8-4199-405e-8f06-32ddeab2c1bf,CompositionRelationship,EA ModelSet
a870241e-69d9-4b32-81b6-f03aaa94faf7,id-3151481a-a8a5-4aba-95ea-8c2c96da623d,CompositionRelationship,EA ModelSet
id-9d8c4a0d-2064-47df-af55-981098bbea94,bfc3f2ed-831c-4b13-9ea4-9100eedb68d8,ServingRelationship,EA ModelSet
id-9d8c4a0d-2064-47df-af55-981098bbea94,id-3151481a-a8a5-4aba-95ea-8c2c96da623d,ServingRelationship,EA ModelSet
id-9d8c4a0d-2064-47df-af55-981098bbea94,id-398431e8-4199-405e-8f06-32ddeab2c1bf,ServingRelationship,EA ModelSet
id-9d8c4a0d-2064-47df-af55-981098bbea94,id-5a16b26c-1646-4f5e-88d0-49b184deed0b,ServingRelationship,EA ModelSet
id-9d8c4a0d-2064-47df-af55-981098bbea94,id-7b3c91a2-42d4-492e-80b8-db9e198d949f,ServingRelationship,EA ModelSet
df7efd35-e579-4602-aa10-db79972d81a7,id-5a16b26c-1646-4f5e-88d0-49b184deed0b,ServingRelationship,EA ModelSet
df7efd35-e579-4602-aa10-db79972d81a7,id-7b3c91a2-42d4-492e-80b8-db9e198d949f,ServingRelationship,EA ModelSet
_iW8wgY_uEDe6memGHSLEMQ,_dYVhcY_uEDe6memGHSLEMQ,AssociationRelationship,EA ModelSet
_iW8wgY_uEDe6memGHSLEMQ,_fxE6cY_uEDe6memGHSLEMQ,AssociationRelationship,EA ModelSet
_dYVhcY_uEDe6memGHSLEMQ,_Vg5EEI_uEDe6memGHSLEMQ,FlowRelationship,EA ModelSet
_QyQVQ4_vEDe6memGHSLEMQ,_QyPuMI_vEDe6memGHSLEMQ,AssociationRelationship,EA ModelSet
_QyQVQ4_vEDe6memGHSLEMQ,_QyQVQY_vEDe6memGHSLEMQ,AssociationRelationship,EA ModelSet
_QyPuMI_vEDe6memGHSLEMQ,_Vg5EEI_uEDe6memGHSLEMQ,FlowRelationship,EA ModelSet
_9cdv0I_vEDe6memGHSLEMQ,_dYVhcY_uEDe6memGHSLEMQ,CompositionRelationship,EA ModelSet
_9cdv0I_vEDe6memGHSLEMQ,_fxE6cY_uEDe6memGHSLEMQ,CompositionRelationship,EA ModelSet
_9cdv0I_vEDe6memGHSLEMQ,_iW8wgY_uEDe6memGHSLEMQ,CompositionRelationship,EA ModelSet
_KDeToY_wEDe6memGHSLEMQ,_QyQVQ4_vEDe6memGHSLEMQ,CompositionRelationship,EA ModelSet
_KDeToY_wEDe6memGHSLEMQ,_QyPuMI_vEDe6memGHSLEMQ,CompositionRelationship,EA ModelSet
_KDeToY_wEDe6memGHSLEMQ,_QyQVQY_vEDe6memGHSLEMQ,CompositionRelationship,EA ModelSet
_IMOosI_xEDe6memGHSLEMQ,_QyPuMI_vEDe6memGHSLEMQ,FlowRelationship,EA ModelSet
_KDeToY_wEDe6memGHSLEMQ,_IMOosI_xEDe6memGHSLEMQ,CompositionRelationship,EA ModelSet
_9cdv0I_vEDe6memGHSLEMQ,_9GwBsI_zEDe6memGHSLEMQ,CompositionRelationship,EA ModelSet
_9GwBsI_zEDe6memGHSLEMQ,_dYVhcY_uEDe6memGHSLEMQ,FlowRelationship,EA ModelSet
_B3OfIJCZEDeSadjdAT3xVg,_Vg5EEI_uEDe6memGHSLEMQ,FlowRelationship,EA ModelSet
_Vg5EEI_uEDe6memGHSLEMQ,_B3OfIJCZEDeSadjdAT3xVg,FlowRelationship,EA ModelSet
_Vu_zdJCcEDeSadjdAT3xVg,_Vu_MYJCcEDeSadjdAT3xVg,FlowRelationship,EA ModelSet
_Vu_MYJCcEDeSadjdAT3xVg,_Vu_zdJCcEDeSadjdAT3xVg,FlowRelationship,EA ModelSet
_VvBBlZCcEDeSadjdAT3xVg,_Vu_MYJCcEDeSadjdAT3xVg,FlowRelationship,EA ModelSet
_Vu_MYJCcEDeSadjdAT3xVg,_VvBooJCcEDeSadjdAT3xVg,FlowRelationship,EA ModelSet
_VvBopJCcEDeSadjdAT3xVg,_VvBBlZCcEDeSadjdAT3xVg,AssociationRelationship,EA ModelSet
_VvBopJCcEDeSadjdAT3xVg,_VvBooJCcEDeSadjdAT3xVg,AssociationRelationship,EA ModelSet
_VvBoqpCcEDeSadjdAT3xVg,_VvBBlZCcEDeSadjdAT3xVg,FlowRelationship,EA ModelSet
_VvBooJCcEDeSadjdAT3xVg,_VvBorpCcEDeSadjdAT3xVg,AccessRelationship,EA ModelSet
_VvBBlZCcEDeSadjdAT3xVg,_VvBorpCcEDeSadjdAT3xVg,AccessRelationship,EA ModelSet
_VvCPtZCcEDeSadjdAT3xVg,_VvCPt5CcEDeSadjdAT3xVg,AssociationRelationship,EA ModelSet
_VvCPt5CcEDeSadjdAT3xVg,_Vu_MYJCcEDeSadjdAT3xVg,FlowRelationship,EA ModelSet
_Vu_MYJCcEDeSadjdAT3xVg,_VvCPvZCcEDeSadjdAT3xVg,FlowRelationship,EA ModelSet
_VvCPtZCcEDeSadjdAT3xVg,_VvCPvZCcEDeSadjdAT3xVg,AssociationRelationship,EA ModelSet
_VvC2xZCcEDeSadjdAT3xVg,_VvCPt5CcEDeSadjdAT3xVg,FlowRelationship,EA ModelSet
_VvCPvZCcEDeSadjdAT3xVg,_VvC2yZCcEDeSadjdAT3xVg,AccessRelationship,EA ModelSet
_VvCPt5CcEDeSadjdAT3xVg,_VvC2yZCcEDeSadjdAT3xVg,AccessRelationship,EA ModelSet
_QyPuMI_vEDe6memGHSLEMQ,_QyQVQY_vEDe6memGHSLEMQ,FlowRelationship,EA ModelSet
_QyQVQY_vEDe6memGHSLEMQ,_QyPuMI_vEDe6memGHSLEMQ,FlowRelationship,EA ModelSet
_fxE6cY_uEDe6memGHSLEMQ,_dYVhcY_uEDe6memGHSLEMQ,FlowRelationship,EA ModelSet
_dYVhcY_uEDe6memGHSLEMQ,_fxE6cY_uEDe6memGHSLEMQ,FlowRelationship,EA ModelSet
_Vg5EEI_uEDe6memGHSLEMQ,_dYVhcY_uEDe6memGHSLEMQ,FlowRelationship,EA ModelSet
_Vg5EEI_uEDe6memGHSLEMQ,_QyPuMI_vEDe6memGHSLEMQ,FlowRelationship,EA ModelSet
_dC1oRpkSEDea66DXUeS23A,_dC1BMJkSEDea66DXUeS23A,FlowRelationship,EA ModelSet
_dC1BMJkSEDea66DXUeS23A,_dC1oRpkSEDea66DXUeS23A,FlowRelationship,EA ModelSet
_dC22ZJkSEDea66DXUeS23A,_dC1BMJkSEDea66DXUeS23A,FlowRelationship,EA ModelSet
_dC1BMJkSEDea66DXUeS23A,_dC22ZJkSEDea66DXUeS23A,FlowRelationship,EA ModelSet
_dC1BMJkSEDea66DXUeS23A,_qO_ggZkSEDea66DXUeS23A,FlowRelationship,EA ModelSet
_qO_ggZkSEDea66DXUeS23A,_dC1BMJkSEDea66DXUeS23A,FlowRelationship,EA ModelSet
_7Zo0wJsZEDem-rRixILm8w,_7Zpb1ZsZEDem-rRixILm8w,FlowRelationship,EA ModelSet
_7Zpb1ZsZEDem-rRixILm8w,_7Zo0wJsZEDem-rRixILm8w,FlowRelationship,EA ModelSet
_7Zr4EJsZEDem-rRixILm8w,_7Zo0wJsZEDem-rRixILm8w,FlowRelationship,EA ModelSet
_7Zo0wJsZEDem-rRixILm8w,_7Zr4EJsZEDem-rRixILm8w,FlowRelationship,EA ModelSet
_7Zr4EJsZEDem-rRixILm8w,_7Zr4FpsZEDem-rRixILm8w,FlowRelationship,EA ModelSet
_7Zr4FpsZEDem-rRixILm8w,_7Zr4EJsZEDem-rRixILm8w,FlowRelationship,EA ModelSet
_7ZsfI5sZEDem-rRixILm8w,_7Zr4EJsZEDem-rRixILm8w,AssociationRelationship,EA ModelSet
_7ZsfI5sZEDem-rRixILm8w,_7Zr4FpsZEDem-rRixILm8w,AssociationRelationship,EA ModelSet
_7ZsfKZsZEDem-rRixILm8w,_7Zr4EJsZEDem-rRixILm8w,FlowRelationship,EA ModelSet
_7ZtGMJsZEDem-rRixILm8w,_7ZtGMpsZEDem-rRixILm8w,AssociationRelationship,EA ModelSet
_7ZtGMpsZEDem-rRixILm8w,_7Zo0wJsZEDem-rRixILm8w,FlowRelationship,EA ModelSet
_7Zo0wJsZEDem-rRixILm8w,_7ZtGMpsZEDem-rRixILm8w,FlowRelationship,EA ModelSet
_7ZtGMJsZEDem-rRixILm8w,_7ZtGOpsZEDem-rRixILm8w,AssociationRelationship,EA ModelSet
_7ZtGOpsZEDem-rRixILm8w,_7ZtGMpsZEDem-rRixILm8w,FlowRelationship,EA ModelSet
_7ZtGMpsZEDem-rRixILm8w,_7ZtGOpsZEDem-rRixILm8w,FlowRelationship,EA ModelSet
_7ZttQpsZEDem-rRixILm8w,_7ZtGMpsZEDem-rRixILm8w,FlowRelationship,EA ModelSet
_jYpV9J4DEDen5qLr0_ho-Q,_jYou4J4DEDen5qLr0_ho-Q,FlowRelationship,EA ModelSet
_jYou4J4DEDen5qLr0_ho-Q,_jYpV9J4DEDen5qLr0_ho-Q,FlowRelationship,EA ModelSet
_jYp9BZ4DEDen5qLr0_ho-Q,_jYou4J4DEDen5qLr0_ho-Q,FlowRelationship,EA ModelSet
_jYou4J4DEDen5qLr0_ho-Q,_jYp9BZ4DEDen5qLr0_ho-Q,FlowRelationship,EA ModelSet
_jYqkFp4DEDen5qLr0_ho-Q,_jYp9BZ4DEDen5qLr0_ho-Q,AssociationRelationship,EA ModelSet
_jYryM54DEDen5qLr0_ho-Q,_jYp9BZ4DEDen5qLr0_ho-Q,FlowRelationship,EA ModelSet
_jYtAUJ4DEDen5qLr0_ho-Q,_jYou4J4DEDen5qLr0_ho-Q,FlowRelationship,EA ModelSet
_jYou4J4DEDen5qLr0_ho-Q,_jYtAUJ4DEDen5qLr0_ho-Q,FlowRelationship,EA ModelSet
_jYryN54DEDen5qLr0_ho-Q,_jYtAUJ4DEDen5qLr0_ho-Q,AssociationRelationship,EA ModelSet
_jYryN54DEDen5qLr0_ho-Q,_jYtnZp4DEDen5qLr0_ho-Q,AssociationRelationship,EA ModelSet
_jYtnZp4DEDen5qLr0_ho-Q,_jYtAUJ4DEDen5qLr0_ho-Q,FlowRelationship,EA ModelSet
_jYtAUJ4DEDen5qLr0_ho-Q,_jYtnZp4DEDen5qLr0_ho-Q,FlowRelationship,EA ModelSet
_jYuOc54DEDen5qLr0_ho-Q,_jYtAUJ4DEDen5qLr0_ho-Q,FlowRelationship,EA ModelSet
_jYpV8p4DEDen5qLr0_ho-Q,_jYtAUJ4DEDen5qLr0_ho-Q,CompositionRelationship,EA ModelSet
_W5nJFKGKEDe3tZWT5Dunyg,_W5nwIqGKEDe3tZWT5Dunyg,FlowRelationship,EA ModelSet
_W5nJFqGKEDe3tZWT5Dunyg,_W5nwIqGKEDe3tZWT5Dunyg,FlowRelationship,EA ModelSet
_W5nwIqGKEDe3tZWT5Dunyg,_W5nJFKGKEDe3tZWT5Dunyg,FlowRelationship,EA ModelSet
_W5nwIqGKEDe3tZWT5Dunyg,_W5nJFqGKEDe3tZWT5Dunyg,FlowRelationship,EA ModelSet
_W5oXM6GKEDe3tZWT5Dunyg,_W5nJFKGKEDe3tZWT5Dunyg,FlowRelationship,EA ModelSet
_W5nJFKGKEDe3tZWT5Dunyg,_W5oXM6GKEDe3tZWT5Dunyg,FlowRelationship,EA ModelSet
_lbmQCLxeEDe4vcjwAAvpVQ,_lblB47xeEDe4vcjwAAvpVQ,FlowRelationship,EA ModelSet
_lblB47xeEDe4vcjwAAvpVQ,_lbmQCLxeEDe4vcjwAAvpVQ,FlowRelationship,EA ModelSet
_lbneILxeEDe4vcjwAAvpVQ,_lbmQCLxeEDe4vcjwAAvpVQ,FlowRelationship,EA ModelSet
_lblB4bxeEDe4vcjwAAvpVQ,_lblB47xeEDe4vcjwAAvpVQ,FlowRelationship,EA ModelSet
_lblB47xeEDe4vcjwAAvpVQ,_lblB4bxeEDe4vcjwAAvpVQ,FlowRelationship,EA ModelSet
_lbka0LxeEDe4vcjwAAvpVQ,_lblB5bxeEDe4vcjwAAvpVQ,CompositionRelationship,EA ModelSet
_lbka0rxeEDe4vcjwAAvpVQ,_lbneILxeEDe4vcjwAAvpVQ,CompositionRelationship,EA ModelSet
_lbka0LxeEDe4vcjwAAvpVQ,_lbmQBLxeEDe4vcjwAAvpVQ,CompositionRelationship,EA ModelSet
_lblB5bxeEDe4vcjwAAvpVQ,_lblB47xeEDe4vcjwAAvpVQ,FlowRelationship,EA ModelSet
_lblB47xeEDe4vcjwAAvpVQ,_lblB5bxeEDe4vcjwAAvpVQ,FlowRelationship,EA ModelSet
_lbmQBLxeEDe4vcjwAAvpVQ,_lblB5bxeEDe4vcjwAAvpVQ,FlowRelationship,EA ModelSet
_lbka0rxeEDe4vcjwAAvpVQ,_lbmQCLxeEDe4vcjwAAvpVQ,CompositionRelationship,EA ModelSet
_5PoOoBHmEDi-7cM7F4-Ipw,_5PlyYBHmEDi-7cM7F4-Ipw,FlowRelationship,EA ModelSet
_5PlyYBHmEDi-7cM7F4-Ipw,_5PoOoBHmEDi-7cM7F4-Ipw,FlowRelationship,EA ModelSet
_5PpcwRHmEDi-7cM7F4-Ipw,_5PlyYBHmEDi-7cM7F4-Ipw,FlowRelationship,EA ModelSet
_5PlyYBHmEDi-7cM7F4-Ipw,_5PpcwRHmEDi-7cM7F4-Ipw,FlowRelationship,EA ModelSet
_5PqD0xHmEDi-7cM7F4-Ipw,_5PpcwRHmEDi-7cM7F4-Ipw,FlowRelationship,EA ModelSet
_5PpcwRHmEDi-7cM7F4-Ipw,_5PqD0xHmEDi-7cM7F4-Ipw,FlowRelationship,EA ModelSet
_5PrR9BHmEDi-7cM7F4-Ipw,_5PpcwRHmEDi-7cM7F4-Ipw,AssociationRelationship,EA ModelSet
_5PrR9BHmEDi-7cM7F4-Ipw,_5PqD0xHmEDi-7cM7F4-Ipw,AssociationRelationship,EA ModelSet
_5PsgERHmEDi-7cM7F4-Ipw,_5PpcwRHmEDi-7cM7F4-Ipw,FlowRelationship,EA ModelSet
_5PtuMRHmEDi-7cM7F4-Ipw,_5PtuMxHmEDi-7cM7F4-Ipw,AssociationRelationship,EA ModelSet
_5PtuMxHmEDi-7cM7F4-Ipw,_5PlyYBHmEDi-7cM7F4-Ipw,FlowRelationship,EA ModelSet
_5PlyYBHmEDi-7cM7F4-Ipw,_5PtuMxHmEDi-7cM7F4-Ipw,FlowRelationship,EA ModelSet
_5PtuMRHmEDi-7cM7F4-Ipw,_5PvjYxHmEDi-7cM7F4-Ipw,AssociationRelationship,EA ModelSet
_5PtuMxHmEDi-7cM7F4-Ipw,_5PvjYxHmEDi-7cM7F4-Ipw,FlowRelationship,EA ModelSet
_5PvjYxHmEDi-7cM7F4-Ipw,_5PtuMxHmEDi-7cM7F4-Ipw,FlowRelationship,EA ModelSet
_5PwxgBHmEDi-7cM7F4-Ipw,_5PtuMxHmEDi-7cM7F4-Ipw,FlowRelationship,EA ModelSet
_s9BpBBHwEDip2OnlS4NUDg,_s8_z0BHwEDip2OnlS4NUDg,FlowRelationship,EA ModelSet
_s8_z0BHwEDip2OnlS4NUDg,_s9BpBBHwEDip2OnlS4NUDg,FlowRelationship,EA ModelSet
_s9DeMBHwEDip2OnlS4NUDg,_s8_z0BHwEDip2OnlS4NUDg,FlowRelationship,EA ModelSet
_s8_z0BHwEDip2OnlS4NUDg,_s9DeMBHwEDip2OnlS4NUDg,FlowRelationship,EA ModelSet
_s9EFQRHwEDip2OnlS4NUDg,_s9DeMBHwEDip2OnlS4NUDg,FlowRelationship,EA ModelSet
_s9DeMBHwEDip2OnlS4NUDg,_s9EFQRHwEDip2OnlS4NUDg,FlowRelationship,EA ModelSet
_s9EsUxHwEDip2OnlS4NUDg,_s9DeMBHwEDip2OnlS4NUDg,AssociationRelationship,EA ModelSet
_s9EsUxHwEDip2OnlS4NUDg,_s9EFQRHwEDip2OnlS4NUDg,AssociationRelationship,EA ModelSet
_s9F6cBHwEDip2OnlS4NUDg,_s9DeMBHwEDip2OnlS4NUDg,FlowRelationship,EA ModelSet
_s9GhgRHwEDip2OnlS4NUDg,_s9GhgxHwEDip2OnlS4NUDg,AssociationRelationship,EA ModelSet
_s9GhgxHwEDip2OnlS4NUDg,_s8_z0BHwEDip2OnlS4NUDg,FlowRelationship,EA ModelSet
_s8_z0BHwEDip2OnlS4NUDg,_s9GhgxHwEDip2OnlS4NUDg,FlowRelationship,EA ModelSet
_s9GhgRHwEDip2OnlS4NUDg,_s9HIlhHwEDip2OnlS4NUDg,AssociationRelationship,EA ModelSet
_s9GhgxHwEDip2OnlS4NUDg,_s9HIlhHwEDip2OnlS4NUDg,FlowRelationship,EA ModelSet
_s9HIlhHwEDip2OnlS4NUDg,_s9GhgxHwEDip2OnlS4NUDg,FlowRelationship,EA ModelSet
_s9I9wBHwEDip2OnlS4NUDg,_s9GhgxHwEDip2OnlS4NUDg,FlowRelationship,EA ModelSet
_tp8ZYBHwEDip2OnlS4NUDg,_tp7LQBHwEDip2OnlS4NUDg,FlowRelationship,EA ModelSet
_tp7LQBHwEDip2OnlS4NUDg,_tp8ZYBHwEDip2OnlS4NUDg,FlowRelationship,EA ModelSet
_tp9AcRHwEDip2OnlS4NUDg,_tp7LQBHwEDip2OnlS4NUDg,FlowRelationship,EA ModelSet
_tp7LQBHwEDip2OnlS4NUDg,_tp9AcRHwEDip2OnlS4NUDg,FlowRelationship,EA ModelSet
_tp-OkRHwEDip2OnlS4NUDg,_tp9AcRHwEDip2OnlS4NUDg,FlowRelationship,EA ModelSet
_tp9AcRHwEDip2OnlS4NUDg,_tp-OkRHwEDip2OnlS4NUDg,FlowRelationship,EA ModelSet
_tp_csBHwEDip2OnlS4NUDg,_tp9AcRHwEDip2OnlS4NUDg,AssociationRelationship,EA ModelSet
_tp_csBHwEDip2OnlS4NUDg,_tp-OkRHwEDip2OnlS4NUDg,AssociationRelationship,EA ModelSet
_tqADwhHwEDip2OnlS4NUDg,_tp9AcRHwEDip2OnlS4NUDg,FlowRelationship,EA ModelSet
_tqAq0BHwEDip2OnlS4NUDg,_tqAq0hHwEDip2OnlS4NUDg,AssociationRelationship,EA ModelSet
_tqAq0hHwEDip2OnlS4NUDg,_tp7LQBHwEDip2OnlS4NUDg,FlowRelationship,EA ModelSet
_tp7LQBHwEDip2OnlS4NUDg,_tqAq0hHwEDip2OnlS4NUDg,FlowRelationship,EA ModelSet
_tqAq0BHwEDip2OnlS4NUDg,_tqBR4xHwEDip2OnlS4NUDg,AssociationRelationship,EA ModelSet
_tqAq0hHwEDip2OnlS4NUDg,_tqBR4xHwEDip2OnlS4NUDg,FlowRelationship,EA ModelSet
_tqBR4xHwEDip2OnlS4NUDg,_tqAq0hHwEDip2OnlS4NUDg,FlowRelationship,EA ModelSet
_tqB49BHwEDip2OnlS4NUDg,_tqAq0hHwEDip2OnlS4NUDg,FlowRelationship,EA ModelSet
EAID_71044D5E_2431_4b16_8BAB_0D0FEB27AC98,EAID_9339CB03_9B07_46a5_9B04_76B9CED1BA3A,FlowRelationship,EA ModelSet
EAID_71044D5E_2431_4b16_8BAB_0D0FEB27AC98,EAID_E76F40A8_7CCF_4ac2_BACA_3E7EC6FAC6AE,FlowRelationship,EA ModelSet
EAID_7D856F91_4D29_42ac_BFD6_92C37C0BEB4A,EAID_E76F40A8_7CCF_4ac2_BACA_3E7EC6FAC6AE,FlowRelationship,EA ModelSet
EAID_7DF405C4_1119_4cf2_877C_8F4753DD0275,EAID_E76F40A8_7CCF_4ac2_BACA_3E7EC6FAC6AE,FlowRelationship,EA ModelSet
EAID_8AE9BC04_4916_426b_9E1C_01B614034C27,EAID_DFAA0B3A_7AC0_49bd_9586_6F373CB468BC,AssociationRelationship,EA ModelSet
EAID_8AE9BC04_4916_426b_9E1C_01B614034C27,EAID_7C8918C0_ABCB_418c_A88B_7D1F005A40D4,AssociationRelationship,EA ModelSet
EAID_AFAA97B9_7406_475c_A900_D0353D3D2FF3,EAID_9339CB03_9B07_46a5_9B04_76B9CED1BA3A,FlowRelationship,EA ModelSet
EAID_AFAA97B9_7406_475c_A900_D0353D3D2FF3,EAID_71044D5E_2431_4b16_8BAB_0D0FEB27AC98,ServingRelationship,EA ModelSet
EAID_71044D5E_2431_4b16_8BAB_0D0FEB27AC98,EAID_AFAA97B9_7406_475c_A900_D0353D3D2FF3,ServingRelationship,EA ModelSet
EAID_7604C41C_A976_4338_B09D_84836891D71E,EAID_60D3286A_3807_4092_AE9E_62CA69660DB2,AssociationRelationship,EA ModelSet
EAID_9890E7F1_86CB_423e_869A_5BA92CA0B6FD,EAID_60D3286A_3807_4092_AE9E_62CA69660DB2,AssociationRelationship,EA ModelSet
EAID_1934FFF6_A7C5_4a79_90BB_F1552AFA9FF5,EAID_5352F64E_06B5_4686_9E45_C88B4E898520,AssociationRelationship,EA ModelSet
EAID_89C88911_9E3D_4a02_8A98_2AB7CE12CC78,EAID_5352F64E_06B5_4686_9E45_C88B4E898520,AssociationRelationship,EA ModelSet
EAID_500B9F8D_6A03_421d_80F3_49D2481E1DF2,EAID_5352F64E_06B5_4686_9E45_C88B4E898520,AssociationRelationship,EA ModelSet
EAID_091F7647_F081_4f04_A2B4_BA9F42B4546E,EAID_5352F64E_06B5_4686_9E45_C88B4E898520,AssociationRelationship,EA ModelSet
EAID_4F0C16FB_9326_4f66_8822_5CA961828769,EAID_5F316183_10B9_4e6b_AC35_F8FDCC3DEFB0,AssociationRelationship,EA ModelSet
EAID_39157B20_817E_47be_87B8_81B18522B750,EAID_5F316183_10B9_4e6b_AC35_F8FDCC3DEFB0,AssociationRelationship,EA ModelSet
EAID_F82F305A_547E_424a_A529_0AEE39788CDD,EAID_04DEC494_3594_4916_83E4_FD266C41C4C7,AssociationRelationship,EA ModelSet
EAID_82316E59_577E_49f8_9F6E_5BCD5828EC33,EAID_5F316183_10B9_4e6b_AC35_F8FDCC3DEFB0,AssociationRelationship,EA ModelSet
EAID_81D341E4_D1E7_47b6_B67D_B5F29909CE3E,EAID_5F316183_10B9_4e6b_AC35_F8FDCC3DEFB0,AssociationRelationship,EA ModelSet
EAID_96676BAD_1207_4928_9987_B5AA0628462B,EAID_04DEC494_3594_4916_83E4_FD266C41C4C7,AssociationRelationship,EA ModelSet
EAID_621DC404_7191_462f_B6D8_6AEE9CAA583E,EAID_82316E59_577E_49f8_9F6E_5BCD5828EC33,AssociationRelationship,EA ModelSet
EAID_621DC404_7191_462f_B6D8_6AEE9CAA583E,EAID_81D341E4_D1E7_47b6_B67D_B5F29909CE3E,AssociationRelationship,EA ModelSet
EAID_8D549C86_4FAA_4bac_8637_4AEAEAB386E4,EAID_091F7647_F081_4f04_A2B4_BA9F42B4546E,AssociationRelationship,EA ModelSet
EAID_EEE3669D_1704_4f8b_80CA_68F315B4BB4F,EAID_96676BAD_1207_4928_9987_B5AA0628462B,AssociationRelationship,EA ModelSet
EAID_8AE9BC04_4916_426b_9E1C_01B614034C27,EAID_86429B90_10D2_4eb3_97C2_DBEFE72D75A7,AssociationRelationship,EA ModelSet
EAID_2CB5ADDD_4435_45de_8AFC_86C9345BB06C,EAID_8AE9BC04_4916_426b_9E1C_01B614034C27,AssociationRelationship,EA ModelSet
EAID_679E8F22_C57D_4290_922B_F864BCB95668,EAID_8AE9BC04_4916_426b_9E1C_01B614034C27,AssociationRelationship,EA ModelSet
EAID_4932E28F_CA3E_4966_A491_87E802DAF124,EAID_8AE9BC04_4916_426b_9E1C_01B614034C27,AssociationRelationship,EA ModelSet
EAID_FED8B686_E94E_4ec2_9FF4_F086B4B1DA5F,EAID_8AE9BC04_4916_426b_9E1C_01B614034C27,AssociationRelationship,EA ModelSet
EAID_28CFB43A_7074_49d2_8C06_6FC593EA33F8,EAID_8AE9BC04_4916_426b_9E1C_01B614034C27,AssociationRelationship,EA ModelSet
EAID_2CB5ADDD_4435_45de_8AFC_86C9345BB06C,EAID_C8659F12_B1C9_4aa7_B8FB_D31AE54D4E1F,AssociationRelationship,EA ModelSet
EAID_FED8B686_E94E_4ec2_9FF4_F086B4B1DA5F,EAID_FFB8B27F_D960_45f7_ADA8_2EF08D02F1B4,AssociationRelationship,EA ModelSet
EAID_679E8F22_C57D_4290_922B_F864BCB95668,EAID_98EE41FE_F534_4141_9618_E74E3D2A8479,AssociationRelationship,EA ModelSet
id-091b43a2,EAID_86429B90_10D2_4eb3_97C2_DBEFE72D75A7,AssociationRelationship,EA ModelSet
EAID_98EE41FE_F534_4141_9618_E74E3D2A8479,EAID_86429B90_10D2_4eb3_97C2_DBEFE72D75A7,AssociationRelationship,EA ModelSet
EAID_8AE9BC04_4916_426b_9E1C_01B614034C27,id-9db5ac2e,AssociationRelationship,EA ModelSet
e8befb5e,EAID_28CFB43A_7074_49d2_8C06_6FC593EA33F8,AssociationRelationship,EA ModelSet
EAID_4932E28F_CA3E_4966_A491_87E802DAF124,id-61c42c0b,AssociationRelationship,EA ModelSet
EAID_4932E28F_CA3E_4966_A491_87E802DAF124,c5d94d67,AssociationRelationship,EA ModelSet
id-9db5ac2e,id-5c5eb007,AssociationRelationship,EA ModelSet
EAID_8AE9BC04_4916_426b_9E1C_01B614034C27,id-09b10693,AssociationRelationship,EA ModelSet
d4ecd9f6,id-09b10693,AssociationRelationship,EA ModelSet
id-0326d156,EAID_86429B90_10D2_4eb3_97C2_DBEFE72D75A7,AssociationRelationship,EA ModelSet
id-9d739e21,ecd98d8d,RealizationRelationship,EA ModelSet
ecd98d8d,id-0326d156,RealizationRelationship,EA ModelSet
ecd98d8d,EAID_98EE41FE_F534_4141_9618_E74E3D2A8479,RealizationRelationship,EA ModelSet
id-7f9299b5,id-2012b3b8,RealizationRelationship,EA ModelSet
id-2012b3b8,EAID_C8659F12_B1C9_4aa7_B8FB_D31AE54D4E1F,RealizationRelationship,EA ModelSet
id-5838cae5,EAID_FFB8B27F_D960_45f7_ADA8_2EF08D02F1B4,RealizationRelationship,EA ModelSet
id-5012e5e1,EAID_FFB8B27F_D960_45f7_ADA8_2EF08D02F1B4,RealizationRelationship,EA ModelSet
id-6c594d14,bdcf9f32,RealizationRelationship,EA ModelSet
bdcf9f32,d4ecd9f6,RealizationRelationship,EA ModelSet
id-6c594d14,f9bccf19,RealizationRelationship,EA ModelSet
f9bccf19,EAID_98EE41FE_F534_4141_9618_E74E3D2A8479,RealizationRelationship,EA ModelSet
id-9d739e21,id-2012b3b8,RealizationRelationship,EA ModelSet
id-2012b3b8,id-5c5eb007,RealizationRelationship,EA ModelSet
id-0dca3603,id-091b43a2,RealizationRelationship,EA ModelSet
EAID_86429B90_10D2_4eb3_97C2_DBEFE72D75A7,e097e059,AssociationRelationship,EA ModelSet
id-10ef9ea0,e8befb5e,RealizationRelationship,EA ModelSet
id-10ef9ea0,id-61c42c0b,RealizationRelationship,EA ModelSet
EAID_8AE9BC04_4916_426b_9E1C_01B614034C27,id-12206443,AssociationRelationship,EA ModelSet
fdfe26a6,bacc87fd,AssociationRelationship,EA ModelSet
bacc87fd,id-0eb867fd,AssociationRelationship,EA ModelSet
fdfe26a6,id-2ca4f06a,AssociationRelationship,EA ModelSet
id-2ca4f06a,id-94e3951b,AssociationRelationship,EA ModelSet
fdfe26a6,id-4eb9a4b6,AssociationRelationship,EA ModelSet
id-4eb9a4b6,cff6ca61,AssociationRelationship,EA ModelSet
fdfe26a6,id-5d6e8415,AssociationRelationship,EA ModelSet
id-5d6e8415,id-10e30647,AssociationRelationship,EA ModelSet
fdfe26a6,id-0297bcbe,AssociationRelationship,EA ModelSet
id-0297bcbe,fd21efd9,AssociationRelationship,EA ModelSet
id-0297bcbe,id-0eb867fd,AssociationRelationship,EA ModelSet
fdfe26a6,id-8941446a,AssociationRelationship,EA ModelSet
id-8941446a,e5ce384b,AssociationRelationship,EA ModelSet
fdfe26a6,id-9fc82fe5,AssociationRelationship,EA ModelSet
id-9fc82fe5,id-7222fcf8,AssociationRelationship,EA ModelSet
fdfe26a6,id-4e7178b9,AssociationRelationship,EA ModelSet
id-4e7178b9,d4431034,AssociationRelationship,EA ModelSet
c18f33c5,fd21efd9,AssociationRelationship,EA ModelSet
c18f33c5,d4431034,AssociationRelationship,EA ModelSet
c18f33c5,cff6ca61,AssociationRelationship,EA ModelSet
c18f33c5,id-10e30647,AssociationRelationship,EA ModelSet
fdfe26a6,cff6ca61,AssociationRelationship,EA ModelSet
fdfe26a6,d4431034,AssociationRelationship,EA ModelSet
fdfe26a6,fd21efd9,AssociationRelationship,EA ModelSet
fdfe26a6,id-10e30647,AssociationRelationship,EA ModelSet
fdfe26a6,id-0eb867fd,AssociationRelationship,EA ModelSet
fdfe26a6,id-94e3951b,AssociationRelationship,EA ModelSet
fdfe26a6,id-7222fcf8,AssociationRelationship,EA ModelSet
fdfe26a6,e5ce384b,AssociationRelationship,EA ModelSet
id-9922fe9e,id-0eb867fd,AssociationRelationship,EA ModelSet
id-9922fe9e,c18f33c5,AssociationRelationship,EA ModelSet
id-7e6fe7a8,id-94e3951b,AssociationRelationship,EA ModelSet
id-7e6fe7a8,id-7222fcf8,AssociationRelationship,EA ModelSet
a4abdf83,e5ce384b,AssociationRelationship,EA ModelSet
e9845133,id-7222fcf8,RealizationRelationship,EA ModelSet
f460463e,id-7222fcf8,RealizationRelationship,EA ModelSet
id-1b89e3b9,e5ce384b,RealizationRelationship,EA ModelSet
id-1c82682a,d4431034,RealizationRelationship,EA ModelSet
id-6aecfe19,cff6ca61,RealizationRelationship,EA ModelSet
cdbe37f8,id-94e3951b,RealizationRelationship,EA ModelSet
f9c758c1,fd21efd9,RealizationRelationship,EA ModelSet
id-97cd2af7,e5ce384b,RealizationRelationship,EA ModelSet
f9c758c1,id-0eb867fd,RealizationRelationship,EA ModelSet
id-726598cc,fd21efd9,RealizationRelationship,EA ModelSet
id-726598cc,id-0eb867fd,RealizationRelationship,EA ModelSet
f73ca94c,id-0eb867fd,RealizationRelationship,EA ModelSet
eb79c83f,id-10e30647,RealizationRelationship,EA ModelSet
EAID_2770E4B2_00FA_433a_BE0C_67FEC2C71A83,id-13f7becf,AggregationRelationship,EA ModelSet
EAID_2770E4B2_00FA_433a_BE0C_67FEC2C71A83,ae4866f9,AggregationRelationship,EA ModelSet
ae4866f9,id-13f7becf,AggregationRelationship,EA ModelSet
EAID_2770E4B2_00FA_433a_BE0C_67FEC2C71A83,eacfae16,AggregationRelationship,EA ModelSet
EAID_2770E4B2_00FA_433a_BE0C_67FEC2C71A83,id-281e2e2a,AggregationRelationship,EA ModelSet
id-281e2e2a,eacfae16,AggregationRelationship,EA ModelSet
id-281e2e2a,EAID_C264E263_34DF_457c_9AAA_66612DAF2F76,AggregationRelationship,EA ModelSet
id-281e2e2a,EAID_A8ADE7C0_2AE9_4eb8_B5D2_DE119D791AA3,AggregationRelationship,EA ModelSet
ae4866f9,EAID_A8ADE7C0_2AE9_4eb8_B5D2_DE119D791AA3,AggregationRelationship,EA ModelSet
ae4866f9,ee7488ec,AggregationRelationship,EA ModelSet
id-281e2e2a,a71e60f7,AggregationRelationship,EA ModelSet
id-281e2e2a,EAID_98A333EA_C874_4285_8DCF_0354D9272DE6,AggregationRelationship,EA ModelSet
ae4866f9,EAID_C264E263_34DF_457c_9AAA_66612DAF2F76,AggregationRelationship,EA ModelSet
EAID_2770E4B2_00FA_433a_BE0C_67FEC2C71A83,dfec8f71,AggregationRelationship,EA ModelSet
dfec8f71,id-42286d80,AggregationRelationship,EA ModelSet
dd338e41,EAID_7756F93C_5F68_41f2_9B3B_147859985732,AggregationRelationship,EA ModelSet
dd338e41,EAID_85C6FDF1_3810_4ca2_8631_B7B228393147,AggregationRelationship,EA ModelSet
dd338e41,id-36a7f6da,AggregationRelationship,EA ModelSet
dd338e41,id-3b83f176,AggregationRelationship,EA ModelSet
dd338e41,id-24e29a60,AggregationRelationship,EA ModelSet
dd338e41,id-8552ce4a,AggregationRelationship,EA ModelSet
id-281e2e2a,dfec8f71,AggregationRelationship,EA ModelSet
dd338e41,id-9610b2ed,AggregationRelationship,EA ModelSet
dd338e41,id-6a999880,AggregationRelationship,EA ModelSet
dd338e41,id-9060fad9,AggregationRelationship,EA ModelSet
id-43dccecf,id-8552ce4a,ServingRelationship,EA ModelSet
id-43dccecf,id-3ed32d0d,AccessRelationship,EA ModelSet
id-3b83f176,id-3ed32d0d,AccessRelationship,EA ModelSet
id-3b83f176,id-2916ba79,AccessRelationship,EA ModelSet
id-24e29a60,a858ffe7,AccessRelationship,EA ModelSet
dd338e41,e04b52a7,AggregationRelationship,EA ModelSet
e04b52a7,id-36a7f6da,ServingRelationship,EA ModelSet
e04b52a7,id-9610b2ed,TriggeringRelationship,EA ModelSet
cd0def21,id-292e4dfa,AggregationRelationship,EA ModelSet
cd0def21,id-12312097,AggregationRelationship,EA ModelSet
id-333cf503,id-8ccc6230,AssociationRelationship,EA ModelSet
id-8ccc6230,cf6589b9,AssociationRelationship,EA ModelSet
id-1b7d3f2b,d6150fd2,AssociationRelationship,EA ModelSet
d6150fd2,d5c247b5,AssociationRelationship,EA ModelSet
id-98f1870d,id-90e4930e,AssociationRelationship,EA ModelSet
f412bddc,id-90e4930e,AssociationRelationship,EA ModelSet
id-7282c704,id-90e4930e,AssociationRelationship,EA ModelSet
b79b1127,id-9713d531,AssociationRelationship,EA ModelSet
ec18de2f,id-9713d531,AssociationRelationship,EA ModelSet
a9389426,id-9713d531,AssociationRelationship,EA ModelSet
id-599cdd2b,id-448b873a,AggregationRelationship,EA ModelSet
id-599cdd2b,id-6d9560fa,AggregationRelationship,EA ModelSet
id-739f6a98,id-3e2a005e,AggregationRelationship,EA ModelSet
id-292e4dfa,id-4c84916f,ServingRelationship,EA ModelSet
EAID_2770E4B2_00FA_433a_BE0C_67FEC2C71A83,EAID_98A333EA_C874_4285_8DCF_0354D9272DE6,AggregationRelationship,EA ModelSet
EAID_2770E4B2_00FA_433a_BE0C_67FEC2C71A83,a71e60f7,AggregationRelationship,EA ModelSet
dfec8f71,id-7e221691,ServingRelationship,EA ModelSet
dfec8f71,id-29c4a46e,ServingRelationship,EA ModelSet
dfec8f71,id-2c7c3a63,ServingRelationship,EA ModelSet
a760f91e,ea17e955,ServingRelationship,EA ModelSet
ea17e955,id-476f1efa,AssociationRelationship,EA ModelSet
ea17e955,id-739f6a98,AssociationRelationship,EA ModelSet
id-6d9560fa,id-476f1efa,AccessRelationship,EA ModelSet
id-448b873a,id-739f6a98,AccessRelationship,EA ModelSet
id-6d9560fa,id-476f1efa,AccessRelationship,EA ModelSet
cd0def21,c13cb7b6,AggregationRelationship,EA ModelSet
EAID_A8ADE7C0_2AE9_4eb8_B5D2_DE119D791AA3,id-8da72174,AccessRelationship,EA ModelSet
ee7488ec,id-1d9f759a,AccessRelationship,EA ModelSet
id-3b83f176,e04b52a7,ServingRelationship,EA ModelSet
e04b52a7,id-3ed32d0d,AccessRelationship,EA ModelSet
id-8552ce4a,id-3ed32d0d,AccessRelationship,EA ModelSet
cd0def21,id-2bcb0f88,AggregationRelationship,EA ModelSet
id-897a4e40,id-2bcb0f88,ServingRelationship,EA ModelSet
e04b52a7,id-36a7f6da,AggregationRelationship,EA ModelSet
e04b52a7,id-9610b2ed,AggregationRelationship,EA ModelSet
e04b52a7,id-2916ba79,AccessRelationship,EA ModelSet
id-43dccecf,id-2916ba79,AccessRelationship,EA ModelSet
id-0b542c72,id-8552ce4a,ServingRelationship,EA ModelSet
id-8552ce4a,id-0b542c72,ServingRelationship,EA ModelSet
id-3daa0894,id-24e29a60,AssociationRelationship,EA ModelSet
id-4c84916f,id-3daa0894,TriggeringRelationship,EA ModelSet
id-4c84916f,a71e60f7,ServingRelationship,EA ModelSet
ae4866f9,a71e60f7,AggregationRelationship,EA ModelSet
EAID_A8ADE7C0_2AE9_4eb8_B5D2_DE119D791AA3,ee7488ec,AssociationRelationship,EA ModelSet
EAID_C264E263_34DF_457c_9AAA_66612DAF2F76,ee7488ec,AssociationRelationship,EA ModelSet
EAID_C264E263_34DF_457c_9AAA_66612DAF2F76,a71e60f7,AssociationRelationship,EA ModelSet
id-4c84916f,ae4866f9,ServingRelationship,EA ModelSet
id-24e29a60,id-8552ce4a,AssociationRelationship,EA ModelSet
id-24e29a60,e04b52a7,AssociationRelationship,EA ModelSet
id-0b542c72,e04b52a7,AssociationRelationship,EA ModelSet
id-0b542c72,e04b52a7,ServingRelationship,EA ModelSet
id-8552ce4a,e04b52a7,AssociationRelationship,EA ModelSet
be71d2a5,id-3daa0894,TriggeringRelationship,EA ModelSet
id-4c84916f,id-43dccecf,TriggeringRelationship,EA ModelSet
id-21760229,c20e9e78,TriggeringRelationship,EA ModelSet
id-6d9560fa,id-3daa0894,AssociationRelationship,EA ModelSet
be71d2a5,id-782fa91b,TriggeringRelationship,EA ModelSet
id-782fa91b,id-292e4dfa,AssociationRelationship,EA ModelSet
id-0b542c72,id-43dccecf,ServingRelationship,EA ModelSet
id-292e4dfa,c13cb7b6,AssociationRelationship,EA ModelSet
c13cb7b6,id-12312097,AssociationRelationship,EA ModelSet
id-12312097,id-2bcb0f88,AssociationRelationship,EA ModelSet
id-2bcb0f88,id-7817743f,AccessRelationship,EA ModelSet
c13cb7b6,id-7817743f,AccessRelationship,EA ModelSet
id-12312097,id-7817743f,AccessRelationship,EA ModelSet
id-6d9560fa,c20e9e78,AssociationRelationship,EA ModelSet
id-6d9560fa,a760f91e,AssociationRelationship,EA ModelSet
c20e9e78,ae4866f9,AssociationRelationship,EA ModelSet
id-6d9560fa,id-782fa91b,AssociationRelationship,EA ModelSet
id-6d9560fa,id-448b873a,AggregationRelationship,EA ModelSet
id-9060fad9,f91998e0,ServingRelationship,EA ModelSet
id-6a999880,f91998e0,ServingRelationship,EA ModelSet
id-13f7becf,f91998e0,ServingRelationship,EA ModelSet
EAID_98A333EA_C874_4285_8DCF_0354D9272DE6,f91998e0,ServingRelationship,EA ModelSet
eacfae16,f91998e0,ServingRelationship,EA ModelSet
c22a9d6b,a4abdf83,AggregationRelationship,EA ModelSet
c22a9d6b,e5414b74,AggregationRelationship,EA ModelSet
id-597744dd,id-798933b7,AggregationRelationship,EA ModelSet
id-597744dd,id-7548d788,AggregationRelationship,EA ModelSet
c22a9d6b,e9cc5c62,AggregationRelationship,EA ModelSet
id-58bdffd4,e5414b74,AggregationRelationship,EA ModelSet
id-58bdffd4,id-2da3d14b,AggregationRelationship,EA ModelSet
id-23cbdd43,id-58bdffd4,AssociationRelationship,EA ModelSet
id-798933b7,f336aba1,AssociationRelationship,EA ModelSet
id-798933b7,ad13e1a8,AssociationRelationship,EA ModelSet
id-2da3d14b,id-42795d45,AssociationRelationship,EA ModelSet
id-85fb0db5,id-58bdffd4,AssociationRelationship,EA ModelSet
id-85fb0db5,id-597744dd,AssociationRelationship,EA ModelSet
id-85fb0db5,c22a9d6b,AssociationRelationship,EA ModelSet
id-8dcc8b5f,d3ff115b,CompositionRelationship,EA ModelSet
id-8dcc8b5f,id-8c57aa12,CompositionRelationship,EA ModelSet
id-8dcc8b5f,id-4a6f96d5,CompositionRelationship,EA ModelSet
id-9d8a73c3,ed19bd61,CompositionRelationship,EA ModelSet
id-7887707a,id-431e448a,CompositionRelationship,EA ModelSet
id-7887707a,ff2b4683,CompositionRelationship,EA ModelSet
id-7887707a,id-39401ac5,AggregationRelationship,EA ModelSet
be866b4f,id-8dcc8b5f,ServingRelationship,EA ModelSet
d3ff115b,id-8c57aa12,TriggeringRelationship,EA ModelSet
id-8c57aa12,id-4a6f96d5,TriggeringRelationship,EA ModelSet
a04b2cab,id-8dcc8b5f,ServingRelationship,EA ModelSet
id-3427d538,id-8dcc8b5f,ServingRelationship,EA ModelSet
be866b4f,id-7887707a,ServingRelationship,EA ModelSet
a04b2cab,id-7887707a,ServingRelationship,EA ModelSet
id-3427d538,id-7887707a,ServingRelationship,EA ModelSet
id-3427d538,id-9d8a73c3,ServingRelationship,EA ModelSet
id-34bb49e4,id-89aaa020,ServingRelationship,EA ModelSet
id-89aaa020,a04b2cab,ServingRelationship,EA ModelSet
id-89aaa020,be866b4f,ServingRelationship,EA ModelSet
id-89aaa020,id-3427d538,ServingRelationship,EA ModelSet
e8eb7628,id-89aaa020,ServingRelationship,EA ModelSet
cee722fb,id-89aaa020,ServingRelationship,EA ModelSet
id-3c653b27,d4707c01,AssociationRelationship,EA ModelSet
d4707c01,ae7cb15a,AssociationRelationship,EA ModelSet
id-7257f67b,ae7cb15a,AssociationRelationship,EA ModelSet
d4707c01,id-27697869,AssociationRelationship,EA ModelSet
id-27697869,id-87c5455d,AssociationRelationship,EA ModelSet
id-70d52fa2,ae7cb15a,ServingRelationship,EA ModelSet
id-70d52fa2,d4707c01,AccessRelationship,EA ModelSet
id-113dbde2,id-9227f64c,AggregationRelationship,EA ModelSet
id-113dbde2,id-2e6efab2,AggregationRelationship,EA ModelSet
e32b1af6,id-8dcc8b5f,ServingRelationship,EA ModelSet
id-42f6ec45,id-7887707a,ServingRelationship,EA ModelSet
e32b1af6,id-7887707a,ServingRelationship,EA ModelSet
id-42f6ec45,id-9d8a73c3,ServingRelationship,EA ModelSet
id-9d8a73c3,id-51b543b9,CompositionRelationship,EA ModelSet
id-7e17dd31,id-9d8a73c3,ServingRelationship,EA ModelSet
id-89aaa020,id-34bb49e4,CompositionRelationship,EA ModelSet
id-89aaa020,e32b1af6,ServingRelationship,EA ModelSet
id-89aaa020,id-42f6ec45,ServingRelationship,EA ModelSet
id-89aaa020,id-7e17dd31,ServingRelationship,EA ModelSet
id-89aaa020,f8b623a0,CompositionRelationship,EA ModelSet
id-89aaa020,f1056005,CompositionRelationship,EA ModelSet
id-89aaa020,cee722fb,ServingRelationship,EA ModelSet
id-89aaa020,id-1a4248c8,ServingRelationship,EA ModelSet
id-89aaa020,id-88728dc3,ServingRelationship,EA ModelSet
id-89aaa020,e8eb7628,ServingRelationship,EA ModelSet
id-89aaa020,id-9c662122,ServingRelationship,EA ModelSet
id-89aaa020,id-4d61429a,ServingRelationship,EA ModelSet
id-89aaa020,c9280138,CompositionRelationship,EA ModelSet
id-71e3b46e,id-782fa91b,TriggeringRelationship,EA ModelSet
e46c69c6,id-7e78df61,AssociationRelationship,EA ModelSet
ea85334a,id-7e78df61,AssociationRelationship,EA ModelSet
id-7e78df61,id-113b2f13,AssociationRelationship,EA ModelSet
b0d3f468,id-7e78df61,AssociationRelationship,EA ModelSet
id-7e78df61,id-8330ac92,AssociationRelationship,EA ModelSet
id-5a5cc9b3,id-778589b3,AssociationRelationship,EA ModelSet
id-44dd8721,id-5a5cc9b3,FlowRelationship,EA ModelSet
id-0ff1bf0e,id-5a5cc9b3,FlowRelationship,EA ModelSet
id-44dd8721,id-778589b3,FlowRelationship,EA ModelSet
id-5a5cc9b3,id-778589b3,FlowRelationship,EA ModelSet
id-5a5cc9b3,id-44dd8721,FlowRelationship,EA ModelSet
id-778589b3,id-44dd8721,FlowRelationship,EA ModelSet
id-778589b3,id-0ff1bf0e,FlowRelationship,EA ModelSet
id-778589b3,id-5a5cc9b3,FlowRelationship,EA ModelSet
id-421f2008,id-0ff1bf0e,FlowRelationship,EA ModelSet
id-421f2008,id-5a5cc9b3,FlowRelationship,EA ModelSet
id-421f2008,id-44dd8721,FlowRelationship,EA ModelSet
id-421f2008,id-778589b3,FlowRelationship,EA ModelSet
id-770d26d6,d545658c,CompositionRelationship,EA ModelSet
id-770d26d6,id-35c9adbb,CompositionRelationship,EA ModelSet
id-770d26d6,id-82f1a604,CompositionRelationship,EA ModelSet
id-2bf149d6,id-0783c80c,FlowRelationship,EA ModelSet
id-0783c80c,d3e194f3,FlowRelationship,EA ModelSet
d3e194f3,b85e0127,FlowRelationship,EA ModelSet
b85e0127,id-1530c31a,FlowRelationship,EA ModelSet
id-1530c31a,id-6dceb2de,FlowRelationship,EA ModelSet
id-6dceb2de,id-4aa89ffc,FlowRelationship,EA ModelSet
id-2bf149d6,id-0783c80c,FlowRelationship,EA ModelSet
id-2bf149d6,d3e194f3,FlowRelationship,EA ModelSet
id-2bf149d6,b85e0127,FlowRelationship,EA ModelSet
id-2bf149d6,id-1530c31a,FlowRelationship,EA ModelSet
id-2bf149d6,id-6dceb2de,FlowRelationship,EA ModelSet
id-2bf149d6,id-4aa89ffc,FlowRelationship,EA ModelSet
id-2bf149d6,d3e194f3,FlowRelationship,EA ModelSet
id-2bf149d6,id-1530c31a,FlowRelationship,EA ModelSet
d3e194f3,id-0783c80c,FlowRelationship,EA ModelSet
id-2bf149d6,b85e0127,FlowRelationship,EA ModelSet
b85e0127,id-6dceb2de,FlowRelationship,EA ModelSet
b85e0127,id-4aa89ffc,FlowRelationship,EA ModelSet
id-18be40af,id-02c0d578,AssociationRelationship,EA ModelSet
fb58ac12,f191960d,AssociationRelationship,EA ModelSet
id-02c0d578,id-5d6bbfe8,AssociationRelationship,EA ModelSet
f191960d,id-1fbb35c2,AssociationRelationship,EA ModelSet
id-5d6bbfe8,id-2ab37ac5,AssociationRelationship,EA ModelSet
id-2ab37ac5,b4530157,AssociationRelationship,EA ModelSet
id-8bf03d96,id-7afec17c,AssociationRelationship,EA ModelSet
id-1fbb35c2,id-1a40637c,AssociationRelationship,EA ModelSet
id-9e8b087f,id-4cbd6fe7,AssociationRelationship,EA ModelSet
id-4cbd6fe7,id-31fb89c4,AssociationRelationship,EA ModelSet
id-1a40637c,id-9e8b087f,AssociationRelationship,EA ModelSet
b4530157,id-8bf03d96,AssociationRelationship,EA ModelSet
id-5caf448e,id-74fde8e7,AssociationRelationship,EA ModelSet
id-74fde8e7,id-89665e71,AssociationRelationship,EA ModelSet
id-89665e71,d7a7ba9a,AssociationRelationship,EA ModelSet
d7a7ba9a,a6240c24,AssociationRelationship,EA ModelSet
a6240c24,id-4a48e3aa,AssociationRelationship,EA ModelSet
id-4a48e3aa,id-9f29114b,AssociationRelationship,EA ModelSet
id-9e8b087f,id-4cbd6fe7,AssociationRelationship,EA ModelSet
id-1246331d,id-64466069,AggregationRelationship,EA ModelSet
id-64466069,e9caea28,AssociationRelationship,EA ModelSet
id-64466069,id-43d2a04d,AssociationRelationship,EA ModelSet
id-64466069,d43f8dfb,AssociationRelationship,EA ModelSet
id-64466069,id-2029f449,AggregationRelationship,EA ModelSet
id-2029f449,id-86b8e175,AssociationRelationship,EA ModelSet
id-2029f449,id-9e020788,AssociationRelationship,EA ModelSet
id-3f872ff2,id-2029f449,AssociationRelationship,EA ModelSet
c1051f7c,id-3248836e,AssociationRelationship,EA ModelSet
id-67447449,id-04b244a1,AssociationRelationship,EA ModelSet
id-3248836e,id-7dd4b57f,InfluenceRelationship,EA ModelSet
id-04b244a1,id-7dd4b57f,InfluenceRelationship,EA ModelSet
id-7dd4b57f,id-892abf91,InfluenceRelationship,EA ModelSet
id-892abf91,d101370f,InfluenceRelationship,EA ModelSet
d101370f,f3d422db,AssociationRelationship,EA ModelSet
id-9badaa2e,d101370f,InfluenceRelationship,EA ModelSet
id-892abf91,id-9badaa2e,InfluenceRelationship,EA ModelSet
e3cb13d9,id-892abf91,InfluenceRelationship,EA ModelSet
id-7dd4b57f,e3cb13d9,InfluenceRelationship,EA ModelSet
f11e45d7,id-7dd4b57f,InfluenceRelationship,EA ModelSet
id-7dd4b57f,f11e45d7,InfluenceRelationship,EA ModelSet
id-0ae4d48d,id-7dd4b57f,InfluenceRelationship,EA ModelSet
bc3c41a3,id-7dd4b57f,InfluenceRelationship,EA ModelSet
id-0ae4d48d,id-3248836e,InfluenceRelationship,EA ModelSet
id-3248836e,id-0ae4d48d,InfluenceRelationship,EA ModelSet
id-04b244a1,bc3c41a3,InfluenceRelationship,EA ModelSet
id-795e50b7,bfadc6b8,AssociationRelationship,EA ModelSet
id-795e50b7,id-2d8ed4c4,FlowRelationship,EA ModelSet
id-2d8ed4c4,id-316b3899,AssociationRelationship,EA ModelSet
id-2d8ed4c4,af7d6b3e,FlowRelationship,EA ModelSet
af7d6b3e,id-4a851efe,FlowRelationship,EA ModelSet
id-4a851efe,id-8d856445,FlowRelationship,EA ModelSet
id-8d856445,ddd2ee9c,FlowRelationship,EA ModelSet
ddd2ee9c,d42919e8,FlowRelationship,EA ModelSet
id-8d856445,id-6bbdfa15,AssociationRelationship,EA ModelSet
ddd2ee9c,e3c4db4e,AssociationRelationship,EA ModelSet
id-4a851efe,id-6fa35711,AssociationRelationship,EA ModelSet
af7d6b3e,id-4d936db6,AssociationRelationship,EA ModelSet
bfadc6b8,id-2d8ed4c4,AssociationRelationship,EA ModelSet
id-316b3899,af7d6b3e,AssociationRelationship,EA ModelSet
id-4d936db6,id-4a851efe,AssociationRelationship,EA ModelSet
id-6fa35711,id-8d856445,AssociationRelationship,EA ModelSet
id-9dbe37a0,id-795e50b7,AssociationRelationship,EA ModelSet
id-6bbdfa15,ddd2ee9c,AssociationRelationship,EA ModelSet
e3c4db4e,d42919e8,AssociationRelationship,EA ModelSet
d42919e8,c3fe5855,RealizationRelationship,EA ModelSet
e8f143cc,d42919e8,AssociationRelationship,EA ModelSet
e8f143cc,c3fe5855,AssociationRelationship,EA ModelSet
id-912f295c,eb62170c,RealizationRelationship,EA ModelSet
id-912f295c,id-23684753,SpecializationRelationship,EA ModelSet
id-912f295c,id-23684753,TriggeringRelationship,EA ModelSet
id-23684753,id-912f295c,FlowRelationship,EA ModelSet
id-23684753,e83cc67e,RealizationRelationship,EA ModelSet
eb62170c,id-23684753,AssociationRelationship,EA ModelSet
eb62170c,id-912f295c,AssociationRelationship,EA ModelSet
id-658a72bb,id-473835a0,RealizationRelationship,EA ModelSet
id-1ab063f9,id-473835a0,RealizationRelationship,EA ModelSet
id-658a72bb,b58ab5c4,AssociationRelationship,EA ModelSet
id-1ab063f9,id-8ee9de0d,AssociationRelationship,EA ModelSet
id-473835a0,id-912f295c,AssociationRelationship,EA ModelSet
fd22bb9e-0a0b-4fb1-a848-7a30bebeb575,id-7f380bcb-74b6-4e88-85f8-eab728477483,AccessRelationship,EA ModelSet
fd9ec2e3-68f5-42ec-81bb-685428861581,id-7587e1e6-8b20-44dd-9771-bcd6ab45cf51,RealizationRelationship,EA ModelSet
adc75448-a625-4e74-9834-81f2fb358b74,f8a48142-5f9d-4096-be56-ffa107f27d57,RealizationRelationship,EA ModelSet
id-9b0bbde2-8994-4c5f-be6a-a50a26e9905e,fde74c68-c4a5-4cb2-b7bc-52c1d462255f,ServingRelationship,EA ModelSet
cb00961e-f194-478d-bcbc-d8fe677a874e,aa3cfa29-34e4-43cf-b5cf-01910260dff9,TriggeringRelationship,EA ModelSet
id-347b3f90-77f9-42ea-b288-a9f641842d5c,id-7f380bcb-74b6-4e88-85f8-eab728477483,RealizationRelationship,EA ModelSet
id-0d703a20-b0d1-4397-8525-7d9d6ab4b56f,d0831e52-434c-4f02-a26f-c89d1ff2baa5,ServingRelationship,EA ModelSet
d0831e52-434c-4f02-a26f-c89d1ff2baa5,id-2bdb5d44-455d-415f-bc07-22eff0523c2d,RealizationRelationship,EA ModelSet
id-81f58632-4356-4217-bbb8-7460d1cb5704,d45b3824-9bfc-4c23-a588-8563f8ea4d5f,RealizationRelationship,EA ModelSet
id-306b5ace-fa60-4953-8b88-ef465b950704,id-10e80520-9b5a-4639-b287-098cfc85786a,ServingRelationship,EA ModelSet
id-0d703a20-b0d1-4397-8525-7d9d6ab4b56f,id-61231e82-c136-48d9-93ce-c45942ef3fc3,RealizationRelationship,EA ModelSet
ff1f6fbd-41d1-4e4a-b9f2-705b5d1d2541,id-42e611ac-24b6-4b8c-aa5e-3bd6e109f5e0,ServingRelationship,EA ModelSet
b445b2a7-fe0c-48b4-9af5-b0734d9a007c,id-10e80520-9b5a-4639-b287-098cfc85786a,AssignmentRelationship,EA ModelSet
c3d9ab13-0356-4aed-adcf-7aa4eac772a6,id-1fab7a12-95d2-4cf4-82a9-5b1ef6ca8942,RealizationRelationship,EA ModelSet
aa3cfa29-34e4-43cf-b5cf-01910260dff9,b8854427-a543-49b9-9218-08c878bb547a,TriggeringRelationship,EA ModelSet
b445b2a7-fe0c-48b4-9af5-b0734d9a007c,a66ece3f-7e3d-4e58-8682-48d466e8688c,AggregationRelationship,EA ModelSet
id-9613ecb9-332f-4581-bfd9-e453a85bd76d,id-5ced9c7f-bca7-4c04-acf5-8b5164e7c4a5,RealizationRelationship,EA ModelSet
ff1f6fbd-41d1-4e4a-b9f2-705b5d1d2541,id-15c740b2-8364-4ef3-aece-6a0745949f95,RealizationRelationship,EA ModelSet
b445b2a7-fe0c-48b4-9af5-b0734d9a007c,id-6acc0c44-51eb-4baf-b32a-1286d9ec51ac,AssignmentRelationship,EA ModelSet
id-03a98f4c-b730-4d34-8ce8-5fe49e407ca5,id-368021a3-8920-4e10-95b3-5dced708f81b,TriggeringRelationship,EA ModelSet
d0831e52-434c-4f02-a26f-c89d1ff2baa5,id-43a7fff1-338e-482f-87d5-e8c2be3f0145,AssignmentRelationship,EA ModelSet
id-139d6424-34f1-4e44-90c0-6742414bb864,fde74c68-c4a5-4cb2-b7bc-52c1d462255f,AssignmentRelationship,EA ModelSet
id-61231e82-c136-48d9-93ce-c45942ef3fc3,id-9275723e-3e5a-4336-b44e-f7d3bdb46bfd,ServingRelationship,EA ModelSet
id-81f58632-4356-4217-bbb8-7460d1cb5704,d3889f14-aeeb-4fe2-87bd-d4ce28f3a521,RealizationRelationship,EA ModelSet
b88319d6-af72-4263-ab24-e13f1723f5ff,id-10e80520-9b5a-4639-b287-098cfc85786a,ServingRelationship,EA ModelSet
id-81f58632-4356-4217-bbb8-7460d1cb5704,id-61231e82-c136-48d9-93ce-c45942ef3fc3,RealizationRelationship,EA ModelSet
id-77e8a1a3-9bc2-4acd-9acf-61e723e8dc01,e2207dbc-922c-470a-adc8-2f0e0237a89e,AssignmentRelationship,EA ModelSet
b445b2a7-fe0c-48b4-9af5-b0734d9a007c,id-3f747c42-45b8-4e0d-a37f-1e90bc745dfe,AggregationRelationship,EA ModelSet
b5406ed1-86b7-4d6d-bc34-45f1722dacff,fa66d116-943f-4668-9bbb-371b5235736d,TriggeringRelationship,EA ModelSet
f1090e12-452d-4193-8211-11d9793e5ae6,id-33f909ef-5e11-4cf0-ba0c-bff45de9ac76,TriggeringRelationship,EA ModelSet
fa66d116-943f-4668-9bbb-371b5235736d,id-347b3f90-77f9-42ea-b288-a9f641842d5c,AccessRelationship,EA ModelSet
id-11c884e4-a0e4-4ddc-bf92-401b9acb6e28,f1090e12-452d-4193-8211-11d9793e5ae6,TriggeringRelationship,EA ModelSet
id-07872f5b-1b3c-45fa-b980-9aac5ae89a34,id-43de5e9d-306f-4a7f-a640-57a68bcd9ad0,ServingRelationship,EA ModelSet
fd22bb9e-0a0b-4fb1-a848-7a30bebeb575,f671c798-e2e6-42f7-b86f-b8b5546c68ee,TriggeringRelationship,EA ModelSet
b6266171-2d27-480b-bb57-6af53a20daf3,fd22bb9e-0a0b-4fb1-a848-7a30bebeb575,TriggeringRelationship,EA ModelSet
b88319d6-af72-4263-ab24-e13f1723f5ff,e2207dbc-922c-470a-adc8-2f0e0237a89e,ServingRelationship,EA ModelSet
aa3cfa29-34e4-43cf-b5cf-01910260dff9,c3d9ab13-0356-4aed-adcf-7aa4eac772a6,TriggeringRelationship,EA ModelSet
id-139d6424-34f1-4e44-90c0-6742414bb864,id-111f616c-badc-451f-9d75-9188b7a9918b,AssignmentRelationship,EA ModelSet
id-3d000258-e7ad-4deb-b18d-516f9a5064a8,fd22bb9e-0a0b-4fb1-a848-7a30bebeb575,AssignmentRelationship,EA ModelSet
id-9b0bbde2-8994-4c5f-be6a-a50a26e9905e,id-11dfe2d4-32b7-4f78-904b-bbb878d3efff,RealizationRelationship,EA ModelSet
c3d9ab13-0356-4aed-adcf-7aa4eac772a6,d3919387-c0b5-4aad-8f01-43456935d91d,RealizationRelationship,EA ModelSet
d0831e52-434c-4f02-a26f-c89d1ff2baa5,id-58d06a0b-47ee-4ce2-bb70-71217e0eaeda,RealizationRelationship,EA ModelSet
id-0d703a20-b0d1-4397-8525-7d9d6ab4b56f,fa66d116-943f-4668-9bbb-371b5235736d,RealizationRelationship,EA ModelSet
id-9b0bbde2-8994-4c5f-be6a-a50a26e9905e,id-94066c8a-da12-48c5-9216-523ca2e1945f,RealizationRelationship,EA ModelSet
id-68befd0c-929e-4c65-bd11-93feecc2e0ef,fd22bb9e-0a0b-4fb1-a848-7a30bebeb575,RealizationRelationship,EA ModelSet
id-6b0dafdd-2893-4245-91d8-ed0e6c1d3ab0,e2207dbc-922c-470a-adc8-2f0e0237a89e,AssignmentRelationship,EA ModelSet
b5406ed1-86b7-4d6d-bc34-45f1722dacff,b6266171-2d27-480b-bb57-6af53a20daf3,TriggeringRelationship,EA ModelSet
id-306b5ace-fa60-4953-8b88-ef465b950704,b77af38a-0632-4feb-8382-6824463766e2,RealizationRelationship,EA ModelSet
aa3cfa29-34e4-43cf-b5cf-01910260dff9,id-306b5ace-fa60-4953-8b88-ef465b950704,TriggeringRelationship,EA ModelSet
id-306b5ace-fa60-4953-8b88-ef465b950704,e2207dbc-922c-470a-adc8-2f0e0237a89e,ServingRelationship,EA ModelSet
efd361ee-c6bf-43a3-ba85-6354e224510d,afa31c4d-84f6-4cd6-817e-1f3f3ded85b4,ServingRelationship,EA ModelSet
fd22bb9e-0a0b-4fb1-a848-7a30bebeb575,id-2bdb5d44-455d-415f-bc07-22eff0523c2d,ServingRelationship,EA ModelSet
id-0d703a20-b0d1-4397-8525-7d9d6ab4b56f,id-68befd0c-929e-4c65-bd11-93feecc2e0ef,RealizationRelationship,EA ModelSet
id-139d6424-34f1-4e44-90c0-6742414bb864,id-05889235-66e7-453e-b594-89cd1b3dd890,AssignmentRelationship,EA ModelSet
fd22bb9e-0a0b-4fb1-a848-7a30bebeb575,id-58d06a0b-47ee-4ce2-bb70-71217e0eaeda,ServingRelationship,EA ModelSet
id-3d000258-e7ad-4deb-b18d-516f9a5064a8,id-1b14df38-7490-4f86-8036-f411636c5356,AssignmentRelationship,EA ModelSet
id-932f1ea8-bad3-4eff-bb6b-f9519ee0130b,id-9275723e-3e5a-4336-b44e-f7d3bdb46bfd,AssignmentRelationship,EA ModelSet
id-368021a3-8920-4e10-95b3-5dced708f81b,efd361ee-c6bf-43a3-ba85-6354e224510d,TriggeringRelationship,EA ModelSet
b8854427-a543-49b9-9218-08c878bb547a,id-10e80520-9b5a-4639-b287-098cfc85786a,ServingRelationship,EA ModelSet
d45b3824-9bfc-4c23-a588-8563f8ea4d5f,d3889f14-aeeb-4fe2-87bd-d4ce28f3a521,RealizationRelationship,EA ModelSet
id-3d000258-e7ad-4deb-b18d-516f9a5064a8,f671c798-e2e6-42f7-b86f-b8b5546c68ee,AssignmentRelationship,EA ModelSet
c3d9ab13-0356-4aed-adcf-7aa4eac772a6,id-430b03e8-dc91-4258-89bc-5bc201e09b96,RealizationRelationship,EA ModelSet
id-07872f5b-1b3c-45fa-b980-9aac5ae89a34,id-7c75088d-6201-4d55-86a2-9ca4ec550c41,RealizationRelationship,EA ModelSet
id-139d6424-34f1-4e44-90c0-6742414bb864,id-0f475994-9612-4d85-9aff-ece626c03c0d,AssignmentRelationship,EA ModelSet
id-1b14df38-7490-4f86-8036-f411636c5356,id-9275723e-3e5a-4336-b44e-f7d3bdb46bfd,TriggeringRelationship,EA ModelSet
id-33f909ef-5e11-4cf0-ba0c-bff45de9ac76,afa31c4d-84f6-4cd6-817e-1f3f3ded85b4,ServingRelationship,EA ModelSet
id-07872f5b-1b3c-45fa-b980-9aac5ae89a34,id-6acc0c44-51eb-4baf-b32a-1286d9ec51ac,ServingRelationship,EA ModelSet
ae4885d9-f988-4e31-9dff-9e3e0e9cb773,id-05889235-66e7-453e-b594-89cd1b3dd890,ServingRelationship,EA ModelSet
f671c798-e2e6-42f7-b86f-b8b5546c68ee,id-1b14df38-7490-4f86-8036-f411636c5356,TriggeringRelationship,EA ModelSet
id-306b5ace-fa60-4953-8b88-ef465b950704,fde74c68-c4a5-4cb2-b7bc-52c1d462255f,ServingRelationship,EA ModelSet
id-2cba412b-2c3a-4c68-9d77-044387a4c12d,id-0d703a20-b0d1-4397-8525-7d9d6ab4b56f,ServingRelationship,EA ModelSet
id-2cba412b-2c3a-4c68-9d77-044387a4c12d,id-8191a85e-8308-4eb9-9bd8-a5b1aa725c96,TriggeringRelationship,EA ModelSet
id-3c362afc-b578-4163-873e-1c13c737cde5,id-2cba412b-2c3a-4c68-9d77-044387a4c12d,TriggeringRelationship,EA ModelSet
id-0d703a20-b0d1-4397-8525-7d9d6ab4b56f,d0831e52-434c-4f02-a26f-c89d1ff2baa5,AssociationRelationship,EA ModelSet
id-dbe4cfd71e9247c98f3e3117ec33d37a,id-6295e8aed4994ddc85d658d2de652935,AssignmentRelationship,EA ModelSet
id-dbe4cfd71e9247c98f3e3117ec33d37a,id-6295e8aed4994ddc85d658d2de652935,AssignmentRelationship,EA ModelSet
id-03d0ed394ab14c2e98d0a70e08f2ef30,id-6295e8aed4994ddc85d658d2de652935,TriggeringRelationship,EA ModelSet
id-5de204655300407b8e2ca2ce4252d35c,id-6295e8aed4994ddc85d658d2de652935,TriggeringRelationship,EA ModelSet
id-b6c24cd97cb04a678d167aa7b0848268,id-6295e8aed4994ddc85d658d2de652935,TriggeringRelationship,EA ModelSet
id-03d0ed394ab14c2e98d0a70e08f2ef30,id-6295e8aed4994ddc85d658d2de652935,ServingRelationship,EA ModelSet
id-5de204655300407b8e2ca2ce4252d35c,id-6295e8aed4994ddc85d658d2de652935,ServingRelationship,EA ModelSet
id-b6c24cd97cb04a678d167aa7b0848268,id-6295e8aed4994ddc85d658d2de652935,ServingRelationship,EA ModelSet
id-245a9b41bd774e50820f9694a2f0a909,id-2188946e5d1c488fa46b0e806aa87936,TriggeringRelationship,EA ModelSet
id-2188946e5d1c488fa46b0e806aa87936,id-3cbd92b5f920444b91fb4e76212be9e3,TriggeringRelationship,EA ModelSet
id-3cbd92b5f920444b91fb4e76212be9e3,id-41fa7de0314c42c5ab44de3d05857e81,TriggeringRelationship,EA ModelSet
id-55fc065da5b34d3fa1d35eecfb6234d8,id-245a9b41bd774e50820f9694a2f0a909,CompositionRelationship,EA ModelSet
id-55fc065da5b34d3fa1d35eecfb6234d8,id-2188946e5d1c488fa46b0e806aa87936,CompositionRelationship,EA ModelSet
id-55fc065da5b34d3fa1d35eecfb6234d8,id-3cbd92b5f920444b91fb4e76212be9e3,CompositionRelationship,EA ModelSet
id-55fc065da5b34d3fa1d35eecfb6234d8,id-41fa7de0314c42c5ab44de3d05857e81,CompositionRelationship,EA ModelSet
id-55fc065da5b34d3fa1d35eecfb6234d8,id-03d0ed394ab14c2e98d0a70e08f2ef30,RealizationRelationship,EA ModelSet
id-415230129b8e4ff48eb863fc20d65e4c,id-b1d59db15d164009877d046000bd78f7,CompositionRelationship,EA ModelSet
id-415230129b8e4ff48eb863fc20d65e4c,id-410378851352470fbdc8b161a99e0782,CompositionRelationship,EA ModelSet
id-415230129b8e4ff48eb863fc20d65e4c,id-5de204655300407b8e2ca2ce4252d35c,RealizationRelationship,EA ModelSet
id-cb7b1ec3dbaf478ab7a52f80c900b9a5,id-e274005cad2340678f53226c45f479c7,TriggeringRelationship,EA ModelSet
id-b5a0b7d24c8a461397b37fbb26a61895,id-cb7b1ec3dbaf478ab7a52f80c900b9a5,CompositionRelationship,EA ModelSet
id-b5a0b7d24c8a461397b37fbb26a61895,id-e274005cad2340678f53226c45f479c7,CompositionRelationship,EA ModelSet
id-b5a0b7d24c8a461397b37fbb26a61895,id-2a102e9097ab496b9b98688fe9580687,CompositionRelationship,EA ModelSet
id-2a102e9097ab496b9b98688fe9580687,id-cb7b1ec3dbaf478ab7a52f80c900b9a5,TriggeringRelationship,EA ModelSet
id-b5a0b7d24c8a461397b37fbb26a61895,id-b6c24cd97cb04a678d167aa7b0848268,RealizationRelationship,EA ModelSet
id-245a9b41bd774e50820f9694a2f0a909,id-d6be60f3633b441ba9a7229302d66908,AccessRelationship,EA ModelSet
id-55fc065da5b34d3fa1d35eecfb6234d8,id-d6be60f3633b441ba9a7229302d66908,AccessRelationship,EA ModelSet
id-bb7f64bdf4e14d6fabf2790e09aa6cfb,id-9cabb520f18c40ab8ee7c2d109bbb916,AssignmentRelationship,EA ModelSet
id-9cabb520f18c40ab8ee7c2d109bbb916,id-55fc065da5b34d3fa1d35eecfb6234d8,AssignmentRelationship,EA ModelSet
id-415230129b8e4ff48eb863fc20d65e4c,id-225c4158df1540b5b109b64eca0d0154,AccessRelationship,EA ModelSet
id-b1d59db15d164009877d046000bd78f7,id-410378851352470fbdc8b161a99e0782,TriggeringRelationship,EA ModelSet
id-4545058926ac45a284c1462c6c86d41b,id-b5a0b7d24c8a461397b37fbb26a61895,TriggeringRelationship,EA ModelSet
id-b5a0b7d24c8a461397b37fbb26a61895,id-2a644b35b31c4e12979fb3e7b01ae8b9,AccessRelationship,EA ModelSet
id-cff3e71f344c43db941573e7af3d5e0b,id-245a9b41bd774e50820f9694a2f0a909,ServingRelationship,EA ModelSet
id-15c3bfb77b80473b9135c43ba2df87bc,id-cff3e71f344c43db941573e7af3d5e0b,ServingRelationship,EA ModelSet
id-7e41d5bd2d184419bae453ebc919971e,id-cb7b1ec3dbaf478ab7a52f80c900b9a5,ServingRelationship,EA ModelSet
id-36aea0ba24934304a8e20d25244a87b6,id-e274005cad2340678f53226c45f479c7,ServingRelationship,EA ModelSet
id-785333903aed4a4d9dfb221a2e71f184,id-7e41d5bd2d184419bae453ebc919971e,TriggeringRelationship,EA ModelSet
id-785333903aed4a4d9dfb221a2e71f184,id-36aea0ba24934304a8e20d25244a87b6,ServingRelationship,EA ModelSet
id-785333903aed4a4d9dfb221a2e71f184,id-7e41d5bd2d184419bae453ebc919971e,ServingRelationship,EA ModelSet
id-882f79de5bab4fbbb510d1cb68eae1d8,id-b1d59db15d164009877d046000bd78f7,TriggeringRelationship,EA ModelSet
id-1296340f62b243c987750d5727c0a3c8,id-415230129b8e4ff48eb863fc20d65e4c,TriggeringRelationship,EA ModelSet
id-490344d996d1471e97ff1760481ea228,id-882f79de5bab4fbbb510d1cb68eae1d8,TriggeringRelationship,EA ModelSet
id-12c1263812334ae2b06ef5f386a5592e,id-410378851352470fbdc8b161a99e0782,TriggeringRelationship,EA ModelSet
id-06f3006a6a7b454a9b951a7cce52782f,id-12c1263812334ae2b06ef5f386a5592e,TriggeringRelationship,EA ModelSet
id-838e4c9eaa6e4854ad6e2d9d34155766,id-3cbd92b5f920444b91fb4e76212be9e3,TriggeringRelationship,EA ModelSet
id-355336d3436d4176b90c00c9670ab530,id-41fa7de0314c42c5ab44de3d05857e81,TriggeringRelationship,EA ModelSet
id-6bd4ca16cb33413da63ca2e3646a4fe7,id-838e4c9eaa6e4854ad6e2d9d34155766,TriggeringRelationship,EA ModelSet
id-98a6985144b046448a082edc93c5a47c,id-355336d3436d4176b90c00c9670ab530,TriggeringRelationship,EA ModelSet
id-4aa586f3c3df475f8463b3397fdc0759,id-718e17a7b8ef4c82bc45fc514b1763ab,TriggeringRelationship,EA ModelSet
id-718e17a7b8ef4c82bc45fc514b1763ab,id-2a102e9097ab496b9b98688fe9580687,TriggeringRelationship,EA ModelSet
id-1493079c8f10482abcc1bc06b676416e,id-78c7aea61f704d62bceb705c5b3a63ab,AssignmentRelationship,EA ModelSet
id-78c7aea61f704d62bceb705c5b3a63ab,id-b5a0b7d24c8a461397b37fbb26a61895,AssignmentRelationship,EA ModelSet
id-9cabb520f18c40ab8ee7c2d109bbb916,id-415230129b8e4ff48eb863fc20d65e4c,AssignmentRelationship,EA ModelSet
id-ef76bcb369bb4f4cbcb62e5e18e423ee,id-778434ab9f09482f8cc6695f5c86a4c7,AssignmentRelationship,EA ModelSet
id-778434ab9f09482f8cc6695f5c86a4c7,id-2188946e5d1c488fa46b0e806aa87936,AssignmentRelationship,EA ModelSet
id-f5a4359a8b1941b7802dfeb2a66fc6e8,id-838f04e940fe4c3d8ccbafbbf1068a69,TriggeringRelationship,EA ModelSet
id-d09cbea165d24cf49189badb8948ed8f,id-f5a4359a8b1941b7802dfeb2a66fc6e8,CompositionRelationship,EA ModelSet
id-d09cbea165d24cf49189badb8948ed8f,id-fcdc28b4ee6a464aa81b85b269bff76c,CompositionRelationship,EA ModelSet
id-d09cbea165d24cf49189badb8948ed8f,id-838f04e940fe4c3d8ccbafbbf1068a69,CompositionRelationship,EA ModelSet
id-d09cbea165d24cf49189badb8948ed8f,id-696050c80cc64d768dd57e29d0e4e17c,RealizationRelationship,EA ModelSet
id-838f04e940fe4c3d8ccbafbbf1068a69,id-fcdc28b4ee6a464aa81b85b269bff76c,TriggeringRelationship,EA ModelSet
id-3241bbfdae1245d59e5a0bdc74eaa7a0,id-d09cbea165d24cf49189badb8948ed8f,TriggeringRelationship,EA ModelSet
id-696050c80cc64d768dd57e29d0e4e17c,id-6295e8aed4994ddc85d658d2de652935,ServingRelationship,EA ModelSet
id-7fa3e344792c4eb2968f2b143b1b5f4e,id-38eb1720b1aa4f8799d0c67be3ddb530,AssignmentRelationship,EA ModelSet
id-38eb1720b1aa4f8799d0c67be3ddb530,id-d09cbea165d24cf49189badb8948ed8f,AssignmentRelationship,EA ModelSet
id-fcdc28b4ee6a464aa81b85b269bff76c,id-3a47f8b6aba0480a96fde87165903187,TriggeringRelationship,EA ModelSet
id-3a47f8b6aba0480a96fde87165903187,id-da4a88d7251048b19bc69dcd82b9cc35,TriggeringRelationship,EA ModelSet
id-d09cbea165d24cf49189badb8948ed8f,id-e987a346516e4995ba9807dbb85ae6a1,AccessRelationship,EA ModelSet
id-d09cbea165d24cf49189badb8948ed8f,id-e219ad39bf69435f88ae835cc1691747,AccessRelationship,EA ModelSet
id-1b5c15ee96ef4f07839c6e6411254013,id-838f04e940fe4c3d8ccbafbbf1068a69,ServingRelationship,EA ModelSet
id-6ff32f6926d741379bb7d02960cf49d4,id-1b5c15ee96ef4f07839c6e6411254013,ServingRelationship,EA ModelSet
id-8060afa1f2d3494dbb8791f472ab56b8,id-fcdc28b4ee6a464aa81b85b269bff76c,ServingRelationship,EA ModelSet
id-f515d580327340a0bf0d3da47405db5a,id-3a47f8b6aba0480a96fde87165903187,TriggeringRelationship,EA ModelSet
id-5385015cba9049d798591102f276fcbf,id-8060afa1f2d3494dbb8791f472ab56b8,ServingRelationship,EA ModelSet
id-5385015cba9049d798591102f276fcbf,id-f515d580327340a0bf0d3da47405db5a,ServingRelationship,EA ModelSet
id-f4ee7158cefb4048a525e593449e82f8,id-f5a4359a8b1941b7802dfeb2a66fc6e8,ServingRelationship,EA ModelSet
id-6ff32f6926d741379bb7d02960cf49d4,id-f4ee7158cefb4048a525e593449e82f8,ServingRelationship,EA ModelSet
id-78c7aea61f704d62bceb705c5b3a63ab,id-fcdc28b4ee6a464aa81b85b269bff76c,AssignmentRelationship,EA ModelSet
id-3027faf01255475c9a7a00d52fbcee8c,id-1dfc7f787eaa4430bbf1cc1118fb75ca,AssociationRelationship,EA ModelSet
id-1dfc7f787eaa4430bbf1cc1118fb75ca,id-5eddb059ccf74adc9788a82882d124c3,AssociationRelationship,EA ModelSet
id-38c7ae66abf64e6d8e6b167b97ba2ea2,id-67d22def1b6b48e4b369bb284c8f1895,AssociationRelationship,EA ModelSet
id-67d22def1b6b48e4b369bb284c8f1895,id-597aa03008644211bde7d71ff0683e88,AssociationRelationship,EA ModelSet
id-28aa312007ae4a148bb17a904f9c3438,id-0a44cd034b194fba8a8b939fff2f253a,AssociationRelationship,EA ModelSet
id-0a44cd034b194fba8a8b939fff2f253a,id-4d63f2e1df02436a9d8317316319f53e,AssociationRelationship,EA ModelSet
id-678684d3ad4a4aca87b03879126faa7a,id-01d33b399a2d4f9cb7ab851df8b171d2,AssociationRelationship,EA ModelSet
id-bcdeef059f7342d2bb3e0b6258a4c5c5,id-678684d3ad4a4aca87b03879126faa7a,AssociationRelationship,EA ModelSet
id-ac0fcf80c4a24f5cb270c303e45e2c5a,id-28aa312007ae4a148bb17a904f9c3438,TriggeringRelationship,EA ModelSet
id-4dcc73edca6f4016b42e12990b699f82,id-2acd5f7d1b8c49d18dc69922d7c40c86,AssociationRelationship,EA ModelSet
id-dcd371cacbf84a089fd9ec4647f40952,id-4dcc73edca6f4016b42e12990b699f82,AssociationRelationship,EA ModelSet
id-5adc71bf0b1341008559852b61ce8700,id-98a6985144b046448a082edc93c5a47c,ServingRelationship,EA ModelSet
id-ac0fcf80c4a24f5cb270c303e45e2c5a,id-6bd4ca16cb33413da63ca2e3646a4fe7,ServingRelationship,EA ModelSet
id-bbb9cee719c6466dac7da1e5eb061671,id-06f3006a6a7b454a9b951a7cce52782f,ServingRelationship,EA ModelSet
id-c08b287ac8f4456aa10893de3c52efe4,id-15c3bfb77b80473b9135c43ba2df87bc,ServingRelationship,EA ModelSet
id-bcdeef059f7342d2bb3e0b6258a4c5c5,id-c08b287ac8f4456aa10893de3c52efe4,RealizationRelationship,EA ModelSet
id-28aa312007ae4a148bb17a904f9c3438,id-5adc71bf0b1341008559852b61ce8700,RealizationRelationship,EA ModelSet
id-dcd371cacbf84a089fd9ec4647f40952,id-13fecf980865476894cc4b3f2cfc7420,RealizationRelationship,EA ModelSet
id-13fecf980865476894cc4b3f2cfc7420,id-490344d996d1471e97ff1760481ea228,ServingRelationship,EA ModelSet
id-13fecf980865476894cc4b3f2cfc7420,id-4aa586f3c3df475f8463b3397fdc0759,ServingRelationship,EA ModelSet
id-3027faf01255475c9a7a00d52fbcee8c,id-ac0fcf80c4a24f5cb270c303e45e2c5a,RealizationRelationship,EA ModelSet
id-3027faf01255475c9a7a00d52fbcee8c,id-bbb9cee719c6466dac7da1e5eb061671,RealizationRelationship,EA ModelSet
id-9ba397ad2d4548e19755bf59844c7c26,id-6ff32f6926d741379bb7d02960cf49d4,ServingRelationship,EA ModelSet
id-3027faf01255475c9a7a00d52fbcee8c,id-9ba397ad2d4548e19755bf59844c7c26,RealizationRelationship,EA ModelSet
id-c7c6ffe721f04f29bba1867b9afb517f,id-785333903aed4a4d9dfb221a2e71f184,ServingRelationship,EA ModelSet
id-c7c6ffe721f04f29bba1867b9afb517f,id-5385015cba9049d798591102f276fcbf,ServingRelationship,EA ModelSet
id-38c7ae66abf64e6d8e6b167b97ba2ea2,id-c7c6ffe721f04f29bba1867b9afb517f,RealizationRelationship,EA ModelSet
_XHsGQfeKEDeB3fe8sUTDyQ,__n4M4PeJEDeB3fe8sUTDyQ,RealizationRelationship,EA ModelSet
_XHsGQfeKEDeB3fe8sUTDyQ,_9GX5cPeJEDeB3fe8sUTDyQ,RealizationRelationship,EA ModelSet
_MX3REPeLEDeB3fe8sUTDyQ,_CJOvUfeKEDeB3fe8sUTDyQ,RealizationRelationship,EA ModelSet
_Y_DbEPeLEDeB3fe8sUTDyQ,_Z3Uf0feLEDeB3fe8sUTDyQ,CompositionRelationship,EA ModelSet
_Z3Uf0feLEDeB3fe8sUTDyQ,_XHsGQfeKEDeB3fe8sUTDyQ,AssignmentRelationship,EA ModelSet
_uzkQQfeLEDeB3fe8sUTDyQ,_vluF8feLEDeB3fe8sUTDyQ,CompositionRelationship,EA ModelSet
_kZGAAfeMEDeB3fe8sUTDyQ,_kvFeIfeMEDeB3fe8sUTDyQ,CompositionRelationship,EA ModelSet
_kvFeIfeMEDeB3fe8sUTDyQ,_qaPDEfeMEDeB3fe8sUTDyQ,AssignmentRelationship,EA ModelSet
_qaPDEfeMEDeB3fe8sUTDyQ,_s8XBkfeMEDeB3fe8sUTDyQ,FlowRelationship,EA ModelSet
_qaPDEfeMEDeB3fe8sUTDyQ,_wD8dkPeMEDeB3fe8sUTDyQ,FlowRelationship,EA ModelSet
_gtZ24UkZEDiTSNg-Ix8jTQ,_IdAOEEkZEDiTSNg-Ix8jTQ,CompositionRelationship,EA ModelSet
_gtZ24UkZEDiTSNg-Ix8jTQ,_uzkQQfeLEDeB3fe8sUTDyQ,CompositionRelationship,EA ModelSet
_9GX5cPeJEDeB3fe8sUTDyQ,_gtZ24UkZEDiTSNg-Ix8jTQ,TriggeringRelationship,EA ModelSet
__n4M4PeJEDeB3fe8sUTDyQ,_gtZ24UkZEDiTSNg-Ix8jTQ,TriggeringRelationship,EA ModelSet
_CJOvUfeKEDeB3fe8sUTDyQ,_gtZ24UkZEDiTSNg-Ix8jTQ,TriggeringRelationship,EA ModelSet
_wD8dkPeMEDeB3fe8sUTDyQ,_pPlTUEkZEDiTSNg-Ix8jTQ,ServingRelationship,EA ModelSet
_s8XBkfeMEDeB3fe8sUTDyQ,_gtZ24UkZEDiTSNg-Ix8jTQ,TriggeringRelationship,EA ModelSet
_PucwgEkbEDiTSNg-Ix8jTQ,_Muu3EEkbEDiTSNg-Ix8jTQ,CompositionRelationship,EA ModelSet
_PucwgEkbEDiTSNg-Ix8jTQ,_Y_DbEPeLEDeB3fe8sUTDyQ,CompositionRelationship,EA ModelSet
_aautAEkbEDiTSNg-Ix8jTQ,_CJOvUfeKEDeB3fe8sUTDyQ,FlowRelationship,EA ModelSet
_PucwgEkbEDiTSNg-Ix8jTQ,_9GX5cPeJEDeB3fe8sUTDyQ,RealizationRelationship,EA ModelSet
_PucwgEkbEDiTSNg-Ix8jTQ,__n4M4PeJEDeB3fe8sUTDyQ,RealizationRelationship,EA ModelSet
_aautAEkbEDiTSNg-Ix8jTQ,_CJOvUfeKEDeB3fe8sUTDyQ,RealizationRelationship,EA ModelSet
_aautAEkbEDiTSNg-Ix8jTQ,_aavUFEkbEDiTSNg-Ix8jTQ,CompositionRelationship,EA ModelSet
_aautAEkbEDiTSNg-Ix8jTQ,_aavUEEkbEDiTSNg-Ix8jTQ,CompositionRelationship,EA ModelSet
_kZGAAfeMEDeB3fe8sUTDyQ,_qaPDEfeMEDeB3fe8sUTDyQ,AssignmentRelationship,EA ModelSet
_kZGAAfeMEDeB3fe8sUTDyQ,_s8XBkfeMEDeB3fe8sUTDyQ,FlowRelationship,EA ModelSet
_kZGAAfeMEDeB3fe8sUTDyQ,_s8XBkfeMEDeB3fe8sUTDyQ,TriggeringRelationship,EA ModelSet
_kZGAAfeMEDeB3fe8sUTDyQ,_wD8dkPeMEDeB3fe8sUTDyQ,RealizationRelationship,EA ModelSet
_kZGAAfeMEDeB3fe8sUTDyQ,_s8XBkfeMEDeB3fe8sUTDyQ,RealizationRelationship,EA ModelSet
_HOSHcEk1EDiTSNg-Ix8jTQ,_HOSugUk1EDiTSNg-Ix8jTQ,CompositionRelationship,EA ModelSet
_HOSHcEk1EDiTSNg-Ix8jTQ,_0CrYwUk1EDiTSNg-Ix8jTQ,CompositionRelationship,EA ModelSet
_9GX5cPeJEDeB3fe8sUTDyQ,_HOSHcEk1EDiTSNg-Ix8jTQ,ServingRelationship,EA ModelSet
_9GX5cPeJEDeB3fe8sUTDyQ,_HOSHcEk1EDiTSNg-Ix8jTQ,TriggeringRelationship,EA ModelSet
_aautAEkbEDiTSNg-Ix8jTQ,_TPk4cEkcEDiTSNg-Ix8jTQ,RealizationRelationship,EA ModelSet
_9GX5cPeJEDeB3fe8sUTDyQ,_HOSugUk1EDiTSNg-Ix8jTQ,FlowRelationship,EA ModelSet
f15b5cd8-ba0b-4186-8c2f-329e21ff8059,id-06daefd3-11cb-4778-a7a9-cf09709c5588,CompositionRelationship,EA ModelSet
id-7fd3379e-7199-4d40-b630-a47fefefc8c1,id-3407cf37-5b49-4ef3-9a1e-89dac6faf57f,CompositionRelationship,EA ModelSet
f15b5cd8-ba0b-4186-8c2f-329e21ff8059,id-096b4c11-a258-454e-a9f3-dc815eebe787,CompositionRelationship,EA ModelSet
id-6fdf6bc6-e665-4544-aee0-2480e5d2f3d2,id-169cb19c-b692-4cbb-8ca1-57ccd0d26c87,CompositionRelationship,EA ModelSet
id-6fdf6bc6-e665-4544-aee0-2480e5d2f3d2,id-16f18c97-27fd-4d44-9241-e7d525140804,CompositionRelationship,EA ModelSet
id-7fd3379e-7199-4d40-b630-a47fefefc8c1,f8c0a03e-f92b-48c5-98b0-0bb012664508,CompositionRelationship,EA ModelSet
f15b5cd8-ba0b-4186-8c2f-329e21ff8059,id-31929e72-7263-4e39-a193-dde5142bf156,CompositionRelationship,EA ModelSet
f15b5cd8-ba0b-4186-8c2f-329e21ff8059,id-4489848d-9671-4753-9e85-305c3a33e687,CompositionRelationship,EA ModelSet
f15b5cd8-ba0b-4186-8c2f-329e21ff8059,b238ec95-5338-4e8e-ac43-89d780b1a2b6,CompositionRelationship,EA ModelSet
f15b5cd8-ba0b-4186-8c2f-329e21ff8059,id-232151db-b051-4e56-9dc4-1820925530d0,CompositionRelationship,EA ModelSet
f15b5cd8-ba0b-4186-8c2f-329e21ff8059,id-5c339179-8243-4f69-b4bf-63f20d0376e4,CompositionRelationship,EA ModelSet
f15b5cd8-ba0b-4186-8c2f-329e21ff8059,id-2e544799-3249-4d17-baae-d81a56ef5f2b,CompositionRelationship,EA ModelSet
f15b5cd8-ba0b-4186-8c2f-329e21ff8059,id-6db1bdb7-fdfc-4ff2-b646-e9e6513dcfd0,CompositionRelationship,EA ModelSet
f15b5cd8-ba0b-4186-8c2f-329e21ff8059,id-33465f9b-cb19-4902-a08a-84c2278bf4da,CompositionRelationship,EA ModelSet
f15b5cd8-ba0b-4186-8c2f-329e21ff8059,id-77cfbe70-ddba-4f1d-85cf-7a6893c2a2c4,CompositionRelationship,EA ModelSet
f15b5cd8-ba0b-4186-8c2f-329e21ff8059,id-2fd6e517-8f2e-4b9b-b17e-10737b14adc9,CompositionRelationship,EA ModelSet
f15b5cd8-ba0b-4186-8c2f-329e21ff8059,id-32e67adc-1545-49e3-92ae-2c6eef7f4f60,CompositionRelationship,EA ModelSet
f15b5cd8-ba0b-4186-8c2f-329e21ff8059,d886209c-86a6-4821-9f4c-75c56442efe1,CompositionRelationship,EA ModelSet
f15b5cd8-ba0b-4186-8c2f-329e21ff8059,id-3055a6e6-788b-4e31-bdc5-a25f5144f89e,CompositionRelationship,EA ModelSet
f15b5cd8-ba0b-4186-8c2f-329e21ff8059,id-4e033ef0-a0e7-4629-ac6a-352bf4c72b3d,CompositionRelationship,EA ModelSet
f15b5cd8-ba0b-4186-8c2f-329e21ff8059,id-57df3b7c-b877-42b4-9a07-a91083524906,CompositionRelationship,EA ModelSet
f15b5cd8-ba0b-4186-8c2f-329e21ff8059,b4ef7bd6-cd45-49c9-94e6-d58da94bf2e4,CompositionRelationship,EA ModelSet
f15b5cd8-ba0b-4186-8c2f-329e21ff8059,a20e39a3-e6be-40c9-b3bf-631054996d69,CompositionRelationship,EA ModelSet
f15b5cd8-ba0b-4186-8c2f-329e21ff8059,fba01b13-b363-4d95-8b7c-6ec1a868e443,CompositionRelationship,EA ModelSet
f15b5cd8-ba0b-4186-8c2f-329e21ff8059,id-32b3e20d-1ddf-478d-8929-ae784709f889,CompositionRelationship,EA ModelSet
f15b5cd8-ba0b-4186-8c2f-329e21ff8059,fd9f8a3e-6d22-44fc-affc-f678dfb858f0,CompositionRelationship,EA ModelSet
f15b5cd8-ba0b-4186-8c2f-329e21ff8059,a33d0680-2fd2-4cc9-a995-b9e8a527e02f,CompositionRelationship,EA ModelSet
f15b5cd8-ba0b-4186-8c2f-329e21ff8059,id-9b44d451-dc46-4f96-b4f7-0f94627d489e,CompositionRelationship,EA ModelSet
f15b5cd8-ba0b-4186-8c2f-329e21ff8059,id-0abf0a17-f83a-444b-a699-d25788d70452,CompositionRelationship,EA ModelSet
f15b5cd8-ba0b-4186-8c2f-329e21ff8059,id-7676ed59-2b09-4f08-ae56-7f3c90df4a60,CompositionRelationship,EA ModelSet
f15b5cd8-ba0b-4186-8c2f-329e21ff8059,id-5657a2d9-054c-4d63-958b-c703141d5510,CompositionRelationship,EA ModelSet
f15b5cd8-ba0b-4186-8c2f-329e21ff8059,df3f4435-2475-4670-8514-086bf2e3593c,CompositionRelationship,EA ModelSet
f15b5cd8-ba0b-4186-8c2f-329e21ff8059,id-479a11c6-b99d-40ad-8ba7-e3cff926e471,CompositionRelationship,EA ModelSet
f15b5cd8-ba0b-4186-8c2f-329e21ff8059,id-9c34b8a2-159d-4b0d-819f-3c76616aa8e3,CompositionRelationship,EA ModelSet
f15b5cd8-ba0b-4186-8c2f-329e21ff8059,id-071bd4e0-e81b-4370-9be0-4203aa91535b,CompositionRelationship,EA ModelSet
f15b5cd8-ba0b-4186-8c2f-329e21ff8059,id-9ca23c7d-38ac-4f1f-a2cc-76aa81d51973,CompositionRelationship,EA ModelSet
id-7fd3379e-7199-4d40-b630-a47fefefc8c1,d5fe6bad-4803-469d-92d0-320a636f5bae,CompositionRelationship,EA ModelSet
id-7fd3379e-7199-4d40-b630-a47fefefc8c1,id-9e7a8d7e-80e9-40b1-a41f-7e872e5e805e,CompositionRelationship,EA ModelSet
id-7fd3379e-7199-4d40-b630-a47fefefc8c1,c38fe7f5-467e-49dc-9d57-48bbf56090ad,CompositionRelationship,EA ModelSet
id-7fd3379e-7199-4d40-b630-a47fefefc8c1,abffb3d9-ae07-4884-9a83-e26bd3a5745d,CompositionRelationship,EA ModelSet
id-7fd3379e-7199-4d40-b630-a47fefefc8c1,id-7905a18f-9f97-42e8-b371-3bf92a358201,CompositionRelationship,EA ModelSet
id-7fd3379e-7199-4d40-b630-a47fefefc8c1,id-88fdbdd6-92aa-4dbe-b3f6-6126959ad970,CompositionRelationship,EA ModelSet
id-7fd3379e-7199-4d40-b630-a47fefefc8c1,id-80540ea9-3276-4688-89c8-cec48d6caff0,CompositionRelationship,EA ModelSet
id-7fd3379e-7199-4d40-b630-a47fefefc8c1,id-4522218d-1814-4f58-b31a-e78536d0af02,CompositionRelationship,EA ModelSet
id-7fd3379e-7199-4d40-b630-a47fefefc8c1,b838caca-416c-466a-99fc-bcde58f30119,CompositionRelationship,EA ModelSet
id-7fd3379e-7199-4d40-b630-a47fefefc8c1,id-95e4b658-f247-4e20-8c11-fb298d09410c,CompositionRelationship,EA ModelSet
id-7fd3379e-7199-4d40-b630-a47fefefc8c1,id-443542b2-a22c-47d2-b1da-66551af976c2,CompositionRelationship,EA ModelSet
id-7fd3379e-7199-4d40-b630-a47fefefc8c1,id-820cb767-e4e3-41df-a7a0-b2f860624b22,CompositionRelationship,EA ModelSet
id-7fd3379e-7199-4d40-b630-a47fefefc8c1,d2ab053e-f46a-4cbc-bb1d-88e527c28434,CompositionRelationship,EA ModelSet
id-7fd3379e-7199-4d40-b630-a47fefefc8c1,id-7331811b-2bb9-4220-82d0-19d6592a5635,CompositionRelationship,EA ModelSet
id-7fd3379e-7199-4d40-b630-a47fefefc8c1,id-30601494-4ce0-4b15-b0ea-6fc55b59e8af,CompositionRelationship,EA ModelSet
id-7fd3379e-7199-4d40-b630-a47fefefc8c1,id-14e8f7d0-e977-49c9-a44f-4901e9aa2e68,CompositionRelationship,EA ModelSet
id-6fdf6bc6-e665-4544-aee0-2480e5d2f3d2,ea529018-928a-4329-85dc-232b4fa5c320,CompositionRelationship,EA ModelSet
id-6fdf6bc6-e665-4544-aee0-2480e5d2f3d2,id-25d461c8-9b99-49f6-81e4-6415708fb3d2,CompositionRelationship,EA ModelSet
id-6fdf6bc6-e665-4544-aee0-2480e5d2f3d2,ca9f3351-3552-42a5-95fb-4046071d8135,CompositionRelationship,EA ModelSet
id-6fdf6bc6-e665-4544-aee0-2480e5d2f3d2,a661a200-2f99-4851-9d5a-424b5e9aaf3d,CompositionRelationship,EA ModelSet
id-6fdf6bc6-e665-4544-aee0-2480e5d2f3d2,id-45aa3ad0-c87f-43a6-b17e-69ab62bf2f23,CompositionRelationship,EA ModelSet
id-6fdf6bc6-e665-4544-aee0-2480e5d2f3d2,id-38412cad-60f0-4fe3-88c6-747a3c827025,CompositionRelationship,EA ModelSet
id-6fdf6bc6-e665-4544-aee0-2480e5d2f3d2,id-95964ced-3230-4fba-ad72-68eb2290b63a,CompositionRelationship,EA ModelSet
id-6fdf6bc6-e665-4544-aee0-2480e5d2f3d2,c18bbe84-498d-4ce0-9168-1100ff3ee95f,CompositionRelationship,EA ModelSet
id-6fdf6bc6-e665-4544-aee0-2480e5d2f3d2,id-275cd022-f8e5-4d08-95da-32a81710f4cb,CompositionRelationship,EA ModelSet
id-6fdf6bc6-e665-4544-aee0-2480e5d2f3d2,id-23f715be-304c-4e5f-a436-0c16d9088cf0,CompositionRelationship,EA ModelSet
id-6fdf6bc6-e665-4544-aee0-2480e5d2f3d2,id-240080b1-cdc8-4c43-ab88-f205e8e02577,CompositionRelationship,EA ModelSet
id-6fdf6bc6-e665-4544-aee0-2480e5d2f3d2,id-2ee631dd-dd5c-43e3-b236-b9a307908957,CompositionRelationship,EA ModelSet
id-6fdf6bc6-e665-4544-aee0-2480e5d2f3d2,cced0c00-8fb3-47e5-98c1-d53b3bb3274b,CompositionRelationship,EA ModelSet
id-6fdf6bc6-e665-4544-aee0-2480e5d2f3d2,id-37fac335-810b-4e55-8970-de7ee2463e9e,CompositionRelationship,EA ModelSet
id-6fdf6bc6-e665-4544-aee0-2480e5d2f3d2,id-09289ac0-3060-4abe-ab2a-b559ec679bc7,CompositionRelationship,EA ModelSet
id-6fdf6bc6-e665-4544-aee0-2480e5d2f3d2,id-0d99cc48-39d0-4417-929b-fdc14547a509,CompositionRelationship,EA ModelSet
db0cb94f-10ee-4046-8770-388cfdd86148,id-2c472f5d-84e7-46be-85ca-fa4bcadd251e,CompositionRelationship,EA ModelSet
a4af4226-db92-461c-8fed-b01e356fb7f5,id-8122522f-a49a-4c08-87f7-27811c3d8d1b,CompositionRelationship,EA ModelSet
a63f1170-9024-44cf-b987-ed9f2cb2a092,a20f27eb-0bef-4b90-970b-f75e2441c77b,CompositionRelationship,EA ModelSet
db0cb94f-10ee-4046-8770-388cfdd86148,ef6ea080-e24f-4b5f-9be9-b23e693c7457,CompositionRelationship,EA ModelSet
db0cb94f-10ee-4046-8770-388cfdd86148,b60e0408-deaa-4e72-9fef-3d1050c25b66,CompositionRelationship,EA ModelSet
db0cb94f-10ee-4046-8770-388cfdd86148,id-3940473e-073e-4cdc-9c35-4205de979b47,CompositionRelationship,EA ModelSet
db0cb94f-10ee-4046-8770-388cfdd86148,d9c2b15a-1a24-44c2-b7af-ab1988bacee8,CompositionRelationship,EA ModelSet
db0cb94f-10ee-4046-8770-388cfdd86148,id-6f58e09a-cfc9-4187-ad0a-54a8692cfd57,CompositionRelationship,EA ModelSet
db0cb94f-10ee-4046-8770-388cfdd86148,id-0bb6e6af-33ae-4f20-8106-0382b495ecd1,CompositionRelationship,EA ModelSet
db0cb94f-10ee-4046-8770-388cfdd86148,id-55f3873c-030e-441c-83c7-948745154c8d,CompositionRelationship,EA ModelSet
db0cb94f-10ee-4046-8770-388cfdd86148,id-9b187b4e-c3a6-423e-a2ab-db7893b96389,CompositionRelationship,EA ModelSet
db0cb94f-10ee-4046-8770-388cfdd86148,ec2d3e71-5d38-4b30-a1bb-7df3145907eb,CompositionRelationship,EA ModelSet
db0cb94f-10ee-4046-8770-388cfdd86148,id-53a0d14e-7ec6-4aba-8cba-102b9d758751,CompositionRelationship,EA ModelSet
db0cb94f-10ee-4046-8770-388cfdd86148,b79e344d-cce4-49ca-ba62-a81d52253749,CompositionRelationship,EA ModelSet
db0cb94f-10ee-4046-8770-388cfdd86148,fdca09e5-f963-43ea-8501-c96227d1c66b,CompositionRelationship,EA ModelSet
db0cb94f-10ee-4046-8770-388cfdd86148,id-3dce7d54-cdab-4f91-b587-d5e59a47331a,CompositionRelationship,EA ModelSet
db0cb94f-10ee-4046-8770-388cfdd86148,dff42542-f03c-4977-8c99-5193d7210f49,CompositionRelationship,EA ModelSet
db0cb94f-10ee-4046-8770-388cfdd86148,id-292da136-5d35-4bb6-902a-18e1e44b5aad,CompositionRelationship,EA ModelSet
db0cb94f-10ee-4046-8770-388cfdd86148,id-9f926f15-0261-4f3b-8a48-6fabb7c9c496,CompositionRelationship,EA ModelSet
db0cb94f-10ee-4046-8770-388cfdd86148,id-1b9b3e17-a8c6-47f3-b5f3-5e97ad28ac02,CompositionRelationship,EA ModelSet
db0cb94f-10ee-4046-8770-388cfdd86148,id-6612f3d4-81f6-4fdc-93d9-997dbe710692,CompositionRelationship,EA ModelSet
db0cb94f-10ee-4046-8770-388cfdd86148,id-6156482d-a85f-4713-a983-b33bb58ca07d,CompositionRelationship,EA ModelSet
db0cb94f-10ee-4046-8770-388cfdd86148,bcd09968-bde9-46ef-a034-2037e0a7351c,CompositionRelationship,EA ModelSet
db0cb94f-10ee-4046-8770-388cfdd86148,dd25bdd7-ce0b-4e14-890b-dbd3bac27c8c,CompositionRelationship,EA ModelSet
db0cb94f-10ee-4046-8770-388cfdd86148,id-527fc6f8-fd5d-487a-80bd-7864c1c7fdf4,CompositionRelationship,EA ModelSet
db0cb94f-10ee-4046-8770-388cfdd86148,id-48cac99c-d92c-4248-949f-c76a01b01d2c,CompositionRelationship,EA ModelSet
a4af4226-db92-461c-8fed-b01e356fb7f5,f0c94f46-fc2c-44f1-b01f-825d95248e39,CompositionRelationship,EA ModelSet
a4af4226-db92-461c-8fed-b01e356fb7f5,id-3f840f06-c6f2-48dd-a6ba-cf481c78f7b4,CompositionRelationship,EA ModelSet
a4af4226-db92-461c-8fed-b01e356fb7f5,id-8f157dd2-e5b9-4f79-8834-108a8d5b78cb,CompositionRelationship,EA ModelSet
a4af4226-db92-461c-8fed-b01e356fb7f5,dc65282d-1717-437d-8c20-744e17ba9d22,CompositionRelationship,EA ModelSet
a4af4226-db92-461c-8fed-b01e356fb7f5,df484ee8-de5b-4c31-834f-ab52768fcbdf,CompositionRelationship,EA ModelSet
a4af4226-db92-461c-8fed-b01e356fb7f5,b25eb559-ee05-4817-af29-b772161ebf2f,CompositionRelationship,EA ModelSet
a4af4226-db92-461c-8fed-b01e356fb7f5,id-7265cb24-1d3c-445a-ac95-684cc3d41bcb,CompositionRelationship,EA ModelSet
a4af4226-db92-461c-8fed-b01e356fb7f5,id-82780d58-81f2-49ff-b138-d7154d276a4f,CompositionRelationship,EA ModelSet
a4af4226-db92-461c-8fed-b01e356fb7f5,id-5ff20b8f-ac32-47a4-92f0-40d9687eccba,CompositionRelationship,EA ModelSet
a4af4226-db92-461c-8fed-b01e356fb7f5,id-0d5102d6-1403-4eb4-80de-e7b9d9ba73c5,CompositionRelationship,EA ModelSet
a4af4226-db92-461c-8fed-b01e356fb7f5,id-1e39dd8e-6915-4dea-8349-b01828812671,CompositionRelationship,EA ModelSet
a4af4226-db92-461c-8fed-b01e356fb7f5,id-2f8fc9f0-1d23-4416-963d-625fde0bf5ff,CompositionRelationship,EA ModelSet
a4af4226-db92-461c-8fed-b01e356fb7f5,id-6b7c5b44-76d9-4e20-be9f-c4324b830149,CompositionRelationship,EA ModelSet
a4af4226-db92-461c-8fed-b01e356fb7f5,id-3cf62c13-a706-4133-b289-f3d253055a8c,CompositionRelationship,EA ModelSet
a4af4226-db92-461c-8fed-b01e356fb7f5,id-051f737a-7139-4875-9b70-b25093005cb5,CompositionRelationship,EA ModelSet
a63f1170-9024-44cf-b987-ed9f2cb2a092,e3c5dfd5-f848-4d55-9bd3-041224f2e164,CompositionRelationship,EA ModelSet
a63f1170-9024-44cf-b987-ed9f2cb2a092,id-43ab30e1-ee66-4e1a-9cce-be66b93a5ae6,CompositionRelationship,EA ModelSet
a63f1170-9024-44cf-b987-ed9f2cb2a092,id-6cb08bd7-e930-43d8-9fc4-342066ade7ba,CompositionRelationship,EA ModelSet
a63f1170-9024-44cf-b987-ed9f2cb2a092,id-9b52e9ca-af7a-4408-948e-e3791cf55e9d,CompositionRelationship,EA ModelSet
a63f1170-9024-44cf-b987-ed9f2cb2a092,id-808697af-055d-4e6f-932a-b4eaaa98539b,CompositionRelationship,EA ModelSet
a63f1170-9024-44cf-b987-ed9f2cb2a092,f642ebc8-6989-40b9-a632-53f18db02ca7,CompositionRelationship,EA ModelSet
a63f1170-9024-44cf-b987-ed9f2cb2a092,b510b21b-7cbf-4cd5-bfe7-1e27799fca51,CompositionRelationship,EA ModelSet
a63f1170-9024-44cf-b987-ed9f2cb2a092,id-9cd5d613-64d6-40e5-98d0-520c6773b2f1,CompositionRelationship,EA ModelSet
a63f1170-9024-44cf-b987-ed9f2cb2a092,id-3ef29644-d2bb-4af3-a9fa-0c89177d81d1,CompositionRelationship,EA ModelSet
a63f1170-9024-44cf-b987-ed9f2cb2a092,id-61e10e39-bce4-476e-ba72-29dfd09ee776,CompositionRelationship,EA ModelSet
a63f1170-9024-44cf-b987-ed9f2cb2a092,ea556c17-4800-4fd7-958c-53064eb8b763,CompositionRelationship,EA ModelSet
a63f1170-9024-44cf-b987-ed9f2cb2a092,id-3630194b-75f7-4fbf-b07c-5a5349b382b8,CompositionRelationship,EA ModelSet
a63f1170-9024-44cf-b987-ed9f2cb2a092,id-883c7fd7-2379-431c-8418-1f6bfe351f98,CompositionRelationship,EA ModelSet
a63f1170-9024-44cf-b987-ed9f2cb2a092,id-30425978-9409-48a7-ad1b-3cde23068fcc,CompositionRelationship,EA ModelSet
a63f1170-9024-44cf-b987-ed9f2cb2a092,id-956d074e-8b5e-497c-882e-e26e337b8e94,CompositionRelationship,EA ModelSet
a63f1170-9024-44cf-b987-ed9f2cb2a092,id-3de86412-1576-4dd3-b398-04d7790a7a71,CompositionRelationship,EA ModelSet
c254adef-951b-4bc6-afbd-6ed606e6588b,id-432e5258-e544-4cef-9a2c-2b4111a20e7e,AssociationRelationship,EA ModelSet
id-3fac9b1f-4413-4f11-99d0-cc5c0dff34bb,f7fc7bbc-598e-4cda-82f9-5155e8a6c6ca,AssociationRelationship,EA ModelSet
cc3e8ca8-9208-446d-a113-7e19739b1dff,id-3fac9b1f-4413-4f11-99d0-cc5c0dff34bb,AssociationRelationship,EA ModelSet
id-637f957a-a256-4568-bd7d-8868b096794d,id-82d7b2a0-79e6-4e28-bc45-98b0f03122ef,AssociationRelationship,EA ModelSet
bc8a78f7-45ac-4c16-b07c-45f6d3b961a0,id-5bdf6f19-652d-4869-9235-7618a9bc5465,AssociationRelationship,EA ModelSet
id-64569839-2e84-4747-89a8-9669fbeda849,id-9d00ec54-ab4a-497e-bc41-efe6bd6f568d,AssociationRelationship,EA ModelSet
c254adef-951b-4bc6-afbd-6ed606e6588b,id-312d01c5-165e-4b82-926e-8ffb85fa460e,AssociationRelationship,EA ModelSet
id-1247d313-4eae-451b-aa48-b2535eec7008,c2a64759-4115-43a2-aae1-26e7d973b75f,CompositionRelationship,EA ModelSet
id-1247d313-4eae-451b-aa48-b2535eec7008,id-1d7bf6c4-a603-46be-8e10-252bf3ca1062,CompositionRelationship,EA ModelSet
id-1247d313-4eae-451b-aa48-b2535eec7008,id-312d01c5-165e-4b82-926e-8ffb85fa460e,CompositionRelationship,EA ModelSet
id-1247d313-4eae-451b-aa48-b2535eec7008,id-12b09266-3f54-451f-ab58-aa6ba6a41744,CompositionRelationship,EA ModelSet
id-1247d313-4eae-451b-aa48-b2535eec7008,c254adef-951b-4bc6-afbd-6ed606e6588b,CompositionRelationship,EA ModelSet
id-1247d313-4eae-451b-aa48-b2535eec7008,id-432e5258-e544-4cef-9a2c-2b4111a20e7e,CompositionRelationship,EA ModelSet
id-1247d313-4eae-451b-aa48-b2535eec7008,id-128b98d2-021e-4e68-ad7a-c74b0d265f38,CompositionRelationship,EA ModelSet
id-9c0119fd-99b9-47a8-b23f-269db6bc19f7,id-5bdf6f19-652d-4869-9235-7618a9bc5465,CompositionRelationship,EA ModelSet
id-9c0119fd-99b9-47a8-b23f-269db6bc19f7,id-7d378a1f-c09e-4e62-8149-836319132b95,CompositionRelationship,EA ModelSet
id-9c0119fd-99b9-47a8-b23f-269db6bc19f7,bc8a78f7-45ac-4c16-b07c-45f6d3b961a0,CompositionRelationship,EA ModelSet
id-9c0119fd-99b9-47a8-b23f-269db6bc19f7,id-92491df5-8be9-4630-a8a7-6217df4c7d7b,CompositionRelationship,EA ModelSet
id-384a77a0-de94-4768-8443-ce4321cde7bf,cc3e8ca8-9208-446d-a113-7e19739b1dff,CompositionRelationship,EA ModelSet
id-384a77a0-de94-4768-8443-ce4321cde7bf,f7fc7bbc-598e-4cda-82f9-5155e8a6c6ca,CompositionRelationship,EA ModelSet
id-384a77a0-de94-4768-8443-ce4321cde7bf,id-3fac9b1f-4413-4f11-99d0-cc5c0dff34bb,CompositionRelationship,EA ModelSet
id-384a77a0-de94-4768-8443-ce4321cde7bf,a6393e56-b931-4ecd-948b-e99a2f908eff,CompositionRelationship,EA ModelSet
id-384a77a0-de94-4768-8443-ce4321cde7bf,id-723aa790-1c42-4bed-82ee-e341fbfc07d2,CompositionRelationship,EA ModelSet
id-384a77a0-de94-4768-8443-ce4321cde7bf,f2880faa-dc23-452f-acd5-3b34e9d65dc4,CompositionRelationship,EA ModelSet
id-39f0179d-e95d-4eda-9302-a487d712a724,id-637f957a-a256-4568-bd7d-8868b096794d,CompositionRelationship,EA ModelSet
id-39f0179d-e95d-4eda-9302-a487d712a724,id-82d7b2a0-79e6-4e28-bc45-98b0f03122ef,CompositionRelationship,EA ModelSet
id-39f0179d-e95d-4eda-9302-a487d712a724,ef32e773-5adc-4f62-968e-8e76c6bf55ad,CompositionRelationship,EA ModelSet
id-80431d46-8413-471e-8e15-98d0773df223,id-92047acb-e019-4d25-bfd4-b900775d780d,CompositionRelationship,EA ModelSet
id-80431d46-8413-471e-8e15-98d0773df223,e2492fa0-0b0d-482f-849b-19b30b5b1dff,CompositionRelationship,EA ModelSet
id-80431d46-8413-471e-8e15-98d0773df223,id-64e5bc20-2bb0-49d6-87e1-d8bb02baa556,CompositionRelationship,EA ModelSet
id-80431d46-8413-471e-8e15-98d0773df223,d3b59603-8797-4515-9894-87c64ad3eb91,CompositionRelationship,EA ModelSet
id-1d7bf6c4-a603-46be-8e10-252bf3ca1062,id-12b09266-3f54-451f-ab58-aa6ba6a41744,AssociationRelationship,EA ModelSet
id-80431d46-8413-471e-8e15-98d0773df223,id-64569839-2e84-4747-89a8-9669fbeda849,CompositionRelationship,EA ModelSet
id-80431d46-8413-471e-8e15-98d0773df223,id-9d00ec54-ab4a-497e-bc41-efe6bd6f568d,CompositionRelationship,EA ModelSet
id-384a77a0-de94-4768-8443-ce4321cde7bf,eaf774b6-ffad-40b8-bf12-7df040366194,CompositionRelationship,EA ModelSet
id-1247d313-4eae-451b-aa48-b2535eec7008,ef32e773-5adc-4f62-968e-8e76c6bf55ad,CompositionRelationship,EA ModelSet
id-9c0119fd-99b9-47a8-b23f-269db6bc19f7,id-637f957a-a256-4568-bd7d-8868b096794d,CompositionRelationship,EA ModelSet
id-9c0119fd-99b9-47a8-b23f-269db6bc19f7,id-82d7b2a0-79e6-4e28-bc45-98b0f03122ef,CompositionRelationship,EA ModelSet
b407685c-42b3-46aa-9019-d7c24218a933,id-3fac9b1f-4413-4f11-99d0-cc5c0dff34bb,CompositionRelationship,EA ModelSet
b407685c-42b3-46aa-9019-d7c24218a933,f7fc7bbc-598e-4cda-82f9-5155e8a6c6ca,CompositionRelationship,EA ModelSet
b407685c-42b3-46aa-9019-d7c24218a933,cc3e8ca8-9208-446d-a113-7e19739b1dff,CompositionRelationship,EA ModelSet
b407685c-42b3-46aa-9019-d7c24218a933,a6393e56-b931-4ecd-948b-e99a2f908eff,CompositionRelationship,EA ModelSet
b407685c-42b3-46aa-9019-d7c24218a933,id-723aa790-1c42-4bed-82ee-e341fbfc07d2,CompositionRelationship,EA ModelSet
b407685c-42b3-46aa-9019-d7c24218a933,c2a64759-4115-43a2-aae1-26e7d973b75f,CompositionRelationship,EA ModelSet
d1b38367-05db-4685-a47a-cdd694d1b178,id-64e5bc20-2bb0-49d6-87e1-d8bb02baa556,CompositionRelationship,EA ModelSet
d1b38367-05db-4685-a47a-cdd694d1b178,eaf774b6-ffad-40b8-bf12-7df040366194,CompositionRelationship,EA ModelSet
d1b38367-05db-4685-a47a-cdd694d1b178,id-9d00ec54-ab4a-497e-bc41-efe6bd6f568d,CompositionRelationship,EA ModelSet
d1b38367-05db-4685-a47a-cdd694d1b178,f2880faa-dc23-452f-acd5-3b34e9d65dc4,CompositionRelationship,EA ModelSet
d1b38367-05db-4685-a47a-cdd694d1b178,id-92047acb-e019-4d25-bfd4-b900775d780d,CompositionRelationship,EA ModelSet
d1b38367-05db-4685-a47a-cdd694d1b178,id-64569839-2e84-4747-89a8-9669fbeda849,CompositionRelationship,EA ModelSet
d1b38367-05db-4685-a47a-cdd694d1b178,d3b59603-8797-4515-9894-87c64ad3eb91,CompositionRelationship,EA ModelSet
d1b38367-05db-4685-a47a-cdd694d1b178,e2492fa0-0b0d-482f-849b-19b30b5b1dff,CompositionRelationship,EA ModelSet
id-35c62e52-a43e-4a39-bdb6-b75f531f6703,id-5b4c9677-00de-4843-9592-cf57e11c37f6,CompositionRelationship,EA ModelSet
id-35c62e52-a43e-4a39-bdb6-b75f531f6703,id-9f03b7bb-b2d4-4d77-b6c2-2c1e00ec3227,CompositionRelationship,EA ModelSet
id-35c62e52-a43e-4a39-bdb6-b75f531f6703,c2b78d12-dc1f-4e0b-899a-2e5cb557aa46,CompositionRelationship,EA ModelSet
id-5db5b568-882c-47e3-ba0f-b18b855e104e,id-7c2fe4a2-fdd2-409e-8ca9-b9cf53abd7df,CompositionRelationship,EA ModelSet
id-5db5b568-882c-47e3-ba0f-b18b855e104e,e7036540-b7e6-4d83-a542-adf5de175f5d,CompositionRelationship,EA ModelSet
id-5db5b568-882c-47e3-ba0f-b18b855e104e,id-40a1f9f8-ca13-435c-b20e-3e20d12dd1ed,CompositionRelationship,EA ModelSet
id-5db5b568-882c-47e3-ba0f-b18b855e104e,id-5158ef9c-6b94-45e5-aa1a-ad481808488c,CompositionRelationship,EA ModelSet
id-5db5b568-882c-47e3-ba0f-b18b855e104e,e70a45ba-adfd-492e-8efa-ce7dad2bfdbc,CompositionRelationship,EA ModelSet
id-5db5b568-882c-47e3-ba0f-b18b855e104e,id-441c40b9-815f-45e4-8d62-b67554b32302,CompositionRelationship,EA ModelSet
id-5db5b568-882c-47e3-ba0f-b18b855e104e,id-62943a1d-58f1-46f6-bf12-d7239067111e,CompositionRelationship,EA ModelSet
id-5db5b568-882c-47e3-ba0f-b18b855e104e,id-559e97d2-1c97-4b01-876b-3bdb2c4ecac7,CompositionRelationship,EA ModelSet
id-5db5b568-882c-47e3-ba0f-b18b855e104e,id-7c26e3ad-3663-40d8-bf30-6c619cecd335,CompositionRelationship,EA ModelSet
id-5db5b568-882c-47e3-ba0f-b18b855e104e,id-551bb260-22fd-404f-8595-38ab945873c2,CompositionRelationship,EA ModelSet
id-5db5b568-882c-47e3-ba0f-b18b855e104e,id-0e49bd18-1012-48ea-af75-4682735cda36,CompositionRelationship,EA ModelSet
eebacf97-f830-4ba3-b67a-70cedd1c46bd,e4db0172-9ed5-47a4-9bfa-66919c45161e,CompositionRelationship,EA ModelSet
eebacf97-f830-4ba3-b67a-70cedd1c46bd,id-0ad91a2b-672c-4ed2-abc9-5408ae24d173,CompositionRelationship,EA ModelSet
eebacf97-f830-4ba3-b67a-70cedd1c46bd,id-46157813-e926-4f76-9ff2-e194c7ddb693,CompositionRelationship,EA ModelSet
eebacf97-f830-4ba3-b67a-70cedd1c46bd,id-009a858b-591f-4b9a-9864-de54713e9087,CompositionRelationship,EA ModelSet
id-1f7e3c4b-a50f-4fea-9bf0-a081071193f3,id-5cce2ce2-a6ab-4b83-b6f2-1f430ede41ab,CompositionRelationship,EA ModelSet
id-1f7e3c4b-a50f-4fea-9bf0-a081071193f3,b16643c1-53c8-4cea-859c-028076d23ded,CompositionRelationship,EA ModelSet
id-1f7e3c4b-a50f-4fea-9bf0-a081071193f3,ad4524b7-a870-409c-b758-07b67311dae8,CompositionRelationship,EA ModelSet
id-1f7e3c4b-a50f-4fea-9bf0-a081071193f3,c75cfae8-280f-4034-8548-868e4c35d1bc,CompositionRelationship,EA ModelSet
id-1f7e3c4b-a50f-4fea-9bf0-a081071193f3,ce3dfca1-496a-4b3a-907c-0c0027dbc0df,CompositionRelationship,EA ModelSet
db5c8ee0-1b74-4712-8814-51da51383632,id-2c41823e-e7c5-43f9-be9c-80ddba7003dc,CompositionRelationship,EA ModelSet
db5c8ee0-1b74-4712-8814-51da51383632,bc3e24fe-758f-4253-9c79-8205fc5f4f1d,CompositionRelationship,EA ModelSet
id-9e22326e-cf1c-43de-a14d-7387e731abac,id-0ab2c25a-ab10-4c87-af65-a1fb4630dcd3,CompositionRelationship,EA ModelSet
id-9e22326e-cf1c-43de-a14d-7387e731abac,c3c55348-7e16-4289-9356-8e76d98736fd,CompositionRelationship,EA ModelSet
id-9e22326e-cf1c-43de-a14d-7387e731abac,ba1f792c-f95a-4c0d-afb8-82a2f973a932,CompositionRelationship,EA ModelSet
a6cd33fe-00f4-4f4f-a3f1-5cd7f72bac35,bdbca62f-6499-4dba-a1a7-8113103b2e70,CompositionRelationship,EA ModelSet
a6cd33fe-00f4-4f4f-a3f1-5cd7f72bac35,id-937ded22-15cf-4b83-9c5f-d94578ecc21e,CompositionRelationship,EA ModelSet
a6cd33fe-00f4-4f4f-a3f1-5cd7f72bac35,e5d5e450-e6f6-4c4d-bba2-e256bb482ca6,CompositionRelationship,EA ModelSet
id-73b5cce9-0e69-4047-a151-1fdef8220928,id-1b48dd39-1ded-4587-aeac-ffed95056107,CompositionRelationship,EA ModelSet
id-73b5cce9-0e69-4047-a151-1fdef8220928,a2b926dc-c290-40ed-9d97-f7a82e7c06cf,CompositionRelationship,EA ModelSet
id-73b5cce9-0e69-4047-a151-1fdef8220928,d755b201-dc39-40e5-af29-ef27314a30fb,CompositionRelationship,EA ModelSet
id-73b5cce9-0e69-4047-a151-1fdef8220928,cc2dbeeb-de72-4615-b473-f4d20cd4e8de,CompositionRelationship,EA ModelSet
id-57eee760-2272-45bf-99ed-efdcfc36d1eb,id-51b2c86f-a80e-44b3-acf2-9323e846203f,CompositionRelationship,EA ModelSet
id-57eee760-2272-45bf-99ed-efdcfc36d1eb,id-817b2aca-01ab-4e53-88c9-f0c97467322d,CompositionRelationship,EA ModelSet
id-57eee760-2272-45bf-99ed-efdcfc36d1eb,e605ae57-3670-45f2-b71e-70ec352cf6dd,CompositionRelationship,EA ModelSet
id-57eee760-2272-45bf-99ed-efdcfc36d1eb,c8504716-e9fb-4901-86ba-5d86aae9a563,CompositionRelationship,EA ModelSet
bfb9d5d7-6ce9-456b-8207-661c5187bab9,cd724be7-b01c-41c9-ab5f-6b4902b0f6bd,CompositionRelationship,EA ModelSet
bfb9d5d7-6ce9-456b-8207-661c5187bab9,ded4b8be-cb02-45f5-9204-3bce7f33966a,CompositionRelationship,EA ModelSet
bfb9d5d7-6ce9-456b-8207-661c5187bab9,id-2ce7c31b-5dc8-45ce-970d-ea1268ee02b8,CompositionRelationship,EA ModelSet
id-315a672d-13e4-4d35-9da9-e9a9bc8e4bcb,efc62053-4ffd-4d42-b2db-46cf8835f4f5,CompositionRelationship,EA ModelSet
id-315a672d-13e4-4d35-9da9-e9a9bc8e4bcb,id-4e37d48b-a4d2-44d8-bcd5-3f6b21cb88a8,CompositionRelationship,EA ModelSet
id-315a672d-13e4-4d35-9da9-e9a9bc8e4bcb,id-31302a3e-8d37-4b29-848a-8c890ee68bc4,CompositionRelationship,EA ModelSet
id-315a672d-13e4-4d35-9da9-e9a9bc8e4bcb,id-9fa535bb-4dd4-4447-89e5-770c2be54955,CompositionRelationship,EA ModelSet
id-315a672d-13e4-4d35-9da9-e9a9bc8e4bcb,c73b7f9c-b81b-4dd8-a790-5284d1ac247f,CompositionRelationship,EA ModelSet
id-315a672d-13e4-4d35-9da9-e9a9bc8e4bcb,id-68f2a916-cc9b-4585-8e6c-db80ab5811a7,CompositionRelationship,EA ModelSet
id-52145235-ebea-4246-8fbb-40440f52bef6,id-3a1aaf3c-f0ef-4d4f-928c-7116ff59e8e8,CompositionRelationship,EA ModelSet
id-52145235-ebea-4246-8fbb-40440f52bef6,id-5bc567fb-9b2d-4b7e-842e-1ff02574f953,CompositionRelationship,EA ModelSet
id-52145235-ebea-4246-8fbb-40440f52bef6,f645abbe-0678-475a-a2e2-7b108c60529b,CompositionRelationship,EA ModelSet
id-52145235-ebea-4246-8fbb-40440f52bef6,id-8de47994-e7aa-4ee5-abe0-e9c2ec26675e,CompositionRelationship,EA ModelSet
id-52145235-ebea-4246-8fbb-40440f52bef6,e15b0285-5476-4652-8ab3-a5dfc7c32a3f,CompositionRelationship,EA ModelSet
id-52145235-ebea-4246-8fbb-40440f52bef6,id-71dcfe4a-5d9f-4c16-838d-4d9564e70778,CompositionRelationship,EA ModelSet
id-977b9b57-4f5d-4bda-8803-f54d2634f631,id-59e0ad81-2903-4161-9188-e1f718125c3a,CompositionRelationship,EA ModelSet
id-977b9b57-4f5d-4bda-8803-f54d2634f631,id-6cc7194d-55be-4f97-a7a4-2734c42738c3,CompositionRelationship,EA ModelSet
id-977b9b57-4f5d-4bda-8803-f54d2634f631,ebd42a2d-e336-47a0-9198-1236dc9af7fe,CompositionRelationship,EA ModelSet
id-977b9b57-4f5d-4bda-8803-f54d2634f631,d83d8739-20b1-4f85-8aa5-cf66e1d0be6f,CompositionRelationship,EA ModelSet
d22b3071-697f-4ae6-8f9b-980293f8e9f1,id-425c084a-b04c-45fb-9479-1876402dc550,CompositionRelationship,EA ModelSet
d22b3071-697f-4ae6-8f9b-980293f8e9f1,id-136cb121-5215-436e-8392-53989a27adea,CompositionRelationship,EA ModelSet
aaee87d5-513f-49a8-a368-099d45e42619,b5d608fe-ce15-4590-b0bb-bf1e37813c2f,CompositionRelationship,EA ModelSet
aaee87d5-513f-49a8-a368-099d45e42619,b01b284b-b9e2-46e8-a59e-c455813ce0de,CompositionRelationship,EA ModelSet
aaee87d5-513f-49a8-a368-099d45e42619,id-1c50cffb-2f43-47fa-b4db-cdadf4ed216f,CompositionRelationship,EA ModelSet
id-79d4882c-e2fc-4438-81b7-2b28ca3eaaeb,id-61ba0e22-c0b7-4ddf-be75-03a70ee91303,CompositionRelationship,EA ModelSet
id-79d4882c-e2fc-4438-81b7-2b28ca3eaaeb,id-6f6fa7bc-8146-4ef3-9c94-9e986974ef82,CompositionRelationship,EA ModelSet
id-977b9b57-4f5d-4bda-8803-f54d2634f631,id-6721e86b-d005-4251-a0c2-0291465c78cc,CompositionRelationship,EA ModelSet
id-79d4882c-e2fc-4438-81b7-2b28ca3eaaeb,id-9efe5a6e-223c-4cd7-970d-6369fecf8c29,CompositionRelationship,EA ModelSet
id-79d4882c-e2fc-4438-81b7-2b28ca3eaaeb,id-14c0a048-d9ae-43df-bea6-3b2afb383c04,CompositionRelationship,EA ModelSet
id-977b9b57-4f5d-4bda-8803-f54d2634f631,a6543963-4c59-4a14-941d-d85204e62ed8,CompositionRelationship,EA ModelSet
id-637f957a-a256-4568-bd7d-8868b096794d,id-6342ba25-f73a-4030-852e-681462c7dd26,AssociationRelationship,EA ModelSet
id-637f957a-a256-4568-bd7d-8868b096794d,id-443542b2-a22c-47d2-b1da-66551af976c2,AssociationRelationship,EA ModelSet
e3a9d7de-e3b3-4337-9db9-a1d91424f49c,id-6342ba25-f73a-4030-852e-681462c7dd26,CompositionRelationship,EA ModelSet
id-6342ba25-f73a-4030-852e-681462c7dd26,id-6e095c8c-5926-49bd-989b-ad08f1220d93,AssociationRelationship,EA ModelSet
id-6342ba25-f73a-4030-852e-681462c7dd26,id-540823f8-6640-4b86-a065-83964edb48e1,AssociationRelationship,EA ModelSet
id-540823f8-6640-4b86-a065-83964edb48e1,id-6e095c8c-5926-49bd-989b-ad08f1220d93,AssociationRelationship,EA ModelSet
id-88fdbdd6-92aa-4dbe-b3f6-6126959ad970,b3935e77-a561-4cfd-985f-91c667108c2a,CompositionRelationship,EA ModelSet
e2492fa0-0b0d-482f-849b-19b30b5b1dff,b3935e77-a561-4cfd-985f-91c667108c2a,AssociationRelationship,EA ModelSet
b3935e77-a561-4cfd-985f-91c667108c2a,df484ee8-de5b-4c31-834f-ab52768fcbdf,AssociationRelationship,EA ModelSet
id-051f737a-7139-4875-9b70-b25093005cb5,id-6e095c8c-5926-49bd-989b-ad08f1220d93,CompositionRelationship,EA ModelSet
id-051f737a-7139-4875-9b70-b25093005cb5,id-540823f8-6640-4b86-a065-83964edb48e1,CompositionRelationship,EA ModelSet
id-051f737a-7139-4875-9b70-b25093005cb5,a93698d1-1d8d-43a8-b109-3dc9625719cf,CompositionRelationship,EA ModelSet
id-6e095c8c-5926-49bd-989b-ad08f1220d93,ed4f0454-5cf9-49a1-b07a-ebda88e99509,AssociationRelationship,EA ModelSet
id-540823f8-6640-4b86-a065-83964edb48e1,e85045ca-50e4-4803-a603-c83cd1c77e15,AssociationRelationship,EA ModelSet
b3935e77-a561-4cfd-985f-91c667108c2a,a93698d1-1d8d-43a8-b109-3dc9625719cf,AssociationRelationship,EA ModelSet
df484ee8-de5b-4c31-834f-ab52768fcbdf,e1fced1d-08dd-4038-b2a0-47122a5c3554,AssociationRelationship,EA ModelSet
df484ee8-de5b-4c31-834f-ab52768fcbdf,id-00cbc7e0-50c6-4a6a-bfb3-110847a00041,AssociationRelationship,EA ModelSet
a93698d1-1d8d-43a8-b109-3dc9625719cf,id-99cca50a-89f3-43fe-a4b4-a80ba9d1bb34,AssociationRelationship,EA ModelSet
id-5a2efb3b-0da0-4085-8afa-126f35f7b7b4,b3935e77-a561-4cfd-985f-91c667108c2a,AssociationRelationship,EA ModelSet
id-9d00ec54-ab4a-497e-bc41-efe6bd6f568d,id-5a2efb3b-0da0-4085-8afa-126f35f7b7b4,AssociationRelationship,EA ModelSet
id-2f8fc9f0-1d23-4416-963d-625fde0bf5ff,a93698d1-1d8d-43a8-b109-3dc9625719cf,CompositionRelationship,EA ModelSet
id-6e095c8c-5926-49bd-989b-ad08f1220d93,id-5a2efb3b-0da0-4085-8afa-126f35f7b7b4,AssociationRelationship,EA ModelSet
id-637f957a-a256-4568-bd7d-8868b096794d,id-5a2efb3b-0da0-4085-8afa-126f35f7b7b4,AssociationRelationship,EA ModelSet
e3a9d7de-e3b3-4337-9db9-a1d91424f49c,id-5a2efb3b-0da0-4085-8afa-126f35f7b7b4,CompositionRelationship,EA ModelSet
id-443542b2-a22c-47d2-b1da-66551af976c2,e3a9d7de-e3b3-4337-9db9-a1d91424f49c,CompositionRelationship,EA ModelSet
id-637f957a-a256-4568-bd7d-8868b096794d,e3a9d7de-e3b3-4337-9db9-a1d91424f49c,AssociationRelationship,EA ModelSet
e3a9d7de-e3b3-4337-9db9-a1d91424f49c,df583155-262b-4a04-9a1d-bc6e54e5ac8c,CompositionRelationship,EA ModelSet
id-7d378a1f-c09e-4e62-8149-836319132b95,id-637f957a-a256-4568-bd7d-8868b096794d,CompositionRelationship,EA ModelSet
id-7d378a1f-c09e-4e62-8149-836319132b95,id-443542b2-a22c-47d2-b1da-66551af976c2,AssociationRelationship,EA ModelSet
id-9d00ec54-ab4a-497e-bc41-efe6bd6f568d,id-443542b2-a22c-47d2-b1da-66551af976c2,AssociationRelationship,EA ModelSet
id-9d00ec54-ab4a-497e-bc41-efe6bd6f568d,id-0a81a031-49a1-4bbf-b9ad-90f92bd8fadb,AssociationRelationship,EA ModelSet
id-0a81a031-49a1-4bbf-b9ad-90f92bd8fadb,id-2f8fc9f0-1d23-4416-963d-625fde0bf5ff,AssociationRelationship,EA ModelSet
id-2f8fc9f0-1d23-4416-963d-625fde0bf5ff,id-6167c27b-4b04-482f-9a2e-af0455c56e74,AssociationRelationship,EA ModelSet
df583155-262b-4a04-9a1d-bc6e54e5ac8c,id-99cca50a-89f3-43fe-a4b4-a80ba9d1bb34,AssociationRelationship,EA ModelSet
id-99cca50a-89f3-43fe-a4b4-a80ba9d1bb34,id-00cbc7e0-50c6-4a6a-bfb3-110847a00041,AssociationRelationship,EA ModelSet
id-6b2853b3-9442-4859-b7c9-0111ebec2b93,b441abd7-8655-4695-9fbd-a3a302aaf12f,CompositionRelationship,EA ModelSet
id-6b2853b3-9442-4859-b7c9-0111ebec2b93,id-8c73aff8-e5b1-48df-877b-773c48329dcc,CompositionRelationship,EA ModelSet
id-6b2853b3-9442-4859-b7c9-0111ebec2b93,f3eb2a3b-2669-466a-bd8b-b8977dd9f5e5,CompositionRelationship,EA ModelSet
id-6b2853b3-9442-4859-b7c9-0111ebec2b93,id-6ddd19fd-ec10-4e04-9f27-714d36305506,CompositionRelationship,EA ModelSet
id-6b2853b3-9442-4859-b7c9-0111ebec2b93,id-8b3bfe70-95e0-46cc-a00f-b154537d0553,CompositionRelationship,EA ModelSet
id-6b2853b3-9442-4859-b7c9-0111ebec2b93,f5747401-68e0-4ab0-92d6-a14194dc9196,CompositionRelationship,EA ModelSet
id-64e5bc20-2bb0-49d6-87e1-d8bb02baa556,dfb8973c-b3b4-4cbf-951c-cb0a7188f948,AssociationRelationship,EA ModelSet
f8b3d504-74df-4433-bd65-8837ab7cb961,dfb8973c-b3b4-4cbf-951c-cb0a7188f948,AssociationRelationship,EA ModelSet
id-54800a69-289e-4147-816a-8a63a8bd668c,f055c717-2d5e-4727-a913-284212066897,AssociationRelationship,EA ModelSet
dfb8973c-b3b4-4cbf-951c-cb0a7188f948,f055c717-2d5e-4727-a913-284212066897,AssociationRelationship,EA ModelSet
id-0eed74ab-de3f-4d0f-9617-4090eba8240b,f8b3d504-74df-4433-bd65-8837ab7cb961,AssociationRelationship,EA ModelSet
b3935e77-a561-4cfd-985f-91c667108c2a,a7d01333-3f41-4b30-8c5f-6624b31535a6,CompositionRelationship,EA ModelSet
id-8372c071-ff92-404a-ade2-719d7aff2eb3,id-99cca50a-89f3-43fe-a4b4-a80ba9d1bb34,AssociationRelationship,EA ModelSet
id-0de3eeff-23da-435c-941c-d29ddef8a8b3,e2492fa0-0b0d-482f-849b-19b30b5b1dff,SpecializationRelationship,EA ModelSet
id-0de3eeff-23da-435c-941c-d29ddef8a8b3,a7d01333-3f41-4b30-8c5f-6624b31535a6,AssociationRelationship,EA ModelSet
id-28268ee6-7df1-4ec8-86d8-1dcb50618ed1,a922b43c-90d3-4564-950e-f2c75a4ef880,AssociationRelationship,EA ModelSet
a922b43c-90d3-4564-950e-f2c75a4ef880,a7d01333-3f41-4b30-8c5f-6624b31535a6,AssociationRelationship,EA ModelSet
a922b43c-90d3-4564-950e-f2c75a4ef880,id-7b6f2e77-9870-4f8e-a852-af68c6966cce,AssociationRelationship,EA ModelSet
c04fb9fd-56a7-446e-80e2-1acca2f9c166,id-49973dbb-95d8-4e51-b996-b98a03b98c92,AssociationRelationship,EA ModelSet
id-49973dbb-95d8-4e51-b996-b98a03b98c92,e1fced1d-08dd-4038-b2a0-47122a5c3554,AssociationRelationship,EA ModelSet
id-6732fead-dc5d-4eee-a473-f5540f7db925,a93698d1-1d8d-43a8-b109-3dc9625719cf,AssociationRelationship,EA ModelSet
id-443542b2-a22c-47d2-b1da-66551af976c2,id-6732fead-dc5d-4eee-a473-f5540f7db925,CompositionRelationship,EA ModelSet
a7d01333-3f41-4b30-8c5f-6624b31535a6,id-28268ee6-7df1-4ec8-86d8-1dcb50618ed1,CompositionRelationship,EA ModelSet
a7d01333-3f41-4b30-8c5f-6624b31535a6,id-8372c071-ff92-404a-ade2-719d7aff2eb3,CompositionRelationship,EA ModelSet
a7d01333-3f41-4b30-8c5f-6624b31535a6,c04fb9fd-56a7-446e-80e2-1acca2f9c166,CompositionRelationship,EA ModelSet
id-443542b2-a22c-47d2-b1da-66551af976c2,a93698d1-1d8d-43a8-b109-3dc9625719cf,AssociationRelationship,EA ModelSet
a93698d1-1d8d-43a8-b109-3dc9625719cf,id-00cbc7e0-50c6-4a6a-bfb3-110847a00041,AssociationRelationship,EA ModelSet
a93698d1-1d8d-43a8-b109-3dc9625719cf,e1fced1d-08dd-4038-b2a0-47122a5c3554,AssociationRelationship,EA ModelSet
ef32e773-5adc-4f62-968e-8e76c6bf55ad,id-071bd4e0-e81b-4370-9be0-4203aa91535b,AssociationRelationship,EA ModelSet
id-116bf6dd-5cf7-408b-942c-76f52d2f8c3e,id-5ad6c6f2-2c7e-40cd-b2f3-fc97edb6af3d,CompositionRelationship,EA ModelSet
id-116bf6dd-5cf7-408b-942c-76f52d2f8c3e,id-071bd4e0-e81b-4370-9be0-4203aa91535b,AssociationRelationship,EA ModelSet
id-116bf6dd-5cf7-408b-942c-76f52d2f8c3e,aa9e755d-553e-47ca-b6fe-ea42ff50d8a9,CompositionRelationship,EA ModelSet
id-116bf6dd-5cf7-408b-942c-76f52d2f8c3e,id-10e24e77-8293-4c7e-83ca-a47c65b3a6b6,CompositionRelationship,EA ModelSet
id-4e033ef0-a0e7-4629-ac6a-352bf4c72b3d,id-116bf6dd-5cf7-408b-942c-76f52d2f8c3e,AssociationRelationship,EA ModelSet
ef32e773-5adc-4f62-968e-8e76c6bf55ad,id-116bf6dd-5cf7-408b-942c-76f52d2f8c3e,AssociationRelationship,EA ModelSet
id-4e033ef0-a0e7-4629-ac6a-352bf4c72b3d,ef32e773-5adc-4f62-968e-8e76c6bf55ad,AssociationRelationship,EA ModelSet
id-116bf6dd-5cf7-408b-942c-76f52d2f8c3e,f5747401-68e0-4ab0-92d6-a14194dc9196,AssociationRelationship,EA ModelSet
id-116bf6dd-5cf7-408b-942c-76f52d2f8c3e,id-8c73aff8-e5b1-48df-877b-773c48329dcc,AssociationRelationship,EA ModelSet
c254adef-951b-4bc6-afbd-6ed606e6588b,id-33465f9b-cb19-4902-a08a-84c2278bf4da,AssociationRelationship,EA ModelSet
c254adef-951b-4bc6-afbd-6ed606e6588b,id-31929e72-7263-4e39-a193-dde5142bf156,AssociationRelationship,EA ModelSet
c254adef-951b-4bc6-afbd-6ed606e6588b,id-479a11c6-b99d-40ad-8ba7-e3cff926e471,AssociationRelationship,EA ModelSet
c254adef-951b-4bc6-afbd-6ed606e6588b,id-3672e0b2-e727-4644-90c1-c058470d5926,AssociationRelationship,EA ModelSet
id-479a11c6-b99d-40ad-8ba7-e3cff926e471,id-99c91cca-de16-406b-8866-891aa19b214f,AssociationRelationship,EA ModelSet
id-33465f9b-cb19-4902-a08a-84c2278bf4da,id-99c91cca-de16-406b-8866-891aa19b214f,AssociationRelationship,EA ModelSet
id-3672e0b2-e727-4644-90c1-c058470d5926,df3f4435-2475-4670-8514-086bf2e3593c,AssociationRelationship,EA ModelSet
c254adef-951b-4bc6-afbd-6ed606e6588b,df3f4435-2475-4670-8514-086bf2e3593c,AssociationRelationship,EA ModelSet
id-3672e0b2-e727-4644-90c1-c058470d5926,id-4244aa4c-5aeb-42e9-9422-e1a5bbb73734,AssociationRelationship,EA ModelSet
df3f4435-2475-4670-8514-086bf2e3593c,id-4244aa4c-5aeb-42e9-9422-e1a5bbb73734,AssociationRelationship,EA ModelSet
id-99c91cca-de16-406b-8866-891aa19b214f,fdacd5c7-347f-49ad-9a0e-21c18fcabb18,AssociationRelationship,EA ModelSet
id-85d04349-9774-4cd2-ad73-589ab9b36742,id-9bc6c153-594e-49f1-8761-69305698965e,CompositionRelationship,EA ModelSet
id-85d04349-9774-4cd2-ad73-589ab9b36742,cd1ebb3d-e41f-47e5-9590-7c108c0c7e0e,CompositionRelationship,EA ModelSet
id-85d04349-9774-4cd2-ad73-589ab9b36742,id-1a62d523-a24e-4b38-9125-b334530f9050,CompositionRelationship,EA ModelSet
id-9bc6c153-594e-49f1-8761-69305698965e,id-4244aa4c-5aeb-42e9-9422-e1a5bbb73734,AssociationRelationship,EA ModelSet
id-1a62d523-a24e-4b38-9125-b334530f9050,id-4244aa4c-5aeb-42e9-9422-e1a5bbb73734,AssociationRelationship,EA ModelSet
cd1ebb3d-e41f-47e5-9590-7c108c0c7e0e,id-4244aa4c-5aeb-42e9-9422-e1a5bbb73734,AssociationRelationship,EA ModelSet
id-23744e23-25cc-428e-b11f-a2e6fa0a99ed,fdacd5c7-347f-49ad-9a0e-21c18fcabb18,AssociationRelationship,EA ModelSet
a3e7a1ef-3ac8-4282-af3b-8ba846405809,id-4244aa4c-5aeb-42e9-9422-e1a5bbb73734,CompositionRelationship,EA ModelSet
id-31929e72-7263-4e39-a193-dde5142bf156,a3e7a1ef-3ac8-4282-af3b-8ba846405809,AssociationRelationship,EA ModelSet
id-2e48f9d3-beb8-4264-bdc7-f1344ffe3929,id-47c4185f-076b-4a77-85bc-2a411f9992d5,CompositionRelationship,EA ModelSet
id-2e48f9d3-beb8-4264-bdc7-f1344ffe3929,a8f36552-a032-4942-aa95-509ce74c42bb,CompositionRelationship,EA ModelSet
id-79881ab7-60ea-4e76-b4e0-c9c667c4800f,id-710382a8-50bb-4650-9600-e4ae813e2b61,AssociationRelationship,EA ModelSet
id-710382a8-50bb-4650-9600-e4ae813e2b61,ed4f0454-5cf9-49a1-b07a-ebda88e99509,AssociationRelationship,EA ModelSet
e85045ca-50e4-4803-a603-c83cd1c77e15,id-710382a8-50bb-4650-9600-e4ae813e2b61,AssociationRelationship,EA ModelSet
e1fced1d-08dd-4038-b2a0-47122a5c3554,id-710382a8-50bb-4650-9600-e4ae813e2b61,AssociationRelationship,EA ModelSet
id-6b407f04-46cb-4aa6-be72-7cd938bb7f3d,id-79881ab7-60ea-4e76-b4e0-c9c667c4800f,AssociationRelationship,EA ModelSet
id-6b407f04-46cb-4aa6-be72-7cd938bb7f3d,e85045ca-50e4-4803-a603-c83cd1c77e15,AssociationRelationship,EA ModelSet
id-7aa102b4-43fc-4528-9d0d-fcf5f3cb5a0f,id-6b407f04-46cb-4aa6-be72-7cd938bb7f3d,AssociationRelationship,EA ModelSet
id-7aa102b4-43fc-4528-9d0d-fcf5f3cb5a0f,id-710382a8-50bb-4650-9600-e4ae813e2b61,AssociationRelationship,EA ModelSet
id-6b407f04-46cb-4aa6-be72-7cd938bb7f3d,e1fced1d-08dd-4038-b2a0-47122a5c3554,AssociationRelationship,EA ModelSet
id-6b407f04-46cb-4aa6-be72-7cd938bb7f3d,ed4f0454-5cf9-49a1-b07a-ebda88e99509,AssociationRelationship,EA ModelSet
id-47c4185f-076b-4a77-85bc-2a411f9992d5,e1fced1d-08dd-4038-b2a0-47122a5c3554,AssociationRelationship,EA ModelSet
id-315a672d-13e4-4d35-9da9-e9a9bc8e4bcb,id-6e3cb68f-c5f6-4932-af87-9fee475685d3,CompositionRelationship,EA ModelSet
id-52145235-ebea-4246-8fbb-40440f52bef6,id-85d04349-9774-4cd2-ad73-589ab9b36742,CompositionRelationship,EA ModelSet
id-6e3cb68f-c5f6-4932-af87-9fee475685d3,id-47c4185f-076b-4a77-85bc-2a411f9992d5,AssociationRelationship,EA ModelSet
id-47c4185f-076b-4a77-85bc-2a411f9992d5,id-79881ab7-60ea-4e76-b4e0-c9c667c4800f,AssociationRelationship,EA ModelSet
id-9fa535bb-4dd4-4447-89e5-770c2be54955,id-47c4185f-076b-4a77-85bc-2a411f9992d5,AssociationRelationship,EA ModelSet
b96eabe2-90b0-4712-91f1-2ac8b98ad586,id-47c4185f-076b-4a77-85bc-2a411f9992d5,AssociationRelationship,EA ModelSet
a8f36552-a032-4942-aa95-509ce74c42bb,id-2ce7c31b-5dc8-45ce-970d-ea1268ee02b8,AssociationRelationship,EA ModelSet
id-0ab2c25a-ab10-4c87-af65-a1fb4630dcd3,a8f36552-a032-4942-aa95-509ce74c42bb,AssociationRelationship,EA ModelSet
id-22973efd-6032-416b-b803-bc531fa5d362,a8f36552-a032-4942-aa95-509ce74c42bb,AssociationRelationship,EA ModelSet
id-36b51489-dd78-4fcb-9efd-ef046aa5129b,ed4f0454-5cf9-49a1-b07a-ebda88e99509,AssociationRelationship,EA ModelSet
id-36b51489-dd78-4fcb-9efd-ef046aa5129b,e85045ca-50e4-4803-a603-c83cd1c77e15,AssociationRelationship,EA ModelSet
id-36b51489-dd78-4fcb-9efd-ef046aa5129b,e1fced1d-08dd-4038-b2a0-47122a5c3554,AssociationRelationship,EA ModelSet
id-59beab84-ee9a-4509-aa5d-8fce5c9eca38,a8f36552-a032-4942-aa95-509ce74c42bb,AssociationRelationship,EA ModelSet
id-2f97a70e-b078-4fc0-9983-71ae2ff29837,a8f36552-a032-4942-aa95-509ce74c42bb,AssociationRelationship,EA ModelSet
ce3dfca1-496a-4b3a-907c-0c0027dbc0df,a8f36552-a032-4942-aa95-509ce74c42bb,AssociationRelationship,EA ModelSet
e4db0172-9ed5-47a4-9bfa-66919c45161e,a8f36552-a032-4942-aa95-509ce74c42bb,AssociationRelationship,EA ModelSet
f13c7f98-3328-4d99-a7a2-1f440eb95584,a8f36552-a032-4942-aa95-509ce74c42bb,AssociationRelationship,EA ModelSet
id-1b48dd39-1ded-4587-aeac-ffed95056107,a8f36552-a032-4942-aa95-509ce74c42bb,AssociationRelationship,EA ModelSet
e605ae57-3670-45f2-b71e-70ec352cf6dd,id-4b4af0bd-cb00-4c17-a9ae-7c07f1c5e0ef,AssociationRelationship,EA ModelSet
id-79881ab7-60ea-4e76-b4e0-c9c667c4800f,e344bde6-e1de-4a30-980f-3c1a527f00bb,AssociationRelationship,EA ModelSet
id-79881ab7-60ea-4e76-b4e0-c9c667c4800f,aa343bb7-f16b-492c-af4e-e00dc4d4bd94,AssociationRelationship,EA ModelSet
ed4f0454-5cf9-49a1-b07a-ebda88e99509,id-4b4af0bd-cb00-4c17-a9ae-7c07f1c5e0ef,AssociationRelationship,EA ModelSet
ed4f0454-5cf9-49a1-b07a-ebda88e99509,id-5e20fe2b-aed4-42df-8c32-071abd1600aa,AssociationRelationship,EA ModelSet
ed4f0454-5cf9-49a1-b07a-ebda88e99509,id-8377a309-0f73-4ccc-b60f-3059fe3fefc6,AssociationRelationship,EA ModelSet
ed4f0454-5cf9-49a1-b07a-ebda88e99509,aa343bb7-f16b-492c-af4e-e00dc4d4bd94,AssociationRelationship,EA ModelSet
e344bde6-e1de-4a30-980f-3c1a527f00bb,e605ae57-3670-45f2-b71e-70ec352cf6dd,AssociationRelationship,EA ModelSet
id-6167c27b-4b04-482f-9a2e-af0455c56e74,da800e87-a189-43e2-aa94-8834a50b5e67,AssociationRelationship,EA ModelSet
id-00cbc7e0-50c6-4a6a-bfb3-110847a00041,da800e87-a189-43e2-aa94-8834a50b5e67,AssociationRelationship,EA ModelSet
da800e87-a189-43e2-aa94-8834a50b5e67,ed4f0454-5cf9-49a1-b07a-ebda88e99509,AssociationRelationship,EA ModelSet
id-7aa102b4-43fc-4528-9d0d-fcf5f3cb5a0f,da800e87-a189-43e2-aa94-8834a50b5e67,AssociationRelationship,EA ModelSet
e85045ca-50e4-4803-a603-c83cd1c77e15,da800e87-a189-43e2-aa94-8834a50b5e67,AssociationRelationship,EA ModelSet
b96eabe2-90b0-4712-91f1-2ac8b98ad586,da800e87-a189-43e2-aa94-8834a50b5e67,AssociationRelationship,EA ModelSet
id-59beab84-ee9a-4509-aa5d-8fce5c9eca38,da800e87-a189-43e2-aa94-8834a50b5e67,AssociationRelationship,EA ModelSet
id-79881ab7-60ea-4e76-b4e0-c9c667c4800f,da800e87-a189-43e2-aa94-8834a50b5e67,AssociationRelationship,EA ModelSet
id-9fa535bb-4dd4-4447-89e5-770c2be54955,da800e87-a189-43e2-aa94-8834a50b5e67,AssociationRelationship,EA ModelSet
id-6e3cb68f-c5f6-4932-af87-9fee475685d3,da800e87-a189-43e2-aa94-8834a50b5e67,AssociationRelationship,EA ModelSet
af2d85db-aacb-40b5-b8bb-aadd13db7b64,id-2f97a70e-b078-4fc0-9983-71ae2ff29837,AssociationRelationship,EA ModelSet
efc62053-4ffd-4d42-b2db-46cf8835f4f5,af2d85db-aacb-40b5-b8bb-aadd13db7b64,AssociationRelationship,EA ModelSet
efc62053-4ffd-4d42-b2db-46cf8835f4f5,da800e87-a189-43e2-aa94-8834a50b5e67,AssociationRelationship,EA ModelSet
b96eabe2-90b0-4712-91f1-2ac8b98ad586,af2d85db-aacb-40b5-b8bb-aadd13db7b64,AssociationRelationship,EA ModelSet
id-59beab84-ee9a-4509-aa5d-8fce5c9eca38,af2d85db-aacb-40b5-b8bb-aadd13db7b64,AssociationRelationship,EA ModelSet
id-2f97a70e-b078-4fc0-9983-71ae2ff29837,da800e87-a189-43e2-aa94-8834a50b5e67,AssociationRelationship,EA ModelSet
id-0ab2c25a-ab10-4c87-af65-a1fb4630dcd3,af2d85db-aacb-40b5-b8bb-aadd13db7b64,AssociationRelationship,EA ModelSet
ce3dfca1-496a-4b3a-907c-0c0027dbc0df,af2d85db-aacb-40b5-b8bb-aadd13db7b64,AssociationRelationship,EA ModelSet
id-1b48dd39-1ded-4587-aeac-ffed95056107,af2d85db-aacb-40b5-b8bb-aadd13db7b64,AssociationRelationship,EA ModelSet
e605ae57-3670-45f2-b71e-70ec352cf6dd,da800e87-a189-43e2-aa94-8834a50b5e67,AssociationRelationship,EA ModelSet
id-2f8fc9f0-1d23-4416-963d-625fde0bf5ff,daad7b44-0aa8-4b12-9052-3ab2e4be1305,AssociationRelationship,EA ModelSet
daad7b44-0aa8-4b12-9052-3ab2e4be1305,da800e87-a189-43e2-aa94-8834a50b5e67,AssociationRelationship,EA ModelSet
id-4e30cf52-6cdd-43a9-8fa8-4f5c9c66b6d5,af2d85db-aacb-40b5-b8bb-aadd13db7b64,AssociationRelationship,EA ModelSet
id-4e30cf52-6cdd-43a9-8fa8-4f5c9c66b6d5,da800e87-a189-43e2-aa94-8834a50b5e67,AssociationRelationship,EA ModelSet
id-9fa535bb-4dd4-4447-89e5-770c2be54955,af2d85db-aacb-40b5-b8bb-aadd13db7b64,AssociationRelationship,EA ModelSet
id-6e3cb68f-c5f6-4932-af87-9fee475685d3,af2d85db-aacb-40b5-b8bb-aadd13db7b64,AssociationRelationship,EA ModelSet
id-817b2aca-01ab-4e53-88c9-f0c97467322d,da800e87-a189-43e2-aa94-8834a50b5e67,AssociationRelationship,EA ModelSet
id-817b2aca-01ab-4e53-88c9-f0c97467322d,af2d85db-aacb-40b5-b8bb-aadd13db7b64,AssociationRelationship,EA ModelSet
id-1b48dd39-1ded-4587-aeac-ffed95056107,da800e87-a189-43e2-aa94-8834a50b5e67,AssociationRelationship,EA ModelSet
e5d5e450-e6f6-4c4d-bba2-e256bb482ca6,af2d85db-aacb-40b5-b8bb-aadd13db7b64,AssociationRelationship,EA ModelSet
ed4f0454-5cf9-49a1-b07a-ebda88e99509,id-59246f4f-164a-4b2a-8a8e-45df3640d285,AssociationRelationship,EA ModelSet
ed4f0454-5cf9-49a1-b07a-ebda88e99509,b3a31242-08fd-4d1c-8003-b4b53edc1501,AssociationRelationship,EA ModelSet
e605ae57-3670-45f2-b71e-70ec352cf6dd,id-59246f4f-164a-4b2a-8a8e-45df3640d285,AssociationRelationship,EA ModelSet
id-817b2aca-01ab-4e53-88c9-f0c97467322d,b3a31242-08fd-4d1c-8003-b4b53edc1501,AssociationRelationship,EA ModelSet
id-79881ab7-60ea-4e76-b4e0-c9c667c4800f,id-59246f4f-164a-4b2a-8a8e-45df3640d285,AssociationRelationship,EA ModelSet
id-004470f5-dfaf-4d1e-b47a-ff6537125d49,a08048f6-0e0f-47df-8c8d-06feeada8c69,AssignmentRelationship,EA ModelSet
id-2f4407c8-034f-477c-b467-0d46f4f50069,id-97ddc6e6-3cd8-47d8-b70f-1b3e16925120,AssignmentRelationship,EA ModelSet
fa28e9b9-91da-4d3c-859c-d1b94cbab4e1,e8d84674-bd36-4743-917f-0730d2b58309,AssignmentRelationship,EA ModelSet
cf70891b-827c-4486-8472-8fa9e8b78523,id-584b3e7c-5d05-4d16-b909-f90355b9f30a,AssignmentRelationship,EA ModelSet
id-2f4407c8-034f-477c-b467-0d46f4f50069,id-2fc48673-b922-4f5e-b5d7-10a14bf254f6,AssignmentRelationship,EA ModelSet
id-2f4407c8-034f-477c-b467-0d46f4f50069,id-04065ed2-d592-44ea-b34d-ef6d9bfdca0a,AssignmentRelationship,EA ModelSet
id-2f4407c8-034f-477c-b467-0d46f4f50069,eb50cb83-5ab8-4cb4-8a87-31cfd06abe7b,AssignmentRelationship,EA ModelSet
id-0c21f1ff-4637-4f51-8c64-b577926444b0,eb50cb83-5ab8-4cb4-8a87-31cfd06abe7b,RealizationRelationship,EA ModelSet
id-0c21f1ff-4637-4f51-8c64-b577926444b0,id-4b3c233a-d96e-4772-a80b-26cee1416d23,ServingRelationship,EA ModelSet
id-0c21f1ff-4637-4f51-8c64-b577926444b0,id-4b3c233a-d96e-4772-a80b-26cee1416d23,RealizationRelationship,EA ModelSet
cc7c94ef-7e68-4447-921a-0317859fc145,id-957ab703-3ccf-468c-a42a-878d75407649,AggregationRelationship,EA ModelSet
cc7c94ef-7e68-4447-921a-0317859fc145,id-567ff074-f8e7-42dc-9e6d-291d9dc5aa40,AggregationRelationship,EA ModelSet
id-05edc5db-6ceb-40e3-81a7-02910f7d3ae6,cc7c94ef-7e68-4447-921a-0317859fc145,RealizationRelationship,EA ModelSet
id-97ddc6e6-3cd8-47d8-b70f-1b3e16925120,cc7c94ef-7e68-4447-921a-0317859fc145,ServingRelationship,EA ModelSet
cc7c94ef-7e68-4447-921a-0317859fc145,id-97ddc6e6-3cd8-47d8-b70f-1b3e16925120,AggregationRelationship,EA ModelSet
cc7c94ef-7e68-4447-921a-0317859fc145,id-6b1f40a9-cd32-46ea-b482-260c7c9a35b7,AggregationRelationship,EA ModelSet
cc7c94ef-7e68-4447-921a-0317859fc145,id-633daa5c-2f70-413f-b890-121d1306b234,AggregationRelationship,EA ModelSet
id-957ab703-3ccf-468c-a42a-878d75407649,id-6b1f40a9-cd32-46ea-b482-260c7c9a35b7,AggregationRelationship,EA ModelSet
id-1db6f3ed-604d-4995-9231-3e4ffad85a3a,id-97ddc6e6-3cd8-47d8-b70f-1b3e16925120,RealizationRelationship,EA ModelSet
id-1db6f3ed-604d-4995-9231-3e4ffad85a3a,id-937065f4-ddc0-444a-a74d-4a41f14811c5,RealizationRelationship,EA ModelSet
id-9a2307e9-e7bd-4def-85e1-9d44e71b74bc,id-97ddc6e6-3cd8-47d8-b70f-1b3e16925120,RealizationRelationship,EA ModelSet
id-9a2307e9-e7bd-4def-85e1-9d44e71b74bc,id-8b9d27d9-5eae-4c85-89fd-3feb058425f4,RealizationRelationship,EA ModelSet
bca4c01f-7211-4a20-bf49-2674183e8c2c,id-97ddc6e6-3cd8-47d8-b70f-1b3e16925120,AggregationRelationship,EA ModelSet
bca4c01f-7211-4a20-bf49-2674183e8c2c,a08048f6-0e0f-47df-8c8d-06feeada8c69,AggregationRelationship,EA ModelSet
id-346648e2-4ade-4812-8560-d00018c05a5b,bca4c01f-7211-4a20-bf49-2674183e8c2c,RealizationRelationship,EA ModelSet
id-2026808a-cf03-4ba4-a656-ba0bdc3a60a9,bca4c01f-7211-4a20-bf49-2674183e8c2c,RealizationRelationship,EA ModelSet
id-9a2307e9-e7bd-4def-85e1-9d44e71b74bc,bca4c01f-7211-4a20-bf49-2674183e8c2c,RealizationRelationship,EA ModelSet
id-7fc500ac-b237-4a40-9c30-ca6c088682e4,id-97ddc6e6-3cd8-47d8-b70f-1b3e16925120,AggregationRelationship,EA ModelSet
id-7fc500ac-b237-4a40-9c30-ca6c088682e4,id-957ab703-3ccf-468c-a42a-878d75407649,AggregationRelationship,EA ModelSet
id-54042e60-3816-4995-876c-2a6b74eb4248,id-7fc500ac-b237-4a40-9c30-ca6c088682e4,RealizationRelationship,EA ModelSet
id-96994563-4b3c-42fa-ae03-b97b280b2a71,id-6b1f40a9-cd32-46ea-b482-260c7c9a35b7,AggregationRelationship,EA ModelSet
id-96994563-4b3c-42fa-ae03-b97b280b2a71,id-633daa5c-2f70-413f-b890-121d1306b234,AggregationRelationship,EA ModelSet
id-96994563-4b3c-42fa-ae03-b97b280b2a71,id-97ddc6e6-3cd8-47d8-b70f-1b3e16925120,AggregationRelationship,EA ModelSet
id-96994563-4b3c-42fa-ae03-b97b280b2a71,b5c6874b-5e1f-44ea-84a4-70571fce439e,ServingRelationship,EA ModelSet
b5c6874b-5e1f-44ea-84a4-70571fce439e,id-60428235-7ae1-491d-a494-3b1d9ae9d756,AssociationRelationship,EA ModelSet
id-96994563-4b3c-42fa-ae03-b97b280b2a71,ec7fb152-5583-4153-909e-bff31a978399,ServingRelationship,EA ModelSet
id-8ff81c2b-2ed9-4990-8795-44d059a6ff99,ec7fb152-5583-4153-909e-bff31a978399,RealizationRelationship,EA ModelSet
id-7fc500ac-b237-4a40-9c30-ca6c088682e4,c556c498-2e75-4c74-9246-41c828f61352,ServingRelationship,EA ModelSet
id-54042e60-3816-4995-876c-2a6b74eb4248,c556c498-2e75-4c74-9246-41c828f61352,RealizationRelationship,EA ModelSet
id-346648e2-4ade-4812-8560-d00018c05a5b,c556c498-2e75-4c74-9246-41c828f61352,RealizationRelationship,EA ModelSet
id-567ff074-f8e7-42dc-9e6d-291d9dc5aa40,cc7c94ef-7e68-4447-921a-0317859fc145,ServingRelationship,EA ModelSet
bca4c01f-7211-4a20-bf49-2674183e8c2c,id-8b9d27d9-5eae-4c85-89fd-3feb058425f4,ServingRelationship,EA ModelSet
cc7c94ef-7e68-4447-921a-0317859fc145,a1205761-0db4-421e-9c97-87a75a3785fc,ServingRelationship,EA ModelSet
id-05edc5db-6ceb-40e3-81a7-02910f7d3ae6,a1205761-0db4-421e-9c97-87a75a3785fc,RealizationRelationship,EA ModelSet
id-346648e2-4ade-4812-8560-d00018c05a5b,dee32f82-8cb2-4c39-aba6-810523044095,RealizationRelationship,EA ModelSet
id-2026808a-cf03-4ba4-a656-ba0bdc3a60a9,dee32f82-8cb2-4c39-aba6-810523044095,RealizationRelationship,EA ModelSet
bca4c01f-7211-4a20-bf49-2674183e8c2c,dee32f82-8cb2-4c39-aba6-810523044095,ServingRelationship,EA ModelSet
id-96994563-4b3c-42fa-ae03-b97b280b2a71,ecd05516-753b-4fe8-9d97-b742c1bec4a1,ServingRelationship,EA ModelSet
id-91417d18-f27a-4708-b9bf-befbca071906,id-8c584675-1681-4f7e-bd9c-b101e50068b9,RealizationRelationship,EA ModelSet
id-97ddc6e6-3cd8-47d8-b70f-1b3e16925120,id-8c584675-1681-4f7e-bd9c-b101e50068b9,RealizationRelationship,EA ModelSet
b0e6a385-e4ce-4857-b98a-b3c8ad491560,id-193f1d74-54e8-45e4-8cab-4bffc34d8145,RealizationRelationship,EA ModelSet
b0e6a385-e4ce-4857-b98a-b3c8ad491560,id-97ddc6e6-3cd8-47d8-b70f-1b3e16925120,ServingRelationship,EA ModelSet
id-2f4407c8-034f-477c-b467-0d46f4f50069,id-47dc92c8-7d25-4c37-9bb1-6452985b6bae,ServingRelationship,EA ModelSet
e8d84674-bd36-4743-917f-0730d2b58309,id-47dc92c8-7d25-4c37-9bb1-6452985b6bae,AssignmentRelationship,EA ModelSet
id-923cf897-12f8-42f7-94f0-978e3a0ec7c8,id-1293c0a8-ab31-4a75-a33d-c921932cd434,RealizationRelationship,EA ModelSet
id-1293c0a8-ab31-4a75-a33d-c921932cd434,id-82adcdbf-ad6f-452f-94e2-92d2324ac07c,AggregationRelationship,EA ModelSet
id-1293c0a8-ab31-4a75-a33d-c921932cd434,eb50cb83-5ab8-4cb4-8a87-31cfd06abe7b,AggregationRelationship,EA ModelSet
id-01115460-b05b-484b-b3bf-5840788b13b5,id-31210c4e-f48c-4c3c-9648-9c9ae7c4158c,AggregationRelationship,EA ModelSet
id-01115460-b05b-484b-b3bf-5840788b13b5,eb50cb83-5ab8-4cb4-8a87-31cfd06abe7b,AggregationRelationship,EA ModelSet
id-01115460-b05b-484b-b3bf-5840788b13b5,cc17791c-3b57-4632-a433-312001deb0ec,RealizationRelationship,EA ModelSet
id-24069389-fa3f-4388-87ac-7a4ac830d015,id-6829de45-73ca-46e8-b51e-21cb54a42d19,ServingRelationship,EA ModelSet
id-2fc48673-b922-4f5e-b5d7-10a14bf254f6,id-6829de45-73ca-46e8-b51e-21cb54a42d19,AssignmentRelationship,EA ModelSet
id-903a21e0-9e31-4089-aea4-fc5019af6aa7,e9265a51-eb98-499c-80b2-a16aea02d890,AggregationRelationship,EA ModelSet
id-903a21e0-9e31-4089-aea4-fc5019af6aa7,id-24069389-fa3f-4388-87ac-7a4ac830d015,AggregationRelationship,EA ModelSet
id-903a21e0-9e31-4089-aea4-fc5019af6aa7,id-97ddc6e6-3cd8-47d8-b70f-1b3e16925120,AggregationRelationship,EA ModelSet
id-903a21e0-9e31-4089-aea4-fc5019af6aa7,e6034709-4efe-4620-a0ca-fb8c1b6b1db5,ServingRelationship,EA ModelSet
e6034709-4efe-4620-a0ca-fb8c1b6b1db5,id-48954147-25cd-49d3-8114-cc6b9dfdf59d,ServingRelationship,EA ModelSet
id-1fa7d2e6-8738-4158-9f41-b375ce819cdc,id-88705dca-7ef0-410d-83a5-11a28d7d3ede,AssociationRelationship,EA ModelSet
id-97ddc6e6-3cd8-47d8-b70f-1b3e16925120,id-88705dca-7ef0-410d-83a5-11a28d7d3ede,RealizationRelationship,EA ModelSet
id-9e4a1248-8359-42d6-ae90-cdfb9b406dce,d7859109-90e0-4843-9b82-bc2f8cf9d32c,RealizationRelationship,EA ModelSet
id-4e90b655-ef3f-4170-b74f-33cb2c15123a,d7859109-90e0-4843-9b82-bc2f8cf9d32c,RealizationRelationship,EA ModelSet
id-4e90b655-ef3f-4170-b74f-33cb2c15123a,d6ac4f18-4210-445c-8975-45fedda3761b,AggregationRelationship,EA ModelSet
id-4e90b655-ef3f-4170-b74f-33cb2c15123a,id-97ddc6e6-3cd8-47d8-b70f-1b3e16925120,AggregationRelationship,EA ModelSet
e03b8cd9-15ff-4fff-8def-09d84a9c0f25,id-9e4a1248-8359-42d6-ae90-cdfb9b406dce,AssociationRelationship,EA ModelSet
id-1fa7d2e6-8738-4158-9f41-b375ce819cdc,id-41a6c6f3-fd82-42c2-ac59-88f303f7d79c,AssociationRelationship,EA ModelSet
cbb0727b-412b-41f8-8bd2-8da4df91804f,id-41a6c6f3-fd82-42c2-ac59-88f303f7d79c,RealizationRelationship,EA ModelSet
id-97ddc6e6-3cd8-47d8-b70f-1b3e16925120,id-41a6c6f3-fd82-42c2-ac59-88f303f7d79c,AssociationRelationship,EA ModelSet
id-584b3e7c-5d05-4d16-b909-f90355b9f30a,ba85b271-93be-4eb7-81f8-d50c0d882e1e,AssignmentRelationship,EA ModelSet
ba85b271-93be-4eb7-81f8-d50c0d882e1e,id-931f7491-956c-4a52-a474-01008d07cad1,ServingRelationship,EA ModelSet
id-567ff074-f8e7-42dc-9e6d-291d9dc5aa40,ee40e7db-603e-484b-b6af-4b71d4983807,AssignmentRelationship,EA ModelSet
ee40e7db-603e-484b-b6af-4b71d4983807,b178f8a9-2954-4055-9e72-db432fc690ce,ServingRelationship,EA ModelSet
ee40e7db-603e-484b-b6af-4b71d4983807,id-06923df8-9e10-4da6-a47a-d9f792bcbfc9,ServingRelationship,EA ModelSet
id-584b3e7c-5d05-4d16-b909-f90355b9f30a,ee40e7db-603e-484b-b6af-4b71d4983807,ServingRelationship,EA ModelSet
b3fb9e36-7344-4602-be7f-a41dfc118a34,id-6747f90f-e4b8-49a2-90a1-2e6d253b0984,AggregationRelationship,EA ModelSet
b3fb9e36-7344-4602-be7f-a41dfc118a34,a08048f6-0e0f-47df-8c8d-06feeada8c69,AggregationRelationship,EA ModelSet
id-1077ae72-3fec-4095-8a2e-9cbf3984cdb6,id-2858d486-63c0-41cc-8ffa-7a4476d3d84d,AssociationRelationship,EA ModelSet
id-6adc6034-0baa-4ffd-a9fd-eef260909fe6,id-2858d486-63c0-41cc-8ffa-7a4476d3d84d,AssociationRelationship,EA ModelSet
id-0d5cc1fb-1362-4963-9a38-0b1a181273ce,id-2858d486-63c0-41cc-8ffa-7a4476d3d84d,AssociationRelationship,EA ModelSet
id-2858d486-63c0-41cc-8ffa-7a4476d3d84d,b3fb9e36-7344-4602-be7f-a41dfc118a34,RealizationRelationship,EA ModelSet
id-61453006-550c-4cf1-843c-f540aa3f0fa0,id-2a72174e-aab4-4b6f-9ceb-a49f21d0f3d4,InfluenceRelationship,EA ModelSet
id-674f0069-9aef-49e9-be45-9ee2ee7e9639,id-2a72174e-aab4-4b6f-9ceb-a49f21d0f3d4,InfluenceRelationship,EA ModelSet
id-674f0069-9aef-49e9-be45-9ee2ee7e9639,id-61453006-550c-4cf1-843c-f540aa3f0fa0,ServingRelationship,EA ModelSet
a08048f6-0e0f-47df-8c8d-06feeada8c69,id-674f0069-9aef-49e9-be45-9ee2ee7e9639,ServingRelationship,EA ModelSet
id-60197741-0853-45f3-9fa3-7b9c844453e6,id-567ff074-f8e7-42dc-9e6d-291d9dc5aa40,AggregationRelationship,EA ModelSet
id-60197741-0853-45f3-9fa3-7b9c844453e6,d9d9fda5-ee15-4a5d-9845-f44d3a985383,AggregationRelationship,EA ModelSet
id-60197741-0853-45f3-9fa3-7b9c844453e6,a08048f6-0e0f-47df-8c8d-06feeada8c69,AggregationRelationship,EA ModelSet
id-60197741-0853-45f3-9fa3-7b9c844453e6,id-682dc792-e39b-401e-80ff-7cd0f27c6679,ServingRelationship,EA ModelSet
id-682dc792-e39b-401e-80ff-7cd0f27c6679,id-4f9d4707-7364-4c86-a20f-8cd610022e1e,InfluenceRelationship,EA ModelSet
f321e09a-bdc9-4f2f-84e0-38d142afbff0,fd7855e4-9f72-4e78-941a-d26819d24ecb,AggregationRelationship,EA ModelSet
f321e09a-bdc9-4f2f-84e0-38d142afbff0,id-97ddc6e6-3cd8-47d8-b70f-1b3e16925120,AggregationRelationship,EA ModelSet
f321e09a-bdc9-4f2f-84e0-38d142afbff0,a08048f6-0e0f-47df-8c8d-06feeada8c69,AggregationRelationship,EA ModelSet
f321e09a-bdc9-4f2f-84e0-38d142afbff0,id-3a80fc0c-6cd7-4e4b-a2aa-6db0963f33b8,AssignmentRelationship,EA ModelSet
id-2054d93c-f767-4dff-afc9-c960301fd059,id-54cc2047-c620-4be4-9dd2-632c775fecb7,AggregationRelationship,EA ModelSet
id-2054d93c-f767-4dff-afc9-c960301fd059,a08048f6-0e0f-47df-8c8d-06feeada8c69,AggregationRelationship,EA ModelSet
id-2054d93c-f767-4dff-afc9-c960301fd059,id-97ddc6e6-3cd8-47d8-b70f-1b3e16925120,AggregationRelationship,EA ModelSet
id-2054d93c-f767-4dff-afc9-c960301fd059,id-8ee45fda-29c1-4672-ac65-c4026662ad1a,ServingRelationship,EA ModelSet
id-81ccb4b3-ced2-421f-b542-c3dbf483e3e4,a08048f6-0e0f-47df-8c8d-06feeada8c69,AggregationRelationship,EA ModelSet
id-81ccb4b3-ced2-421f-b542-c3dbf483e3e4,id-97ddc6e6-3cd8-47d8-b70f-1b3e16925120,AggregationRelationship,EA ModelSet
id-81ccb4b3-ced2-421f-b542-c3dbf483e3e4,id-66a83573-49ce-4de4-9662-ca631f77c2a8,AssignmentRelationship,EA ModelSet
id-66a83573-49ce-4de4-9662-ca631f77c2a8,id-1db6f3ed-604d-4995-9231-3e4ffad85a3a,ServingRelationship,EA ModelSet
a08048f6-0e0f-47df-8c8d-06feeada8c69,id-8e3ba8cd-26dd-4680-879c-a39c4f6e5097,AccessRelationship,EA ModelSet
dd478af4-d8c7-4c01-8b33-35176ddae084,id-8e3ba8cd-26dd-4680-879c-a39c4f6e5097,AccessRelationship,EA ModelSet
id-46c864f3-0462-4400-89f5-23360bf53fea,id-50343c72-7317-4f94-87b0-0e730de94da0,AggregationRelationship,EA ModelSet
id-46c864f3-0462-4400-89f5-23360bf53fea,a08048f6-0e0f-47df-8c8d-06feeada8c69,AggregationRelationship,EA ModelSet
id-46c864f3-0462-4400-89f5-23360bf53fea,fd7855e4-9f72-4e78-941a-d26819d24ecb,AggregationRelationship,EA ModelSet
id-1283775d-6950-4320-9f9a-74390dc684a3,id-46c864f3-0462-4400-89f5-23360bf53fea,RealizationRelationship,EA ModelSet
id-46c864f3-0462-4400-89f5-23360bf53fea,id-567ff074-f8e7-42dc-9e6d-291d9dc5aa40,AggregationRelationship,EA ModelSet
fd7855e4-9f72-4e78-941a-d26819d24ecb,id-63b67c6e-f201-40a3-9bcf-cb6515302401,ServingRelationship,EA ModelSet
a08048f6-0e0f-47df-8c8d-06feeada8c69,id-63b67c6e-f201-40a3-9bcf-cb6515302401,ServingRelationship,EA ModelSet
e8d84674-bd36-4743-917f-0730d2b58309,id-84057d61-ba44-4ba6-bf9b-4e39e8eb760f,ServingRelationship,EA ModelSet
e7008673-2689-48ed-abb7-be2a69c1e80f,id-7f314847-904c-47b4-934e-766f489953bb,AssociationRelationship,EA ModelSet
id-7f314847-904c-47b4-934e-766f489953bb,fadf2f4e-b00b-4e47-8c60-f1cb6136174f,AssociationRelationship,EA ModelSet
id-5c814bf0-304d-4a25-8b05-3bf46a572a37,id-7f314847-904c-47b4-934e-766f489953bb,AssociationRelationship,EA ModelSet
id-015ec56b-8ae8-4c2a-ae2c-62b8c950b90a,id-7f314847-904c-47b4-934e-766f489953bb,AssociationRelationship,EA ModelSet
id-02a7e20b-a232-4393-a7a3-02149957bc67,id-7f314847-904c-47b4-934e-766f489953bb,AssociationRelationship,EA ModelSet
a4fb5ed5-dfb0-45f7-8aae-ce4e41a9e4f9,id-7f314847-904c-47b4-934e-766f489953bb,AssociationRelationship,EA ModelSet
e8d84674-bd36-4743-917f-0730d2b58309,id-7f314847-904c-47b4-934e-766f489953bb,ServingRelationship,EA ModelSet
id-84049f74-44cd-47da-b436-cd7cf1388f8e,id-732b3121-6cde-4039-923f-daeda01a9054,AssociationRelationship,EA ModelSet
id-3897104d-c37e-4975-b30f-acaa1de52fd2,e8d84674-bd36-4743-917f-0730d2b58309,AggregationRelationship,EA ModelSet
id-3897104d-c37e-4975-b30f-acaa1de52fd2,id-6b1f40a9-cd32-46ea-b482-260c7c9a35b7,AggregationRelationship,EA ModelSet
id-3897104d-c37e-4975-b30f-acaa1de52fd2,id-633daa5c-2f70-413f-b890-121d1306b234,AggregationRelationship,EA ModelSet
id-3897104d-c37e-4975-b30f-acaa1de52fd2,id-84049f74-44cd-47da-b436-cd7cf1388f8e,AssignmentRelationship,EA ModelSet
id-4ff941a1-afa1-45d8-b965-77a722b7799c,e8d84674-bd36-4743-917f-0730d2b58309,AggregationRelationship,EA ModelSet
id-4ff941a1-afa1-45d8-b965-77a722b7799c,a08048f6-0e0f-47df-8c8d-06feeada8c69,AggregationRelationship,EA ModelSet
id-4ff941a1-afa1-45d8-b965-77a722b7799c,c2e72736-5b6b-4d2b-be41-c591ec35bc43,AssociationRelationship,EA ModelSet
id-31210c4e-f48c-4c3c-9648-9c9ae7c4158c,c2e72736-5b6b-4d2b-be41-c591ec35bc43,AssignmentRelationship,EA ModelSet
id-9140de67-9f2f-463d-945b-be663627a615,ba6585de-3817-480b-93a9-d83b329f83f0,AssociationRelationship,EA ModelSet
e8d84674-bd36-4743-917f-0730d2b58309,id-9140de67-9f2f-463d-945b-be663627a615,AssignmentRelationship,EA ModelSet
id-750d17f6-d703-4f5c-a157-94f5aa543370,e8d84674-bd36-4743-917f-0730d2b58309,AggregationRelationship,EA ModelSet
id-750d17f6-d703-4f5c-a157-94f5aa543370,a08048f6-0e0f-47df-8c8d-06feeada8c69,AggregationRelationship,EA ModelSet
id-750d17f6-d703-4f5c-a157-94f5aa543370,id-50343c72-7317-4f94-87b0-0e730de94da0,AggregationRelationship,EA ModelSet
id-750d17f6-d703-4f5c-a157-94f5aa543370,id-3160209b-e249-4f62-a64c-b1822873b1ac,AssignmentRelationship,EA ModelSet
id-1ac2971d-9721-4876-b783-3337cd38ed49,id-ea7658b9-be39-4e1f-9e48-d6fc4b0ba37c,AssociationRelationship,EA ModelSet
id-1ac2971d-9721-4876-b783-3337cd38ed49,id-89a3ec7d-ec9f-47eb-ab29-c8ee629d27eb,AssociationRelationship,EA ModelSet
id-1ac2971d-9721-4876-b783-3337cd38ed49,id-787ad6a1-2231-4d5e-8a61-864327aef573,AssociationRelationship,EA ModelSet
id-7c68fdbd-dffa-4982-b141-0b3b72325524,id-a36a629f-c422-425d-a5e3-5e3364c5a21a,AssociationRelationship,EA ModelSet
id-545223ec-e8a6-4e39-af68-d7ae48820cd9,id-679040c4-8188-418e-babc-0ceb66214e4b,CompositionRelationship,EA ModelSet
id-297c9467-cdf2-4b09-9e98-e588c576fe23,id-7c68fdbd-dffa-4982-b141-0b3b72325524,AssociationRelationship,EA ModelSet
id-297c9467-cdf2-4b09-9e98-e588c576fe23,id-7c68fdbd-dffa-4982-b141-0b3b72325524,CompositionRelationship,EA ModelSet
id-297c9467-cdf2-4b09-9e98-e588c576fe23,id-267c7a3b-bbfa-45ac-b2c7-ec7312598154,CompositionRelationship,EA ModelSet
id-7c68fdbd-dffa-4982-b141-0b3b72325524,id-919c56cf-e761-4772-a0c1-768ce49a514c,AssociationRelationship,EA ModelSet
id-297c9467-cdf2-4b09-9e98-e588c576fe23,id-545223ec-e8a6-4e39-af68-d7ae48820cd9,CompositionRelationship,EA ModelSet
id-919c56cf-e761-4772-a0c1-768ce49a514c,id-c08db88a-4031-4d25-b901-18b590781ec6,RealizationRelationship,EA ModelSet
id-7c68fdbd-dffa-4982-b141-0b3b72325524,id-545223ec-e8a6-4e39-af68-d7ae48820cd9,AssociationRelationship,EA ModelSet
id-267c7a3b-bbfa-45ac-b2c7-ec7312598154,id-7c68fdbd-dffa-4982-b141-0b3b72325524,AssociationRelationship,EA ModelSet
id-a36a629f-c422-425d-a5e3-5e3364c5a21a,id-5ef201b4-e37d-4cd1-a7db-c09f438eeea6,CompositionRelationship,EA ModelSet
id-545223ec-e8a6-4e39-af68-d7ae48820cd9,id-c571daef-26a5-4982-9f43-4d444b15dce8,CompositionRelationship,EA ModelSet
id-545223ec-e8a6-4e39-af68-d7ae48820cd9,id-2d0964d0-6843-4b0a-96a3-f6027efa5561,RealizationRelationship,EA ModelSet
id-297c9467-cdf2-4b09-9e98-e588c576fe23,id-919c56cf-e761-4772-a0c1-768ce49a514c,CompositionRelationship,EA ModelSet
id-545223ec-e8a6-4e39-af68-d7ae48820cd9,id-dd5d2b29-00e2-4974-98f9-72659ccbb7f8,CompositionRelationship,EA ModelSet
id-2d231c8f-3462-4e9f-ab55-d86b077d7a89,id-267c7a3b-bbfa-45ac-b2c7-ec7312598154,AssociationRelationship,EA ModelSet
id-267c7a3b-bbfa-45ac-b2c7-ec7312598154,id-5090b1f5-bc5f-4225-97cb-765cf80f95e5,RealizationRelationship,EA ModelSet
id-297c9467-cdf2-4b09-9e98-e588c576fe23,id-a36a629f-c422-425d-a5e3-5e3364c5a21a,CompositionRelationship,EA ModelSet
id-a36a629f-c422-425d-a5e3-5e3364c5a21a,id-65871168-8837-4cd1-806a-4b73449b4476,CompositionRelationship,EA ModelSet
id-d32fee87-70e9-48e4-bf2a-c0811ee04e80,id-3fc8c4c7-8526-460f-915f-b21a370f4bd3,AssignmentRelationship,EA ModelSet
id-58fc23fa-aea6-4bde-8620-8e8314154dc6,id-d32fee87-70e9-48e4-bf2a-c0811ee04e80,CompositionRelationship,EA ModelSet
id-395d19cc-b299-4dc6-a073-53601562eae5,id-4ecf7b1b-3b74-4536-9465-b4ce79e225b5,AggregationRelationship,EA ModelSet
id-395d19cc-b299-4dc6-a073-53601562eae5,id-5d1855ae-42c6-4af8-8679-0974b3631fbe,AggregationRelationship,EA ModelSet
cf660b8a-6750-4ea4-afdf-2c77a89f0518,bb707b2d-3011-4a81-b876-fbe1ea9a3ecd,ServingRelationship,EA ModelSet
cf660b8a-6750-4ea4-afdf-2c77a89f0518,bb707b2d-3011-4a81-b876-fbe1ea9a3ecd,RealizationRelationship,EA ModelSet
cf660b8a-6750-4ea4-afdf-2c77a89f0518,e2186345-d1c1-4fa4-857d-b10ca04e6de9,ServingRelationship,EA ModelSet
bb707b2d-3011-4a81-b876-fbe1ea9a3ecd,b5d405a2-b1cc-401a-a178-f92efffd87c5,RealizationRelationship,EA ModelSet
bb707b2d-3011-4a81-b876-fbe1ea9a3ecd,fb609f29-f05a-40da-a09f-1bd63bd258b4,AssignmentRelationship,EA ModelSet
bb707b2d-3011-4a81-b876-fbe1ea9a3ecd,id-55d9771e-38e2-422f-8db5-cbdf5e59d4a1,AssignmentRelationship,EA ModelSet
b5d405a2-b1cc-401a-a178-f92efffd87c5,id-55d9771e-38e2-422f-8db5-cbdf5e59d4a1,ServingRelationship,EA ModelSet
fb609f29-f05a-40da-a09f-1bd63bd258b4,b5d405a2-b1cc-401a-a178-f92efffd87c5,ServingRelationship,EA ModelSet
id-7fd3f514-36fe-4ce8-baad-fee56b77d3e9,fb609f29-f05a-40da-a09f-1bd63bd258b4,ServingRelationship,EA ModelSet
fb609f29-f05a-40da-a09f-1bd63bd258b4,id-7fd3f514-36fe-4ce8-baad-fee56b77d3e9,AccessRelationship,EA ModelSet
cf660b8a-6750-4ea4-afdf-2c77a89f0518,id-051b4d9e-8bf9-4578-94ec-12284a1d1d86,CompositionRelationship,EA ModelSet
id-16fa2770-1bd0-4645-b1ef-3f68e7d2f828,id-500d15d8-79c1-40c9-89f8-9c5b76e2dca8,ServingRelationship,EA ModelSet
id-500d15d8-79c1-40c9-89f8-9c5b76e2dca8,id-16fa2770-1bd0-4645-b1ef-3f68e7d2f828,AccessRelationship,EA ModelSet
d91a0019-47c9-48ae-98ef-b9967450a33b,id-500d15d8-79c1-40c9-89f8-9c5b76e2dca8,AssignmentRelationship,EA ModelSet
a4cfec42-7f09-4c54-93c6-2cbcf268906c,ad58515c-3afa-407b-9c9e-a8a31e1b7ba6,ServingRelationship,EA ModelSet
d9dfa0f8-5dd1-4062-b47e-da80762a73e5,d91a0019-47c9-48ae-98ef-b9967450a33b,RealizationRelationship,EA ModelSet
d91a0019-47c9-48ae-98ef-b9967450a33b,a4cfec42-7f09-4c54-93c6-2cbcf268906c,RealizationRelationship,EA ModelSet
d91a0019-47c9-48ae-98ef-b9967450a33b,ad58515c-3afa-407b-9c9e-a8a31e1b7ba6,AssignmentRelationship,EA ModelSet
id-500d15d8-79c1-40c9-89f8-9c5b76e2dca8,a4cfec42-7f09-4c54-93c6-2cbcf268906c,ServingRelationship,EA ModelSet
d9dfa0f8-5dd1-4062-b47e-da80762a73e5,d91a0019-47c9-48ae-98ef-b9967450a33b,ServingRelationship,EA ModelSet
d9dfa0f8-5dd1-4062-b47e-da80762a73e5,e2186345-d1c1-4fa4-857d-b10ca04e6de9,ServingRelationship,EA ModelSet
id-051b4d9e-8bf9-4578-94ec-12284a1d1d86,e7bdf6bd-423b-408e-9122-d0e44ecb3614,CompositionRelationship,EA ModelSet
id-4100ac98-da58-4af4-a0d0-82a29196be7a,id-78c75266-7569-4cfb-8806-b1ca77b3bdff,AssociationRelationship,EA ModelSet
b1867316-7f85-4f1d-9be3-f24a37b08855,id-4100ac98-da58-4af4-a0d0-82a29196be7a,AccessRelationship,EA ModelSet
b1867316-7f85-4f1d-9be3-f24a37b08855,id-78c75266-7569-4cfb-8806-b1ca77b3bdff,AccessRelationship,EA ModelSet
id-32689a15-7e81-4c59-b96e-b17f975bd9a8,id-097dda8b-8de6-419d-baf4-2df3323ec7d6,CompositionRelationship,EA ModelSet
fa6e6ab4-4e6a-46a5-b0c1-d9a24ccdf7e0,id-77c9c88d-efcf-4be7-870b-87fbf750f690,CompositionRelationship,EA ModelSet
id-60b422f8-13c3-49a9-9f20-bbfc84987985,id-32689a15-7e81-4c59-b96e-b17f975bd9a8,CompositionRelationship,EA ModelSet
id-60b422f8-13c3-49a9-9f20-bbfc84987985,fa6e6ab4-4e6a-46a5-b0c1-d9a24ccdf7e0,CompositionRelationship,EA ModelSet
id-65587fca-9c21-45ea-815f-2fcc000010ed,id-6ca99049-3912-4a38-938d-74ad24faa70c,CompositionRelationship,EA ModelSet
id-60b422f8-13c3-49a9-9f20-bbfc84987985,id-65587fca-9c21-45ea-815f-2fcc000010ed,CompositionRelationship,EA ModelSet
f3415f46-71e7-4299-b98b-fe6c5cac6860,id-60f7db40-2a21-4240-9ee3-0f1e4215cd59,CompositionRelationship,EA ModelSet
id-60b422f8-13c3-49a9-9f20-bbfc84987985,f3415f46-71e7-4299-b98b-fe6c5cac6860,CompositionRelationship,EA ModelSet
id-60b422f8-13c3-49a9-9f20-bbfc84987985,id-500d15d8-79c1-40c9-89f8-9c5b76e2dca8,ServingRelationship,EA ModelSet
e7bdf6bd-423b-408e-9122-d0e44ecb3614,b5d405a2-b1cc-401a-a178-f92efffd87c5,ServingRelationship,EA ModelSet
d1b6f0c6-4de1-4420-8ddd-0ea08fbc0235,a9610023-e1e2-44d0-84a1-adf985cb9ed8,CompositionRelationship,EA ModelSet
id-60b422f8-13c3-49a9-9f20-bbfc84987985,d1b6f0c6-4de1-4420-8ddd-0ea08fbc0235,CompositionRelationship,EA ModelSet
d1b6f0c6-4de1-4420-8ddd-0ea08fbc0235,id-500d15d8-79c1-40c9-89f8-9c5b76e2dca8,ServingRelationship,EA ModelSet
c84d077a-c91e-4135-ac1b-176068d91132,b1867316-7f85-4f1d-9be3-f24a37b08855,RealizationRelationship,EA ModelSet
id-46d4d546-dff0-4ac5-ba89-da8795f90d82,b1867316-7f85-4f1d-9be3-f24a37b08855,RealizationRelationship,EA ModelSet
b1867316-7f85-4f1d-9be3-f24a37b08855,d1b6f0c6-4de1-4420-8ddd-0ea08fbc0235,ServingRelationship,EA ModelSet
id-404330d0-2de8-4ac6-9b49-c1a83491f6a7,id-1fd6d291-519b-42b2-8c74-5560afb9fa6b,ServingRelationship,EA ModelSet
id-404330d0-2de8-4ac6-9b49-c1a83491f6a7,f3415f46-71e7-4299-b98b-fe6c5cac6860,FlowRelationship,EA ModelSet
id-2f3349eb-1417-4292-9b15-54aa6536e66e,b1867316-7f85-4f1d-9be3-f24a37b08855,ServingRelationship,EA ModelSet
id-2f3349eb-1417-4292-9b15-54aa6536e66e,b1867316-7f85-4f1d-9be3-f24a37b08855,FlowRelationship,EA ModelSet
c8a71f71-3c43-4d52-bdce-c20f554032f7,id-65587fca-9c21-45ea-815f-2fcc000010ed,FlowRelationship,EA ModelSet
id-1fd6d291-519b-42b2-8c74-5560afb9fa6b,c8a71f71-3c43-4d52-bdce-c20f554032f7,AssociationRelationship,EA ModelSet
id-1fd6d291-519b-42b2-8c74-5560afb9fa6b,id-2f3349eb-1417-4292-9b15-54aa6536e66e,AssociationRelationship,EA ModelSet
id-1fd6d291-519b-42b2-8c74-5560afb9fa6b,c7b9d002-c4d4-4f04-8cff-88f0bc4332e8,AssociationRelationship,EA ModelSet
id-051b4d9e-8bf9-4578-94ec-12284a1d1d86,c84d077a-c91e-4135-ac1b-176068d91132,AssociationRelationship,EA ModelSet
fb609f29-f05a-40da-a09f-1bd63bd258b4,b5d405a2-b1cc-401a-a178-f92efffd87c5,CompositionRelationship,EA ModelSet
cf660b8a-6750-4ea4-afdf-2c77a89f0518,fb609f29-f05a-40da-a09f-1bd63bd258b4,RealizationRelationship,EA ModelSet
cf660b8a-6750-4ea4-afdf-2c77a89f0518,bb707b2d-3011-4a81-b876-fbe1ea9a3ecd,AssociationRelationship,EA ModelSet
e7bdf6bd-423b-408e-9122-d0e44ecb3614,id-8076c28c-e502-4a05-bdea-e890bafd2475,AssociationRelationship,EA ModelSet
da653743-ece5-4cae-985f-9bca4c8473cc,a0ea2a44-9106-40ca-940f-02f966bc30ff,AssignmentRelationship,EA ModelSet
da653743-ece5-4cae-985f-9bca4c8473cc,a260424b-b9ef-42cb-9d34-ba771bfececc,AssignmentRelationship,EA ModelSet
c306461d-4940-4046-9b5d-0afeb9e0526c,a260424b-b9ef-42cb-9d34-ba771bfececc,FlowRelationship,EA ModelSet
c306461d-4940-4046-9b5d-0afeb9e0526c,id-49ff30f0-0900-4cbf-8eb1-0ecd660c3466,FlowRelationship,EA ModelSet
a260424b-b9ef-42cb-9d34-ba771bfececc,c306461d-4940-4046-9b5d-0afeb9e0526c,FlowRelationship,EA ModelSet
id-49ff30f0-0900-4cbf-8eb1-0ecd660c3466,c306461d-4940-4046-9b5d-0afeb9e0526c,FlowRelationship,EA ModelSet
c14fd623-1fc8-490e-a5f5-19f2a66c48ee,c306461d-4940-4046-9b5d-0afeb9e0526c,FlowRelationship,EA ModelSet
da653743-ece5-4cae-985f-9bca4c8473cc,id-133b07b7-be70-404a-a403-ea87de6f056d,AssignmentRelationship,EA ModelSet
a260424b-b9ef-42cb-9d34-ba771bfececc,id-133b07b7-be70-404a-a403-ea87de6f056d,FlowRelationship,EA ModelSet
id-133b07b7-be70-404a-a403-ea87de6f056d,id-49197df3-a3a4-4b1b-90fa-b998bf9a15da,FlowRelationship,EA ModelSet
e08a74ba-1b35-446d-b475-9f0ef4b8dea9,id-133b07b7-be70-404a-a403-ea87de6f056d,FlowRelationship,EA ModelSet
da653743-ece5-4cae-985f-9bca4c8473cc,c6303165-37c1-4f82-9214-2fecee396d34,AssignmentRelationship,EA ModelSet
c6303165-37c1-4f82-9214-2fecee396d34,e08a74ba-1b35-446d-b475-9f0ef4b8dea9,FlowRelationship,EA ModelSet
e08a74ba-1b35-446d-b475-9f0ef4b8dea9,id-141854aa-612d-47b3-87ae-c4365c2f69e5,FlowRelationship,EA ModelSet
id-08e2a5ec-9e82-4cf7-bb54-387e3ac413f5,cbb2a31e-90e8-41b9-a97f-5c1da784ccd1,FlowRelationship,EA ModelSet
cbb2a31e-90e8-41b9-a97f-5c1da784ccd1,id-08e2a5ec-9e82-4cf7-bb54-387e3ac413f5,FlowRelationship,EA ModelSet
a71c7464-24e4-46a0-aa5b-da99b5cc09b3,id-133b07b7-be70-404a-a403-ea87de6f056d,FlowRelationship,EA ModelSet
id-49197df3-a3a4-4b1b-90fa-b998bf9a15da,cbb2a31e-90e8-41b9-a97f-5c1da784ccd1,FlowRelationship,EA ModelSet
da653743-ece5-4cae-985f-9bca4c8473cc,id-2e0d3fde-5243-4ac9-9acd-7b57ce4ca19e,AssignmentRelationship,EA ModelSet
cbb2a31e-90e8-41b9-a97f-5c1da784ccd1,a260424b-b9ef-42cb-9d34-ba771bfececc,FlowRelationship,EA ModelSet
id-2e0d3fde-5243-4ac9-9acd-7b57ce4ca19e,c6303165-37c1-4f82-9214-2fecee396d34,FlowRelationship,EA ModelSet
da653743-ece5-4cae-985f-9bca4c8473cc,id-6a50da01-8e70-42ca-b76f-d106552381ac,AssignmentRelationship,EA ModelSet
a28e1463-956b-4c2d-bb79-86898dd1fc02,id-6a50da01-8e70-42ca-b76f-d106552381ac,FlowRelationship,EA ModelSet
a28e1463-956b-4c2d-bb79-86898dd1fc02,id-08e2a5ec-9e82-4cf7-bb54-387e3ac413f5,FlowRelationship,EA ModelSet
id-6a50da01-8e70-42ca-b76f-d106552381ac,id-2e0d3fde-5243-4ac9-9acd-7b57ce4ca19e,AssociationRelationship,EA ModelSet
a260424b-b9ef-42cb-9d34-ba771bfececc,id-2e0d3fde-5243-4ac9-9acd-7b57ce4ca19e,AssociationRelationship,EA ModelSet
da653743-ece5-4cae-985f-9bca4c8473cc,id-0d166af5-3afd-4651-bf2e-6e09d86ad0af,AssignmentRelationship,EA ModelSet
id-6a50da01-8e70-42ca-b76f-d106552381ac,id-0d166af5-3afd-4651-bf2e-6e09d86ad0af,AssociationRelationship,EA ModelSet
id-0d166af5-3afd-4651-bf2e-6e09d86ad0af,id-08e2a5ec-9e82-4cf7-bb54-387e3ac413f5,AssociationRelationship,EA ModelSet
id-141854aa-612d-47b3-87ae-c4365c2f69e5,id-08e2a5ec-9e82-4cf7-bb54-387e3ac413f5,AssociationRelationship,EA ModelSet
da653743-ece5-4cae-985f-9bca4c8473cc,febf9a5a-3fa6-4536-b0bb-1e7a864b04b9,AssignmentRelationship,EA ModelSet
id-6a50da01-8e70-42ca-b76f-d106552381ac,febf9a5a-3fa6-4536-b0bb-1e7a864b04b9,AssociationRelationship,EA ModelSet
id-062ebe49-1eda-4345-9d3f-76e399e5dbb0,febf9a5a-3fa6-4536-b0bb-1e7a864b04b9,AssociationRelationship,EA ModelSet
eb08d808-2f6b-4ef1-87ad-497c9e4b9d87,id-49ff30f0-0900-4cbf-8eb1-0ecd660c3466,AssociationRelationship,EA ModelSet
a0ea2a44-9106-40ca-940f-02f966bc30ff,febf9a5a-3fa6-4536-b0bb-1e7a864b04b9,AssociationRelationship,EA ModelSet
febf9a5a-3fa6-4536-b0bb-1e7a864b04b9,id-49ff30f0-0900-4cbf-8eb1-0ecd660c3466,AssociationRelationship,EA ModelSet
c306461d-4940-4046-9b5d-0afeb9e0526c,febf9a5a-3fa6-4536-b0bb-1e7a864b04b9,AssociationRelationship,EA ModelSet
id-062ebe49-1eda-4345-9d3f-76e399e5dbb0,a0ea2a44-9106-40ca-940f-02f966bc30ff,FlowRelationship,EA ModelSet
a0ea2a44-9106-40ca-940f-02f966bc30ff,id-062ebe49-1eda-4345-9d3f-76e399e5dbb0,FlowRelationship,EA ModelSet
c306461d-4940-4046-9b5d-0afeb9e0526c,id-062ebe49-1eda-4345-9d3f-76e399e5dbb0,AssociationRelationship,EA ModelSet
a28e1463-956b-4c2d-bb79-86898dd1fc02,id-6ecaef8a-8a97-4f8a-990a-3aca7d5c7924,FlowRelationship,EA ModelSet
id-6ecaef8a-8a97-4f8a-990a-3aca7d5c7924,id-6a50da01-8e70-42ca-b76f-d106552381ac,AssociationRelationship,EA ModelSet
a260424b-b9ef-42cb-9d34-ba771bfececc,a0ea2a44-9106-40ca-940f-02f966bc30ff,FlowRelationship,EA ModelSet
ee7f2619-25a0-4c90-9d71-42fba879fb41,id-49ff30f0-0900-4cbf-8eb1-0ecd660c3466,FlowRelationship,EA ModelSet
ee7f2619-25a0-4c90-9d71-42fba879fb41,c306461d-4940-4046-9b5d-0afeb9e0526c,FlowRelationship,EA ModelSet
c14fd623-1fc8-490e-a5f5-19f2a66c48ee,ee7f2619-25a0-4c90-9d71-42fba879fb41,FlowRelationship,EA ModelSet
ee7f2619-25a0-4c90-9d71-42fba879fb41,a260424b-b9ef-42cb-9d34-ba771bfececc,FlowRelationship,EA ModelSet
id-062ebe49-1eda-4345-9d3f-76e399e5dbb0,ee7f2619-25a0-4c90-9d71-42fba879fb41,AssociationRelationship,EA ModelSet
c14fd623-1fc8-490e-a5f5-19f2a66c48ee,a260424b-b9ef-42cb-9d34-ba771bfececc,FlowRelationship,EA ModelSet
a0ea2a44-9106-40ca-940f-02f966bc30ff,id-2e0d3fde-5243-4ac9-9acd-7b57ce4ca19e,FlowRelationship,EA ModelSet
febf9a5a-3fa6-4536-b0bb-1e7a864b04b9,id-2e0d3fde-5243-4ac9-9acd-7b57ce4ca19e,AssociationRelationship,EA ModelSet
id-062ebe49-1eda-4345-9d3f-76e399e5dbb0,id-08e2a5ec-9e82-4cf7-bb54-387e3ac413f5,FlowRelationship,EA ModelSet
id-2e0d3fde-5243-4ac9-9acd-7b57ce4ca19e,f2a69448-2b23-444e-9d59-b3442bb88d35,FlowRelationship,EA ModelSet
f2a69448-2b23-444e-9d59-b3442bb88d35,id-0d166af5-3afd-4651-bf2e-6e09d86ad0af,FlowRelationship,EA ModelSet
id-062ebe49-1eda-4345-9d3f-76e399e5dbb0,id-6ffea38a-d5c0-442e-b4d6-192c180b19f9,FlowRelationship,EA ModelSet
id-141854aa-612d-47b3-87ae-c4365c2f69e5,id-6ffea38a-d5c0-442e-b4d6-192c180b19f9,AssociationRelationship,EA ModelSet
f2a69448-2b23-444e-9d59-b3442bb88d35,id-141854aa-612d-47b3-87ae-c4365c2f69e5,AssociationRelationship,EA ModelSet
f2a69448-2b23-444e-9d59-b3442bb88d35,id-0d166af5-3afd-4651-bf2e-6e09d86ad0af,AssociationRelationship,EA ModelSet
f2a69448-2b23-444e-9d59-b3442bb88d35,id-2e0d3fde-5243-4ac9-9acd-7b57ce4ca19e,AssociationRelationship,EA ModelSet
id-062ebe49-1eda-4345-9d3f-76e399e5dbb0,id-725f3f72-c5b4-4638-b911-b8b34385a22c,FlowRelationship,EA ModelSet
id-725f3f72-c5b4-4638-b911-b8b34385a22c,id-062ebe49-1eda-4345-9d3f-76e399e5dbb0,FlowRelationship,EA ModelSet
id-725f3f72-c5b4-4638-b911-b8b34385a22c,id-49ff30f0-0900-4cbf-8eb1-0ecd660c3466,AssociationRelationship,EA ModelSet
id-725f3f72-c5b4-4638-b911-b8b34385a22c,c306461d-4940-4046-9b5d-0afeb9e0526c,AssociationRelationship,EA ModelSet
id-725f3f72-c5b4-4638-b911-b8b34385a22c,febf9a5a-3fa6-4536-b0bb-1e7a864b04b9,AssociationRelationship,EA ModelSet
a260424b-b9ef-42cb-9d34-ba771bfececc,id-725f3f72-c5b4-4638-b911-b8b34385a22c,FlowRelationship,EA ModelSet
f2e555e6-69be-4b2c-8ffc-ac85919a56e0,ee7f2619-25a0-4c90-9d71-42fba879fb41,AssociationRelationship,EA ModelSet
c6303165-37c1-4f82-9214-2fecee396d34,c14fd623-1fc8-490e-a5f5-19f2a66c48ee,AssociationRelationship,EA ModelSet
c14fd623-1fc8-490e-a5f5-19f2a66c48ee,ee7f2619-25a0-4c90-9d71-42fba879fb41,AssociationRelationship,EA ModelSet
id-175c2f98-a70b-4a6b-a550-4abeb1d66ebd,bac2cb5a-e8ae-4508-ab22-65a04e4be19e,TriggeringRelationship,EA ModelSet
f57e2faf-a5c2-4a70-8da4-fab29316d5bb,id-175c2f98-a70b-4a6b-a550-4abeb1d66ebd,TriggeringRelationship,EA ModelSet
id-64440545-8910-4ea1-88aa-112114f8faa8,id-2d65da00-70b5-4389-847c-50ccb515dae7,TriggeringRelationship,EA ModelSet
id-2d65da00-70b5-4389-847c-50ccb515dae7,bac2cb5a-e8ae-4508-ab22-65a04e4be19e,TriggeringRelationship,EA ModelSet
id-957f22ba-b885-436b-96bf-a2224023556d,fcb56dd9-3de8-4980-8d30-5e7085bedecc,ServingRelationship,EA ModelSet
bac2cb5a-e8ae-4508-ab22-65a04e4be19e,id-64bd102f-8927-42b5-ad68-3c2001e5a9e0,TriggeringRelationship,EA ModelSet
id-73cc7921-efa9-4448-ac45-2a9a91475d71,d6add7a0-4aa3-4229-8f11-59b06ca15da4,CompositionRelationship,EA ModelSet
id-47cf88b1-00e6-45d2-9667-4e1da154ca04,id-048ca363-b361-4bad-a5f0-3328b4f00c73,CompositionRelationship,EA ModelSet
id-048ca363-b361-4bad-a5f0-3328b4f00c73,id-85de0150-050f-448a-bc98-2e2fe7d535a4,CompositionRelationship,EA ModelSet
id-47cf88b1-00e6-45d2-9667-4e1da154ca04,id-3ca4fc7f-e497-4cbb-a759-0d6a7241f940,RealizationRelationship,EA ModelSet
d0e03d3d-49ef-4b8d-a029-7f53c9985059,id-73cc7921-efa9-4448-ac45-2a9a91475d71,CompositionRelationship,EA ModelSet
d0e03d3d-49ef-4b8d-a029-7f53c9985059,id-5b7b89a2-575b-41de-8a52-7fee5fd8a8dd,CompositionRelationship,EA ModelSet
d6235ed4-0527-4fb9-b60b-a0b84a834798,id-919016d2-e25d-4b71-8963-2cb0ef1820c2,AssociationRelationship,EA ModelSet
d6235ed4-0527-4fb9-b60b-a0b84a834798,id-70894548-d8da-484a-b331-3f3138e3d560,AssociationRelationship,EA ModelSet
id-5b7b89a2-575b-41de-8a52-7fee5fd8a8dd,id-78422c72-d319-4c9f-b602-c5c6d7ad1ab1,CompositionRelationship,EA ModelSet
d0e03d3d-49ef-4b8d-a029-7f53c9985059,e92998f6-6d0a-4062-b073-3a0d47647d9f,RealizationRelationship,EA ModelSet
d0e03d3d-49ef-4b8d-a029-7f53c9985059,id-71c79bcd-3191-4a65-9d2e-9f63b6eed568,CompositionRelationship,EA ModelSet
id-71c79bcd-3191-4a65-9d2e-9f63b6eed568,id-5b7b89a2-575b-41de-8a52-7fee5fd8a8dd,AssociationRelationship,EA ModelSet
id-71c79bcd-3191-4a65-9d2e-9f63b6eed568,f7d0a3c2-4918-49ef-b83d-bb6ba6f9ea36,AssociationRelationship,EA ModelSet
d0e03d3d-49ef-4b8d-a029-7f53c9985059,id-919016d2-e25d-4b71-8963-2cb0ef1820c2,CompositionRelationship,EA ModelSet
id-47cf88b1-00e6-45d2-9667-4e1da154ca04,id-70894548-d8da-484a-b331-3f3138e3d560,CompositionRelationship,EA ModelSet
id-048ca363-b361-4bad-a5f0-3328b4f00c73,id-70894548-d8da-484a-b331-3f3138e3d560,AssociationRelationship,EA ModelSet
id-919016d2-e25d-4b71-8963-2cb0ef1820c2,f7d0a3c2-4918-49ef-b83d-bb6ba6f9ea36,AssociationRelationship,EA ModelSet
d6235ed4-0527-4fb9-b60b-a0b84a834798,dbae25d8-2a4a-442c-9ea3-84b8b7cd482f,RealizationRelationship,EA ModelSet
id-919016d2-e25d-4b71-8963-2cb0ef1820c2,id-73cc7921-efa9-4448-ac45-2a9a91475d71,AssociationRelationship,EA ModelSet
id-73cc7921-efa9-4448-ac45-2a9a91475d71,id-5b7b89a2-575b-41de-8a52-7fee5fd8a8dd,AssociationRelationship,EA ModelSet
id-47cf88b1-00e6-45d2-9667-4e1da154ca04,c9e99557-907d-49d9-a2e7-b87b4ff0f1e7,RealizationRelationship,EA ModelSet
c9e99557-907d-49d9-a2e7-b87b4ff0f1e7,id-4239b86e-53c6-4e21-bc0f-f00f83f0c233,TriggeringRelationship,EA ModelSet
a22a7368-dabf-46b8-a4bc-3f874d49820e,id-328fb483-43b9-406b-95df-000f6bbf9177,TriggeringRelationship,EA ModelSet
a22a7368-dabf-46b8-a4bc-3f874d49820e,d18a3161-8ee5-4a2c-8de3-0cb6a66034d7,TriggeringRelationship,EA ModelSet
id-0d6c8998-356c-4f93-8a48-e6ea4f78853f,id-2ae5c8cf-f5f6-4788-bfb3-39eeb573e51d,TriggeringRelationship,EA ModelSet
id-0d6c8998-356c-4f93-8a48-e6ea4f78853f,c01ead23-6557-41bb-87c9-bebe0d93ff22,TriggeringRelationship,EA ModelSet
b2638dc7-36f6-4b45-84de-e55ed1a4ca45,f9f2ef44-2e91-4e48-99b0-992890efa153,TriggeringRelationship,EA ModelSet
id-3d5630e9-0016-4114-ae6a-078d073fdd3c,id-0902a8ae-c483-4fa7-a440-2f258574cedb,TriggeringRelationship,EA ModelSet
id-3d5630e9-0016-4114-ae6a-078d073fdd3c,id-9f6a00ed-f73c-4e60-a841-7333bdf16c48,TriggeringRelationship,EA ModelSet
id-3d5630e9-0016-4114-ae6a-078d073fdd3c,bf20b8d0-eb73-4547-b272-718058341960,TriggeringRelationship,EA ModelSet
f7d0a3c2-4918-49ef-b83d-bb6ba6f9ea36,id-3d5630e9-0016-4114-ae6a-078d073fdd3c,RealizationRelationship,EA ModelSet
f7d0a3c2-4918-49ef-b83d-bb6ba6f9ea36,a22a7368-dabf-46b8-a4bc-3f874d49820e,RealizationRelationship,EA ModelSet
f7d0a3c2-4918-49ef-b83d-bb6ba6f9ea36,id-0d6c8998-356c-4f93-8a48-e6ea4f78853f,RealizationRelationship,EA ModelSet
f7d0a3c2-4918-49ef-b83d-bb6ba6f9ea36,b2638dc7-36f6-4b45-84de-e55ed1a4ca45,RealizationRelationship,EA ModelSet
id-70894548-d8da-484a-b331-3f3138e3d560,f2af72bd-7cf4-4efe-99d8-1a39f7d49962,RealizationRelationship,EA ModelSet
id-919016d2-e25d-4b71-8963-2cb0ef1820c2,f2af72bd-7cf4-4efe-99d8-1a39f7d49962,RealizationRelationship,EA ModelSet
f2af72bd-7cf4-4efe-99d8-1a39f7d49962,id-35017936-fb88-4209-ab26-5dd9fd90c59c,TriggeringRelationship,EA ModelSet
id-0d6c8998-356c-4f93-8a48-e6ea4f78853f,id-9f6a00ed-f73c-4e60-a841-7333bdf16c48,TriggeringRelationship,EA ModelSet
b2638dc7-36f6-4b45-84de-e55ed1a4ca45,bf20b8d0-eb73-4547-b272-718058341960,TriggeringRelationship,EA ModelSet
id-73cc7921-efa9-4448-ac45-2a9a91475d71,id-73bb5677-2ae2-414f-a96a-78923a9f6cf7,CompositionRelationship,EA ModelSet
id-73cc7921-efa9-4448-ac45-2a9a91475d71,b485adb8-cc6e-4454-ae26-afde5e6b6d36,CompositionRelationship,EA ModelSet
c9e99557-907d-49d9-a2e7-b87b4ff0f1e7,id-9f6a00ed-f73c-4e60-a841-7333bdf16c48,TriggeringRelationship,EA ModelSet
d0e03d3d-49ef-4b8d-a029-7f53c9985059,f7d0a3c2-4918-49ef-b83d-bb6ba6f9ea36,CompositionRelationship,EA ModelSet
e8020d2c-5cb8-4c58-a85f-8ffec6257792,f41bde8b-d450-4e5e-b8b8-5058b4294943,CompositionRelationship,EA ModelSet
e8020d2c-5cb8-4c58-a85f-8ffec6257792,ef23984b-b3b9-49bd-b043-54c941f3fe08,CompositionRelationship,EA ModelSet
e8020d2c-5cb8-4c58-a85f-8ffec6257792,id-6aafd7ae-d189-4053-91de-ae1574fd2cc5,CompositionRelationship,EA ModelSet
e8020d2c-5cb8-4c58-a85f-8ffec6257792,a7d175bc-a8f4-41fc-b563-9a909e47eb76,CompositionRelationship,EA ModelSet
e8020d2c-5cb8-4c58-a85f-8ffec6257792,e9721202-9468-4cdf-b9e1-d61da25c1f7f,CompositionRelationship,EA ModelSet
e8020d2c-5cb8-4c58-a85f-8ffec6257792,a67ff4ff-676d-48cc-b90b-e7d48c49d6c5,FlowRelationship,EA ModelSet
id-0fbedd29-7eae-436a-be47-9852db8b8955,c0222342-7699-42d0-9048-aa293bbe06d5,CompositionRelationship,EA ModelSet
id-0fbedd29-7eae-436a-be47-9852db8b8955,e8020d2c-5cb8-4c58-a85f-8ffec6257792,SpecializationRelationship,EA ModelSet
id-418f4d91-a14b-4157-a076-2eab1a64891a,id-680e66f8-9616-4208-8bfa-bd156376665a,CompositionRelationship,EA ModelSet
e03fa804-5b11-454b-9232-4b951bcf2f69,id-1ce75204-ab2e-45d4-bc8c-71b6774ce74f,FlowRelationship,EA ModelSet
id-418f4d91-a14b-4157-a076-2eab1a64891a,a247932e-43ac-4192-8e3a-f243ccf0ebdf,CompositionRelationship,EA ModelSet
id-1ce75204-ab2e-45d4-bc8c-71b6774ce74f,id-28d24643-d24f-4b89-8ee0-f7645047976d,FlowRelationship,EA ModelSet
id-418f4d91-a14b-4157-a076-2eab1a64891a,e03fa804-5b11-454b-9232-4b951bcf2f69,CompositionRelationship,EA ModelSet
id-680e66f8-9616-4208-8bfa-bd156376665a,e03fa804-5b11-454b-9232-4b951bcf2f69,FlowRelationship,EA ModelSet
id-418f4d91-a14b-4157-a076-2eab1a64891a,id-28d24643-d24f-4b89-8ee0-f7645047976d,CompositionRelationship,EA ModelSet
id-28d24643-d24f-4b89-8ee0-f7645047976d,a247932e-43ac-4192-8e3a-f243ccf0ebdf,FlowRelationship,EA ModelSet
id-418f4d91-a14b-4157-a076-2eab1a64891a,id-1ce75204-ab2e-45d4-bc8c-71b6774ce74f,CompositionRelationship,EA ModelSet
id-6b5c01af-53ed-49b0-99a0-81e002983424,id-71eb0a18-bc6b-4742-b16f-c12f38a39d50,CompositionRelationship,EA ModelSet
id-624e99d9-0ca9-484d-9fc9-baee0e077123,id-640d449a-ea36-44af-906a-9f8e6eefc305,FlowRelationship,EA ModelSet
id-6b5c01af-53ed-49b0-99a0-81e002983424,id-98670312-e2ca-448b-ad4f-1040b76bbecf,CompositionRelationship,EA ModelSet
id-640d449a-ea36-44af-906a-9f8e6eefc305,e8dbf698-1145-4986-a4d9-ababe82c1d6e,FlowRelationship,EA ModelSet
id-71eb0a18-bc6b-4742-b16f-c12f38a39d50,id-624e99d9-0ca9-484d-9fc9-baee0e077123,FlowRelationship,EA ModelSet
id-6b5c01af-53ed-49b0-99a0-81e002983424,id-624e99d9-0ca9-484d-9fc9-baee0e077123,CompositionRelationship,EA ModelSet
e8dbf698-1145-4986-a4d9-ababe82c1d6e,id-98670312-e2ca-448b-ad4f-1040b76bbecf,FlowRelationship,EA ModelSet
id-6b5c01af-53ed-49b0-99a0-81e002983424,id-640d449a-ea36-44af-906a-9f8e6eefc305,CompositionRelationship,EA ModelSet
id-6b5c01af-53ed-49b0-99a0-81e002983424,e8dbf698-1145-4986-a4d9-ababe82c1d6e,CompositionRelationship,EA ModelSet
e7719025-80a4-4618-b2d8-6fa9d0baed82,b48d2b81-9e35-463b-baa4-678a282febe7,FlowRelationship,EA ModelSet
d72a1c04-c37f-44e0-808d-8ad7f2e68c09,id-77ca3bf6-354b-4d88-9ef8-cd97e045c25e,FlowRelationship,EA ModelSet
id-5b0e2499-7538-4d97-9f09-d1579fd2002f,id-746c02db-4aee-461d-80ef-42722038992b,CompositionRelationship,EA ModelSet
id-5b0e2499-7538-4d97-9f09-d1579fd2002f,d96d56cd-580b-4485-9674-683665bd4346,CompositionRelationship,EA ModelSet
id-5b0e2499-7538-4d97-9f09-d1579fd2002f,e7719025-80a4-4618-b2d8-6fa9d0baed82,CompositionRelationship,EA ModelSet
id-5b0e2499-7538-4d97-9f09-d1579fd2002f,id-77ca3bf6-354b-4d88-9ef8-cd97e045c25e,CompositionRelationship,EA ModelSet
id-77ca3bf6-354b-4d88-9ef8-cd97e045c25e,d96d56cd-580b-4485-9674-683665bd4346,FlowRelationship,EA ModelSet
id-5b0e2499-7538-4d97-9f09-d1579fd2002f,b48d2b81-9e35-463b-baa4-678a282febe7,CompositionRelationship,EA ModelSet
b48d2b81-9e35-463b-baa4-678a282febe7,id-746c02db-4aee-461d-80ef-42722038992b,FlowRelationship,EA ModelSet
id-746c02db-4aee-461d-80ef-42722038992b,d72a1c04-c37f-44e0-808d-8ad7f2e68c09,FlowRelationship,EA ModelSet
id-5b0e2499-7538-4d97-9f09-d1579fd2002f,d72a1c04-c37f-44e0-808d-8ad7f2e68c09,CompositionRelationship,EA ModelSet
id-5b0e2499-7538-4d97-9f09-d1579fd2002f,id-4385090f-5870-4c94-813e-fad7ef30f33c,RealizationRelationship,EA ModelSet
id-4385090f-5870-4c94-813e-fad7ef30f33c,id-71eb0a18-bc6b-4742-b16f-c12f38a39d50,TriggeringRelationship,EA ModelSet
id-4385090f-5870-4c94-813e-fad7ef30f33c,id-8b2e8262-4c40-4fab-9a5f-4aa5dd2bc2e5,TriggeringRelationship,EA ModelSet
id-4e67395b-6adc-4a2d-895e-12c169ad5fe9,id-746c02db-4aee-461d-80ef-42722038992b,TriggeringRelationship,EA ModelSet
id-4e67395b-6adc-4a2d-895e-12c169ad5fe9,id-98670312-e2ca-448b-ad4f-1040b76bbecf,TriggeringRelationship,EA ModelSet
id-6b5c01af-53ed-49b0-99a0-81e002983424,id-55bc04f8-3ff8-44e7-9799-08f38092eee9,RealizationRelationship,EA ModelSet
id-55bc04f8-3ff8-44e7-9799-08f38092eee9,id-418f4d91-a14b-4157-a076-2eab1a64891a,TriggeringRelationship,EA ModelSet
id-55bc04f8-3ff8-44e7-9799-08f38092eee9,id-8b2e8262-4c40-4fab-9a5f-4aa5dd2bc2e5,TriggeringRelationship,EA ModelSet
id-4e67395b-6adc-4a2d-895e-12c169ad5fe9,id-77ca3bf6-354b-4d88-9ef8-cd97e045c25e,TriggeringRelationship,EA ModelSet
_lbbKwJniEDihZJHb6TeQZg,_FSUgUJniEDihZJHb6TeQZg,AssociationRelationship,EA ModelSet
_pxvqwJniEDihZJHb6TeQZg,_FSUgUJniEDihZJHb6TeQZg,AssociationRelationship,EA ModelSet
_qjlXYJniEDihZJHb6TeQZg,_FSUgUJniEDihZJHb6TeQZg,AssociationRelationship,EA ModelSet
_sPjJ8ZniEDihZJHb6TeQZg,_FSUgUJniEDihZJHb6TeQZg,AssociationRelationship,EA ModelSet
_toItgJniEDihZJHb6TeQZg,_FSUgUJniEDihZJHb6TeQZg,AssociationRelationship,EA ModelSet
_n1iAQJnjEDihZJHb6TeQZg,_F-lT8ZnjEDihZJHb6TeQZg,AssociationRelationship,EA ModelSet
_FSUgUJniEDihZJHb6TeQZg,_n1iAQJnjEDihZJHb6TeQZg,AssociationRelationship,EA ModelSet
_UywdcJnkEDihZJHb6TeQZg,_F-lT8ZnjEDihZJHb6TeQZg,AssociationRelationship,EA ModelSet
_hQoTYJnkEDihZJHb6TeQZg,_F-lT8ZnjEDihZJHb6TeQZg,AssociationRelationship,EA ModelSet
_YHLbkJnkEDihZJHb6TeQZg,_F-lT8ZnjEDihZJHb6TeQZg,AssociationRelationship,EA ModelSet
_jHbc8JnkEDihZJHb6TeQZg,_F-lT8ZnjEDihZJHb6TeQZg,AssociationRelationship,EA ModelSet
id-949d72f0,e1d43e67,RealizationRelationship,EA ModelSet
e1d43e67,id-6ddcbd34,AssociationRelationship,EA ModelSet
id-76a1e183,a897a04c,AssignmentRelationship,EA ModelSet
id-354d7442,id-4f51a74e,CompositionRelationship,EA ModelSet
id-354d7442,id-6ddcbd34,RealizationRelationship,EA ModelSet
id-76a1e183,f4b5fde4,ServingRelationship,EA ModelSet
a897a04c,id-4f51a74e,ServingRelationship,EA ModelSet
id-949d72f0,id-354d7442,AssignmentRelationship,EA ModelSet
id-949d72f0,id-76a1e183,RealizationRelationship,EA ModelSet
id-354d7442,f4b5fde4,CompositionRelationship,EA ModelSet
id-76a1e183,id-949d72f0,ServingRelationship,EA ModelSet
id-4f51a74e,a897a04c,FlowRelationship,EA ModelSet
f4b5fde4,id-76a1e183,AssociationRelationship,EA ModelSet
_SD1UICJoEDq0rvcQuAMlmA,_YCm_sCJoEDq0rvcQuAMlmA,TriggeringRelationship,EA ModelSet
_S0IvsCJoEDq0rvcQuAMlmA,_YCm_sCJoEDq0rvcQuAMlmA,AssociationRelationship,EA ModelSet
_QS3s0CJoEDq0rvcQuAMlmA,_YCm_sCJoEDq0rvcQuAMlmA,AssociationRelationship,EA ModelSet
_llwwwCJqEDq0rvcQuAMlmA,_SD1UICJoEDq0rvcQuAMlmA,TriggeringRelationship,EA ModelSet
_mZPcICJqEDq0rvcQuAMlmA,_S0IvsCJoEDq0rvcQuAMlmA,TriggeringRelationship,EA ModelSet
_nIGtQCJqEDq0rvcQuAMlmA,_QS3s0CJoEDq0rvcQuAMlmA,TriggeringRelationship,EA ModelSet
_JmAE0CJrEDq0rvcQuAMlmA,_gHX1cCJqEDq0rvcQuAMlmA,TriggeringRelationship,EA ModelSet
_JmAE0CJrEDq0rvcQuAMlmA,_gHX1cCJqEDq0rvcQuAMlmA,AssociationRelationship,EA ModelSet
_f4PNQCJqEDq0rvcQuAMlmA,_mZPcICJqEDq0rvcQuAMlmA,AssociationRelationship,EA ModelSet
_fpYR4CJqEDq0rvcQuAMlmA,_llwwwCJqEDq0rvcQuAMlmA,AssociationRelationship,EA ModelSet
_fpYR4CJqEDq0rvcQuAMlmA,_llwwwCJqEDq0rvcQuAMlmA,RealizationRelationship,EA ModelSet
_f4PNQCJqEDq0rvcQuAMlmA,_mZPcICJqEDq0rvcQuAMlmA,RealizationRelationship,EA ModelSet
_gHX1cCJqEDq0rvcQuAMlmA,_nIGtQCJqEDq0rvcQuAMlmA,RealizationRelationship,EA ModelSet
_YCm_sCJoEDq0rvcQuAMlmA,_ELyCYCJsEDq0rvcQuAMlmA,AssociationRelationship,EA ModelSet
_YCm_sCJoEDq0rvcQuAMlmA,_ELyCYCJsEDq0rvcQuAMlmA,AssociationRelationship,EA ModelSet
_q2Ui8Lu3EDuLtcKK0UgAnw,_wI2zkLu3EDuLtcKK0UgAnw,AssociationRelationship,EA ModelSet
_q2Ui8Lu3EDuLtcKK0UgAnw,_DoVuQLu8EDuAlY0P5La28g,AssociationRelationship,EA ModelSet
_NnuIgLu8EDuAlY0P5La28g,_wI2zkLu3EDuLtcKK0UgAnw,InfluenceRelationship,EA ModelSet
_NnuIgLu8EDuAlY0P5La28g,_wI2zkLu3EDuLtcKK0UgAnw,AssociationRelationship,EA ModelSet
_Fim5YLv6EDuAlY0P5La28g,_DoVuQLu8EDuAlY0P5La28g,AssociationRelationship,EA ModelSet
__vofELwCEDuAlY0P5La28g,_7coOQLwBEDuAlY0P5La28g,InfluenceRelationship,EA ModelSet
_e1JlkLwDEDuAlY0P5La28g,__vofELwCEDuAlY0P5La28g,InfluenceRelationship,EA ModelSet
_a1i8cLwDEDuAlY0P5La28g,__vofELwCEDuAlY0P5La28g,InfluenceRelationship,EA ModelSet
_7coOQLwBEDuAlY0P5La28g,_DoVuQLu8EDuAlY0P5La28g,AssociationRelationship,EA ModelSet
_1fBSQLv_EDuAlY0P5La28g,_DoVuQLu8EDuAlY0P5La28g,AssociationRelationship,EA ModelSet
_bK-eELv8EDuAlY0P5La28g,_wI2zkLu3EDuLtcKK0UgAnw,AssociationRelationship,EA ModelSet
_e1JlkLwDEDuAlY0P5La28g,_rXGYULwFEDuAlY0P5La28g,InfluenceRelationship,EA ModelSet
_sYVL0LwFEDuAlY0P5La28g,_rXGYULwFEDuAlY0P5La28g,InfluenceRelationship,EA ModelSet
_yUk9QLwEEDuAlY0P5La28g,__vofELwCEDuAlY0P5La28g,InfluenceRelationship,EA ModelSet
_99wU8LwGEDuAlY0P5La28g,_wI2zkLu3EDuLtcKK0UgAnw,AssociationRelationship,EA ModelSet
_rXGYULwFEDuAlY0P5La28g,_99wU8LwGEDuAlY0P5La28g,InfluenceRelationship,EA ModelSet
_ZilnILwAEDuAlY0P5La28g,_yUk9QLwEEDuAlY0P5La28g,RealizationRelationship,EA ModelSet
_NnuIgLu8EDuAlY0P5La28g,_wI2zkLu3EDuLtcKK0UgAnw,AssociationRelationship,EA ModelSet
_4IKIoLwIEDuAlY0P5La28g,_rXGYULwFEDuAlY0P5La28g,InfluenceRelationship,EA ModelSet
_vgYesLwBEDuAlY0P5La28g,_4IKIoLwIEDuAlY0P5La28g,RealizationRelationship,EA ModelSet
_j5ukoLwBEDuAlY0P5La28g,_qYVtMLwJEDuAlY0P5La28g,RealizationRelationship,EA ModelSet
_h6hF8LwBEDuAlY0P5La28g,_qYVtMLwJEDuAlY0P5La28g,RealizationRelationship,EA ModelSet
_gDyN0LwBEDuAlY0P5La28g,_PY8doLwAEDuAlY0P5La28g,RealizationRelationship,EA ModelSet
_4BWgkLwJEDuAlY0P5La28g,_PY8doLwAEDuAlY0P5La28g,RealizationRelationship,EA ModelSet
_PY8doLwAEDuAlY0P5La28g,_ZilnILwAEDuAlY0P5La28g,RealizationRelationship,EA ModelSet
_qYVtMLwJEDuAlY0P5La28g,_vgYesLwBEDuAlY0P5La28g,RealizationRelationship,EA ModelSet
_h6hF8LwBEDuAlY0P5La28g,_qYVtMLwJEDuAlY0P5La28g,RealizationRelationship,EA ModelSet
_e1JlkLwDEDuAlY0P5La28g,__vofELwCEDuAlY0P5La28g,InfluenceRelationship,EA ModelSet
id-c5b73e5f-d87b-4068-a7dc-40ccd7f66a57,id-d12896e3-c53b-4dce-8f02-b6914475c1a0,RealizationRelationship,EA ModelSet
id-4e794ce2-8f03-4c03-a138-238c1a861357,id-ea63863e-4ca7-4d08-b6e8-0e172ea1536f,CompositionRelationship,EA ModelSet
id-c5b73e5f-d87b-4068-a7dc-40ccd7f66a57,id-ca260298-f91f-462c-a24d-de4c5d538e75,AggregationRelationship,EA ModelSet
id-c5b73e5f-d87b-4068-a7dc-40ccd7f66a57,id-4e794ce2-8f03-4c03-a138-238c1a861357,AggregationRelationship,EA ModelSet
id-1aff4d2a-ba65-41d6-828c-5aed2f80ba16,id-c1b2a44a-613b-45c1-aaa7-87f6a3442579,FlowRelationship,EA ModelSet
id-c1b2a44a-613b-45c1-aaa7-87f6a3442579,id-1aff4d2a-ba65-41d6-828c-5aed2f80ba16,FlowRelationship,EA ModelSet
id-360bcd06-e96a-4a59-b5fe-76be6b57470b,id-b55717b0-9096-4651-96c7-2021eb4b85d0,RealizationRelationship,EA ModelSet
id-09e538f2-b9dc-4b6b-bfb9-d8a6bdc233d5,id-c13cac85-af1b-45ea-8e39-416b97018376,ServingRelationship,EA ModelSet
id-51fb7a13-b6b0-476a-b0ea-352aa2f6a174,id-bf4cdfc9-e1b4-4e26-9dbf-2c79969827dd,AssignmentRelationship,EA ModelSet
id-51fb7a13-b6b0-476a-b0ea-352aa2f6a174,id-c13cac85-af1b-45ea-8e39-416b97018376,ServingRelationship,EA ModelSet
id-39279341-8e4e-4cdc-8de2-553f53b67d56,id-bf4cdfc9-e1b4-4e26-9dbf-2c79969827dd,RealizationRelationship,EA ModelSet
id-09e538f2-b9dc-4b6b-bfb9-d8a6bdc233d5,id-b55717b0-9096-4651-96c7-2021eb4b85d0,AssignmentRelationship,EA ModelSet
id-ca4d60e3-863c-4bec-bf64-06fb7348a0dd,id-0e19c5b6-ae79-4f16-bdea-129714e67a5c,SpecializationRelationship,EA ModelSet
id-d83a8d75-d735-443d-b0df-d37343252b10,id-0e19c5b6-ae79-4f16-bdea-129714e67a5c,SpecializationRelationship,EA ModelSet
id-2f26f861-4678-4513-8d2d-00b2f6dd3d34,id-0e19c5b6-ae79-4f16-bdea-129714e67a5c,SpecializationRelationship,EA ModelSet
id-5944cf6e-0041-4419-b9fc-bd2b1857eea4,id-3ae0214d-a383-4cc4-b9f0-2a2300f115ab,AssociationRelationship,EA ModelSet
id-5944cf6e-0041-4419-b9fc-bd2b1857eea4,id-4fe2b267-d8ac-4e95-bd01-e0e88f1d239d,AssociationRelationship,EA ModelSet
id-5944cf6e-0041-4419-b9fc-bd2b1857eea4,id-e18ae532-012c-4fc6-838a-26e4668c06cb,AssociationRelationship,EA ModelSet
id-5944cf6e-0041-4419-b9fc-bd2b1857eea4,id-9f72a662-a18a-4a8d-810e-731e542c3d24,AssociationRelationship,EA ModelSet
id-25c87716-9cb8-4e33-88f6-f5deb7772a5c,id-110826eb-924b-40dd-abcd-93969a945609,CompositionRelationship,EA ModelSet
id-25c87716-9cb8-4e33-88f6-f5deb7772a5c,id-f54f7665-eb70-4f94-88e8-6d16d0d4cd82,CompositionRelationship,EA ModelSet
id-50f3a4c3-615f-47ed-9700-ecc78c023af1,id-f54f7665-eb70-4f94-88e8-6d16d0d4cd82,AccessRelationship,EA ModelSet
id-25c87716-9cb8-4e33-88f6-f5deb7772a5c,id-273ee4d1-f349-43cd-84ec-d7dbe2ad9d21,CompositionRelationship,EA ModelSet
id-50f3a4c3-615f-47ed-9700-ecc78c023af1,id-25c87716-9cb8-4e33-88f6-f5deb7772a5c,AccessRelationship,EA ModelSet
id-25c87716-9cb8-4e33-88f6-f5deb7772a5c,id-e9c708a0-7f68-40c9-bded-0ab3e693b8b1,CompositionRelationship,EA ModelSet
id-50f3a4c3-615f-47ed-9700-ecc78c023af1,id-e9c708a0-7f68-40c9-bded-0ab3e693b8b1,AccessRelationship,EA ModelSet
id-cf3c25a8-594f-422b-bad3-6fe8cad38783,id-25c87716-9cb8-4e33-88f6-f5deb7772a5c,AccessRelationship,EA ModelSet
id-25c87716-9cb8-4e33-88f6-f5deb7772a5c,id-9264711c-190d-4bdb-a2ed-cc4e4a3db982,CompositionRelationship,EA ModelSet
id-aefaf9e3-f58a-457e-8e60-e57de31feb15,id-273ee4d1-f349-43cd-84ec-d7dbe2ad9d21,AccessRelationship,EA ModelSet
id-9703c1c4-be71-437a-a567-bf1c74bcae84,id-9264711c-190d-4bdb-a2ed-cc4e4a3db982,AccessRelationship,EA ModelSet
id-bf221c57-ec02-4146-9fca-68bd8f0c3529,id-ebfe5769-de73-40d3-b430-8c18a251eedf,RealizationRelationship,EA ModelSet
id-98cf45dc-c86c-4417-82cc-e039e81d60cf,id-ebfe5769-de73-40d3-b430-8c18a251eedf,RealizationRelationship,EA ModelSet
id-ebfe5769-de73-40d3-b430-8c18a251eedf,id-7bb1872b-d124-4782-a6c9-b11dfe902079,RealizationRelationship,EA ModelSet
id-24b46387-d33e-4722-8e76-bfc364683586,id-bcc77f5f-9d9a-430f-a123-82afd79f9e6e,RealizationRelationship,EA ModelSet
id-bcc77f5f-9d9a-430f-a123-82afd79f9e6e,id-21e55425-a01e-4f48-b0ad-c3db54be4e7d,RealizationRelationship,EA ModelSet
id-03602b14-e48f-476a-97b5-374c861f29eb,id-bcc77f5f-9d9a-430f-a123-82afd79f9e6e,RealizationRelationship,EA ModelSet
id-87e39a5b-3619-436b-8f6f-ef306220c42e,id-f8325754-2af3-4726-a3ea-6afc1f65402f,InfluenceRelationship,EA ModelSet
id-0b4ce862-c43e-4090-898b-edda6fde2fe3,id-45d39a48-b746-4b9e-a554-660b0cee2b68,InfluenceRelationship,EA ModelSet
id-87e39a5b-3619-436b-8f6f-ef306220c42e,id-45d39a48-b746-4b9e-a554-660b0cee2b68,InfluenceRelationship,EA ModelSet
id-0b4ce862-c43e-4090-898b-edda6fde2fe3,id-f8325754-2af3-4726-a3ea-6afc1f65402f,InfluenceRelationship,EA ModelSet
id-8ae97e4d-fd99-497d-988f-3074a46cb2ff,id-e114eec2-647b-4771-a3d1-9845ce30ed9b,TriggeringRelationship,EA ModelSet
id-30aef619-e00a-48cc-a7a7-e75c0332a8d5,id-8ae97e4d-fd99-497d-988f-3074a46cb2ff,TriggeringRelationship,EA ModelSet
id-2c295b5c-b56e-455d-88a6-9f416b3f1787,e7001d90-4c20-4e39-99e3-f8eb5d91fe0f,AssignmentRelationship,EA ModelSet
id-6edcd767-4354-450c-914d-b77dfa147a8c,ff926860-58bc-4676-b398-4c34babc980a,CompositionRelationship,EA ModelSet
id-6edcd767-4354-450c-914d-b77dfa147a8c,id-94fedcc6-fd16-4529-a16b-281363fe0a1f,CompositionRelationship,EA ModelSet
id-6edcd767-4354-450c-914d-b77dfa147a8c,ce8c72d9-0beb-423d-8538-6970051edb92,CompositionRelationship,EA ModelSet
id-6edcd767-4354-450c-914d-b77dfa147a8c,id-9149c765-399c-4588-9760-b45f7987dca2,CompositionRelationship,EA ModelSet
bfe4885a-d99a-4735-83fd-44bb6e4bdb0a,ff926860-58bc-4676-b398-4c34babc980a,AggregationRelationship,EA ModelSet
bfe4885a-d99a-4735-83fd-44bb6e4bdb0a,ce8c72d9-0beb-423d-8538-6970051edb92,AggregationRelationship,EA ModelSet
id-9149c765-399c-4588-9760-b45f7987dca2,id-570b74a0-6312-4e73-87a1-b7ef6f086175,ServingRelationship,EA ModelSet
id-570b74a0-6312-4e73-87a1-b7ef6f086175,id-34ea2e97-9c1e-4488-b714-3627d474ba03,AssignmentRelationship,EA ModelSet
id-570b74a0-6312-4e73-87a1-b7ef6f086175,id-1eea2ee4-37ae-4740-8703-527e9e014597,AssignmentRelationship,EA ModelSet
id-94fedcc6-fd16-4529-a16b-281363fe0a1f,id-6b6f85ff-c214-43aa-a1b3-e83e71df875d,ServingRelationship,EA ModelSet
ce8c72d9-0beb-423d-8538-6970051edb92,id-2c295b5c-b56e-455d-88a6-9f416b3f1787,ServingRelationship,EA ModelSet
id-6b6f85ff-c214-43aa-a1b3-e83e71df875d,id-842a709c-29a6-4dc9-8355-f6cbf89d2cf4,AssignmentRelationship,EA ModelSet
id-2c295b5c-b56e-455d-88a6-9f416b3f1787,id-829dc187-3831-4756-bd7b-0eb152e921f6,AssignmentRelationship,EA ModelSet
id-6b6f85ff-c214-43aa-a1b3-e83e71df875d,id-13992ef7-bd4c-474b-8e76-ec7249380d05,AssignmentRelationship,EA ModelSet
a6acc659,id-219e72b2,AssignmentRelationship,EA ModelSet
a6acc659,id-0fe3a9ec,AssignmentRelationship,EA ModelSet
id-0fe3a9ec,id-03a035ce,RealizationRelationship,EA ModelSet
id-219e72b2,id-54ca17c0,RealizationRelationship,EA ModelSet
id-219e72b2,id-4ede5ef2,RealizationRelationship,EA ModelSet
a6acc659,id-368a0574,AssignmentRelationship,EA ModelSet
f68876d7,id-368a0574,AssignmentRelationship,EA ModelSet
id-368a0574,dddad5da,RealizationRelationship,EA ModelSet
a31e983d,id-8cb538ab,ServingRelationship,EA ModelSet
id-8cb538ab,id-96089211,ServingRelationship,EA ModelSet
id-96089211,ec50cae0,ServingRelationship,EA ModelSet
e5ce9a30,a31e983d,ServingRelationship,EA ModelSet
id-70ba4346,a31e983d,ServingRelationship,EA ModelSet
fc0a0960,id-70ba4346,ServingRelationship,EA ModelSet
id-0f3d56ec,e5ce9a30,ServingRelationship,EA ModelSet
cb08f71a,id-0f3d56ec,AssociationRelationship,EA ModelSet
cb86f217,fc0a0960,AssociationRelationship,EA ModelSet
cb86f217,cb08f71a,AggregationRelationship,EA ModelSet
id-98098168,a31e983d,ServingRelationship,EA ModelSet
ce1c308c,id-98098168,ServingRelationship,EA ModelSet
ce1c308c,e02bcca7,AssociationRelationship,EA ModelSet
cb86f217,e02bcca7,AggregationRelationship,EA ModelSet
id-016d244c,id-54ca17c0,RealizationRelationship,EA ModelSet
id-0144e4f5,e5ce9a30,SpecializationRelationship,EA ModelSet
id-78fb01f3,e5ce9a30,ServingRelationship,EA ModelSet
id-78fb01f3,id-8cb538ab,ServingRelationship,EA ModelSet
id-78fb01f3,id-4ef0cc54,ServingRelationship,EA ModelSet
id-74d80b9e,id-4ef0cc54,SpecializationRelationship,EA ModelSet
id-78fb01f3,id-4ef0cc54,ServingRelationship,EA ModelSet
id-78fb01f3,id-98098168,ServingRelationship,EA ModelSet
id-78fb01f3,id-70ba4346,ServingRelationship,EA ModelSet
id-74d80b9e,id-8cb538ab,ServingRelationship,EA ModelSet
id-70ba4346,id-74d80b9e,ServingRelationship,EA ModelSet
id-98098168,id-74d80b9e,ServingRelationship,EA ModelSet
id-0144e4f5,id-74d80b9e,ServingRelationship,EA ModelSet
c11eddda-7ca4-4341-9889-2d54eafe0d8d,id-667fbdf1-318f-4b9f-ada8-c890e9d02f65,RealizationRelationship,EA ModelSet
cdde27d2-5be2-4993-ada2-b8d144bdd6ce,id-667fbdf1-318f-4b9f-ada8-c890e9d02f65,RealizationRelationship,EA ModelSet
id-667fbdf1-318f-4b9f-ada8-c890e9d02f65,id-5eb935ae-83d0-4e64-a5d3-d269dfc6241c,TriggeringRelationship,EA ModelSet
id-7bfb067c-9c3b-4c56-aaa7-de7678d2ab33,id-667fbdf1-318f-4b9f-ada8-c890e9d02f65,TriggeringRelationship,EA ModelSet
id-667fbdf1-318f-4b9f-ada8-c890e9d02f65,id-762eb781-a4d6-4ab6-997e-fa4f20f13928,TriggeringRelationship,EA ModelSet
d5a07fa6-8823-418e-aae3-6aac964885ad,id-667fbdf1-318f-4b9f-ada8-c890e9d02f65,CompositionRelationship,EA ModelSet
id-4142294c-345d-49be-8a05-0d87cc0497db,id-667fbdf1-318f-4b9f-ada8-c890e9d02f65,CompositionRelationship,EA ModelSet
id-808da599-372d-4623-9e2e-97d55f698daa,id-667fbdf1-318f-4b9f-ada8-c890e9d02f65,CompositionRelationship,EA ModelSet
id-143db094-49b4-443c-b23e-a660a33d4c74,id-667fbdf1-318f-4b9f-ada8-c890e9d02f65,CompositionRelationship,EA ModelSet
id-90bb3d43-8e8e-4ac7-a4fd-27bd6f22cc3c,id-667fbdf1-318f-4b9f-ada8-c890e9d02f65,CompositionRelationship,EA ModelSet
id-667fbdf1-318f-4b9f-ada8-c890e9d02f65,id-4755a8f3-fb61-4293-b779-d926d194380c,TriggeringRelationship,EA ModelSet
id-130d987f-8448-4c9a-a54e-611cc10dfdef,id-667fbdf1-318f-4b9f-ada8-c890e9d02f65,CompositionRelationship,EA ModelSet
id-1aae9f29-0cff-4975-a4be-0d3a93e033e6,id-667fbdf1-318f-4b9f-ada8-c890e9d02f65,CompositionRelationship,EA ModelSet
ee836a17-d5ae-40ea-ba9b-11b1075111e3,id-667fbdf1-318f-4b9f-ada8-c890e9d02f65,CompositionRelationship,EA ModelSet
id-179bdd7c-404f-4ac2-a45a-b75f194457b9,e4fd8d09-2706-4cea-a5c0-e4af58520cfd,RealizationRelationship,EA ModelSet
id-0c95fce6-3398-46c4-a46c-3e75cd34cb88,e4fd8d09-2706-4cea-a5c0-e4af58520cfd,RealizationRelationship,EA ModelSet
fba80ad2-2ef6-48ad-98ee-6275d9f246c9,e4fd8d09-2706-4cea-a5c0-e4af58520cfd,RealizationRelationship,EA ModelSet
id-59f1a5c4-ee15-448b-a7ee-e324bf410145,e4fd8d09-2706-4cea-a5c0-e4af58520cfd,RealizationRelationship,EA ModelSet
id-514c89cf-5e7a-4369-b5bc-cf1b038b3a12,e4fd8d09-2706-4cea-a5c0-e4af58520cfd,RealizationRelationship,EA ModelSet
b40ca043-f70e-4202-902a-02db5a08bd67,bf5152f0-374f-4c1b-aef1-96b451589005,RealizationRelationship,EA ModelSet
id-0fef8869-8be5-4da8-8316-d2ab8b8a4b65,bf5152f0-374f-4c1b-aef1-96b451589005,RealizationRelationship,EA ModelSet
cdb6a716-a988-49a7-b4dc-2d894c3b280c,bf5152f0-374f-4c1b-aef1-96b451589005,RealizationRelationship,EA ModelSet
id-55d92751-d254-4eb6-b5ad-202d58a82fa5,bf5152f0-374f-4c1b-aef1-96b451589005,RealizationRelationship,EA ModelSet
e4fd8d09-2706-4cea-a5c0-e4af58520cfd,bf5152f0-374f-4c1b-aef1-96b451589005,InfluenceRelationship,EA ModelSet
c265c6ec-2497-4241-ac09-63e6f037ab7f,b059ec52-5c14-48b0-82f1-c1f26a39e2ff,RealizationRelationship,EA ModelSet
id-2a343b9b-f840-4509-aa5b-c33cbdd977b4,b059ec52-5c14-48b0-82f1-c1f26a39e2ff,RealizationRelationship,EA ModelSet
id-294631fc-4282-460b-abb5-3799f164939c,b059ec52-5c14-48b0-82f1-c1f26a39e2ff,RealizationRelationship,EA ModelSet
bf5152f0-374f-4c1b-aef1-96b451589005,b059ec52-5c14-48b0-82f1-c1f26a39e2ff,InfluenceRelationship,EA ModelSet
b059ec52-5c14-48b0-82f1-c1f26a39e2ff,id-07fbbbfc-d433-4808-98d3-2ef57d3e137d,InfluenceRelationship,EA ModelSet
id-46a1ea54-e69b-402d-a1c4-8cef0e52c366,id-07fbbbfc-d433-4808-98d3-2ef57d3e137d,RealizationRelationship,EA ModelSet
a4a9e225-3a12-4633-9cee-d699c586915b,id-07fbbbfc-d433-4808-98d3-2ef57d3e137d,RealizationRelationship,EA ModelSet
id-12dab9de-31f7-489f-a5bf-8f80ebf49ecf,id-07fbbbfc-d433-4808-98d3-2ef57d3e137d,RealizationRelationship,EA ModelSet
add627e6,cce38234,RealizationRelationship,EA ModelSet
cce38234,ab41b7c2,AssociationRelationship,EA ModelSet
id-9df4268c,b2210664,AssignmentRelationship,EA ModelSet
id-9df4268c,cce38234,RealizationRelationship,EA ModelSet
id-05b8b432,id-9df4268c,AssociationRelationship,EA ModelSet
add627e6,id-05b8b432,AssociationRelationship,EA ModelSet
add627e6,id-3e354f60,AssignmentRelationship,EA ModelSet
id-983a5c83,id-106f8fbe,TriggeringRelationship,EA ModelSet
aacb5df1,id-106f8fbe,CompositionRelationship,EA ModelSet
aacb5df1,id-983a5c83,TriggeringRelationship,EA ModelSet
aacb5df1,id-983a5c83,AssignmentRelationship,EA ModelSet
id-106f8fbe,id-05b8b432,AccessRelationship,EA ModelSet
id-47efccb1,d9f1406f,CompositionRelationship,EA ModelSet
aacb5df1,id-47efccb1,CompositionRelationship,EA ModelSet
id-983a5c83,id-47efccb1,TriggeringRelationship,EA ModelSet
d9f1406f,id-05b8b432,AccessRelationship,EA ModelSet
id-9df4268c,id-47efccb1,ServingRelationship,EA ModelSet
aacb5df1,d5723452,CompositionRelationship,EA ModelSet
id-106f8fbe,d5723452,FlowRelationship,EA ModelSet
id-47efccb1,d5723452,FlowRelationship,EA ModelSet
b2210664,d5723452,ServingRelationship,EA ModelSet
id-25eb41da,d026671d,TriggeringRelationship,EA ModelSet
id-25eb41da,fa42bb82,TriggeringRelationship,EA ModelSet
id-3e354f60,fa42bb82,CompositionRelationship,EA ModelSet
id-3e354f60,id-25eb41da,AssignmentRelationship,EA ModelSet
id-3e354f60,d026671d,CompositionRelationship,EA ModelSet
id-9df4268c,id-1b04826a,AssignmentRelationship,EA ModelSet
id-1b04826a,fa42bb82,ServingRelationship,EA ModelSet
id-894b3b22,cce38234,AssociationRelationship,EA ModelSet
add627e6,aacb5df1,AssignmentRelationship,EA ModelSet
id-9df4268c,add627e6,ServingRelationship,EA ModelSet
add627e6,id-05b8b432,AccessRelationship,EA ModelSet
id-894b3b22,id-3e354f60,FlowRelationship,EA ModelSet
ab41b7c2,aacb5df1,FlowRelationship,EA ModelSet
d5723452,b2210664,FlowRelationship,EA ModelSet
fa42bb82,id-1b04826a,FlowRelationship,EA ModelSet
_J7lpEZhDEDiKNaE0u57Oog,_IQn8EZhDEDiKNaE0u57Oog,CompositionRelationship,EA ModelSet
_J7lpEZhDEDiKNaE0u57Oog,_ImuH4ZhDEDiKNaE0u57Oog,CompositionRelationship,EA ModelSet
_J7lpEZhDEDiKNaE0u57Oog,_JN-8MZhDEDiKNaE0u57Oog,CompositionRelationship,EA ModelSet
_J7lpEZhDEDiKNaE0u57Oog,_I_1LcZhDEDiKNaE0u57Oog,CompositionRelationship,EA ModelSet
_J7lpEZhDEDiKNaE0u57Oog,_JdWN4ZhDEDiKNaE0u57Oog,CompositionRelationship,EA ModelSet
_J7lpEZhDEDiKNaE0u57Oog,_XjArkZhEEDiKNaE0u57Oog,CompositionRelationship,EA ModelSet
__ubRgZhCEDiKNaE0u57Oog,_J7lpEZhDEDiKNaE0u57Oog,RealizationRelationship,EA ModelSet
_ToPCoZhFEDiKNaE0u57Oog,__ubRgZhCEDiKNaE0u57Oog,AssociationRelationship,EA ModelSet
_0ZQvEJhNEDiWJvLKAWgZKw,_0ZSkQZhNEDiWJvLKAWgZKw,CompositionRelationship,EA ModelSet
_0ZQvEJhNEDiWJvLKAWgZKw,_0ZRWIZhNEDiWJvLKAWgZKw,CompositionRelationship,EA ModelSet
_0ZQvEJhNEDiWJvLKAWgZKw,_0ZSkQ5hNEDiWJvLKAWgZKw,CompositionRelationship,EA ModelSet
_0ZQvEJhNEDiWJvLKAWgZKw,_0ZR9M5hNEDiWJvLKAWgZKw,CompositionRelationship,EA ModelSet
_0ZQvEJhNEDiWJvLKAWgZKw,_0ZR9MZhNEDiWJvLKAWgZKw,CompositionRelationship,EA ModelSet
_3XM08JhPEDiWJvLKAWgZKw,_0ZQvEJhNEDiWJvLKAWgZKw,RealizationRelationship,EA ModelSet
id-8b2d53c0,d56ffc1b,AssociationRelationship,EA ModelSet
id-8b2d53c0,id-3afadcd0,CompositionRelationship,EA ModelSet
id-8b2d53c0,id-51daf56d,CompositionRelationship,EA ModelSet
id-8b2d53c0,id-95324eb4,CompositionRelationship,EA ModelSet
id-3afadcd0,id-51daf56d,AssociationRelationship,EA ModelSet
id-51daf56d,id-95324eb4,AssociationRelationship,EA ModelSet
id-95324eb4,id-3afadcd0,AssociationRelationship,EA ModelSet
id-7f4a9131,id-15d093db,AssociationRelationship,EA ModelSet
f963d3b3,id-7f4a9131,AssociationRelationship,EA ModelSet
id-3614225a,id-7f4a9131,CompositionRelationship,EA ModelSet
id-3614225a,id-15d093db,CompositionRelationship,EA ModelSet
id-3614225a,f963d3b3,CompositionRelationship,EA ModelSet
id-15d093db,f963d3b3,AssociationRelationship,EA ModelSet
d156eb2b,id-20660f0f,AssociationRelationship,EA ModelSet
id-6af57d05,d156eb2b,AssociationRelationship,EA ModelSet
id-3113902d,d156eb2b,CompositionRelationship,EA ModelSet
id-3113902d,id-20660f0f,CompositionRelationship,EA ModelSet
id-3113902d,id-6af57d05,CompositionRelationship,EA ModelSet
id-20660f0f,id-6af57d05,AssociationRelationship,EA ModelSet
id-51daf56d,c583f8ad,AssociationRelationship,EA ModelSet
id-6af57d05,c583f8ad,AssociationRelationship,EA ModelSet
f963d3b3,c583f8ad,AssociationRelationship,EA ModelSet
id-853c0244,id-3113902d,AssociationRelationship,EA ModelSet
id-26e87108,id-3614225a,AssociationRelationship,EA ModelSet
id-95324eb4,id-37c52676,AssociationRelationship,EA ModelSet
id-95324eb4,c0a23e8d,AssociationRelationship,EA ModelSet
id-51daf56d,id-365b5dfe,AssociationRelationship,EA ModelSet
id-51daf56d,aa94ceb3,AssociationRelationship,EA ModelSet
id-51daf56d,id-044154b3,AssociationRelationship,EA ModelSet
d56ffc1b,id-3c3086d0,AssociationRelationship,EA ModelSet
id-3c3086d0,id-26e87108,AssociationRelationship,EA ModelSet
id-853c0244,id-3c3086d0,AssociationRelationship,EA ModelSet
id-51daf56d,id-02276ddd,AccessRelationship,EA ModelSet
f963d3b3,id-19fb24b6,AccessRelationship,EA ModelSet
id-6af57d05,id-40fa0c91,AccessRelationship,EA ModelSet
c76dc9c1,id-02276ddd,AssociationRelationship,EA ModelSet
c76dc9c1,id-19fb24b6,AssociationRelationship,EA ModelSet
c76dc9c1,id-40fa0c91,AssociationRelationship,EA ModelSet
id-51daf56d,aa000824,AccessRelationship,EA ModelSet
id-6af57d05,c91adcdd,AccessRelationship,EA ModelSet
c91adcdd,id-02276ddd,AssociationRelationship,EA ModelSet
aa000824,id-19fb24b6,AssociationRelationship,EA ModelSet
d1de6cbe,f3249f47,AssociationRelationship,EA ModelSet
f3249f47,d72929df,AssociationRelationship,EA ModelSet
d1de6cbe,id-6af57d05,AssociationRelationship,EA ModelSet
f3249f47,id-51daf56d,AssociationRelationship,EA ModelSet
d72929df,f963d3b3,AssociationRelationship,EA ModelSet
id-0d316dca,id-26a7b22c,CompositionRelationship,EA ModelSet
eb574072,b25065b7,CompositionRelationship,EA ModelSet
eca71a86,id-0fc759ed,AssociationRelationship,EA ModelSet
id-26a7b22c,ddebb9c7,CompositionRelationship,EA ModelSet
id-99b242bc,id-0fc759ed,CompositionRelationship,EA ModelSet
id-344c6c8a,id-59cb71db,CompositionRelationship,EA ModelSet
f8415572,id-9fa73c7f,CompositionRelationship,EA ModelSet
b25065b7,id-11dec2e4,AssociationRelationship,EA ModelSet
id-99b242bc,b9f8d245,CompositionRelationship,EA ModelSet
id-0d316dca,id-344c6c8a,CompositionRelationship,EA ModelSet
id-0d316dca,id-9a69567a,CompositionRelationship,EA ModelSet
id-9a69567a,id-8b93f68b,CompositionRelationship,EA ModelSet
id-4e8e0bfe,f732b84b,AssociationRelationship,EA ModelSet
id-344c6c8a,id-26a7b22c,FlowRelationship,EA ModelSet
id-99b242bc,eca71a86,CompositionRelationship,EA ModelSet
id-698ba846,b25065b7,AssociationRelationship,EA ModelSet
b9f8d245,eca71a86,AssociationRelationship,EA ModelSet
id-97b79d1c,eb574072,AssociationRelationship,EA ModelSet
id-9a69567a,id-344c6c8a,FlowRelationship,EA ModelSet
id-9fa73c7f,id-4e8e0bfe,AssociationRelationship,EA ModelSet
id-39dd7d6c,a7a7e6b7,SpecializationRelationship,EA ModelSet
eb574072,id-698ba846,CompositionRelationship,EA ModelSet
f8415572,id-4e8e0bfe,CompositionRelationship,EA ModelSet
f8415572,f732b84b,CompositionRelationship,EA ModelSet
id-97b79d1c,f8415572,AssociationRelationship,EA ModelSet
id-97b79d1c,id-39dd7d6c,RealizationRelationship,EA ModelSet
id-0fc759ed,b9f8d245,AssociationRelationship,EA ModelSet
eb574072,id-11dec2e4,CompositionRelationship,EA ModelSet
f732b84b,id-9fa73c7f,AssociationRelationship,EA ModelSet
id-97b79d1c,id-99b242bc,AssociationRelationship,EA ModelSet
id-11dec2e4,id-698ba846,AssociationRelationship,EA ModelSet
id-6c08ac12,a6501b34,AssociationRelationship,EA ModelSet
id-2ef36fec,id-419a8ba8,AssociationRelationship,EA ModelSet
f2874fb2,a14f37eb,AssociationRelationship,EA ModelSet
id-27e4836c,d3a1a5d4,AssociationRelationship,EA ModelSet
a6501b34,id-725e5d20,AssociationRelationship,EA ModelSet
id-279acbbd,id-27e4836c,AssociationRelationship,EA ModelSet
a14f37eb,aef40881,AssociationRelationship,EA ModelSet
id-419a8ba8,id-40683ca4,AssociationRelationship,EA ModelSet
id-40683ca4,id-2ef36fec,AssociationRelationship,EA ModelSet
d3a1a5d4,id-279acbbd,AssociationRelationship,EA ModelSet
id-7acd3e82,a6501b34,AssociationRelationship,EA ModelSet
aef40881,f2874fb2,AssociationRelationship,EA ModelSet
ef6a5fca,d21c7f72,AssociationRelationship,EA ModelSet
e61980d4,id-27c66a60,AssociationRelationship,EA ModelSet
id-2fb23173,ef6a5fca,AssociationRelationship,EA ModelSet
id-27c66a60,id-937a1221,AssociationRelationship,EA ModelSet
id-0032ce4e,d1a7802a,AssociationRelationship,EA ModelSet
d1a7802a,id-05688525,AssociationRelationship,EA ModelSet
id-937a1221,e61980d4,AssociationRelationship,EA ModelSet
d21c7f72,id-2fb23173,AssociationRelationship,EA ModelSet
id-05688525,id-0032ce4e,AssociationRelationship,EA ModelSet
e61980d4,ef6a5fca,AssociationRelationship,EA ModelSet
id-2fb23173,id-05688525,AssociationRelationship,EA ModelSet
d1a7802a,id-27c66a60,AssociationRelationship,EA ModelSet
id-4a0211af,f66b7c4b,AssociationRelationship,EA ModelSet
id-5a10641c,id-79b3eb70,AssociationRelationship,EA ModelSet
id-47769e00,id-091bca0b,AssociationRelationship,EA ModelSet
id-86421674,id-4a0211af,AssociationRelationship,EA ModelSet
d1e88662,id-03ff880f,AssociationRelationship,EA ModelSet
id-79b3eb70,id-47769e00,AssociationRelationship,EA ModelSet
id-091bca0b,f66b7c4b,AssociationRelationship,EA ModelSet
id-5a10641c,d1e88662,AssociationRelationship,EA ModelSet
id-03ff880f,id-5a10641c,AssociationRelationship,EA ModelSet
id-4a0211af,d1e88662,AssociationRelationship,EA ModelSet
id-091bca0b,id-79b3eb70,AssociationRelationship,EA ModelSet
f66b7c4b,id-86421674,AssociationRelationship,EA ModelSet
d0da6d09,id-423a6343,AssociationRelationship,EA ModelSet
id-3350c66d,id-290023eb,AssociationRelationship,EA ModelSet
id-2f408b37,id-21c4631c,AssociationRelationship,EA ModelSet
id-2fe1b16c,d0da6d09,AssociationRelationship,EA ModelSet
eeab37dd,id-742bae7b,AssociationRelationship,EA ModelSet
id-290023eb,id-2f408b37,AssociationRelationship,EA ModelSet
id-21c4631c,id-423a6343,AssociationRelationship,EA ModelSet
id-3350c66d,eeab37dd,AssociationRelationship,EA ModelSet
id-742bae7b,id-3350c66d,AssociationRelationship,EA ModelSet
d0da6d09,eeab37dd,AssociationRelationship,EA ModelSet
id-21c4631c,id-290023eb,AssociationRelationship,EA ModelSet
id-423a6343,id-2fe1b16c,AssociationRelationship,EA ModelSet
id-98d82be0,id-47769e00,CompositionRelationship,EA ModelSet
id-98d82be0,id-79b3eb70,CompositionRelationship,EA ModelSet
id-98d82be0,id-5a10641c,CompositionRelationship,EA ModelSet
id-98d82be0,id-03ff880f,CompositionRelationship,EA ModelSet
a6faa651,id-091bca0b,CompositionRelationship,EA ModelSet
a6faa651,f66b7c4b,CompositionRelationship,EA ModelSet
id-760ee404,id-86421674,CompositionRelationship,EA ModelSet
id-760ee404,id-4a0211af,CompositionRelationship,EA ModelSet
id-760ee404,d1e88662,CompositionRelationship,EA ModelSet
id-29312393,id-423a6343,CompositionRelationship,EA ModelSet
id-29312393,id-2fe1b16c,CompositionRelationship,EA ModelSet
id-29312393,d0da6d09,CompositionRelationship,EA ModelSet
id-5c0dea11,id-21c4631c,CompositionRelationship,EA ModelSet
id-5c0dea11,id-2f408b37,CompositionRelationship,EA ModelSet
id-5c0dea11,id-290023eb,CompositionRelationship,EA ModelSet
b13dcf3b,id-3350c66d,CompositionRelationship,EA ModelSet
b13dcf3b,eeab37dd,CompositionRelationship,EA ModelSet
b13dcf3b,id-742bae7b,CompositionRelationship,EA ModelSet
a1f257ee,id-8038d899,AssociationRelationship,EA ModelSet
c2d80645,id-8b618483,AssociationRelationship,EA ModelSet
eddfe3b3,id-29d3f8d6,AssociationRelationship,EA ModelSet
af245a9c,a1f257ee,CompositionRelationship,EA ModelSet
db2b98b6,b3d3aade,AssociationRelationship,EA ModelSet
id-2b8db0ec,a118be3b,AssociationRelationship,EA ModelSet
id-0c701b28,db2b98b6,AssociationRelationship,EA ModelSet
id-29d3f8d6,id-8b618483,CompositionRelationship,EA ModelSet
af245a9c,id-8038d899,CompositionRelationship,EA ModelSet
id-29d3f8d6,c2d80645,CompositionRelationship,EA ModelSet
af245a9c,id-0a6de914,CompositionRelationship,EA ModelSet
id-0a6de914,a1f257ee,AssociationRelationship,EA ModelSet
a118be3b,db2b98b6,CompositionRelationship,EA ModelSet
a118be3b,id-67176ef4,AssociationRelationship,EA ModelSet
id-3e65176a,c2d80645,AssociationRelationship,EA ModelSet
b3d3aade,id-0c701b28,AssociationRelationship,EA ModelSet
a118be3b,id-0c701b28,CompositionRelationship,EA ModelSet
id-8038d899,id-0a6de914,AssociationRelationship,EA ModelSet
id-29d3f8d6,id-3e65176a,CompositionRelationship,EA ModelSet
a118be3b,b3d3aade,CompositionRelationship,EA ModelSet
id-8b618483,id-3e65176a,AssociationRelationship,EA ModelSet
e411898c,af245a9c,AssociationRelationship,EA ModelSet
id-8b2d53c0,id-37c52676,CompositionRelationship,EA ModelSet
id-8b2d53c0,c0a23e8d,CompositionRelationship,EA ModelSet
f0e0791f,ab1e9ae7,CompositionRelationship,EA ModelSet
id-8861f5f3,id-0ffd4e94,AssociationRelationship,EA ModelSet
bf6fedfa,ab1e9ae7,AssociationRelationship,EA ModelSet
id-46c6aaf0,id-31c36982,CompositionRelationship,EA ModelSet
id-31c36982,id-8861f5f3,AssociationRelationship,EA ModelSet
ab1e9ae7,id-793c747e,AssociationRelationship,EA ModelSet
f0e0791f,bf6fedfa,CompositionRelationship,EA ModelSet
id-9f5c4657,ea309d01,CompositionRelationship,EA ModelSet
ea309d01,id-6ae1c363,AssociationRelationship,EA ModelSet
id-6ae1c363,id-4a046e7f,AssociationRelationship,EA ModelSet
id-83128744,id-2882010e,AssociationRelationship,EA ModelSet
a258f696,id-2882010e,AssociationRelationship,EA ModelSet
id-793c747e,bf6fedfa,AssociationRelationship,EA ModelSet
id-9f5c4657,id-4a046e7f,CompositionRelationship,EA ModelSet
id-0ffd4e94,id-31c36982,AssociationRelationship,EA ModelSet
id-46c6aaf0,id-8861f5f3,CompositionRelationship,EA ModelSet
id-46c6aaf0,id-0ffd4e94,CompositionRelationship,EA ModelSet
id-6447ca24,id-2882010e,AssociationRelationship,EA ModelSet
id-4a046e7f,ea309d01,AssociationRelationship,EA ModelSet
f0e0791f,id-793c747e,CompositionRelationship,EA ModelSet
id-9f5c4657,id-6ae1c363,CompositionRelationship,EA ModelSet
id-0ffd4e94,id-9a7175fb,AssignmentRelationship,EA ModelSet
id-0ffd4e94,id-6447ca24,AssignmentRelationship,EA ModelSet
id-4a046e7f,id-83128744,AssignmentRelationship,EA ModelSet
id-4a046e7f,f9b782ff,AssignmentRelationship,EA ModelSet
bf6fedfa,db527e54,AssignmentRelationship,EA ModelSet
bf6fedfa,a258f696,AssignmentRelationship,EA ModelSet
id-1ae6fb88,id-67e21c2d,CompositionRelationship,EA ModelSet
id-1ae6fb88,id-89e509c9,CompositionRelationship,EA ModelSet
id-1ae6fb88,id-7d145a54,CompositionRelationship,EA ModelSet
id-67e21c2d,id-4ba01268,AssignmentRelationship,EA ModelSet
id-89e509c9,id-746f5671,AssignmentRelationship,EA ModelSet
id-7d145a54,id-7554d754,AssignmentRelationship,EA ModelSet
id-8b2d53c0,id-1ae6fb88,FlowRelationship,EA ModelSet
id-3113902d,id-1ae6fb88,FlowRelationship,EA ModelSet
id-3614225a,id-1ae6fb88,FlowRelationship,EA ModelSet
id-6447ca24,id-59e68677,RealizationRelationship,EA ModelSet
id-9a7175fb,id-285a21cc,RealizationRelationship,EA ModelSet
db527e54,id-53a7631b,RealizationRelationship,EA ModelSet
a258f696,id-71e7c04f,RealizationRelationship,EA ModelSet
id-83128744,id-7a534cf1,RealizationRelationship,EA ModelSet
f9b782ff,a616f98e,RealizationRelationship,EA ModelSet
id-050777b1cea24475a10a1b66edab19be,id-dace13902cb04b59bda26ba1f672c302,AssociationRelationship,EA ModelSet
id-f01ac2b47f434ec3af9f9fb937cd2bc8,id-4ca2aa4ec4c747c7894993961d6e63a9,AssociationRelationship,EA ModelSet
id-373947f6b9984aeb8561484f8f967827,id-4ca2aa4ec4c747c7894993961d6e63a9,AssociationRelationship,EA ModelSet
id-373947f6b9984aeb8561484f8f967827,id-797f70aeb3e94bd19466b93f1bea30c5,AssociationRelationship,EA ModelSet
id-f01ac2b47f434ec3af9f9fb937cd2bc8,id-797f70aeb3e94bd19466b93f1bea30c5,AssociationRelationship,EA ModelSet
id-dace13902cb04b59bda26ba1f672c302,id-eb806b3da6224945b60b53f05172e36c,AssociationRelationship,EA ModelSet
id-0d01af674c704bc2be4debf350f58b58,id-dace13902cb04b59bda26ba1f672c302,AssociationRelationship,EA ModelSet
id-0d01af674c704bc2be4debf350f58b58,id-050777b1cea24475a10a1b66edab19be,AssociationRelationship,EA ModelSet
id-0d01af674c704bc2be4debf350f58b58,id-eb806b3da6224945b60b53f05172e36c,AssociationRelationship,EA ModelSet
id-6749b7d2850f4b23879406694228c14e,id-64a1f7f65ef046d0a6ce051c83183414,AssociationRelationship,EA ModelSet
id-6749b7d2850f4b23879406694228c14e,id-0d01af674c704bc2be4debf350f58b58,AssociationRelationship,EA ModelSet
id-ae945f6299c34a06aaf4e093d23af0e8,id-8e4947f330f64fcabb61706eae71b359,AssociationRelationship,EA ModelSet
id-0d01af674c704bc2be4debf350f58b58,id-0d63e8a4a7c740769605a48c5e058b59,AssociationRelationship,EA ModelSet
id-ae945f6299c34a06aaf4e093d23af0e8,id-0d63e8a4a7c740769605a48c5e058b59,AssociationRelationship,EA ModelSet
id-dace13902cb04b59bda26ba1f672c302,id-f704df9d57034cf1b6afed97eb957600,AssociationRelationship,EA ModelSet
id-0d63e8a4a7c740769605a48c5e058b59,id-8fe7b77c22674fd7991938cfbb300809,AssociationRelationship,EA ModelSet
id-8fe7b77c22674fd7991938cfbb300809,id-71a9329e29a445db98e7f42de7d7bccd,AssociationRelationship,EA ModelSet
id-ae945f6299c34a06aaf4e093d23af0e8,id-8fe7b77c22674fd7991938cfbb300809,AssociationRelationship,EA ModelSet
id-75c30da613ad40e3bdfab7bde925b1b3,id-68e8dbeed9834568b963a6f841ede978,AssociationRelationship,EA ModelSet
